ラウンド,No.,チャンネル順位,チャンネル名,チャンネルURL,転載動画URL,一致率,転載の投稿,転載の再生数,元動画URL,元動画の再生数,元タイトル
1,1,1,藤田 七海,https://www.youtube.com/channel/UCe0KTxGVR84qUjkAHQb-wGg,https://www.youtube.com/watch?v=H3NTQ4PrQQY,100%,2 週間前,54,https://www.youtube.com/watch?v=dOy6I1JE_yY,30000,【スカッとする話】私の退職金をやたら気にする夫「いくら貰ったの？」私「口座に2000万入った！」翌日、カードを手に夫が失踪。私（計画通りw）実は【朗読】【スカッと】
1,2,2,スカッと物語,https://www.youtube.com/channel/UCLz5UoQMIAja9LyZIOCYmQg,https://www.youtube.com/watch?v=od3pGdQwxPk,100%,8 日前,0,https://www.youtube.com/watch?v=IsPanDg1vH0,28000,【スカッとする話】娘の葬儀に愛人を連れてきた婿「最期に間に合わなくて残念w」愛人「遺産2億は私達が相続ねw」私「…ですってw」夫「助かるなw」愛人「え？」実はw【朗読ドラマ】【朗読】【スカッと】
1,3,3,出る杭は打たれる,https://www.youtube.com/channel/UCAmIDIbiOxKA9YSVK0aYSZQ,https://www.youtube.com/watch?v=eO55IR5xYH8,100%,2 か月前,0,https://www.youtube.com/watch?v=OJkzN_P6Tys,43000,【スカッとする話】義母の私にだけ引越し先を教えない長男嫁「他人に住所は教えませんw今後一切関わらないでくださいw」1ヶ月後、長男嫁が病気で緊急手術→他人なので執刀医を辞退した結果w
1,4,4,良い話,https://www.youtube.com/channel/UCSrk1OzKlw4sCvRbksLDgcQ,https://www.youtube.com/watch?v=BgwIu7GjpsA,100%,5 日前,0,https://www.youtube.com/watch?v=p9EJ4XSEiOU,33000,【スカッとする話】夫を略奪した美人同級生から結婚式の招待状が届くと、祖父「バァさんと2人で行く」祖母「地獄を見せてくるわ」普段温厚な祖父母がこの後...w【スカッと】【朗読】【修羅場】
1,5,5,家庭の真実 5497,https://www.youtube.com/channel/UCqzVZHS7_AHD3WczZdnOkwg,https://www.youtube.com/watch?v=DBMjSadqY8E,100%,3 週間前,30,https://www.youtube.com/watch?v=lRIrN83xkSc,62000,【スカッとする話】私の車のアクセルにこっそり手を加える夫。私（知らないふりしよw）翌日、車を義両親に貸し出すと、夫「ま、待ってくれ…」実はw【朗読】【スカッと】
1,6,6,スカッとストーリー 5006,https://www.youtube.com/channel/UC1x3I0LM2SzXkpn57uaFuQA,https://www.youtube.com/watch?v=7UfS_a8A8SY,100%,1 か月前,66,https://www.youtube.com/watch?v=YYnTTQ_3WI8,59000,【スカッとする話】妹の代わりに田舎の猟師に嫁いだ私「今日の夕飯は鹿肉？」夫「いや、これで好きな物食べて」10万円を手渡された私…→夫の正体を知った妹が半狂乱にw【朗読】【スカッと】
1,7,7,嫁ゴコロ逆転朗読館,https://www.youtube.com/channel/UCQDSjWHn0tvkuVZav4jZnXQ,https://www.youtube.com/watch?v=sn9gV9SEkus,100%,6 日前,0,https://www.youtube.com/watch?v=00HSG0Knh3I,17000,【スカッとする話】70歳を過ぎ夫と別居中の私。40年もの間、夫は冷酷だった。ある日、夫の手帳を開いた瞬間、全てを理解し涙が溢れ…【朗読】【スカッと】
1,8,8, 読書室【スカッとする話】,https://www.youtube.com/channel/UCjQd7ZVm5BPbGpB_V9B6kgQ,https://www.youtube.com/watch?v=ykrbCE8A45A,100%,1 年前,2,https://www.youtube.com/watch?v=RNWUvpjXeTw,22000,【スカッと】私の子供が夫の上司と瓜二つ。夫「浮気してたな！離婚だ！」義母「アバズレは今すぐ出てけw」13年後、夫と義母と再会すると二人は半狂乱。だって娘は…
1,9,9,憂鬱よりスカッと,https://www.youtube.com/channel/UC8bvniIkSPPf_5ELr1VNZCQ,https://www.youtube.com/watch?v=EbCFdI1mcDA,100%,2 年前,100,https://www.youtube.com/watch?v=VyoXxeYV0Ag,37000,【スカッとする話】家事、育児、仕事をこなし夫と30年間連れ添った私に夫が突然の土下座「愛人が妊娠したから再婚する。離婚してくれ」私「はーい、ではさようなら」1週間後、半狂乱の夫から39件の鬼電がw
1,10,10,とする話 ,https://www.youtube.com/channel/UC-1KoQRWd1ijwgKpAmRTQ7A,https://www.youtube.com/watch?v=E9MMt25o2Es,100%,1 年前,73,https://www.youtube.com/watch?v=w3t-NBVK2CU,31000,【スカッとする話】結婚式当日に夫から突然の電話。夫「みんな集まってるぞ！早く来い！」私「え？なに言ってるの？」たった今終わったと伝えると…
1,11,11,Dima Tomashevich,https://www.youtube.com/channel/UCkfiH3lPVPodePE4eNSDpWg,https://www.youtube.com/watch?v=SRmU4BFmMfU,100%,2 年前,0,https://www.youtube.com/watch?v=xGHuS24cdnQ,16000,【スカッとする話】夫が亡くなり葬式後、更に最愛の長男と孫まで亡くした私に長男嫁「遺産は私が貰うからババァも逝けw」と深夜に家を追い出された。公園で号泣してると、懐かしい声が聞こえ振り返ると...
1,12,12,さあ、どうぞ,https://www.youtube.com/channel/UCG-XF2tttCtNESz__p6GQ7w,https://www.youtube.com/watch?v=EoPGSTdsArk,100%,2 か月前,1,https://www.youtube.com/watch?v=jtzUWcGh5y8,11000,【スカッとする話】私の夫を奪ったママ友「医者の旦那さん奪っちゃったｗ赤ちゃんできたし豪華挙式するねｗ」私「結婚したことないですけど？」ママ友「え？」結果ｗ
1,13,13,フィクション 5637,https://www.youtube.com/channel/UCpdFO-yvHBX2xI9xHQMDE-A,https://www.youtube.com/watch?v=t0FAcZKrnD4,100%,1 か月前,439,https://www.youtube.com/watch?v=pdhclv8SJrI,85000,【スカッとする話】昼休みに同僚とカフェに入ると、隣の席に夫と若い女性が…夫「妻は2年前に他界したからwこの後うち来ていいよw」先回りし最高のおもてなしをするとw【朗読】【スカッと】
1,14,14,女たちのスカッと物語,https://www.youtube.com/channel/UCpVDiaX7X6rpIOvjUGkm0kA,https://www.youtube.com/watch?v=4tvRnS4X1hM,100%,2 週間前,8,https://www.youtube.com/watch?v=aCFKEISe330,360000,【スカッとする話】同窓会で結婚直前に私を捨てた夫と再会。夫「金持ちの社長令嬢と結婚したw俺だけ幸せでごめんなw」私「本当にそう思う？」真実を伝えると元夫が震え出し…【朗読】【スカッと】
1,15,15,姑の裏の顔 5668,https://www.youtube.com/channel/UCAUkwErZzfdQ5NFOS49O-rw,https://www.youtube.com/watch?v=50SxTGvrOSs,100%,2 週間前,15,https://www.youtube.com/watch?v=NyhY1gRNkEE,22000,【スカッとする話】孫の七五三祝いに行くと息子「母さんは便所メシでw」嫁「嫌なら外でお願いしますw」直後、普段温厚な夫が立ち上がり、夫「外に出るのはお前達だ」【朗読】【スカッと】
1,16,16,孤独な心,https://www.youtube.com/channel/UCSNdJwT8r-r8xVDRxs6utlw,https://www.youtube.com/watch?v=KqQ7dijW-dg,100%,1 年前,32,https://www.youtube.com/watch?v=y8ReyKKeUUQ,100000,【スカッとする話】私が資産170億の不動産王と知らず私から夫を奪った美人な姉「生活保護でも貰え貧乏人w」後日、示談交渉で弁護士が大爆笑→弁護士「生活保護はアナタでは？w」姉「え？」実は...
1,17,17,義家族スカッと物語帳,https://www.youtube.com/channel/UCIZ41RBpQd7wBp_oOTGv1zw,https://www.youtube.com/watch?v=CLwUPWOMYZM,100%,6 日前,0,https://www.youtube.com/watch?v=KVKExhX2jn4,33000,【スカッとする話】財布を届けにきた私に気づかない夫「嫁は何も疑ってないよw今夜もまた会えるねw」夫の正体を知り私の愛は消滅しw【朗読】【スカッと】
1,18,18,静かな夜の物語、雨の中の記憶,,https://www.youtube.com/watch?v=hKi2-HjQLs0,100%,2 週間前,0,https://www.youtube.com/watch?v=Yrtj6pTpQ5A,100000,【スカッと総集編】家事、育児、介護、パートをこなし15年。私「もう限界。実家に帰ります」夫「はぁ？ガキの面倒は？飯は？帰るなら離婚届書いてけ！」→速提出して両親に離婚報告すると涙を流した夫が家に来て…
1,19,19,Noah Qumi,https://www.youtube.com/channel/UCH4l3-r5NgR2RlKdoRwfzAw,https://www.youtube.com/watch?v=MHsVbMKecBY,100%,7 日前,0,https://www.youtube.com/watch?v=blo_a56_T1U,370000,【スカッとする話】愛人に夫を奪われた私。2人「すまん、離婚してくれ…」離婚届が置かれた瞬間、即サインし夫を譲ると、相手弁護士がガタガタ震え出しw【朗読】【スカッと】
1,20,20,Shinji Datの人生物語,https://www.youtube.com/channel/UCpdX_bFCePsYvPWZAMQoaeg,https://www.youtube.com/watch?v=FiGEQo_QLoY,100%,2 か月前,11,https://www.youtube.com/watch?v=gqjIGgB7rlA,40000,【スカッとする話】夫「俺の年金は1円もやらん」40年間夫を支えてきたのに、他人のように突き放された私（もう我慢しなくていっかw）→翌日、なぜか夫が泣き叫びw【朗読】【スカッと】
1,21,21,スカッとする話 5020,https://www.youtube.com/channel/UCAG5eZR0aJpGuShtjtimSEg,https://www.youtube.com/watch?v=-FQjdMNh2gM,100%,4 週間前,43,https://www.youtube.com/watch?v=gVrVwssbXow,28000,【感動する話】親に捨てられた中1の私に弁当屋の夫婦「これお食べ」空腹の私を助けてくれた老夫婦。20年後、社長になった私が再訪問→張り紙の一文で泣き崩れ…【朗読】
1,22,22,人生の光と影,https://www.youtube.com/channel/UCYX4tsWpykTmtfNq_i36C_w,https://www.youtube.com/watch?v=8AmSKMrlaRQ,100%,8 日前,161,https://www.youtube.com/watch?v=ZTng_6NCKl8,60000,【スカッとする話】親代わりに育てた弟の結婚式でタキシードを着た弟が1人ポツン。弟「結婚は嘘でドッキリって…」直後、普段温厚な夫が新婦一族に電話。夫「出資1億はキャンセルで」新婦一族「え？」【朗読】
1,23,23,美しい木,https://www.youtube.com/channel/UCKDhvWl0boDNeo65NQzjbOg,https://www.youtube.com/watch?v=xAHW3dG1V5M,100%,3 か月前,0,https://www.youtube.com/watch?v=3WJaWicyrhk,25000,【スカッとする話】長男夫婦の結婚式の帰宅中、突然激怒する夫「犯罪者のクズとは離婚！毎月の仕送り5万盗んでただろ！」 私「承知しました...」 即離婚して仕送り辞めた結果w【スカッと】
1,24,24,TINA SHTIBKO,https://www.youtube.com/channel/UCIQbb4FNm2BhP5GfSTbrQ4w,https://www.youtube.com/watch?v=LFh5HyZqSaY,100%,2 年前,0,https://www.youtube.com/watch?v=4XaTm2Lo-tc,51000,【スカッとする話】長男が結婚し実家で同居すると、長男嫁「狭いので出てって下さいw」我が家を追い出され1ヶ月後、私の新居を見にきた長男嫁「こ、この家って」
1,25,25,フィクション 5634,https://www.youtube.com/channel/UCtx1aitp-eTJhv2c94bnBZQ,https://www.youtube.com/watch?v=1dPUOOQoIgw,100%,3 週間前,211,https://www.youtube.com/watch?v=K7QGPSQED7o,30000,【感動する話】離婚前夜、夫との最後の晩餐。料亭で夫を待ち続けたが、メールの返信もなく現れない。その時、突然私に声をかけた店主「実は、ご主人が…」【朗読】
1,26,26,泥だらけの絆 5655,https://www.youtube.com/channel/UCdyvc7k9wPzVO9X62aCvguQ,https://www.youtube.com/watch?v=AXXpmLXnPFo,100%,13 日前,1,https://www.youtube.com/watch?v=qNSSnNaMxrs,80000,【スカッとする話】私1人で育てた息子の顔合わせで、なぜか私たちだけお茶漬け…義家族「貧乏人は好きだろ？w」直後、私の存在に気づいた義兄「俺たちの人生終了だ…」【朗読】【スカッと】
1,27,27,Bonnie Denver,https://www.youtube.com/channel/UCsdndA886timZqWK6_b0d0Q,https://www.youtube.com/watch?v=gw_bZgF_vcw,100%,1 年前,4,https://www.youtube.com/watch?v=tOHZbuZysA4,74000,【スカッとする話】医者一族の婚約者と結婚挨拶に行くと私達の席だけない。義母「片親の貧乏人とは婚約破棄w」母「ではおたくの病院潰すわ」義家族「え？」
1,28,28,心温まるストーリー 4989,https://www.youtube.com/channel/UCS-VuYFB_DXsDhPHAzUS0JA,https://www.youtube.com/watch?v=qJ8No7XGqYQ,100%,1 か月前,98,https://www.youtube.com/watch?v=qNSSnNaMxrs,80000,【スカッとする話】私1人で育てた息子の顔合わせで、なぜか私たちだけお茶漬け…義家族「貧乏人は好きだろ？w」直後、私の存在に気づいた義兄「俺たちの人生終了だ…」【朗読】【スカッと】
1,29,29,Jamison Abraham,https://www.youtube.com/channel/UCcUsK23eqHw3ZQA5HjspM9Q,https://www.youtube.com/watch?v=Nududo1BLfA,100%,1 年前,0,https://www.youtube.com/watch?v=Mi69PEXjWFc,35000,【スカッと】365日間、私を無視し続けた年収1000万の夫「誰のおかげで生きてると思ってる！文句あるなら離婚して出てけw」私「後悔しない？」夫「しねぇよw」3日後、夫は会社をクビにw
1,30,30,サヨナラの選択4848,https://www.youtube.com/channel/UCiDg2Vs1LHy6qIiV6ilje1A,https://www.youtube.com/watch?v=ks7lwFCnjLM,100%,3 週間前,0,https://www.youtube.com/watch?v=Y4k29xHFHUY,33000,【スカッとする話】デパートでバイトする私に会長夫人「私を誰だと思ってるの？ここの会長の夫人様よ！」私「で？」夫人「もういいお前クビ！」直後、会長夫人は全てを失い…w【朗読】【スカッと】
1,31,31,シニア恋愛,https://www.youtube.com/channel/UCnd6MdoC_kW2CQVyL1AEERA,https://www.youtube.com/watch?v=d-D2unDvSZM,100%,4 か月前,152,https://www.youtube.com/watch?v=kSqGwQPxtec,28000,【スカッとする話】元義母「二世帯住宅建てたw来月から家賃30万お願いw」私「離婚したから払いませんが？」元義母「嘘おっしゃいw」結果w【朗読】【スカッと】
1,32,32,スカッと朗読の部屋,https://www.youtube.com/channel/UCvO63auFe1UZQ_dHVqkGN7Q,https://www.youtube.com/watch?v=s1onzaRxwIA,100%,2 か月前,2,https://www.youtube.com/watch?v=AUpn356fmIo,22000,【スカッとする話】毎日新居に来る義弟夫婦…私「なんで毎日来るの？迷惑です」義弟「え？だってこの家は俺たちの家ですよ？」私「はい？」実は…
1,33,33,スカッと逆転チャンネル,https://www.youtube.com/channel/UCdomxLx_o6zPSsAkEAokA3g,https://www.youtube.com/watch?v=YgKP1yecRHA,100%,3 か月前,0,https://www.youtube.com/watch?v=T5WYfDcbCLA,15000,【スカッとする話】同居の父が亡くなった途端、愛人と隠し子を連れ引越してきた夫「ジジィの家は俺が貰う！出てけw」それを聞いた私は大爆笑→私「どうぞご自由にw」実は…
1,34,34,大人のスカッと物語,https://www.youtube.com/channel/UC3_22iiSJgBR1aGvyoWj1gg,https://www.youtube.com/watch?v=RQMxB-hkgHY,100%,2 か月前,0,https://www.youtube.com/watch?v=v6KeZkHFU7k,16000,【スカッとする話】私が年商1500億の社長と知らず父の葬儀が終わった途端に豹変した夫「遺産は全部俺のw嫌なら離婚w」即離婚届を提出し夫の勤め先へ→私「全取引中止で」
1,35,35,心に灯る物語,https://www.youtube.com/channel/UC9RH_NC0WPeS4wTf1v8DyAA,https://www.youtube.com/watch?v=fdPdTHGzP3Q,100%,8 日前,90,https://www.youtube.com/watch?v=y46IIixxM20,18000,【スカッとする話】作業服姿の夫と散歩中、私の元旦那と駆け落ちした親友と遭遇。元親友「そこのタワマン住みなのwあなたたちは生活大変そうねw」私「あ、うちの夫のタワマンねw」元親友「え？」【朗読】
1,36,36,心の影 5476,https://www.youtube.com/channel/UCurSn3tPfci7NFuBRTNZOQA,https://www.youtube.com/watch?v=QCxezYLCVlc,100%,1 か月前,35,https://www.youtube.com/watch?v=p-yN-SVW_EU,51000,【スカッとする話】金のない私を見下しこき使う義家族。義母「還暦祝いよろしくねw」私が倒れ夫がコンビニ弁当を出すと義母「これで祝ったつもり？」夫「あぁ、絶縁祝いだ」【朗読】【スカッと】
1,37,37,痛快!!怒りのスカッとチャンネル【スカッと朗読】,https://www.youtube.com/channel/UC96mO8pXAaiP70V7KUjVHqg,https://www.youtube.com/watch?v=4_x4CtcujZ0,100%,1 年前,39,https://www.youtube.com/watch?v=bI91wh-7IMg,190000,【スカッとする話】孫の七五三のお祝いに親戚一同と行くと私だけ席がない...長男嫁「他人の席は無いから立ってればw」私「じゃ帰るか」親戚一同「うん」全員で帰宅した結果w
1,38,38,雨の中の記憶、雨の中の記憶,,https://www.youtube.com/watch?v=D7M2p9ALM9c,100%,3 週間前,19,https://www.youtube.com/watch?v=KKEWop4fNrk,66000,【スカッと総集編】私が総資産が28億の社長令嬢と知らず私を裏切り職場の美人同僚と再婚した夫「美人同僚と再婚するから離婚w」同僚「子供は1人で頑張れｗ」私「はーい」1ヶ月後、夫達から鬼電がw
1,39,39,スカっとゼミ!!,https://www.youtube.com/channel/UC9Hd679L2faWD0aJQHeAlrA,https://www.youtube.com/watch?v=tc-9FGKPWTs,96%,1 年前,7509,https://www.youtube.com/watch?v=VrctjOjY0Ts,88000,【スカッとする話】単身赴任中の私に夫から速達で離婚届…夫「息子も離婚して欲しいってw」私（やっと自由になれるw）大喜びして離婚届を提出し家を売り払い更地にするとw
1,40,40,スカッと成敗ストーリー,https://www.youtube.com/channel/UC1iIGo491nSYyJ_AsgmPzyw,https://www.youtube.com/watch?v=cmr_Wm_l0r0,100%,2 か月前,0,https://www.youtube.com/watch?v=NskvXTGiyMY,34000,【スカッとする話】私がグループ13社の社長と知らず、母の葬儀後に銀行員の夫「相続少ねぇなw離婚でw」即離婚届を提出し夫の銀行へ→私「700億の法人口座は解約で」
1,41,41,時を越える話,https://www.youtube.com/channel/UC_n9gc1na-2QpFv6TPInL3w,https://www.youtube.com/watch?v=ISJkWfnE524,100%,3 週間前,3159,https://www.youtube.com/watch?v=ZobJWKrmIzQ,77000,【スカッとする話】娘の結婚式に愛人と共に現れた夫「彼女にも座らせてあげて」私は黙って愛人に席を譲った直後、グループ10社を束ねる新郎父「会長、お久しぶりです」【朗読】【スカッと】
1,42,42,涙の向こう側,https://www.youtube.com/channel/UCOXAYjsxUMpublA1yS1ATIA,https://www.youtube.com/watch?v=SwLud5WJ-9Q,100%,8 日前,673,https://www.youtube.com/watch?v=7b4pVxD6-XQ,18000,【スカッとする話】私「もう限界…出ていきます」夫「家事と介護は嫁の仕事！責任果たせないなら離婚！」お望み通り離婚届を置いて姿を消すと→半狂乱の夫から鬼電がw【朗読】【スカッと】
1,43,43,老いの詩,https://www.youtube.com/channel/UClKj-HO63gh7qxtT7M0czEQ,https://www.youtube.com/watch?v=pQKMo5JuRYs,100%,1 か月前,5,https://www.youtube.com/watch?v=YYnTTQ_3WI8,59000,【スカッとする話】妹の代わりに田舎の猟師に嫁いだ私「今日の夕飯は鹿肉？」夫「いや、これで好きな物食べて」10万円を手渡された私…→夫の正体を知った妹が半狂乱にw【朗読】【スカッと】
1,44,44,Ivan Ilencow,https://www.youtube.com/channel/UC6IzQHpKzqIt1DgjPouEefQ,https://www.youtube.com/watch?v=9GauLOUX3QM,100%,2 年前,2,https://www.youtube.com/watch?v=CTeggEwk2Nc,28000,【スカッとする話】妊婦の私が倒れて入院するとワインをぶっかけ海外旅行に行く夫「帰るまでに産んでおけよ！」無視した私に夫がワインを投げるも当たって失神したのは...【修羅場】【スカッと】
1,45,45,Legacy Apollo,https://www.youtube.com/channel/UC2YwIXq-utTkNLQgcRVloyQ,https://www.youtube.com/watch?v=c0b7OwI4zCw,100%,2 年前,175,https://www.youtube.com/watch?v=-WjRVa4jNLk,59000,【スカッとする話】73歳の誕生日に長男夫婦がくれた10万円の時計をゴミ箱に捨てた私に夫「長男と長男嫁さんに土下座して謝れ！」私「これ見ても同じこと言える？」夫「え？」実は…【修羅場】
1,46,46,Pendelton Gideon,https://www.youtube.com/channel/UCIRVjzjmTHwXA3X81dpyNeQ,https://www.youtube.com/watch?v=yAg-ur38iSY,100%,1 年前,2,https://www.youtube.com/watch?v=tOHZbuZysA4,74000,【スカッとする話】医者一族の婚約者と結婚挨拶に行くと私達の席だけない。義母「片親の貧乏人とは婚約破棄w」母「ではおたくの病院潰すわ」義家族「え？」
1,47,47,Павел ****,https://www.youtube.com/channel/UCSPg9ALk7YwnsqACClpErGg,https://www.youtube.com/watch?v=iKlAkSZVtcE,100%,2 年前,0,https://www.youtube.com/watch?v=EIrAyCZzwiI,34000,【スカッとする話】40度の高熱の私から財布とクレカを奪った長男嫁「はい、氷水w帰るまでに治して下さいねｗ」バケツで氷水をかけられ気絶した…3日後、私はご機嫌に帰宅した長男嫁に...
1,48,48,人生スカッと朗読館,https://www.youtube.com/channel/UChTkZ7g3oCCQG3XSqe69LWQ,https://www.youtube.com/watch?v=qsjIpApuEeQ,100%,5 日前,0,https://www.youtube.com/watch?v=hi2PAohyTkU,20000,【スカッとする話】夫の出張中、オウムを任された私。何気なくオウムに話しかけると、オウム「嫁にはバレてないよ」不審に思い夫の部屋を開けた。→直後、私は顔面蒼白に…【朗読ドラマ】【朗読】【スカッと】
1,49,49,夜の語り部5056,https://www.youtube.com/channel/UCEvaB4r-6y7tj3UAoMEdqXA,https://www.youtube.com/watch?v=bQ7ZCEsAHqU,100%,1 か月前,1,https://www.youtube.com/watch?v=t9x4VmiCRI4,43000,【スカッとする話】親代わりで育てた妹の結婚式で、着物姿の妹が式場に1人ポツン…義家族「嘘に決まってるじゃんw」私「なら契約も嘘か！了解」義家族「え？」実はw【朗読】【スカッと】
1,50,50,妻の復讐 5649,https://www.youtube.com/channel/UC_-FBuCpoEW8RPG4j-oCbkg,https://www.youtube.com/watch?v=RsEXpU8hnpQ,100%,2 週間前,1,https://www.youtube.com/watch?v=wxIjPqUT7oA,100000,【スカッとする話】パートから帰ると突然私を殴ってきた義母「息子の金盗んだな！金返せ！」夫と義母に泥棒扱いされた私「じゃあ警察呼びますね」→即通報すると2人が半狂乱にw【朗読】【スカッと】【シニア】
1,51,51,小さな幸せ,https://www.youtube.com/channel/UCDan477oQB_h9RQ24R2fRhA,https://www.youtube.com/watch?v=81tu7UZBJM0,100%,2 年前,11,https://www.youtube.com/watch?v=9x2mRPOpvjQ,70000,【スカッとする話】娘の結婚式当日に夫がいない…私「何してるの？式始まってるよ！」夫「悪い、緊急の仕事が入って！」私「…OK」1時間後、ある人物から電話を受けた夫が半狂乱にw
1,52,52,心の琴線 5645,https://www.youtube.com/channel/UCiaf20iOL2Huh9928uSBP7A,https://www.youtube.com/watch?v=tUhPcqu5_1Y,100%,3 週間前,1,https://www.youtube.com/watch?v=qORErX-vqL8,32000,【スカッとする話】同窓会で東大卒のイケメン医師が中卒でバイトの私に難病症例を提示。医師「解けたら何でもするw」私「あ、それ難しくないよ」【朗読】【スカッと】
1,53,53,暮らしの話 5688,https://www.youtube.com/channel/UCWk4WbfyjB8F0DF4kgNBEqw,https://www.youtube.com/watch?v=CECCXa2Pl2E,100%,4 週間前,103,https://www.youtube.com/watch?v=u1Ga8VNwPE4,78000,【スカッとする話】夫が亡くなり8年経ったある日、納骨堂に写真を供えていると少年「隣に住んでるおじさんだ」詳しく話を聞くと背筋が凍り…【朗読】【スカッと】
1,54,54,隠された才能 5633,https://www.youtube.com/channel/UCxSupAhazSWDXBtwag7MUbA,https://www.youtube.com/watch?v=4-IgFmR6AOo,100%,1 か月前,1737,https://www.youtube.com/watch?v=Rt9GxXvlbY8,110000,【スカッとする話】夫の会社に弁当を届けると、夫「今日も忙しいから助かる！」直後、夫の鞄を見た瞬間、私「さようなら」夫「え？」【朗読】【スカッと】
1,55,55,Glasgow Blaise,https://www.youtube.com/channel/UCpgekY72DbNLBcPSI1lSVRA,https://www.youtube.com/watch?v=aQNAw65VZNg,100%,1 年前,1,https://www.youtube.com/watch?v=gaOSzriwNcA,93000,【スカッと総集編】庭で錦鯉が泳ぐ医者一族の婚約者の豪邸へ両家顔合わせに行くと、義母「我が家の財産が目的？」義父「親の顔が見てみたいなw」→私「パパ、部下が呼んでる」「え」
1,56,56,Vũ Thị Ánhu0236632 Vũ Thị Ánh,https://www.youtube.com/channel/UCv69G_Vx6JItDpPYNZrhX8w,https://www.youtube.com/watch?v=wzfgeDBgZW8,100%,1 年前,0,https://www.youtube.com/watch?v=VXr2EWwrnTg,170000,【スカッとする話】結婚5年目の夫を霊感のある兄に紹介…その3秒後、兄の衝撃の一言で夫がガクガク震え出し…
1,57,57,【黒服の審判】スカッと裏コンシェルジュ,https://www.youtube.com/channel/UCOx7plQYvEIJEFyXMyc9foQ,https://www.youtube.com/watch?v=B77HMdcFPXE,100%,3 か月前,0,https://www.youtube.com/watch?v=CTU3qvprZsE,35000,【スカッとする話】海外出張から帰ると自宅の庭に記入済みの離婚届と私の荷物が捨ててあった…夫「愛人が妊娠した！慰謝料払うから離婚してくれ！」→私「わかった（計画通りねw）」
1,58,58,どこにでも自由,https://www.youtube.com/channel/UCdYAr7nX6UlKOOdkLLabNug,https://www.youtube.com/watch?v=Lztq5XWr260,100%,10 か月前,0,https://www.youtube.com/watch?v=bI91wh-7IMg,190000,【スカッとする話】孫の七五三のお祝いに親戚一同と行くと私だけ席がない...長男嫁「他人の席は無いから立ってればw」私「じゃ帰るか」親戚一同「うん」全員で帰宅した結果w
1,59,59,スカッと豆太郎,https://www.youtube.com/channel/UC84EpUMkWGBuDPcH0ENy7wQ,https://www.youtube.com/watch?v=OrSQjn3eHVY,100%,2 年前,3195,https://www.youtube.com/watch?v=IaHdv7dT6Sc,120000,【スカッとする話】18年間家賃を払ってきた私を罵倒する夫と連れ子「月10万の家賃程度で偉そうにw」夫「支払い止めてみろw」私「喜んで」3ヶ月後w
1,60,60,人生劇場チャンネル5062,https://www.youtube.com/channel/UCDUjpUXLHRFyRStL02pHIwA,https://www.youtube.com/watch?v=qcJzdgpps48,100%,1 か月前,0,https://www.youtube.com/watch?v=InEluoUt8ik,33000,【スカッとする話】裕福な義家族と高級料亭に行くと、義兄嫁「その服で同席する気？お前とは格が違うんだよ」義母「ええ、あなたとは違うわね」義兄嫁「え？」実はw【朗読】【スカッと】
1,61,61,奈落の家族 5652,https://www.youtube.com/channel/UC-CxUAgCsbf-R4BwTN_XWHw,https://www.youtube.com/watch?v=Vl9vxSk30Vo,100%,2 週間前,0,https://www.youtube.com/watch?v=ae1eDwWjrBU,76000,【スカッとする話】親戚の集まりに私たち家族だけ招待しない義両親。義父「お前ら貧乏家族は不要w」私「わかりました…」家族全員で欠席しハワイ旅行行くと→大号泣の義父から鬼電がw【朗読】【スカッと】
1,62,62,嫁の切り札朗読館,https://www.youtube.com/channel/UCJs7FR3NDs8ntlTSLFQBGOg,https://www.youtube.com/watch?v=rDsS1a0O9eY,100%,3 週間前,50,https://www.youtube.com/watch?v=sPpAlpY3zIw,19000,【スカッとする話】親戚一同の前で私を笑い者にする夫「稼ぎ0の嫁はお荷物で…w」義母「捨てられないよう頑張れw」私「別に頑張らないですよ？もう嫁じゃないので」→3秒後w【朗読ドラマ】【朗読】【スカッと】
1,63,63,実話感動チャンネル,https://www.youtube.com/channel/UCekQO8WQ0udVSYSfX4Pymgw,https://www.youtube.com/watch?v=yHsqJO7LoCA,100%,1 か月前,1744,https://www.youtube.com/watch?v=W-rW5yUgXLY,79000,【スカッとする話】父を理由に夫に捨てられ5年後、若い女と子供を連れた元夫と再会。元夫「嫁はお前と違って完璧w」直後、私の新しい夫を見て、元夫がガクガク震え出しw【朗読】【スカッと】
1,64,64,家族の修羅場,https://www.youtube.com/channel/UCBh3ipHGoPZMTeNkEWdf5kQ,https://www.youtube.com/watch?v=TgQ5XyInIK4,100%,7 か月前,3,https://www.youtube.com/watch?v=RAvd6Tel5z0,27000,【スカッとする話】初孫の初節句のお祝いで料亭に行くと私だけ料理がない…長男嫁「家族の分しかないですよw」私「じゃあ他人は帰りますね。仕送り30万もやめるから」
1,65,65,日本の物語 〜老後の人生〜,https://www.youtube.com/channel/UCEZOpLWYD1o09D4aS_BZmbA,https://www.youtube.com/watch?v=tmnruT6J0QY,100%,1 か月前,6,https://www.youtube.com/watch?v=YYnTTQ_3WI8,59000,【スカッとする話】妹の代わりに田舎の猟師に嫁いだ私「今日の夕飯は鹿肉？」夫「いや、これで好きな物食べて」10万円を手渡された私…→夫の正体を知った妹が半狂乱にw【朗読】【スカッと】
1,66,66,明日への涙 5640,https://www.youtube.com/channel/UCMgqdL_Eaa1cwxS72pnAmCA,https://www.youtube.com/watch?v=VNDuN66fvvU,100%,1 か月前,17,https://www.youtube.com/watch?v=pjBVvrdO5sQ,82000,【スカッとする話】結婚20年目に離婚届を渡され夫に家を追い出された私。母の形見の時計を握りしめ急いで質屋に駆け込むと店員「お客様…こ、これは…」【朗読】【スカッと】
1,67,67,涙の食卓 5651,https://www.youtube.com/channel/UCDts-8SRBGNQEaBIhxtE0tw,https://www.youtube.com/watch?v=Hu-WLShuweI,100%,2 週間前,0,https://www.youtube.com/watch?v=FM5GF_l-sSw,70000,【スカッとする話】弁護士の息子の結婚式に行くと義両親の席はあるが私達夫婦の席がない。医師の義父「無能は床で正座w」夫「帰ろ」私「そうね」義母「やった！邪魔者消えるw」【総集編】【スカッと】【朗読】
1,68,68,静かなる横浜5037,https://www.youtube.com/channel/UCOIJmQi-cKQxqxTukmYLEHA,https://www.youtube.com/watch?v=Y3Ib9aJOsSo,100%,1 か月前,43,https://www.youtube.com/watch?v=t9x4VmiCRI4,43000,【スカッとする話】親代わりで育てた妹の結婚式で、着物姿の妹が式場に1人ポツン…義家族「嘘に決まってるじゃんw」私「なら契約も嘘か！了解」義家族「え？」実はw【朗読】【スカッと】
1,69,69,567 Lenmoban,https://www.youtube.com/channel/UCvdGGJHSzUfvS64FqivkrYQ,https://www.youtube.com/watch?v=5bLzh5_Pq2w,100%,2 年前,0,https://www.youtube.com/watch?v=NpHDwu1oW4I,64000,【スカッとする話】長男嫁の自慢のパスタを食べた直後、泡を吹いて倒れた孫。私「救急車呼んでちょうだい！」長男嫁「は！？どうして義母さんじゃないの！？」私「は？」【修羅場】
1,70,70,578 Xitchohet,https://www.youtube.com/channel/UCxlkzHr78jVNai1RjN7f7cA,https://www.youtube.com/watch?v=MK2V1qn57p4,100%,1 年前,0,https://www.youtube.com/watch?v=KyZqEQsQCrs,26000,【スカッとする話】法事中にペットカメラを確認すると、私の寝室で夫と姉が真っ最中…両家親族一同を車に乗せて現場に突撃してやった結果w
1,71,71,Dung Tran,https://www.youtube.com/channel/UCFPRY-BV8v_syKN9vAChvHg,https://www.youtube.com/watch?v=1lHvW_mmfeg,100%,1 年前,0,https://www.youtube.com/watch?v=PReSOM5m9b0,82000,【スカッとする話】息子夫婦の家へ行くと、7歳の孫が鎖に繋がれ震えていた...孫「私よりパパを早く助けて！」床下を開けると息子が横たわっていて…
1,72,72,Loan Vu,https://www.youtube.com/channel/UCcSWImAU76lOLjftF7FbrNA,https://www.youtube.com/watch?v=GLXz3u2zLQw,100%,1 年前,0,https://www.youtube.com/watch?v=WMiRJzlQfg4,31000,【スカッとする話】中学から18年付き合った婚約者「やっぱババァの嫁は無理！若い嫁探すから婚約破棄でw」1年後、半狂乱の婚約者から鬼電→永久に無視した結果w
1,73,73,Văn Sơn Lã,https://www.youtube.com/channel/UCnSrambnfB2Nc_4BliQ4Aug,https://www.youtube.com/watch?v=hDurNSA0XVU,100%,1 年前,0,https://www.youtube.com/watch?v=a207sJNOihM,87000,【スカッとする話】浮気中の夫が意識不明で運ばれ、救急隊員「意識不明の重体です！」私「旦那じゃありません」無視して夫の人生終了させた結果w
1,74,74,minh pham,https://www.youtube.com/channel/UCWK9Evpbj0xbkFyaTiFreXw,https://www.youtube.com/watch?v=36vWLhIQEN8,100%,1 年前,2,https://www.youtube.com/watch?v=Mi69PEXjWFc,35000,【スカッと】365日間、私を無視し続けた年収1000万の夫「誰のおかげで生きてると思ってる！文句あるなら離婚して出てけw」私「後悔しない？」夫「しねぇよw」3日後、夫は会社をクビにw
1,75,75,【罠師の逆襲】あえて騙されて大破滅,https://www.youtube.com/channel/UCO3cwCVrePQ3IZhL9x5k8-g,https://www.youtube.com/watch?v=GOdgRL48tzo,100%,3 か月前,0,https://www.youtube.com/watch?v=lXEl9ftky5c,29000,【スカッとする話】新築一戸建てを購入した途端に夫「妹と姪も同居！逆らうと離婚ｗ」私「え？私はもう独身だけど？」夫「え？」
1,76,76,家庭の奇妙な話 5500,https://www.youtube.com/channel/UCyECOcLVBmrEH9eCxnZtzEg,https://www.youtube.com/watch?v=RRXQxd7QRYA,100%,3 週間前,1,https://www.youtube.com/watch?v=p-yN-SVW_EU,51000,【スカッとする話】金のない私を見下しこき使う義家族。義母「還暦祝いよろしくねw」私が倒れ夫がコンビニ弁当を出すと義母「これで祝ったつもり？」夫「あぁ、絶縁祝いだ」【朗読】【スカッと】
1,77,77,小さなコーナー,https://www.youtube.com/channel/UClsWKjOxXmWyf7DD0ygoufg,https://www.youtube.com/watch?v=iIbeJvBv9FM,100%,2 か月前,0,https://www.youtube.com/watch?v=qflvRvPbGWw,110000,【スカッとする話】夫が愛人とキャンプ中に遭難し両足骨折で入院すると夫「頼む！看病してくれ！」私「え？なんで私が？」直後、隣のベッドのカーテンが開き、私は絶叫！だってそこに居たのは…
1,78,78,心温まる実話,https://www.youtube.com/channel/UCqAz4zqqdAigBNPpMwK-pYw,https://www.youtube.com/watch?v=wrq1xyWHf0c,100%,1 か月前,2,https://www.youtube.com/watch?v=p4pyD9SD1Tk,81000,【スカッとする話】義両親に蹴られ骨折した私に夫「寝かせとけば治るw」翌日、病室に嘲笑いに来た義家族「あれ、嫁は？w」医師「警察署です」義家族「え？」【朗読】【スカッと】
1,79,79,心温まる物語 5715,https://www.youtube.com/channel/UCp5XuGGZyQWEBrJpOq-DHdw,https://www.youtube.com/watch?v=KLWsf1eDr3E,100%,4 週間前,239,https://www.youtube.com/watch?v=wGvgplx2Ecw,36000,【スカッとする話】東大卒の弟の結婚式に出席すると義母「中卒？差がすごいことw」直後、義母の元に弟が歩み寄り、弟「姉が誰だか知らないんですか？」私の正体を知り手のひら返し…w【朗読】【スカッと】
1,80,80,愛憎の交差点 5648,https://www.youtube.com/channel/UCZ27s-bExyb-zcqGkYvoicQ,https://www.youtube.com/watch?v=3ND6uDwDZ-o,100%,2 週間前,2,https://www.youtube.com/watch?v=3f9yDbpT0Gc,65000,【スカッと総集編】愛人と不倫した夫と離婚すると義母「3日以内に引越してねw」夫「離婚届出したから早く消えろw」3分後、21台の高級車が停車し→女優の母「帰るわよ！」
1,81,81,明日への涙5639,https://www.youtube.com/channel/UC2daLTlrWBDdKIOJDbg_Z4w,https://www.youtube.com/watch?v=NgWK7u61zOA,100%,3 週間前,0,https://www.youtube.com/watch?v=I0uVENJD8g8,51000,【スカッとする話】離婚して10年後に再婚した私。結婚式の知らせを聞き元夫が現れ、元夫「誰がこんな女で妥協する？w」新しい夫の名前が呼ばれると元夫が会場から逃げ出し…w【朗読】【スカッと】
1,82,82,母と娘と嫁5049,https://www.youtube.com/channel/UCXgqiZuZK8nb9xaVgEX79UA,https://www.youtube.com/watch?v=6xRM9qLqX68,100%,4 週間前,45,https://www.youtube.com/watch?v=j2eZcUFfC0Y,35000,【スカッとする話】号泣する娘を引きずってきた婿両親。義母「貧乏な子は合わなかったw」義父「高収入の息子とは格が違うw」私「後悔しないでくださいね？」婿両親「しないしないw」3日後w【朗読】【スカッと】
1,83,83,涙涙の感動秘話#027,https://www.youtube.com/channel/UCaG47XV_nZwVW3gXj0T_aFw,https://www.youtube.com/watch?v=30NNKZqRrj0,100%,2 年前,294,https://www.youtube.com/watch?v=KyZqEQsQCrs,26000,【スカッとする話】法事中にペットカメラを確認すると、私の寝室で夫と姉が真っ最中…両家親族一同を車に乗せて現場に突撃してやった結果w
1,84,84,物語チャンネル 5693,https://www.youtube.com/channel/UCFEMckiarNY3cQZ0aMygl3w,https://www.youtube.com/watch?v=F5v2U4oKrsU,100%,3 週間前,22,https://www.youtube.com/watch?v=stThz-8uQrM,31000,【スカッとする話】正月に親戚の集まりで長男嫁にだけ席を用意しない私。親戚「最低！それでも家族か！」夫「俺達に家族はいないぞ？」一同「え？」実は…【朗読】【スカッと】
1,85,85,秘密と嘘の家 5436,https://www.youtube.com/channel/UCFu4mcOSv2LuCDSSbnFcMXw,https://www.youtube.com/watch?v=Fi6_gc_bfxA,100%,3 週間前,0,https://www.youtube.com/watch?v=UMALXNxEZ8g,46000,【スカッとする話】息子のために貯めた800万の進学資金を勝手に義母に渡した夫「ママが家買うから渡したw文句あるなら離婚！」私「OK」息子「今までありがとう！」夫「え？」【朗読】【スカッと】
1,86,86,秘密の重さ 5647,https://www.youtube.com/channel/UCRxTgybyclgid9aIBdIXUVA,https://www.youtube.com/watch?v=GRfsdlmNJ-c,100%,2 週間前,0,https://www.youtube.com/watch?v=dFDoMBoHR8w,89000,【スカッとする話】私の月収が300万と知らない義両親。義母「ニートの不妊嫁は出てけw」義父「金目当ての寄生虫だったかw」1年後、公園で元義両親と再会→双子を抱く私を見た義母が半狂乱にw
1,87,87,逆転ストーリー 5008,https://www.youtube.com/channel/UCriVTHI8ZSlCtGVvqIqnMSw,https://www.youtube.com/watch?v=5h3oP6uheYc,100%,4 週間前,11048,https://www.youtube.com/watch?v=sTmob2uIaqg,72000,【スカッとする話】結婚挨拶から帰宅した息子「片親の貧乏人とは白紙って…」息子の頬にはビンタの痕が…キレた私は義家族に即電話→義家族全員が号泣の展開にw【朗読】【スカッと】
1,88,88,雨の中の記憶、静かな心の記録,,https://www.youtube.com/watch?v=WfmGCr48Es4,100%,10 日前,0,https://www.youtube.com/watch?v=29F5nZ8UXYQ,96000,【スカッと総集編】私が家族全員を養ってたと知らず新築に引越す義母「アンタの全てが気に入らないw家族だけで暮らすから消えろw」　即離婚して全名義を夫に変更→半狂乱の義母から鬼電がw
1,89,89,雨の中の記憶、静かな終わり,,https://www.youtube.com/watch?v=fz0_OTDIvpQ,99%,1 か月前,6,https://www.youtube.com/watch?v=Bz-9j9l6enc,16000,【スカッとする話】新婚旅行中に私を雪山に置き去りにした夫「俺に意見するバカは帰ってくるなw反省するまでそこにいろw」私「さむい…置いてかないで…」翌日、夫がありえない姿で発見され…
1,90,90,静かな夜の物語、お話の部屋,,https://www.youtube.com/watch?v=ndorpzHpT74,100%,4 週間前,0,https://www.youtube.com/watch?v=LBUgCfVXgYM,98000,【スカッと】妊娠10ヶ月の私を地下室に閉じこめ夫とハワイ旅行に行った義両親「クズ嫁はそこで反省してなw」1週間後、帰宅した義母が腐敗臭に気づき慌てて地下室の扉を開けると...
1,91,91,Avalynn Roderick,https://www.youtube.com/channel/UC2ALeyYaaWwXZhLpaAxCjDA,https://www.youtube.com/watch?v=Rzltaxpy2-U,100%,2 年前,2,https://www.youtube.com/watch?v=14YEbx6YYwk,42000,【スカッとする話】家事に疲れて休憩していると妊娠9ヶ月の私を蹴ってきた夫「妊婦だからは甘え！家事サボるな！」無視した私に夫がビール瓶を投げるも当たって血まみれになったのは...
1,92,92,Chi Tông,https://www.youtube.com/channel/UCQZmlpJ03rsGpabdpOyYt5g,https://www.youtube.com/watch?v=YyHW5siTvnw,100%,1 年前,2,https://www.youtube.com/watch?v=U2N_1lBpoWY,56000,【スカッとする話】自ら命を絶った夫の葬儀後、墓参りに行くと１通の手紙が…手紙「俺の代わりに母さんに復讐を…」手紙の中身を読み進めると→私はガクガク震え始め…
1,93,93,Malani Darren,https://www.youtube.com/channel/UCGjfIdDymNvLcybwzheXAnQ,https://www.youtube.com/watch?v=nk--vBe6ElI,100%,1 年前,0,https://www.youtube.com/watch?v=xGHuS24cdnQ,16000,【スカッとする話】夫が亡くなり葬式後、更に最愛の長男と孫まで亡くした私に長男嫁「遺産は私が貰うからババァも逝けw」と深夜に家を追い出された。公園で号泣してると、懐かしい声が聞こえ振り返ると...
1,94,94,Thuong Le,https://www.youtube.com/channel/UCxXjwf3LJAKSZP_9Thu5meA,https://www.youtube.com/watch?v=Lnu9yYMStWM,100%,1 年前,0,https://www.youtube.com/watch?v=A5CUcQsHdDg,69000,【スカッとする話】事故で昏睡状態の夫を見舞いに来た愛人「この手紙、娘さんから預かったの。夫さんに隠れて見てって」手紙を確認した私は慌てて夫のシャツを脱がせると...
1,95,95,anh le,https://www.youtube.com/channel/UCarxn6vtJCi169Mjzrmzo4A,https://www.youtube.com/watch?v=tETIUjJQ8Xg,100%,1 年前,0,https://www.youtube.com/watch?v=ochYsslDkKg,98000,【スカッとする話】親族の集まりで夫の実家へ行くと、記入済みの離婚届が机に...私「出せって事だし提出しよ」速攻で提出し姿を消した結果w
1,96,96,ezebo chiamaka,https://www.youtube.com/channel/UCE-qld23FOqFEVR1e-zZk_g,https://www.youtube.com/watch?v=sUvK3bUzoT8,98%,1 年前,0,https://www.youtube.com/watch?v=hsj8uitT6I4,44000,【スカッとする話】5LDKの新築祝いに親族で集まると、夫「来年から両親と同居するw嫁は両親の介護宜しくｗ」私「え？介護はしないよ？嫁は1週間前にやめたので」夫「はい？」実は…w
1,97,97,faustino karisa,https://www.youtube.com/channel/UCh1wgkzk9PVxPJshc_EWlIA,https://www.youtube.com/watch?v=cuby2mvuIs4,100%,2 年前,0,https://www.youtube.com/watch?v=zoLRHo5Z1wA,56000,【スカッとする話】13億を築いた父の遺産を相続した途端、夫「お前の金は全部俺の金だw逆らったら離婚だからな」義両親「嫁の金は私の金w」私「え？私は独身ですけど？」夫・義両親「え？」
1,98,98,【経済的処刑】マウント成金の一文無し計画,https://www.youtube.com/channel/UCFrczgjtItoUn5iNZnathKA,https://www.youtube.com/watch?v=BWVbpoIQ6xw,100%,3 か月前,0,https://www.youtube.com/watch?v=Bnt4k5MNq9Y,38000,【スカッとする話】500名参列の兄の結婚式で非常識な花嫁「車椅子の席は無いから帰れw」夫「じゃあ帰ろっか」私「うん」直後、招待客500名が立ち上がり…
1,99,99,【鑑定書の告発】科学が暴く「ざまぁ」の真相,https://www.youtube.com/channel/UCQilFCU3Eok7gFShbP8i38w,https://www.youtube.com/watch?v=FBqCDXKN3d8,100%,3 か月前,0,https://www.youtube.com/watch?v=H_NZ8XCvi6M,29000,【スカッとする話】夜勤から帰った私に気づかない長男嫁「お義母さんなんか一生いなくて良いのにw」長男「遺産貰うまでの辛抱だw」長男嫁と長男の会話が聞こえ私は無言で家を立ち去り…
1,100,100,アヒルの子,https://www.youtube.com/channel/UCW4prcGFf0yqLylWHc8zRLQ,https://www.youtube.com/watch?v=_U0dbAh0Ar0,100%,3 か月前,0,https://www.youtube.com/watch?v=7RO_1nL2V5U,79000,【スカッとする話】10億の資産を築いた父の葬儀後に母と高級料亭へ行くと、なぜか欠席してた夫と姑の姿が…。声をかけようとすると夫と姑のとんでもない会話が聞こえたのでこっそり先手を打った結果w
1,101,101,スカッと感動 !02,https://www.youtube.com/channel/UC245xKv3oOdbX57tRsuWmQg,https://www.youtube.com/watch?v=ouFYMpFMg6E,100%,2 年前,369,https://www.youtube.com/watch?v=bI91wh-7IMg,190000,【スカッとする話】孫の七五三のお祝いに親戚一同と行くと私だけ席がない...長男嫁「他人の席は無いから立ってればw」私「じゃ帰るか」親戚一同「うん」全員で帰宅した結果w
1,102,101,スカッと感動 !02,https://www.youtube.com/channel/UC245xKv3oOdbX57tRsuWmQg,https://www.youtube.com/watch?v=dSdjJtEhgx8,100%,2 年前,1,https://www.youtube.com/watch?v=hRCh_bWpcgg,100000,【スカッとする話】私が義母の入院費を払ってると知らず新居に引っ越した夫「寄生虫は施設でもいけw」1億の高級施設に引越し入院費の支払も止めた結果w
1,103,101,スカッと感動 !02,https://www.youtube.com/channel/UC245xKv3oOdbX57tRsuWmQg,https://www.youtube.com/watch?v=5ktvlW6QuyM,100%,2 年前,20,https://www.youtube.com/watch?v=9kcEIi88egw,230000,【スカッとする話】自ら命を絶った夫が亡くなり1週間後、私宛に夫から手紙が届いた...手紙「両親に見つからず読んでくれ」そこに記された場所に行き同封の鍵でコインロッカーを開けると...
1,104,101,スカッと感動 !02,https://www.youtube.com/channel/UC245xKv3oOdbX57tRsuWmQg,https://www.youtube.com/watch?v=3dHxoR4DXOI,98%,2 年前,60,https://www.youtube.com/watch?v=UiZsY3yFtBw,110000,【スカッとする話】高熱で病院へ行く娘を降ろし義両親とのハワイ旅行に行った夫「病院は歩いて行けるだろw」2時間後、半狂乱の夫から鬼電→夫「た、助けて下さい！」
1,105,101,スカッと感動 !02,https://www.youtube.com/channel/UC245xKv3oOdbX57tRsuWmQg,https://www.youtube.com/watch?v=trMym8Jf8lE,98%,2 年前,0,https://www.youtube.com/watch?v=UiZsY3yFtBw,110000,【スカッとする話】高熱で病院へ行く娘を降ろし義両親とのハワイ旅行に行った夫「病院は歩いて行けるだろw」2時間後、半狂乱の夫から鬼電→夫「た、助けて下さい！」
1,106,101,スカッと感動 !02,https://www.youtube.com/channel/UC245xKv3oOdbX57tRsuWmQg,https://www.youtube.com/watch?v=XkeCwnZ1EI8,96%,2 年前,29,https://www.youtube.com/watch?v=wdxUcG1tem8,200000,【スカッとする話】母の葬儀中に夫から電話「親戚の集まりなのにサボるな！親の葬儀とか知るか今すぐ来い」私「分かりました」喪服のまま駆け付けた結果ｗ
1,107,102,人生の一頁 5631,https://www.youtube.com/channel/UC342_Tf8mM_bScq2p9d7lcg,https://www.youtube.com/watch?v=xPNdVXCk3Tw,100%,3 週間前,30,https://www.youtube.com/watch?v=k-xOabuttTE,92000,【スカッとする話】息子の3回忌で法事中、遺影に手を合わせていると、老婆「この子生きてるわよ。骨壷の中、見たことある？」骨壷を開けると私は恐怖で青ざめ…【朗読】【スカッと】
1,108,102,人生の一頁 5631,https://www.youtube.com/channel/UC342_Tf8mM_bScq2p9d7lcg,https://www.youtube.com/watch?v=_Hw4KIf2xi8,100%,3 週間前,4,https://www.youtube.com/watch?v=qbv3oYHPVrc,21000,【スカッとする話】銀行のATMで入金中に突然、夫「今すぐ逃げよう、早く！」私の手を掴み全力疾走の夫…私「どうかしたの？」夫「後ろ見てみろ…」実は【朗読】【スカッと】
1,109,102,人生の一頁 5631,https://www.youtube.com/channel/UC342_Tf8mM_bScq2p9d7lcg,https://www.youtube.com/watch?v=Cjkpsd37Qio,100%,3 週間前,27,https://www.youtube.com/watch?v=YomBGMDnCiE,24000,【スカッとする話】娘と入浴中だった夫が倒れた…私「すぐ病院連れていかないと！」娘「やめて！置いて逃げよう」私「何で…？」娘の一言で私はすぐに車を出し…【朗読】【スカッと】
1,110,102,人生の一頁 5631,https://www.youtube.com/channel/UC342_Tf8mM_bScq2p9d7lcg,https://www.youtube.com/watch?v=w546cCTmScE,100%,3 週間前,13,https://www.youtube.com/watch?v=GsF-0gaQVRA,48000,【スカッとする話】母から突然のブチギレ電話。母「毎日自分の子供預けて遊び回るなんてあんた最低よ！」私「え？今は娘と家いるけど？」母「え？」実は…
1,111,102,人生の一頁 5631,https://www.youtube.com/channel/UC342_Tf8mM_bScq2p9d7lcg,https://www.youtube.com/watch?v=lvIg074pDHA,100%,2 週間前,219,https://www.youtube.com/watch?v=dzwFny9DVj0,62000,【スカッと】親族の集まりに夫と行くと7歳の姪「お絵描きしたから見て！」姪が描いた不思議な絵を見ると、夫「 あれ？まさか…」私「うん」姪のSOSに気づいた夫と私は…
1,112,102,人生の一頁 5631,https://www.youtube.com/channel/UC342_Tf8mM_bScq2p9d7lcg,https://www.youtube.com/watch?v=NzqT8EvPk7Y,100%,2 週間前,107,https://www.youtube.com/watch?v=jTIY4pLvUiA,25000,【スカッとする話】真夜中に帰宅すると突然、私を嫌う夫の連れ子が私を屋根裏部屋へ引きずり込んだ…私（なに！？）連れ子「しっ！」直後、隙間からそっと覗くとその光景に震えだし…
1,113,103,人生の晩年5045,https://www.youtube.com/channel/UCRajns3nAnfDW1XFNGE8mjg,https://www.youtube.com/watch?v=YU25fVp_XlU,100%,1 か月前,1,https://www.youtube.com/watch?v=pdhclv8SJrI,85000,【スカッとする話】昼休みに同僚とカフェに入ると、隣の席に夫と若い女性が…夫「妻は2年前に他界したからwこの後うち来ていいよw」先回りし最高のおもてなしをするとw【朗読】【スカッと】
1,114,103,人生の晩年5045,https://www.youtube.com/channel/UCRajns3nAnfDW1XFNGE8mjg,https://www.youtube.com/watch?v=5pWfQJ33PNw,100%,1 か月前,15,https://www.youtube.com/watch?v=blo_a56_T1U,370000,【スカッとする話】愛人に夫を奪われた私。2人「すまん、離婚してくれ…」離婚届が置かれた瞬間、即サインし夫を譲ると、相手弁護士がガタガタ震え出しw【朗読】【スカッと】
1,115,103,人生の晩年5045,https://www.youtube.com/channel/UCRajns3nAnfDW1XFNGE8mjg,https://www.youtube.com/watch?v=_Xp6uTZBhZc,100%,1 か月前,66,https://www.youtube.com/watch?v=9TulrMzmHr8,57000,【スカッとする話】毎日9時間義母の介護で倒れた私に夫「介護すらできないなら離婚wこれからは愛人に任せるw」私「いいけど後悔しない？」夫「しねぇよw」1週間後w【朗読】【スカッと】
1,116,103,人生の晩年5045,https://www.youtube.com/channel/UCRajns3nAnfDW1XFNGE8mjg,https://www.youtube.com/watch?v=tH1-lLCCL1I,100%,1 か月前,6,https://www.youtube.com/watch?v=C6r_ataNQZU,180000,【スカッと総集編】起業した夫を支えてきた私を裏切った夫「21歳のバイトを妊娠させた！悪いが、離婚してくれ！」私「はーい、仕事も辞めるね！」夫「は？仕事は続けてくれよ」
1,117,103,人生の晩年5045,https://www.youtube.com/channel/UCRajns3nAnfDW1XFNGE8mjg,https://www.youtube.com/watch?v=tDlxe4jFQSA,100%,1 か月前,278,https://www.youtube.com/watch?v=70JSyEr3ztQ,340000,【スカッと総集編】夫が土下座「20歳の愛人が妊娠した！離婚してくれ！」私「はい離婚届け。じゃ娘以外は連れてくね」夫「は？娘も連れていけよ」私「無理、だってこの子は…」【スカッとする話】
1,118,103,人生の晩年5045,https://www.youtube.com/channel/UCRajns3nAnfDW1XFNGE8mjg,https://www.youtube.com/watch?v=tH1-lLCCL1I,86%,1 か月前,6,https://www.youtube.com/watch?v=n-_5T-nb0dg,37000,【スカッと】起業した夫を支えてきた私を裏切った夫「21歳のバイトを妊娠させた！離婚しで！」私「はーい、仕事も辞めるね！」夫「は？仕事は続けてくれよ」私「嫌よ。だってあのバイト...」
1,119,104,壊れかけた巣 5653,https://www.youtube.com/channel/UCCxdsvXDsa6Fg4zEu_0fDoA,https://www.youtube.com/watch?v=BsjA2A905q8,100%,3 週間前,18,https://www.youtube.com/watch?v=Tlkag3rVT5s,180000,【スカッとする話】30年連れ添った夫と離婚すると、義母「引っ越しはまだ？」夫「早く出てけ」私「30分後に消えます」荷物が運ばれ私が車に乗ると→義母「え？何なのこの高級車は？」
1,120,104,壊れかけた巣 5653,https://www.youtube.com/channel/UCCxdsvXDsa6Fg4zEu_0fDoA,https://www.youtube.com/watch?v=iOVVWefAFwo,100%,3 週間前,24,https://www.youtube.com/watch?v=v9anjPMEp3Y,150000,【スカッと総集編】私が全員を養ってるとは知らず、同居の長男夫婦に3ヶ月も無視され続けた私。ある日、勝手に鍵を変えられ閉め出されたので家を売り払い引っ越すとボロボロの長男夫婦が家に来て...w
1,121,104,壊れかけた巣 5653,https://www.youtube.com/channel/UCCxdsvXDsa6Fg4zEu_0fDoA,https://www.youtube.com/watch?v=OPXZRsrCeAo,100%,3 週間前,63,https://www.youtube.com/watch?v=ntYW_pit1Ic,260000,【スカッと総集編】夫と離婚すると義両親「私物は１つも残さず出てけw」夫「今日中に引っ越せw」私「はーい」ゴミ回収業者に電話し私の家具家電全てを捨て引越した結果w
1,122,104,壊れかけた巣 5653,https://www.youtube.com/channel/UCCxdsvXDsa6Fg4zEu_0fDoA,https://www.youtube.com/watch?v=6E7XSJRREQM,100%,3 週間前,8,https://www.youtube.com/watch?v=rygaEgtKMnY,190000,【スカッと総集編】娘夫婦との同居を勝手に決めた夫「娘達の引越しは済んだか？」私「うん、完了した！私の方も新築戸建てに引越し完了したとこ！」夫「え？戸建て？」
1,123,104,壊れかけた巣 5653,https://www.youtube.com/channel/UCCxdsvXDsa6Fg4zEu_0fDoA,https://www.youtube.com/watch?v=b4kvf38W160,100%,3 週間前,15,https://www.youtube.com/watch?v=zEJ_8-NjSgM,180000,【スカッと総集編】家のローン月18万を払ってるとは知らず同居する夫の連れ子に1年間無視された私。ある日「あれ...荷物がない」私の荷物を勝手に捨てられたのでそのまま家を売り払い引っ越した結果w
1,124,104,壊れかけた巣 5653,https://www.youtube.com/channel/UCCxdsvXDsa6Fg4zEu_0fDoA,https://www.youtube.com/watch?v=gykK75sSLwQ,100%,2 週間前,3,https://www.youtube.com/watch?v=McNVTi5SXBU,95000,【スカッとする話】姑との同居を勝手に決めた夫「引越しは済んだか？」私「うん！私の荷物も全部実家に送り終わったとこ」夫「え？実家？」結果w【修羅場】
1,125,105,夕暮れの散歩道4846,https://www.youtube.com/channel/UCZtqjRN0zErgBqr6a5jBkUA,https://www.youtube.com/watch?v=scVguDB7G-8,100%,1 か月前,5,https://www.youtube.com/watch?v=p4pyD9SD1Tk,81000,【スカッとする話】義両親に蹴られ骨折した私に夫「寝かせとけば治るw」翌日、病室に嘲笑いに来た義家族「あれ、嫁は？w」医師「警察署です」義家族「え？」【朗読】【スカッと】
1,126,105,夕暮れの散歩道4846,https://www.youtube.com/channel/UCZtqjRN0zErgBqr6a5jBkUA,https://www.youtube.com/watch?v=NcCLNdH6Oqk,100%,1 か月前,3,https://www.youtube.com/watch?v=uYt37nxwb0o,18000,【スカッとする話】私の資産が9億あると知らず社長令嬢の愛人と再婚した元夫と再会「生活保護の貧乏人じゃんw元気？w」私「は？誰と勘違いしてるの？」真実を伝えると元夫が半狂乱にw【スカッと】【朗読】
1,127,105,夕暮れの散歩道4846,https://www.youtube.com/channel/UCZtqjRN0zErgBqr6a5jBkUA,https://www.youtube.com/watch?v=PUrYaVWq7QA,100%,1 か月前,6,https://www.youtube.com/watch?v=Tpbu9uHiFPg,110000,【スカッとする話】結婚10年目に銀行員の夫が突然の暴露「お前の親友と結婚するw籍入れてないし財産分与は無しw」私「あれ？あんた知らないの？」夫「何がだよw」実は…
1,128,105,夕暮れの散歩道4846,https://www.youtube.com/channel/UCZtqjRN0zErgBqr6a5jBkUA,https://www.youtube.com/watch?v=NcCLNdH6Oqk,100%,1 か月前,3,https://www.youtube.com/watch?v=lVGupM23LsE,310000,【スカッと総集編】私の資産が9億あると知らず社長令嬢の愛人と再婚した元夫と再会「生活保護の貧乏人じゃんw元気？w」私「は？誰と勘違いしてるの？」真実を伝えると元夫が半狂乱にw
1,129,105,夕暮れの散歩道4846,https://www.youtube.com/channel/UCZtqjRN0zErgBqr6a5jBkUA,https://www.youtube.com/watch?v=2jTZl175tfg,97%,1 か月前,185,https://www.youtube.com/watch?v=nlS5u4pCtI0,38000,【スカッとする話】警察官の弟の結婚式に出席した私。義母「中卒の姉は一族の恥ねw」直後、慌てた弟が義母に私の正体を伝えると、義母は顔面蒼白に…【朗読】【スカッと】
1,130,105,夕暮れの散歩道4846,https://www.youtube.com/channel/UCZtqjRN0zErgBqr6a5jBkUA,https://www.youtube.com/watch?v=mJi17DT9yFQ,92%,1 か月前,2,https://www.youtube.com/watch?v=tQe8apURLKM,200000,【スカッとする話】女4姉妹を育てる私に夫「離婚して愛人と再婚するから」私「いいけど長女は連れてってね」夫「え？母親のお前が育てろよ」私「嫌よ。だって…」
1,131,106,夜明け前の涙 5656,https://www.youtube.com/channel/UCDjRsUmNQg-CPaapybgOWdw,https://www.youtube.com/watch?v=VyhqEgB2Iwo,100%,3 週間前,0,https://www.youtube.com/watch?v=NW2djFvCjds,130000,【スカッとする話】同居中の父が亡くなった瞬間、突然我が家に引っ越してきた義両親「他人は今すぐ出てけw」それを聞いた夫が血相を変えて、夫「お、お袋知らないのか？」
1,132,106,夜明け前の涙 5656,https://www.youtube.com/channel/UCDjRsUmNQg-CPaapybgOWdw,https://www.youtube.com/watch?v=l-y_C9VDsvw,100%,3 週間前,0,https://www.youtube.com/watch?v=TTZq9-R-S0Y,100000,【スカッとする話】夫「俺の両親と同居するから他人のお前は格安施設入ってろw」義両親「なんか悪いわねw」私（誰が生活費28万払うのよ...）翌日、業者に電話して家具家電全て回収し高級施設に入所した結果w
1,133,106,夜明け前の涙 5656,https://www.youtube.com/channel/UCDjRsUmNQg-CPaapybgOWdw,https://www.youtube.com/watch?v=q9vJ1Pz7--g,100%,3 週間前,1,https://www.youtube.com/watch?v=OBszaCYnk84,130000,【スカッとする話】私「実家に帰ります」夫「俺を置いて帰るなら離婚だ！ほら記入済みの離婚届だぞ！w」即提出して、義父に報告すると血相を変えた夫から鬼電が...w【修羅場】【スカッと】
1,134,106,夜明け前の涙 5656,https://www.youtube.com/channel/UCDjRsUmNQg-CPaapybgOWdw,https://www.youtube.com/watch?v=cacCp3LYKck,100%,3 週間前,0,https://www.youtube.com/watch?v=CQT7LG2_UnQ,150000,【スカッと総集編】長男夫婦に内緒で、在宅ワークで月収100万稼ぐ私に長男嫁「お義母さん給料3桁あるんですか？」 私「いや、7万しかないわよ···」嫌な予感がして嘘をついた→後日、私を見捨てた長男嫁から
1,135,106,夜明け前の涙 5656,https://www.youtube.com/channel/UCDjRsUmNQg-CPaapybgOWdw,https://www.youtube.com/watch?v=4XxZf6eAWdM,100%,3 週間前,0,https://www.youtube.com/watch?v=jIAIebtJLxI,140000,【スカッとする話】ある日突然、激怒した夫が「毎月渡している仕送りの20万はどこだ！母さんボロボロだったぞ！」私「お義母さんの通帳見た？」夫「え？通帳？」夫が真実を知った結果ｗ【修羅場】【スカッと】
1,136,106,夜明け前の涙 5656,https://www.youtube.com/channel/UCDjRsUmNQg-CPaapybgOWdw,https://www.youtube.com/watch?v=djWt8rPxJ-c,100%,2 週間前,0,https://www.youtube.com/watch?v=VUbbMKYSQcE,66000,【スカッとする話】新築一戸建てを建てると、姑との同居を無理矢理決めた夫「母さんの引越しは済んだか？」私「うん、終わったよ！私の方も今実家に引っ越し完了したとこ」夫「え？実家？」結果w【修羅場】
1,137,107,嫁子の逆転朗読劇場【スカッと物語】,https://www.youtube.com/channel/UCqrk4gfB7SAhYKnyK39vAdg,https://www.youtube.com/watch?v=uJY49GB3YLY,100%,13 時間前,0,https://www.youtube.com/watch?v=DEqKKzP1pB4,21000,【スカッとする話】通院費1万すら拒絶した息子夫婦「年金から払えば？w」翌日、家の名義を変え姿を消すと、大号泣の2人から大量着信が…w【朗読ドラマ】【朗読】【スカッと】
1,138,107,嫁子の逆転朗読劇場【スカッと物語】,https://www.youtube.com/channel/UCqrk4gfB7SAhYKnyK39vAdg,https://www.youtube.com/watch?v=Y6q_6VixOC0,97%,2 日前,0,https://www.youtube.com/watch?v=eFu4Ak6nNYo,28000,【スカッとする話】結婚式をドタキャンした妹の代わりに、田舎の大工と結婚させられた私。私「バイトして生活費入れるね」夫「必要ないよ！だって…」翌日、半狂乱の妹が自宅に来てw【朗読ドラマ】【スカッと】
1,139,107,嫁子の逆転朗読劇場【スカッと物語】,https://www.youtube.com/channel/UCqrk4gfB7SAhYKnyK39vAdg,https://www.youtube.com/watch?v=8TtMycXvCVE,96%,6 日前,3,https://www.youtube.com/watch?v=hi2PAohyTkU,20000,【スカッとする話】夫の出張中、オウムを任された私。何気なくオウムに話しかけると、オウム「嫁にはバレてないよ」不審に思い夫の部屋を開けた。→直後、私は顔面蒼白に…【朗読ドラマ】【朗読】【スカッと】
1,140,107,嫁子の逆転朗読劇場【スカッと物語】,https://www.youtube.com/channel/UCqrk4gfB7SAhYKnyK39vAdg,https://www.youtube.com/watch?v=cTcHDCr-aQ4,96%,1 日前,2,https://www.youtube.com/watch?v=IsPanDg1vH0,28000,【スカッとする話】娘の葬儀に愛人を連れてきた婿「最期に間に合わなくて残念w」愛人「遺産2億は私達が相続ねw」私「…ですってw」夫「助かるなw」愛人「え？」実はw【朗読ドラマ】【朗読】【スカッと】
1,141,107,嫁子の逆転朗読劇場【スカッと物語】,https://www.youtube.com/channel/UCqrk4gfB7SAhYKnyK39vAdg,https://www.youtube.com/watch?v=iX5Kwmhd4Wg,89%,2 日前,0,https://www.youtube.com/watch?v=HFQiOY1EIYg,26000,【スカッとする話】毎月30万仕送りを続けたのに、帰国すると娘が毎日お粥生活。私「30万送ってたよね？」娘「私は1円も見てないよ」→なぜか義母が慌て出し…w【朗読ドラマ】【朗読】【スカッと】
1,142,107,嫁子の逆転朗読劇場【スカッと物語】,https://www.youtube.com/channel/UCqrk4gfB7SAhYKnyK39vAdg,https://www.youtube.com/watch?v=rq_F0Edchno,84%,1 日前,0,https://www.youtube.com/watch?v=WimfKEqUSmI,28000,【スカッとする話】義両親が我が家に居座り1ヶ月。義両親「水漏れが酷くて…」私「なら業者呼びますね」義両親「や、やめてくれ！」なぜか2人が慌て出しw【朗読ドラマ】【朗読】【スカッと】
1,143,108,家庭の嵐 5499,https://www.youtube.com/channel/UC6XQp0Ks_jrLEbxFGN-0FIQ,https://www.youtube.com/watch?v=AiuFrcNZyzE,100%,1 か月前,114,https://www.youtube.com/watch?v=M0pHpjAezxk,17000,【スカッとする話】夫の葬儀2日後に豹変した義父「嫁は物置で食事しろw」義母「納豆以外食わせないw」しかし納豆のパックを開けると、なぜか中には5万円が…【朗読】【スカッと】
1,144,108,家庭の嵐 5499,https://www.youtube.com/channel/UC6XQp0Ks_jrLEbxFGN-0FIQ,https://www.youtube.com/watch?v=U2djWASCO-w,100%,4 週間前,29,https://www.youtube.com/watch?v=kSqGwQPxtec,28000,【スカッとする話】元義母「二世帯住宅建てたw来月から家賃30万お願いw」私「離婚したから払いませんが？」元義母「嘘おっしゃいw」結果w【朗読】【スカッと】
1,145,108,家庭の嵐 5499,https://www.youtube.com/channel/UC6XQp0Ks_jrLEbxFGN-0FIQ,https://www.youtube.com/watch?v=Ub0OaOrk6c4,100%,3 週間前,6,https://www.youtube.com/watch?v=Wobm7os3nrw,29000,【スカッとする話】夫と離婚してから8日後、VIP病室に入院した義母から電話。義母「入院費払っておいてね」私「無理です。だって…」直後、義母が暴れ出し…w【朗読】【スカッと】
1,146,108,家庭の嵐 5499,https://www.youtube.com/channel/UC6XQp0Ks_jrLEbxFGN-0FIQ,https://www.youtube.com/watch?v=aaaxYsvoVcA,100%,4 週間前,19,https://www.youtube.com/watch?v=5RdQqzl3mpI,31000,【スカッとする話】義母にお腹を蹴られ流産した私。義母「たまたまだろw泣くな」ある映像を警察に提出すると、今度は義母が号泣の展開に…w【朗読】【スカッと】
1,147,108,家庭の嵐 5499,https://www.youtube.com/channel/UC6XQp0Ks_jrLEbxFGN-0FIQ,https://www.youtube.com/watch?v=FJMINWuQ-zY,100%,3 週間前,54,https://www.youtube.com/watch?v=n2erPUlbO30,23000,【スカッとする話】自分が一家の大黒柱と勘違いしてる夫「旦那様に逆らう気？w」義母「お荷物は出てけw」お望み通り家具家電全てまとめて出ていった結果w【朗読】【スカッと】
1,148,108,家庭の嵐 5499,https://www.youtube.com/channel/UC6XQp0Ks_jrLEbxFGN-0FIQ,https://www.youtube.com/watch?v=dwxkDYzV894,100%,3 週間前,44,https://www.youtube.com/watch?v=mLLpWbZSgEw,92000,【スカッと総集編】お盆に義実家へ帰省するといつものように奴隷扱いの私に、3年ぶりに海外から帰国した義父「あれ？嫁のご飯だけ無いよ？」私「いつもの事なので」義父「は？」【スカッとする話】【修羅場】
1,149,109,忘却の家 5454,https://www.youtube.com/channel/UCU4rxzNFWBeGjdH3HY-dOOw,https://www.youtube.com/watch?v=leTL3vDbDmY,100%,3 週間前,3,https://www.youtube.com/watch?v=FNCNvnaZXFw,180000,【スカッとする話】私が在宅ワークに切り替え6年介護した寝たきりの義父「遺産6億は全て長男夫婦に渡したwお前には一銭も残さないw」→即出ていくと義父から鬼電が…w【朗読】【スカッと】
1,150,109,忘却の家 5454,https://www.youtube.com/channel/UCU4rxzNFWBeGjdH3HY-dOOw,https://www.youtube.com/watch?v=pVXKOu3vOe8,100%,4 週間前,1,https://www.youtube.com/watch?v=6d_twanH4wg,91000,【スカッとする話】母の葬式にも出ず私と高1の娘を捨てて浮気女と駆け落ちした夫「ガキはお前にやるからよろしくw」3日後、血相を変えた夫から23件の鬼電→娘「あんた誰？」
1,151,109,忘却の家 5454,https://www.youtube.com/channel/UCU4rxzNFWBeGjdH3HY-dOOw,https://www.youtube.com/watch?v=RGnPpTMmIoQ,100%,3 週間前,0,https://www.youtube.com/watch?v=YWd1vzAgHB8,80000,【スカッとする話】13年前に医者の婚約者を奪った親友と再会「36歳で独身とか賞味期限切れねw私の旦那はイケメンで天才よw」→私「じゃうちの夫も紹介するね」夫を呼ぶと親友が半狂乱にw
1,152,109,忘却の家 5454,https://www.youtube.com/channel/UCU4rxzNFWBeGjdH3HY-dOOw,https://www.youtube.com/watch?v=Nj7-Xt1Fu3c,100%,3 週間前,0,https://www.youtube.com/watch?v=dW-opdxTbYQ,110000,【スカッとする話】亡くなった元夫の保険金3000万で新築一軒屋を建てた夫「母さんに家買ったｗ逆らうなら離婚だw」私「わかりました。いいけど後悔するよ？」夫「しねぇよw」→1ヶ月後...【修羅場】
1,153,109,忘却の家 5454,https://www.youtube.com/channel/UCU4rxzNFWBeGjdH3HY-dOOw,https://www.youtube.com/watch?v=MULh46MFSak,100%,3 週間前,3,https://www.youtube.com/watch?v=mRlS0rHQ-lY,120000,【スカッとする話】夫「引越しは済んだか？」私「今日中に出ていくわ」ATM扱いされ家を追い出された私。1ヶ月後、夫が血相を変えて鬼電してきて...【修羅場】
1,154,109,忘却の家 5454,https://www.youtube.com/channel/UCU4rxzNFWBeGjdH3HY-dOOw,https://www.youtube.com/watch?v=6mL2i-OqUYo,95%,3 週間前,1,https://www.youtube.com/watch?v=292Mju-11jU,42000,【スカッとする話】余命半年と宣告された私に夫「保険金3000万楽しみだ！仕事も辞めちゃおうかなw」私（受け取れるわけないのにw）半年後、夫が半狂乱にw【朗読】【スカッと】
1,155,110,愛憎の十字路 5434,https://www.youtube.com/channel/UCIrSkm9Z15Girl7kaWJyFOA,https://www.youtube.com/watch?v=9cj7a6LZ998,100%,4 週間前,1,https://www.youtube.com/watch?v=lRIrN83xkSc,62000,【スカッとする話】私の車のアクセルにこっそり手を加える夫。私（知らないふりしよw）翌日、車を義両親に貸し出すと、夫「ま、待ってくれ…」実はw【朗読】【スカッと】
1,156,110,愛憎の十字路 5434,https://www.youtube.com/channel/UCIrSkm9Z15Girl7kaWJyFOA,https://www.youtube.com/watch?v=dlg95j0QTc0,100%,3 週間前,0,https://www.youtube.com/watch?v=I0YiB-VENsY,13000,【スカッとする話】夫「お前の部屋は両親に譲る。2人を介護するから頼むな」私「はーい（何も知らないのねw）」翌日、義両親が引越してくると夫は半狂乱→私と娘は大爆笑wだって…
1,157,110,愛憎の十字路 5434,https://www.youtube.com/channel/UCIrSkm9Z15Girl7kaWJyFOA,https://www.youtube.com/watch?v=VHZI9EqSar0,100%,3 週間前,1,https://www.youtube.com/watch?v=yFas1_iynzg,29000,【スカッとする話】夫の出張中に突然離婚届を持ってきた義母「寄生虫は離婚して失せろw」私「喜んで！」義母「強がっちゃってw」即離婚すると半狂乱の義母がw
1,158,110,愛憎の十字路 5434,https://www.youtube.com/channel/UCIrSkm9Z15Girl7kaWJyFOA,https://www.youtube.com/watch?v=hw2B4qfxjN4,100%,3 週間前,1,https://www.youtube.com/watch?v=i6EwUdJi1Ek,9463,【スカッとする話】0歳児を我が家の玄関に置き、義妹「1年前から娘の世話ありがとw生後3ヶ月から頼んだしもう歩ける？」私「え？私も1年間、里帰り中だけど…」義妹「え？」結果w
1,159,110,愛憎の十字路 5434,https://www.youtube.com/channel/UCIrSkm9Z15Girl7kaWJyFOA,https://www.youtube.com/watch?v=nc7Hxq5hRrU,100%,3 週間前,5,https://www.youtube.com/watch?v=XcJWa6kefac,44000,【スカッとする話】姑が私の持ち家をリフォームすることになり完成すると姑が「アンタと母親は４畳の物置部屋ねｗ」義姉「嫌なら出てけｗ」→私「じゃあ出て行くわ」母と結託し、家を売却し引っ越した結果【修羅場】
1,160,110,愛憎の十字路 5434,https://www.youtube.com/channel/UCIrSkm9Z15Girl7kaWJyFOA,https://www.youtube.com/watch?v=MePdVIpLOAA,100%,3 週間前,6,https://www.youtube.com/watch?v=NAEwCqwiBcg,67000,【スカッとする話】私名義の4LDKマンションと知らず、強引に私を追い出す姑と義姉「家は貰う！寄生虫は出て行け！」稼ぎ頭の私「わかりました…」→私物を全て回収し、家賃30万の家だけ残した結果w【修羅場】
1,161,111,感動のストーリー 5718,https://www.youtube.com/channel/UChJXskMmVDbiJsbH0jjVRUg,https://www.youtube.com/watch?v=EJWX60B3dZ4,100%,3 週間前,0,https://www.youtube.com/watch?v=BncBRckTmkQ,26000,【スカッとする話】後輩のご祝儀に3万円を包み、お返しに古い時計をもらった私。物置に7年間放り込んでいたが、処分しようと裏側を見た瞬間私は言葉を失い…【朗読】【スカッと】
1,162,111,感動のストーリー 5718,https://www.youtube.com/channel/UChJXskMmVDbiJsbH0jjVRUg,https://www.youtube.com/watch?v=vqSx9hyvFTc,100%,3 週間前,7,https://www.youtube.com/watch?v=heS7VSZxA3U,47000,【スカッとする話】離婚し海外移住したことを知らない義母「明日息子の家に泊まりに行くw」義父「料理だけ用意して出てけw」私「え？息子さんなら高架下ですが…」【朗読】【スカッと】
1,163,111,感動のストーリー 5718,https://www.youtube.com/channel/UChJXskMmVDbiJsbH0jjVRUg,https://www.youtube.com/watch?v=XhERxV-jg8Q,97%,3 週間前,8,https://www.youtube.com/watch?v=ASyRO03-Tgo,60000,【スカッと総集編】夫「息子夫婦から全部聞いた！」突然夫に殴られた私…。離婚届を置いて黙って家を出た半年後、とある映像が公開され夫は大後悔し…
1,164,111,感動のストーリー 5718,https://www.youtube.com/channel/UChJXskMmVDbiJsbH0jjVRUg,https://www.youtube.com/watch?v=XhERxV-jg8Q,97%,3 週間前,8,https://www.youtube.com/watch?v=MGatnbs_LMc,200000,【スカッとする話】夫「息子夫婦から全部聞いた！」突然夫に殴られた私…。離婚届を置いて黙って家を出た半年後、とある映像が公開され夫は大後悔し…【朗読】【スカッと】
1,165,111,感動のストーリー 5718,https://www.youtube.com/channel/UChJXskMmVDbiJsbH0jjVRUg,https://www.youtube.com/watch?v=PhzawcLuby0,95%,4 週間前,3,https://www.youtube.com/watch?v=292Mju-11jU,42000,【スカッとする話】余命半年と宣告された私に夫「保険金3000万楽しみだ！仕事も辞めちゃおうかなw」私（受け取れるわけないのにw）半年後、夫が半狂乱にw【朗読】【スカッと】
1,166,111,感動のストーリー 5718,https://www.youtube.com/channel/UChJXskMmVDbiJsbH0jjVRUg,https://www.youtube.com/watch?v=XV50YZpqMyc,85%,4 週間前,5,https://www.youtube.com/watch?v=xJoQccTg90E,47000,【スカッとする話】離婚する前日の深夜1時、私の布団にもぐり込む夫「最後だし、お願い…」私「急にどうしたの…？」直後、夫が泣きながら…【朗読】【スカッと】
1,167,112,裏世界ノイズ,https://www.youtube.com/channel/UCYrw_-Y0uEE8NIe5fpwDkrQ,https://www.youtube.com/watch?v=TzGIUUu-mq0,100%,5 か月前,6,https://www.youtube.com/watch?v=Bp1VKlMtSUw,150000,【スカッと総集編】夫「離婚しよう…もう無理だ…。老後は1人で過ごしたい…」私「はい離婚届。娘は私が引き取るね」離婚して引越すと慌てた夫が新居に→私（今さら気がついたかw）
1,168,112,裏世界ノイズ,https://www.youtube.com/channel/UCYrw_-Y0uEE8NIe5fpwDkrQ,https://www.youtube.com/watch?v=4kA8SdbCiEY,100%,5 か月前,13,https://www.youtube.com/watch?v=OdNjDlmFQIc,45000,【スカッと総集編】義実家に帰省した私を駅まで迎えに来た義母「息子とデートに行くから歩いて帰れｗ」私「では徒歩5分の新居に行きます」1時間後、ブチギレた義母が現れ…w
1,169,112,裏世界ノイズ,https://www.youtube.com/channel/UCYrw_-Y0uEE8NIe5fpwDkrQ,https://www.youtube.com/watch?v=CSVwP-8Em9o,100%,5 か月前,61,https://www.youtube.com/watch?v=ny9z6qtkqBU,53000,【スカッと総集編】私を実家から追い出す弟夫婦。弟「嫁と娘とそこで暮らすから姉さんは家から出てってw」私（私が生活費28万払ってるのに…）業者に連絡して家具家電を売り払い1億の豪邸に引越した結果w
1,170,112,裏世界ノイズ,https://www.youtube.com/channel/UCYrw_-Y0uEE8NIe5fpwDkrQ,https://www.youtube.com/watch?v=uduunbblZJA,96%,5 か月前,38,https://www.youtube.com/watch?v=uja6sG8362w,24000,【スカッとする話】11年育てた連れ子の息子が医大に合格すると、連れ子「他人のくせに母親ぶるなw」私「は？お前こそ息子ぶるなよ…」入学費と仕送りを即停止し永久に他人扱いした結果w
1,171,112,裏世界ノイズ,https://www.youtube.com/channel/UCYrw_-Y0uEE8NIe5fpwDkrQ,https://www.youtube.com/watch?v=gy0e_MT7zx0,94%,5 か月前,11,https://www.youtube.com/watch?v=fwE6AnU2mvM,22000,【スカッとする話】35年連れ添った私を見捨てる夫「退職金5000万は全て俺の金！1円も渡したくないから離婚w」私「お世話になりました」1ヶ月後、元夫から100件の鬼電がw
1,172,112,裏世界ノイズ,https://www.youtube.com/channel/UCYrw_-Y0uEE8NIe5fpwDkrQ,https://www.youtube.com/watch?v=Q-2is1biasI,93%,5 か月前,2,https://www.youtube.com/watch?v=nShlR1YbtJs,55000,【スカッとする話】母子家庭で育てた息子の結婚挨拶へ行くと私たちだけ納豆ご飯…義父「貧乏人はそれ好きだろw」3秒後、婚約者が私を見て震え出し…義家族は全てを失う結果にw
1,173,113,運命のバス,https://www.youtube.com/channel/UCZ7LpFI5vw7V9ZCsd5OWeLA,https://www.youtube.com/watch?v=jF7TqIxn5xQ,100%,2 か月前,0,https://www.youtube.com/watch?v=rCNrL5SfFV8,20000,【スカッとする話】夫の連れ子の娘と結婚挨拶に連れてきた婚約者「他人は今後一切関りませんw」私「分かりました」当日、他人全員で欠席した結果w
1,174,113,運命のバス,https://www.youtube.com/channel/UCZ7LpFI5vw7V9ZCsd5OWeLA,https://www.youtube.com/watch?v=yg0Rmlbfr0A,100%,3 か月前,0,https://www.youtube.com/watch?v=oiqqJ5xmU_I,69000,【スカッとする話】単身赴任中の夫に電話で娘が「お金なくてご飯ないからママが倒れた（泣）」すぐに家に戻った夫「毎月15万振り込んでるけど？」私「もらった事ないわよ？」夫「え？」実は...
1,175,113,運命のバス,https://www.youtube.com/channel/UCZ7LpFI5vw7V9ZCsd5OWeLA,https://www.youtube.com/watch?v=AzBwoC1PYMs,100%,3 か月前,0,https://www.youtube.com/watch?v=CTeggEwk2Nc,28000,【スカッとする話】妊婦の私が倒れて入院するとワインをぶっかけ海外旅行に行く夫「帰るまでに産んでおけよ！」無視した私に夫がワインを投げるも当たって失神したのは...【修羅場】【スカッと】
1,176,113,運命のバス,https://www.youtube.com/channel/UCZ7LpFI5vw7V9ZCsd5OWeLA,https://www.youtube.com/watch?v=z2IXxsrfPT8,100%,2 か月前,0,https://www.youtube.com/watch?v=wCLIZFRaW28,23000,【スカッとする話】実家の1000万を持ち逃げした息子嫁が孫を連れてきて、息子嫁「一緒に住んであげるから孫二人の風呂とご飯お願いねw」私「え？もう実家ないけど？」息子嫁「は？」実は…
1,177,113,運命のバス,https://www.youtube.com/channel/UCZ7LpFI5vw7V9ZCsd5OWeLA,https://www.youtube.com/watch?v=GNiSiHE5dQ4,100%,3 か月前,1,https://www.youtube.com/watch?v=ArinInMH4ZY,35000,【スカッとする話】長男夫婦「引っ越しは済んだ？ｗ」私「今日中に出て行くわ」家政婦扱いされ家を追い出された私。１ヶ月後、長男嫁が血相を変えて鬼電「お母さんの貯金って…」【修羅場】
1,178,113,運命のバス,https://www.youtube.com/channel/UCZ7LpFI5vw7V9ZCsd5OWeLA,https://www.youtube.com/watch?v=CZgrhwFabWk,100%,3 か月前,0,https://www.youtube.com/watch?v=6XWuYYMKzQc,36000,【スカッとする話】長男夫婦が私の持ち家から新築に引っ越した途端、ボーナスとピアノが消えた...。私「警察を呼んで！」長男「ダメだ！長男嫁が疑われる！」→私「もう通報したよ？」10分後w【修羅場】
1,179,114,都会の孤独5052,https://www.youtube.com/channel/UCTWwkNBKuUw8iJZaqGYyivA,https://www.youtube.com/watch?v=TQc0G8KAVBg,100%,2 週間前,2,https://www.youtube.com/watch?v=NeFhYBshtIY,20000,【スカッとする話】スーパーでパートの私をバカにする年下部長が社員の前で英語のスピーチを強要。部長「ババァはABCも難しいかw」私「本場の英語を教えてあげますね」流暢な英語で無双した結果ｗ【朗読】
1,180,114,都会の孤独5052,https://www.youtube.com/channel/UCTWwkNBKuUw8iJZaqGYyivA,https://www.youtube.com/watch?v=dlKU8wTl3AM,100%,1 か月前,31,https://www.youtube.com/watch?v=9TulrMzmHr8,57000,【スカッとする話】毎日9時間義母の介護で倒れた私に夫「介護すらできないなら離婚wこれからは愛人に任せるw」私「いいけど後悔しない？」夫「しねぇよw」1週間後w【朗読】【スカッと】
1,181,114,都会の孤独5052,https://www.youtube.com/channel/UCTWwkNBKuUw8iJZaqGYyivA,https://www.youtube.com/watch?v=GekAxSjZZoY,100%,2 週間前,5,https://www.youtube.com/watch?v=WCgDiWmK46Q,70000,【スカッとする話】私を育てるため夢を諦め高校中退した母に結婚挨拶でビールをぶっかけた銀行頭取の義両親「中卒の家族は一族の恥w婚約白紙w」直後、普段温厚な母が立ち上がり、母「では200億の口座解約します
1,182,114,都会の孤独5052,https://www.youtube.com/channel/UCTWwkNBKuUw8iJZaqGYyivA,https://www.youtube.com/watch?v=GFc6HQj6EGQ,100%,1 か月前,0,https://www.youtube.com/watch?v=Yfo6v4-ZtHc,220000,【スカッとする話】私が義父の入院費を払ってると知らず私の荷物を全て捨てた夫「もう俺に寄生するな穀潰しがw」夫を残し1億の豪邸に引越し入院費の支払いも止めた結果w
1,183,114,都会の孤独5052,https://www.youtube.com/channel/UCTWwkNBKuUw8iJZaqGYyivA,https://www.youtube.com/watch?v=GFc6HQj6EGQ,96%,1 か月前,0,https://www.youtube.com/watch?v=EmiUvKJTw3c,58000,【スカッと総集編】義父の入院費を払ってると知らず私の荷物を全て捨てた夫「俺に寄生するな穀潰しw」夫を残し1億の豪邸に引越し入院費の支払いも止めた結果w【スカッとする話】【スカッと】
1,184,114,都会の孤独5052,https://www.youtube.com/channel/UCTWwkNBKuUw8iJZaqGYyivA,https://www.youtube.com/watch?v=4cT8OyajnUc,92%,1 か月前,5,https://www.youtube.com/watch?v=tQe8apURLKM,200000,【スカッとする話】女4姉妹を育てる私に夫「離婚して愛人と再婚するから」私「いいけど長女は連れてってね」夫「え？母親のお前が育てろよ」私「嫌よ。だって…」
1,185,115,578 Doingaynay,https://www.youtube.com/channel/UCpA9aom883CUg2Vfu3qgigg,https://www.youtube.com/watch?v=ceDEZnHXkUo,100%,2 年前,1,https://www.youtube.com/watch?v=T3LqJSBHdQE,22000,【スカッとする話】結婚式に向かった夫の忘れ物に気付き電話すると、夫「式中に電話するな！非常識だぞ！」私「ご祝儀と礼服忘れてるけど...」夫「え？」結果w【修羅場】
1,186,115,578 Doingaynay,https://www.youtube.com/channel/UCpA9aom883CUg2Vfu3qgigg,https://www.youtube.com/watch?v=_j8tp7jpl9A,100%,2 年前,0,https://www.youtube.com/watch?v=wCLIZFRaW28,23000,【スカッとする話】実家の1000万を持ち逃げした息子嫁が孫を連れてきて、息子嫁「一緒に住んであげるから孫二人の風呂とご飯お願いねw」私「え？もう実家ないけど？」息子嫁「は？」実は…
1,187,115,578 Doingaynay,https://www.youtube.com/channel/UCpA9aom883CUg2Vfu3qgigg,https://www.youtube.com/watch?v=j-mF3Vb1nr0,100%,2 年前,6,https://www.youtube.com/watch?v=LFfg2Ew_S1w,26000,【スカッとする話】高級寿司屋でパート中、個室席に偶然、長男嫁と両親が…。話かけようとすると、長男嫁と両親の恐ろしい会話が聞こえてきて...【修羅場】【スカッと】
1,188,115,578 Doingaynay,https://www.youtube.com/channel/UCpA9aom883CUg2Vfu3qgigg,https://www.youtube.com/watch?v=3ZFR0aNOsQA,100%,2 年前,0,https://www.youtube.com/watch?v=c9IsJU5XUfo,53000,【スカッとする話】実家で長男と長男嫁に嫌われ続けた私が追い出され次男夫婦の家へ。私「ちょっと聞いてくれない？」私が抱え込んでいた悩みを伝えると、次男嫁｢実は私の正体は…｣【修羅場】
1,189,115,578 Doingaynay,https://www.youtube.com/channel/UCpA9aom883CUg2Vfu3qgigg,https://www.youtube.com/watch?v=GP3H7BHU7Cc,100%,2 年前,0,https://www.youtube.com/watch?v=c9IsJU5XUfo,53000,【スカッとする話】実家で長男と長男嫁に嫌われ続けた私が追い出され次男夫婦の家へ。私「ちょっと聞いてくれない？」私が抱え込んでいた悩みを伝えると、次男嫁｢実は私の正体は…｣【修羅場】
1,190,116,Hidalgo Jesus,https://www.youtube.com/channel/UCmHPxolrDN4OJyWrR31soAA,https://www.youtube.com/watch?v=jFXlACv0pLg,100%,2 年前,0,https://www.youtube.com/watch?v=2bkFoDUO1Qo,150000,【スカッとする話】長男夫婦に初孫が生まれ出産祝いに行くと私だけカップ麺...長男嫁「家族の分しか無いですw」夫「...帰りますか」私「はい」直後、長男嫁に大惨事がw
1,191,116,Hidalgo Jesus,https://www.youtube.com/channel/UCmHPxolrDN4OJyWrR31soAA,https://www.youtube.com/watch?v=5i1G0TyWfOs,99%,2 年前,3,https://www.youtube.com/watch?v=32PcmmzXwLY,42000,【スカッとする話】牛乳アレルギーの私に牛乳を飲ませ愛人と旅行に行った夫「計算おかしい！浮気したな！」私「違う、助けて...」放置され3日後→血相変えた夫から鬼電がw
1,192,116,Hidalgo Jesus,https://www.youtube.com/channel/UCmHPxolrDN4OJyWrR31soAA,https://www.youtube.com/watch?v=NvJ88cML0BQ,99%,2 年前,0,https://www.youtube.com/watch?v=-iA0Yh4B6l8,110000,【スカッとする話】長男嫁が出産し親族へのお披露目会へ行くと、長男嫁「他人は赤ん坊には触るな！」私「はーい」親族一同も他人なので永遠に他人扱いした結果w
1,193,116,Hidalgo Jesus,https://www.youtube.com/channel/UCmHPxolrDN4OJyWrR31soAA,https://www.youtube.com/watch?v=MOLVHVpA7kE,99%,2 年前,2,https://www.youtube.com/watch?v=s0Ym0gxTLF4,29000,【スカッとする話】私がローン20万払ってる二世帯住宅と知らず子供4人を連れて出戻ってきた夫の連れ子「ババァの部屋は私が使うw」義両親「クズ嫁は倉庫で生活しろｗ」キレた私が家を売り払い更地にすると...
1,194,116,Hidalgo Jesus,https://www.youtube.com/channel/UCmHPxolrDN4OJyWrR31soAA,https://www.youtube.com/watch?v=zQ9OavjmL2c,98%,2 年前,2,https://www.youtube.com/watch?v=dAD2oL93V18,57000,【スカッとする話】一緒に起業した私を裏切った親友「アンタの旦那と会社やるw」夫「売上と社員は貰うねw」63歳のおばちゃん「私は残ります」残ったのはパートのおばちゃんのみ...→その後、まさかの展開にw
1,195,117,【修羅場カフェ】隣の席から仕掛ける因果応報,https://www.youtube.com/channel/UCUj-s2Pah7P4S9BeeeSUQig,https://www.youtube.com/watch?v=aOprmRR5KgQ,100%,3 か月前,0,https://www.youtube.com/watch?v=T1lw-3Vr5-M,68000,【スカッとする話】婚約者との両家顔合わせでなぜか私達を無視する婚約者家族。私「あの…」婚約者家族「…」理由を知り両親と黙って帰ると3分後、婚約者から鬼電が…w
1,196,117,【修羅場カフェ】隣の席から仕掛ける因果応報,https://www.youtube.com/channel/UCUj-s2Pah7P4S9BeeeSUQig,https://www.youtube.com/watch?v=Aqr3wnDUDNk,100%,3 か月前,0,https://www.youtube.com/watch?v=86aMjG9EbpY,44000,【スカッとする話】夫と義両親に招待されハワイ旅行に行くと、なぜか私だけ別のホテルに案内。受付「今すぐ逃げて下さい！」明かされた真実を知り私は慌ててホテルを飛び出し...
1,197,117,【修羅場カフェ】隣の席から仕掛ける因果応報,https://www.youtube.com/channel/UCUj-s2Pah7P4S9BeeeSUQig,https://www.youtube.com/watch?v=OegDC6w0egE,100%,3 か月前,0,https://www.youtube.com/watch?v=EJjcsX_1CGg,22000,【スカッとする話】大好きな母が73歳で他界。葬儀中、長男嫁から鬼電「明日は私の結婚式の日よ！今すぐ帰って準備しろ！」私「はい..」泣きながら帰るとなぜかボコボコになった嫁が待っていて...w【修羅場】
1,198,117,【修羅場カフェ】隣の席から仕掛ける因果応報,https://www.youtube.com/channel/UCUj-s2Pah7P4S9BeeeSUQig,https://www.youtube.com/watch?v=lu29SotckN8,100%,3 か月前,0,https://www.youtube.com/watch?v=ZN2XDe1ICK4,80000,【スカッとする話】大好きな父が80歳で突然他界。葬儀中、長男嫁から鬼電「今日は息子のカットの日よ！今すぐ帰って送迎しろ！」私「はい...」泣きながら帰るとボコボコの長男嫁の姿がw【修羅場】【スカッと】
1,199,117,【修羅場カフェ】隣の席から仕掛ける因果応報,https://www.youtube.com/channel/UCUj-s2Pah7P4S9BeeeSUQig,https://www.youtube.com/watch?v=_q8zNsBIyWk,93%,3 か月前,0,https://www.youtube.com/watch?v=REtWO3bISWw,82000,【スカッとする話】タワマンのローンを私が払っているのに夫「28万程度で偉そうにw」長男嫁「寄生虫のババァは出てけw」私「分かりました...」大喜びで出て行った結果w
1,200,118,ほっこり朗読ルーム,https://www.youtube.com/channel/UCSlUg18tDFgmtpHSaROcKMQ,https://www.youtube.com/watch?v=PIE5-LrBSeE,100%,9 か月前,2,https://www.youtube.com/watch?v=p9wE0wHlkMA,61000,【スカッとする話】離婚し引っ越したことを知らない義父「明日から息子の家で暮らすw」義母「掃除しておきなさいw」私「え？息子さんの家は河川敷よ？」義両親「は？」【朗読】【スカッと】
1,201,118,ほっこり朗読ルーム,https://www.youtube.com/channel/UCSlUg18tDFgmtpHSaROcKMQ,https://www.youtube.com/watch?v=wXFegyu4mqo,100%,9 か月前,11,https://www.youtube.com/watch?v=EMM1TKXBxpI,44000,【スカッとする話】大銀行の最終面接で私の履歴書をビリビリに破り捨てた面接官「こいつ施設育ちだとw育てた親の顔が見たい」私「お母さん？いや、頭取。部下が呼んでるよ」【朗読】【スカッと】
1,202,118,ほっこり朗読ルーム,https://www.youtube.com/channel/UCSlUg18tDFgmtpHSaROcKMQ,https://www.youtube.com/watch?v=EOY8OFt-t-c,100%,9 か月前,0,https://www.youtube.com/watch?v=3ROoZpLQQvY,18000,【スカッとする話】姉夫婦の婚約祝いに到着すると息子「ママ、今すぐ帰ろう！早く発車して！」混乱する息子に理由を聞くと、息子「後ろみて…」私「え？」【朗読】【スカッと】
1,203,118,ほっこり朗読ルーム,https://www.youtube.com/channel/UCSlUg18tDFgmtpHSaROcKMQ,https://www.youtube.com/watch?v=aSQvfO0K7Aw,96%,9 か月前,3,https://www.youtube.com/watch?v=YARRQqAerVs,55000,【スカッとする話】私の母が筆頭株主と知らず私の内定を取消した頭首「母子家庭は内定取消でw」一同大爆笑。私「だそうです…お母さん…」母「頭首？500億の株全て売却で」頭首「え？」【朗読】【スカッと】
1,204,118,ほっこり朗読ルーム,https://www.youtube.com/channel/UCSlUg18tDFgmtpHSaROcKMQ,https://www.youtube.com/watch?v=cNU2KaDOqzQ,95%,9 か月前,0,https://www.youtube.com/watch?v=N5KQN9p7Dec,17000,【スカッとする話】5歳で発語なしの娘に医者の夫「欠陥品は一族の恥！離婚！」義母「低学歴の嫁のせいよw」引越し当日、なぜか笑顔の娘→娘「お前ら…覚悟しろよ…」【朗読】【スカッと】
1,205,119,スカッとスッキリTV,https://www.youtube.com/channel/UCuNp5_risg4Vv7sPXRnd41A,https://www.youtube.com/watch?v=8uV_nllynq4,100%,9 か月前,518,https://www.youtube.com/watch?v=2jJCIGafP3k,87000,【スカッと総集編】月9万円で年金暮らしの私に長男嫁「頼られるの嫌だし絶縁w」長男「今後一切関わらないw」私「本当にいいのね？」長男嫁「え？」【朗読】【スカッと】【スカッとする話】
1,206,119,スカッとスッキリTV,https://www.youtube.com/channel/UCuNp5_risg4Vv7sPXRnd41A,https://www.youtube.com/watch?v=CB-bXa3IOfc,100%,9 か月前,2199,https://www.youtube.com/watch?v=3WlCnGLe67U,550000,【スカッとする話】私の両親が亡くなった途端、実家を勝手に解体した夫「今日から俺の家で両親と同居だ！」それを聞いた私は大爆笑→私「あんた達、知らないの？」実は...
1,207,119,スカッとスッキリTV,https://www.youtube.com/channel/UCuNp5_risg4Vv7sPXRnd41A,https://www.youtube.com/watch?v=LARcREMvsDw,100%,9 か月前,280,https://www.youtube.com/watch?v=NTuf2k99EWQ,270000,【スカッとする話】体調不良でパートを早退し家に帰ると夫が親友と真っ最中...コッソリ二人の動画を撮影し親友の夫に送ってやった結果w
1,208,119,スカッとスッキリTV,https://www.youtube.com/channel/UCuNp5_risg4Vv7sPXRnd41A,https://www.youtube.com/watch?v=sGQw49NQQfU,100%,9 か月前,494,https://www.youtube.com/watch?v=a14Uvt5re2g,320000,【スカッとする話】年末に義実家へ帰省するといつものように奴隷扱いの私に、久しぶりに帰省した義父「なんでご飯食べないんだ？」私「いつもの事なので」義父「は？」激怒した義父が義実家を売却し更地に【修羅場】
1,209,119,スカッとスッキリTV,https://www.youtube.com/channel/UCuNp5_risg4Vv7sPXRnd41A,https://www.youtube.com/watch?v=8uV_nllynq4,90%,9 か月前,518,https://www.youtube.com/watch?v=_m8w5ILU3u0,330000,【スカッとする話】月9万円で年金暮らしの私に長男嫁「頼られるの嫌だし絶縁でw」長男「今後一切関わらないからw」私「本当にいいのね？」長男嫁「え？」絶縁して2ヶ月後…w
1,210,120,スカッと夜話,https://www.youtube.com/channel/UCyUgDowOPEUpB5k07Ho9EIA,https://www.youtube.com/watch?v=fIOyhdVHnow,100%,3 か月前,30,https://www.youtube.com/watch?v=u1Ga8VNwPE4,78000,【スカッとする話】夫が亡くなり8年経ったある日、納骨堂に写真を供えていると少年「隣に住んでるおじさんだ」詳しく話を聞くと背筋が凍り…【朗読】【スカッと】
1,211,120,スカッと夜話,https://www.youtube.com/channel/UCyUgDowOPEUpB5k07Ho9EIA,https://www.youtube.com/watch?v=tHE3RCAFhAo,100%,3 か月前,96,https://www.youtube.com/watch?v=MHHUeA224xI,46000,【スカッとする話】私の給与明細を勝手に見た義母。義母「月12万しか稼げない女は不要！荷物まとめて出てけ！」私「それ副業の収入ですが？」義母「嘘つくなw」結果w【総集編】【スカッと】【朗読】
1,212,120,スカッと夜話,https://www.youtube.com/channel/UCyUgDowOPEUpB5k07Ho9EIA,https://www.youtube.com/watch?v=4077HhCNDgg,100%,3 か月前,108,https://www.youtube.com/watch?v=MHHUeA224xI,46000,【スカッとする話】私の給与明細を勝手に見た義母。義母「月12万しか稼げない女は不要！荷物まとめて出てけ！」私「それ副業の収入ですが？」義母「嘘つくなw」結果w【総集編】【スカッと】【朗読】
1,213,120,スカッと夜話,https://www.youtube.com/channel/UCyUgDowOPEUpB5k07Ho9EIA,https://www.youtube.com/watch?v=H0atCHjN3Vo,92%,3 か月前,122,https://www.youtube.com/watch?v=tQe8apURLKM,200000,【スカッとする話】女4姉妹を育てる私に夫「離婚して愛人と再婚するから」私「いいけど長女は連れてってね」夫「え？母親のお前が育てろよ」私「嫌よ。だって…」
1,214,120,スカッと夜話,https://www.youtube.com/channel/UCyUgDowOPEUpB5k07Ho9EIA,https://www.youtube.com/watch?v=C_ENLuzkO5E,79%,2 か月前,69,https://www.youtube.com/watch?v=p4pyD9SD1Tk,81000,【スカッとする話】義両親に蹴られ骨折した私に夫「寝かせとけば治るw」翌日、病室に嘲笑いに来た義家族「あれ、嫁は？w」医師「警察署です」義家族「え？」【朗読】【スカッと】
1,215,121,スカッと子猫ちゃん,https://www.youtube.com/channel/UCfda-5k70B5gVjryai9JUMQ,https://www.youtube.com/watch?v=EbqwxmBLOto,89%,3 年前,117633,https://www.youtube.com/watch?v=q5j_Ra8XQ38,75000,【スカッとする話】長男夫婦の家へ行くと、孫が台所で立ちながら食事をし納屋で寝ていた。私「一体どうしたの？」長男嫁「いつもの事ですからｗ」→激怒した私が家を売却し更地にした結果w
1,216,121,スカッと子猫ちゃん,https://www.youtube.com/channel/UCfda-5k70B5gVjryai9JUMQ,https://www.youtube.com/watch?v=lk_wmZHMPuE,78%,3 年前,108339,https://www.youtube.com/watch?v=B6BAcyasiRk,190000,【スカッと総集編】片親で私を育ててくれた年金暮らしの母に10年間毎月仕送り。しかし、同居の長男「たった1万円で偉そうにw」私「15万振り込んでるけど？」長男嫁「え？」【スカッとする話】【修羅場】
1,217,121,スカッと子猫ちゃん,https://www.youtube.com/channel/UCfda-5k70B5gVjryai9JUMQ,https://www.youtube.com/watch?v=VEv9FlJcmzA,74%,13 日前,28371,https://www.youtube.com/watch?v=pdhclv8SJrI,85000,【スカッとする話】昼休みに同僚とカフェに入ると、隣の席に夫と若い女性が…夫「妻は2年前に他界したからwこの後うち来ていいよw」先回りし最高のおもてなしをするとw【朗読】【スカッと】
1,218,121,スカッと子猫ちゃん,https://www.youtube.com/channel/UCfda-5k70B5gVjryai9JUMQ,https://www.youtube.com/watch?v=244qQpmJF38,74%,2 年前,24246,https://www.youtube.com/watch?v=D8qLT6yolb8,170000,【スカッとする話】夫と連れ子（娘）に10年間嫌われ続けた母親の私。高校卒業の日に姿を消すと、半狂乱の娘から鬼電がw
1,219,121,スカッと子猫ちゃん,https://www.youtube.com/channel/UCfda-5k70B5gVjryai9JUMQ,https://www.youtube.com/watch?v=FLEdICvsL84,46%,3 年前,141815,https://www.youtube.com/watch?v=g6Y6qpQoq3k,51000,【スカッとする話】中卒で年金生活の私を見下す高学歴エリートの長男嫁「年金暮らしの貧乏人とは絶縁でw」直後、それを聞いた長男が顔面蒼白で「お、お前知らないのか？」【スカッと】
1,220,122,フィクション 5638,https://www.youtube.com/channel/UC21roLectHlDzGuNRKfVEjQ,https://www.youtube.com/watch?v=ibgm7PhbOmY,100%,4 週間前,74,https://www.youtube.com/watch?v=TrK-PE4VKbI,44000,【スカッとする話】2人で11年経営した会社を知らない女に勝手に売った夫「金入ったしお前は用済み」女「会社と嫁引継ぎますw」社員を引き連れ全員で辞めるとw【朗読】【スカッと】
1,221,122,フィクション 5638,https://www.youtube.com/channel/UC21roLectHlDzGuNRKfVEjQ,https://www.youtube.com/watch?v=dYm0MmwK1LY,100%,4 週間前,9,https://www.youtube.com/watch?v=GOMRbn7AcsU,61000,【スカッとする話】離婚届に判を押した翌日、高級ホテルで愛人と式を挙げた夫。元夫が会計をしようとすると、スタッフ「決済が通りません…」元夫「え？」実はw【朗読】【スカッと】
1,222,122,フィクション 5638,https://www.youtube.com/channel/UC21roLectHlDzGuNRKfVEjQ,https://www.youtube.com/watch?v=PfAW6stmlCE,100%,4 週間前,2257,https://www.youtube.com/watch?v=OwkvLwja53k,62000,【スカッとする話】離婚届を出したと知らない夫と義母。夫「母さんの仕送り10万まだ？」義母「今日中に振込まないと離婚よw」私「え？もう離婚済みですが？」義母「嘘つくなw」結果w【朗読】【スカッと】
1,223,122,フィクション 5638,https://www.youtube.com/channel/UC21roLectHlDzGuNRKfVEjQ,https://www.youtube.com/watch?v=HGxyeWDzpS8,100%,1 か月前,211,https://www.youtube.com/watch?v=6sfR2w5-V44,110000,【スカッとする話】空港に私と子供4人を迎えにきた夫「お前は歩けw4時間で帰れるw」私「え？私はこのまま海外移住よ？家は売却して離婚届も出したわ」→1時間後、慌てて帰宅した夫から鬼電がw【朗読】
1,224,122,フィクション 5638,https://www.youtube.com/channel/UC21roLectHlDzGuNRKfVEjQ,https://www.youtube.com/watch?v=86kEOxfGJIA,94%,1 か月前,83,https://www.youtube.com/watch?v=qL0fgimyBlg,95000,【感動する話】同級生だった夫と離婚し独りの私の元に、突然、元義母「息子に会ってほしいの…」再会すると信じられない姿に…【朗読】【スカッと】
1,225,123,人生の備忘録4924,https://www.youtube.com/channel/UCRf85a7PnwoRRON703TEROQ,https://www.youtube.com/watch?v=8iIyy2qjyS8,100%,1 か月前,93,https://www.youtube.com/watch?v=p4pyD9SD1Tk,81000,【スカッとする話】義両親に蹴られ骨折した私に夫「寝かせとけば治るw」翌日、病室に嘲笑いに来た義家族「あれ、嫁は？w」医師「警察署です」義家族「え？」【朗読】【スカッと】
1,226,123,人生の備忘録4924,https://www.youtube.com/channel/UCRf85a7PnwoRRON703TEROQ,https://www.youtube.com/watch?v=UYfoejMk5Zw,100%,1 か月前,40,https://www.youtube.com/watch?v=Tpbu9uHiFPg,110000,【スカッとする話】結婚10年目に銀行員の夫が突然の暴露「お前の親友と結婚するw籍入れてないし財産分与は無しw」私「あれ？あんた知らないの？」夫「何がだよw」実は…
1,227,123,人生の備忘録4924,https://www.youtube.com/channel/UCRf85a7PnwoRRON703TEROQ,https://www.youtube.com/watch?v=tgyybopfpnQ,100%,2 か月前,85,https://www.youtube.com/watch?v=C6r_ataNQZU,180000,【スカッと総集編】起業した夫を支えてきた私を裏切った夫「21歳のバイトを妊娠させた！悪いが、離婚してくれ！」私「はーい、仕事も辞めるね！」夫「は？仕事は続けてくれよ」
1,228,123,人生の備忘録4924,https://www.youtube.com/channel/UCRf85a7PnwoRRON703TEROQ,https://www.youtube.com/watch?v=07R9XKJM99w,97%,1 か月前,53,https://www.youtube.com/watch?v=nlS5u4pCtI0,38000,【スカッとする話】警察官の弟の結婚式に出席した私。義母「中卒の姉は一族の恥ねw」直後、慌てた弟が義母に私の正体を伝えると、義母は顔面蒼白に…【朗読】【スカッと】
1,229,123,人生の備忘録4924,https://www.youtube.com/channel/UCRf85a7PnwoRRON703TEROQ,https://www.youtube.com/watch?v=tgyybopfpnQ,86%,2 か月前,85,https://www.youtube.com/watch?v=n-_5T-nb0dg,37000,【スカッと】起業した夫を支えてきた私を裏切った夫「21歳のバイトを妊娠させた！離婚しで！」私「はーい、仕事も辞めるね！」夫「は？仕事は続けてくれよ」私「嫌よ。だってあのバイト...」
1,230,124,人生の感動物語,https://www.youtube.com/channel/UCLq7Bngo0s5xFWKcyKaJHWA,https://www.youtube.com/watch?v=4BCLG3mlvHM,100%,2 か月前,3,https://www.youtube.com/watch?v=cVe3XmXeRuE,140000,【スカッとする話】私が離婚届に署名すると、満面の笑みで大喜びする義家族。新しい嫁を迎えた1週間後、電気・ガス・水道が止まると急に義家族が焦り出しw【朗読】【スカッと】
1,231,124,人生の感動物語,https://www.youtube.com/channel/UCLq7Bngo0s5xFWKcyKaJHWA,https://www.youtube.com/watch?v=YGfvNCRyOBQ,100%,2 か月前,3,https://www.youtube.com/watch?v=5AbXeqqVHY4,21000,【スカッとする話】臨月の私を家庭用サウナに閉じこめ5泊7日の温泉旅行に出かけたエリート義両親「私達から息子を奪った罰よw」7日後、帰宅した義父が腐敗臭に気づき慌ててサウナの扉を開けると..【スカッと】
1,232,124,人生の感動物語,https://www.youtube.com/channel/UCLq7Bngo0s5xFWKcyKaJHWA,https://www.youtube.com/watch?v=YGfvNCRyOBQ,100%,2 か月前,3,https://www.youtube.com/watch?v=LPY1ke7gWfI,110000,【スカッと総集編】臨月の私を家庭用サウナに閉じこめ5泊7日の温泉旅行に出かけたエリート義両親「私達から息子を奪った罰よw」7日後、帰宅した義父が腐敗臭に気づき慌ててサウナの扉を開けると...
1,233,124,人生の感動物語,https://www.youtube.com/channel/UCLq7Bngo0s5xFWKcyKaJHWA,https://www.youtube.com/watch?v=2bnA0iWe1fM,100%,2 か月前,2,https://www.youtube.com/watch?v=NTuf2k99EWQ,270000,【スカッとする話】体調不良でパートを早退し家に帰ると夫が親友と真っ最中...コッソリ二人の動画を撮影し親友の夫に送ってやった結果w
1,234,124,人生の感動物語,https://www.youtube.com/channel/UCLq7Bngo0s5xFWKcyKaJHWA,https://www.youtube.com/watch?v=8lLcpzEPnUs,100%,2 か月前,4,https://www.youtube.com/watch?v=sd-a4XIE7jQ,360000,【スカッと総集編】私の年収が2000万と知らず入院中の私を捨て愛人と再婚した夫「離婚届け出しといたｗ慰謝料として家と車は貰うｗ」私「承知しました」→3日後、半狂乱の夫から200件の鬼電がw【修羅場】
1,235,125,人生ラジオ 5692,https://www.youtube.com/channel/UCACY-9VfdCYZj8Z24xy_e4w,https://www.youtube.com/watch?v=Mne5o-Wd4Pg,100%,4 週間前,442,https://www.youtube.com/watch?v=00HSG0Knh3I,17000,【スカッとする話】70歳を過ぎ夫と別居中の私。40年もの間、夫は冷酷だった。ある日、夫の手帳を開いた瞬間、全てを理解し涙が溢れ…【朗読】【スカッと】
1,236,125,人生ラジオ 5692,https://www.youtube.com/channel/UCACY-9VfdCYZj8Z24xy_e4w,https://www.youtube.com/watch?v=F8QzB6kF7Zk,100%,3 週間前,28,https://www.youtube.com/watch?v=AqjTtGDoywE,100000,【スカッとする話】夫「ママが施設入るから毎月40万の仕送り頼むなw」私「OK（良いこと考えたw」）3日後、夫と義母が銀行に行くと口座を見た2人はガクガク震えだし…w【朗読】【スカッと】
1,237,125,人生ラジオ 5692,https://www.youtube.com/channel/UCACY-9VfdCYZj8Z24xy_e4w,https://www.youtube.com/watch?v=FbezuATPWSU,100%,3 週間前,2,https://www.youtube.com/watch?v=FNCNvnaZXFw,180000,【スカッとする話】私が在宅ワークに切り替え6年介護した寝たきりの義父「遺産6億は全て長男夫婦に渡したwお前には一銭も残さないw」→即出ていくと義父から鬼電が…w【朗読】【スカッと】
1,238,125,人生ラジオ 5692,https://www.youtube.com/channel/UCACY-9VfdCYZj8Z24xy_e4w,https://www.youtube.com/watch?v=YOF2-Xc7IoQ,100%,2 週間前,18,https://www.youtube.com/watch?v=RplBfcanX0Q,46000,【スカッとする話】息子が亡くなった途端、私を家から追い出す息子嫁「保険金入ったし用済み！旦那の荷物持って出てけ」私「本当に後悔しない？」嫁「しねぇよw早く消えろ」→3日後w【朗読】【スカッと】
1,239,125,人生ラジオ 5692,https://www.youtube.com/channel/UCACY-9VfdCYZj8Z24xy_e4w,https://www.youtube.com/watch?v=X0xl-QIHKHk,100%,2 週間前,88,https://www.youtube.com/watch?v=DcIegdkPriU,65000,【スカッとする話】私を嫌う夫と息子が私を無視。私「ただいま」2人「…」息子の大学卒業式に消えると鬼電。私「私に息子はいませんが？」→息子「え？」【朗読】【スカッと】
1,240,126,嫁と姑のリアル 5667,https://www.youtube.com/channel/UCEuTa9b4BOpvp3_4dEk6guA,https://www.youtube.com/watch?v=qzgy8M1jZmA,100%,3 週間前,300,https://www.youtube.com/watch?v=PWHztx9-bjo,78000,【スカッとする話】姉の結婚式に行くと私を見下す京大卒の義父「中卒の英語聞かせろw」私（アメリカの大学教授だけど、今は黙っとくかw）1時間後w【朗読】【スカッと】
1,241,126,嫁と姑のリアル 5667,https://www.youtube.com/channel/UCEuTa9b4BOpvp3_4dEk6guA,https://www.youtube.com/watch?v=gcjGaM1DxNE,100%,3 週間前,5,https://www.youtube.com/watch?v=HIZ-adiGYZ0,40000,【スカッとする話】息子からの仕送りが月1000円…私「おかげで回転寿司行けるわ」息子「え？15万入れてるけど？」翌日、直接現金で受け取ると、なぜか義母が半狂乱にw【朗読】【スカッと】
1,242,126,嫁と姑のリアル 5667,https://www.youtube.com/channel/UCEuTa9b4BOpvp3_4dEk6guA,https://www.youtube.com/watch?v=FAVJRNaB5lI,100%,3 週間前,3,https://www.youtube.com/watch?v=GjfVbDfwW3A,29000,【スカッとする話】月収60万の夫が義母には50万渡すのに、私には生活費2万だけ…私は1ヶ月間食事を作らず外食を続けると→義母と夫が半狂乱に…w【朗読】【スカッと】
1,243,126,嫁と姑のリアル 5667,https://www.youtube.com/channel/UCEuTa9b4BOpvp3_4dEk6guA,https://www.youtube.com/watch?v=L1bOCdu6i-E,100%,3 週間前,8,https://www.youtube.com/watch?v=I_oFsv-nXeo,19000,【スカッとする話】義両親を15年間介護してきた私に離婚届を突きつけてきた夫「感謝はしてる、でも離婚してくれ」私「はーいwこちらこそありがとう」→翌朝、軽井沢に引っ越すと夫から鬼電がw【朗読】
1,244,126,嫁と姑のリアル 5667,https://www.youtube.com/channel/UCEuTa9b4BOpvp3_4dEk6guA,https://www.youtube.com/watch?v=PQ39Mj8Gg20,95%,3 週間前,22,https://www.youtube.com/watch?v=qAkeYm7RkW0,100000,【スカッとする話】女医の娘の結婚挨拶に行くと夫の席はあるのに私だけ席が無い。医者の義両親「無能は立ち見w」夫「…帰ろっか」私「…うん」義母「とっとと帰れw」その後…w【朗読】【スカッと】
1,245,127,家庭の奇妙な話 5498,https://www.youtube.com/channel/UCICLBxMQ_czP0_THXa5Hitg,https://www.youtube.com/watch?v=HnMr_Hh4Jlc,100%,3 週間前,0,https://www.youtube.com/watch?v=VqAVQppeIsM,20000,【スカッとする話】私を嫌う義両親が私を無視。私「おやすみ」2人「…」ハワイ旅行当日に姿を消すと鬼電。義両親「今どこ？」私「…」無視して空港に置き去りにするとw【朗読】【スカッと】
1,246,127,家庭の奇妙な話 5498,https://www.youtube.com/channel/UCICLBxMQ_czP0_THXa5Hitg,https://www.youtube.com/watch?v=iCQMujJVyFk,100%,4 週間前,2,https://www.youtube.com/watch?v=mhXa8Ll9oiQ,49000,【スカッとする話】義姉の結婚式に行くと私だけ席がなかった。義姉「お前は呼んでないけど？w」私「では帰ります」速攻帰ると、なぜか夫から鬼電がw【朗読】【スカッと】
1,247,127,家庭の奇妙な話 5498,https://www.youtube.com/channel/UCICLBxMQ_czP0_THXa5Hitg,https://www.youtube.com/watch?v=-3P7_05AZpU,93%,4 週間前,0,https://www.youtube.com/watch?v=zK9pneFb-30,100000,【スカッとする話】真冬なのに暖房をつけない母。私「もっと仕送り増やすね」母「仕送り？知らないけど」不審に思い口座を作り替えると、なぜか義家族の態度が一変しw【朗読】【スカッと】
1,248,127,家庭の奇妙な話 5498,https://www.youtube.com/channel/UCICLBxMQ_czP0_THXa5Hitg,https://www.youtube.com/watch?v=8ymoYdIOFNs,91%,1 か月前,2,https://www.youtube.com/watch?v=JCzNnEHSMJ0,26000,【スカッとする話】妊娠した娘が夫にお腹を殴られ、いきなり実家に逃げ帰ってきた。義母「ただの喧嘩で大袈裟なw」清掃員の私はある作戦を決行→財閥の義実家は地獄へw【朗読】【スカッと】
1,249,127,家庭の奇妙な話 5498,https://www.youtube.com/channel/UCICLBxMQ_czP0_THXa5Hitg,https://www.youtube.com/watch?v=jv3ULScc57g,89%,3 週間前,1,https://www.youtube.com/watch?v=lXbYsN2ovgw,32000,【スカッとする話】夫に不倫され離婚した当日、なぜか古いコートを預けた義母。塞がれたポケットに気づいた私は、義母の真意を知り凍りつき…【朗読】【スカッと】
1,250,128,家庭の暗部 5501,https://www.youtube.com/channel/UC-jALC7AUPbklHK5bcnF8qg,https://www.youtube.com/watch?v=8C3lo3YaKo4,100%,4 週間前,19,https://www.youtube.com/watch?v=MYS2-Y0q_tY,41000,【スカッとする話】7年の嫁いびりが限界で離婚すると義父「お邪魔虫が消えるとさw」義母「戻る家なくて可哀想w」私「家ないのはお前たちな」義両親「笑わせるなw」→結果w【朗読】【スカッと】
1,251,128,家庭の暗部 5501,https://www.youtube.com/channel/UC-jALC7AUPbklHK5bcnF8qg,https://www.youtube.com/watch?v=S66Lv6fdmYQ,100%,4 週間前,9,https://www.youtube.com/watch?v=F0tT9OCTn2M,38000,【スカッとする話】夜勤から帰ると私の部屋がない…夫「今日からママの部屋にするw」義母「嫁はリビングで寝てねw」キレた私は家を売り払い、黙って引っ越し姿を消すとw【朗読】【スカッと】
1,252,128,家庭の暗部 5501,https://www.youtube.com/channel/UC-jALC7AUPbklHK5bcnF8qg,https://www.youtube.com/watch?v=f_Yii7KZC-w,100%,1 か月前,7,https://www.youtube.com/watch?v=Nmv3G7TBvOw,38000,【スカッとする話】義家族に嫌われ続けた息子が他界。嫁「遺産ガッポリいただきw」義母「これで豪邸建てれるw」債権者「いえ、遺産は借金のみです」直後、2人は半狂乱にw【朗読】【スカッと】
1,253,128,家庭の暗部 5501,https://www.youtube.com/channel/UC-jALC7AUPbklHK5bcnF8qg,https://www.youtube.com/watch?v=UaPmk4SvdhE,100%,3 週間前,210,https://www.youtube.com/watch?v=bsw6JC50-1s,40000,【スカッとする話】結婚して1年経っても、給料60万を義母に渡し続ける夫「金目当てで結婚したのか？wあざとい女は出ていけw」私「出ていくのはあなたよwだって…」実はw【朗読】【スカッと】
1,254,128,家庭の暗部 5501,https://www.youtube.com/channel/UC-jALC7AUPbklHK5bcnF8qg,https://www.youtube.com/watch?v=TnjMQsdC-sI,100%,3 週間前,164,https://www.youtube.com/watch?v=29F5nZ8UXYQ,96000,【スカッと総集編】私が家族全員を養ってたと知らず新築に引越す義母「アンタの全てが気に入らないw家族だけで暮らすから消えろw」　即離婚して全名義を夫に変更→半狂乱の義母から鬼電がw
1,255,129,家庭の裏側 5496,https://www.youtube.com/channel/UCwHwfvDS7xPfgKall1V6V2w,https://www.youtube.com/watch?v=ZJWLmPhnoUE,100%,3 週間前,24,https://www.youtube.com/watch?v=p4pyD9SD1Tk,81000,【スカッとする話】義両親に蹴られ骨折した私に夫「寝かせとけば治るw」翌日、病室に嘲笑いに来た義家族「あれ、嫁は？w」医師「警察署です」義家族「え？」【朗読】【スカッと】
1,256,129,家庭の裏側 5496,https://www.youtube.com/channel/UCwHwfvDS7xPfgKall1V6V2w,https://www.youtube.com/watch?v=ogYmpeEZBo4,100%,4 週間前,14,https://www.youtube.com/watch?v=BwuYpXAl90I,28000,【スカッとする話】裕福な義両親の還暦祝い当日、高級寿司店で私を嫌う義姉「金目的の貧乏人は来んなw」一同「了解。じゃあ帰るか」全員が帰り出すと義姉が慌て出しw【朗読】【スカッと】
1,257,129,家庭の裏側 5496,https://www.youtube.com/channel/UCwHwfvDS7xPfgKall1V6V2w,https://www.youtube.com/watch?v=X-aLvpk0v04,100%,4 週間前,3,https://www.youtube.com/watch?v=apu3YCoBeec,15000,【スカッとする話】私が早朝シフトに切り替え10年義母を介護し続けたのに、義母「別に頼んでないしwお前には遺産渡さないw」私「では明日から施設入れますね」【朗読】【スカッと】
1,258,129,家庭の裏側 5496,https://www.youtube.com/channel/UCwHwfvDS7xPfgKall1V6V2w,https://www.youtube.com/watch?v=Bf5wz0NNMmk,100%,1 か月前,2,https://www.youtube.com/watch?v=-qfSnxAmUYM,14000,【スカッとする話】義姉が子供を連れて転がりこみ、一銭も払わず30日居座り続けた。義姉「何でそんな怒ってるの？w」夫「家族だし問題ないだろw」→息子の一言で2人が震え出しw【朗読】【スカッと】
1,259,129,家庭の裏側 5496,https://www.youtube.com/channel/UCwHwfvDS7xPfgKall1V6V2w,https://www.youtube.com/watch?v=IM5deUyIY9g,100%,3 週間前,57,https://www.youtube.com/watch?v=Oi-t-EUHZVw,19000,【スカッとする話】熱海に庭付き一軒家を購入すると夫「ママも同居してくれるってw」義母「いや、嫁は不要よw」私「え？大丈夫なんですか？」義母「もちろんw」3日後w【朗読】【スカッと】
1,260,130,家族の物語 5690,https://www.youtube.com/channel/UCQhjqoqDTXTRiRHqMKXfmJQ,https://www.youtube.com/watch?v=nEJHmk0_O44,100%,4 週間前,53,https://www.youtube.com/watch?v=DPS_qm8jKlI,100000,【スカッとする話】私の年収が1000万と知らず夫と一緒に出ていった息子「毒親とは絶縁wバイバイw」私「じゃあ夫とも縁切るね」息子「勝手にどうぞw」2日後w【朗読】【スカッと】
1,261,130,家族の物語 5690,https://www.youtube.com/channel/UCQhjqoqDTXTRiRHqMKXfmJQ,https://www.youtube.com/watch?v=bWZaCa0SgWs,100%,3 週間前,64,https://www.youtube.com/watch?v=zQ9RIq5rr4A,25000,【スカッとする話】私を無料託児所扱いする嫁「暇でしょ？w孫お願い」私（いいこと思いついたw）仕事が終わり戻ってきた嫁「そ、そんな…」実はw【朗読】【スカッと】
1,262,130,家族の物語 5690,https://www.youtube.com/channel/UCQhjqoqDTXTRiRHqMKXfmJQ,https://www.youtube.com/watch?v=fzoc6_-I0k8,100%,3 週間前,34,https://www.youtube.com/watch?v=RimGqJQ_Vi0,56000,【スカッとする話】年金生活で無一文の私。ある日、200万が入った封筒を拾い警察に届けると隣にいた会長夫人「あなたはもしかして…」夫人の一言で私は膝から崩れ落ち…【朗読】【スカッと】
1,263,130,家族の物語 5690,https://www.youtube.com/channel/UCQhjqoqDTXTRiRHqMKXfmJQ,https://www.youtube.com/watch?v=m4GPXTiJUR8,100%,2 週間前,1,https://www.youtube.com/watch?v=yqCdgYsZcrQ,47000,【スカッとする話】初孫のお食い初めに行くと私を無視する長男夫婦…私「おめでと！」長男・嫁「…」キレた私は家具家電を黙って捨て家を売払い更地にすると…w【朗読】【スカッと】
1,264,130,家族の物語 5690,https://www.youtube.com/channel/UCQhjqoqDTXTRiRHqMKXfmJQ,https://www.youtube.com/watch?v=Foe7R--HdQQ,94%,3 週間前,5,https://www.youtube.com/watch?v=IOjiCJpzGq8,240000,【スカッとする話】車いすの義父を同居介護して11年…義父「家や遺産は全て長女に相続する」義母「手続きそろそろしないとね」私「ええ、ご自由にどうぞ。私は今から実家に帰ります」【朗読】【スカッと】
1,265,131,小型ランタン,https://www.youtube.com/channel/UCO2YtR8fQeeNChEBK_vytqQ,https://www.youtube.com/watch?v=C5o_aPJO98I,100%,2 か月前,0,https://www.youtube.com/watch?v=6ApdaTTnZcU,43000,【スカッとする話】私がタワマン3棟保有と知らずに絶縁してきた夫の連れ子と再会「生活保護貰ってるらしいねw」私「え？誰と勘違いを？」真実を知えると連れ子が絶叫w
1,266,131,小型ランタン,https://www.youtube.com/channel/UCO2YtR8fQeeNChEBK_vytqQ,https://www.youtube.com/watch?v=z4rczQ3GnsA,100%,3 か月前,1,https://www.youtube.com/watch?v=GZtalGoS6qE,110000,【スカッとする話】親族の集まりでエリート夫「嫁の飯はまずいんだよなw」私「え？私の料理食べた事ある？食事はいつも愛人宅じゃないの」義父「は？」義両親がブチギレ...
1,267,131,小型ランタン,https://www.youtube.com/channel/UCO2YtR8fQeeNChEBK_vytqQ,https://www.youtube.com/watch?v=UrdKZBN07SI,100%,2 か月前,2,https://www.youtube.com/watch?v=QAi5SwgIgCA,98000,【スカッとする話】年末に帰省し医師一族と高級料亭で食事会へ行くと私を貧乏人と見下す兄嫁「ここは勝ち組専用よw底辺の貧乏人はさっさと帰れ」→義父「じゃあお前が帰れ」兄嫁「え？」【修羅場】【スカッと】
1,268,131,小型ランタン,https://www.youtube.com/channel/UCO2YtR8fQeeNChEBK_vytqQ,https://www.youtube.com/watch?v=uDHwgeulBcw,98%,3 か月前,0,https://www.youtube.com/watch?v=kI6eED301ZA,79000,【スカッとする話】高級車のローンを毎月15万払い続けている私に夫「この車は長男嫁に譲る！逆らったら離婚だ！」長男嫁「なんかすみませんw」→私「離婚しましょう」後日、事故った長男嫁から鬼電が来て...
1,269,131,小型ランタン,https://www.youtube.com/channel/UCO2YtR8fQeeNChEBK_vytqQ,https://www.youtube.com/watch?v=OVW0Rs6r4_g,93%,3 か月前,0,https://www.youtube.com/watch?v=9o0MLK83Gwg,16000,【スカッとする話】長男嫁が新築祝いから帰ると、120万の時計が無くなった…。私「警察に通報しましょう！」夫「やめろ！長男嫁が疑われる！」→私「もう通報したよ」10分後ｗ【修羅場】
1,270,132,张大帅太帅,https://www.youtube.com/channel/UCNjHtwq6NZLoB9nV6jh7QRA,https://www.youtube.com/watch?v=ZojarwGWPvw,100%,2 日前,0,https://www.youtube.com/watch?v=y8ReyKKeUUQ,100000,【スカッとする話】私が資産170億の不動産王と知らず私から夫を奪った美人な姉「生活保護でも貰え貧乏人w」後日、示談交渉で弁護士が大爆笑→弁護士「生活保護はアナタでは？w」姉「え？」実は...
1,271,132,张大帅太帅,https://www.youtube.com/channel/UCNjHtwq6NZLoB9nV6jh7QRA,https://www.youtube.com/watch?v=QsiV1pNtEwI,100%,22 時間前,0,https://www.youtube.com/watch?v=bI91wh-7IMg,190000,【スカッとする話】孫の七五三のお祝いに親戚一同と行くと私だけ席がない...長男嫁「他人の席は無いから立ってればw」私「じゃ帰るか」親戚一同「うん」全員で帰宅した結果w
1,272,132,张大帅太帅,https://www.youtube.com/channel/UCNjHtwq6NZLoB9nV6jh7QRA,https://www.youtube.com/watch?v=ltj6jY5bePY,100%,8 時間前,0,https://www.youtube.com/watch?v=7Pz5jiUvSnQ,50000,【スカッとする話】親友の出産祝いで産婦人科へ行くと新生児の父親がまさかの夫だった...。私「おめでと！赤ちゃん可愛いね！」速攻で帰宅し夫の荷物を全て捨て、家を売り払い引越した結果w
1,273,132,张大帅太帅,https://www.youtube.com/channel/UCNjHtwq6NZLoB9nV6jh7QRA,https://www.youtube.com/watch?v=5UPJlZSKFzo,98%,1 か月前,0,https://www.youtube.com/watch?v=iWpWDCY4L5o,100000,【スカッとする話】夫の連れ子の出産祝いに行くと、連れ子「ババァは戸籍上は他人w赤ちゃん触るなら1回30万払えw」夫「...帰るか」私「うん」速攻で帰宅→永遠に他人扱いした結果w
1,274,132,张大帅太帅,https://www.youtube.com/channel/UCNjHtwq6NZLoB9nV6jh7QRA,https://www.youtube.com/watch?v=fQcevA9wGao,92%,2 週間前,0,https://www.youtube.com/watch?v=7BkfeUd5plU,76000,【スカッとする話】私が役員報酬で家計を支えていると知らず夫を略奪し引越した愛人。愛人「家政婦で良いなら住所教えるよw」私「じゃ時給780円の夫とは離婚で」愛人「寝言は寝て言えw」結果w
1,275,133,心揺さぶる話 5719,https://www.youtube.com/channel/UCZ9U8m5ymgGq4pkTkd6NK_A,https://www.youtube.com/watch?v=fqIiihjfDrs,100%,4 週間前,2,https://www.youtube.com/watch?v=6_DWl928MOQ,50000,【スカッとする話】私と離婚し愛人を選んだ元夫「ローン完済したよな？今日から俺たちが住むからw」私「何か勘違いしてない？」元夫「え？」実はw【朗読】【スカッと】
1,276,133,心揺さぶる話 5719,https://www.youtube.com/channel/UCZ9U8m5ymgGq4pkTkd6NK_A,https://www.youtube.com/watch?v=Z39UbJJI0wc,100%,4 週間前,29,https://www.youtube.com/watch?v=946JbIP0v8E,38000,【スカッとする話】高熱を出し夫に連絡した私「病院連れていってくれない？」夫「今飲み会中、連絡すんなw寝れば治るから大丈夫w」翌日、夫は自滅し涙目にw【朗読】【スカッと】
1,277,133,心揺さぶる話 5719,https://www.youtube.com/channel/UCZ9U8m5ymgGq4pkTkd6NK_A,https://www.youtube.com/watch?v=tsuBWRY_XmE,100%,3 週間前,21,https://www.youtube.com/watch?v=1h9gZB2pkio,59000,【スカッとする話】元義母「今月から養育費増えるわw孫が私立に行くから即振り込んでw」私「元夫が払う側ですが？」元義母「え？」結果w【朗読】【スカッと】
1,278,133,心揺さぶる話 5719,https://www.youtube.com/channel/UCZ9U8m5ymgGq4pkTkd6NK_A,https://www.youtube.com/watch?v=0mkp4mJLrK4,97%,3 週間前,1,https://www.youtube.com/watch?v=XxaFsY1Peuo,21000,【スカッとする話】父を亡くし借金生活をする私。父の鞄に入っていた通帳から延滞金20万を振り込んだ直後、玄関前の光景を見た私は絶句し…【朗読】【スカッと】
1,279,133,心揺さぶる話 5719,https://www.youtube.com/channel/UCZ9U8m5ymgGq4pkTkd6NK_A,https://www.youtube.com/watch?v=TN0NWMuM9-w,93%,4 週間前,28,https://www.youtube.com/watch?v=qXmpDKTFsJg,48000,【スカッとする話】私が総資産30億の社長と知らず夫「女部長と再婚するから離婚でｗ子供はお前に譲ってやるよw」私「はーい」即離婚して引越すと→1週間後に半狂乱にw
1,280,134,心温まる物語 5721,https://www.youtube.com/channel/UCkGwIYpXYWf06yvm8Y5AQow,https://www.youtube.com/watch?v=gbn5XDkjH3w,100%,4 週間前,1,https://www.youtube.com/watch?v=T3DS3QFl4gM,59000,【スカッとする話】不倫した夫と離婚して4日後、ホテルで豪遊する義母から電話。義母「カード使えなくなった！宿泊代30万振り込んでw」もう他人なので無視した結果w【朗読】【スカッと】
1,281,134,心温まる物語 5721,https://www.youtube.com/channel/UCkGwIYpXYWf06yvm8Y5AQow,https://www.youtube.com/watch?v=HsebT_0Unsg,100%,4 週間前,1,https://www.youtube.com/watch?v=Lz3rc2N2XhM,47000,【スカッとする話】正月、帰省の新幹線で、妊娠中の私を立ち席にした夫は「腰が痛い」と1人グリーン車へ。愛人の元へ向かったと知った私は、何も告げず新大阪で姿を消すとw【朗読】【スカッと】
1,282,134,心温まる物語 5721,https://www.youtube.com/channel/UCkGwIYpXYWf06yvm8Y5AQow,https://www.youtube.com/watch?v=K8EFC1eb3T0,100%,3 週間前,2,https://www.youtube.com/watch?v=mMMEJWwvWM0,32000,【スカッとする話】単身赴任の夫の誕生日にサプライズでケーキを買っていくと記入済みの離婚届が…私「そっか、じゃあ提出するか…」お望み通り提出し家を即売却→黙って海外移住した結果w【朗読】【スカッと】
1,283,134,心温まる物語 5721,https://www.youtube.com/channel/UCkGwIYpXYWf06yvm8Y5AQow,https://www.youtube.com/watch?v=-FRphtFc-iw,94%,4 週間前,0,https://www.youtube.com/watch?v=4II62hEUDk8,65000,【スカッとする話】41歳で妊娠した私とお腹の子を捨て医学部女子大生と再婚した医者の夫「21歳の若い女が妊娠したから再婚する」30年後、病院で元夫と遭遇すると娘を見た元夫は…【スカッと】【朗読】
1,284,134,心温まる物語 5721,https://www.youtube.com/channel/UCkGwIYpXYWf06yvm8Y5AQow,https://www.youtube.com/watch?v=ulBVx1SYSSo,84%,3 週間前,0,https://www.youtube.com/watch?v=vyk34qyD3O0,40000,【スカッとする話】離婚届を見せ脅してくる夫「今すぐ俺にメシ作れ！逆らったら離婚するぞ！」息子が勝手に提出すると、急に夫がガクガク震え出しw【朗読】【スカッと】
1,285,135,暮らしの物語4580,https://www.youtube.com/channel/UCwoqERQWtYAZ1vhvwi1A1fQ,https://www.youtube.com/watch?v=XhMfi7nX3sk,100%,2 週間前,0,https://www.youtube.com/watch?v=kJ0VknIXk-I,86000,【スカッとする話】母と姉に嫌われ続けた父が他界。母「ついに遺産5億よw」姉「楽しみねw」弁護士「相続は不可です。実は…」母&姉「は？」【朗読】【スカッと】
1,286,135,暮らしの物語4580,https://www.youtube.com/channel/UCwoqERQWtYAZ1vhvwi1A1fQ,https://www.youtube.com/watch?v=29j1JpvGJso,100%,2 週間前,1,https://www.youtube.com/watch?v=b9OhKapbbYI,35000,【スカッとする話】大学生の娘の卒業式に行くと、娘「他人の分際で参加すんなw」夫「家政婦は駐車場で待機ｗ」キレた私は生活費と学費の支払いを停止→離婚届を置いて姿を消すと…w
1,287,135,暮らしの物語4580,https://www.youtube.com/channel/UCwoqERQWtYAZ1vhvwi1A1fQ,https://www.youtube.com/watch?v=StiSu07rbdI,93%,2 週間前,1,https://www.youtube.com/watch?v=qXmpDKTFsJg,48000,【スカッとする話】私が総資産30億の社長と知らず夫「女部長と再婚するから離婚でｗ子供はお前に譲ってやるよw」私「はーい」即離婚して引越すと→1週間後に半狂乱にw
1,288,135,暮らしの物語4580,https://www.youtube.com/channel/UCwoqERQWtYAZ1vhvwi1A1fQ,https://www.youtube.com/watch?v=vjJ02ei4Fdw,89%,3 週間前,2,https://www.youtube.com/watch?v=Pok0f93sICw,25000,【スカッとする話】息子「関係者だけで祝うからw」初孫の誕生会に義両親を参加させ、私だけ門前払いする息子夫婦。関係者ではないので家を即売却し、全連絡先を削除すると…w【朗読】【スカッと】
1,289,135,暮らしの物語4580,https://www.youtube.com/channel/UCwoqERQWtYAZ1vhvwi1A1fQ,https://www.youtube.com/watch?v=OiPf-7Y0UWw,83%,1 か月前,44,https://www.youtube.com/watch?v=RWaATWML5EY,24000,【スカッとする話】正月、母が危篤で実家に帰ると義母「ここが嫌なら実家で暮らせ」私の荷物を外に投げ捨てた。私「後で撤回なしですよ？」義母「するかw」→1週間後w【朗読】【スカッと】
1,290,136,涙の小部屋 5642,https://www.youtube.com/channel/UCJSrM2Iw6N6r4k8WiuTZ8kA,https://www.youtube.com/watch?v=HR8jkYvpS20,100%,3 週間前,35,https://www.youtube.com/watch?v=W-rW5yUgXLY,79000,【スカッとする話】父を理由に夫に捨てられ5年後、若い女と子供を連れた元夫と再会。元夫「嫁はお前と違って完璧w」直後、私の新しい夫を見て、元夫がガクガク震え出しw【朗読】【スカッと】
1,291,136,涙の小部屋 5642,https://www.youtube.com/channel/UCJSrM2Iw6N6r4k8WiuTZ8kA,https://www.youtube.com/watch?v=3mXCAtM9NK4,100%,3 週間前,4,https://www.youtube.com/watch?v=cdhdPI1kb2Y,23000,【スカッとする話】17歳で出産し高校中退した私。元彼「結婚？するわけw」20年後、元彼が私と娘に遭遇。元彼「そいつも早そうだなw」娘「こいつの人生潰すね」【朗読】【スカッと】
1,292,136,涙の小部屋 5642,https://www.youtube.com/channel/UCJSrM2Iw6N6r4k8WiuTZ8kA,https://www.youtube.com/watch?v=qzUFCtR6gig,100%,1 か月前,87,https://www.youtube.com/watch?v=Q8wTXMZ6iys,140000,【スカッとする話】35歳で妊娠した私を捨て19歳の女子大生と再婚した学歴主義の夫。夫「高齢出産だとバカ生まれそうw」15年後、学校で元夫と遭遇すると息子を見た元夫は震えだし…【朗読】【スカッと】
1,293,136,涙の小部屋 5642,https://www.youtube.com/channel/UCJSrM2Iw6N6r4k8WiuTZ8kA,https://www.youtube.com/watch?v=FoArbjDciwA,91%,3 週間前,6,https://www.youtube.com/watch?v=LZTMqB8S98U,65000,【スカッとする話】女手一つで育てた娘の結婚挨拶へ行くと私たちだけ席がない…義両親「金目当ての貧乏人は立ってろw」直後、婚約者が私を見て顔面蒼白→義家族は全てを失いw【スカッと】【修羅場】
1,294,136,涙の小部屋 5642,https://www.youtube.com/channel/UCJSrM2Iw6N6r4k8WiuTZ8kA,https://www.youtube.com/watch?v=r1lsGtCGeL4,88%,4 週間前,24,https://www.youtube.com/watch?v=Fuer-lZ4yX0,210000,【スカッとする話】親族一同での集まりにタクシーで行くと、父「誕生日に贈ったレクサスは？」夫「ママが使ってるw嫁は電車で十分w」父「そうか…」→3日後、夫は青ざめ地獄へw【朗読】【スカッと】
1,295,137,秘密の代償 5654,https://www.youtube.com/channel/UCuG65MjohkyQV3pw64I00hw,https://www.youtube.com/watch?v=fnGICWOzX3E,100%,3 週間前,18,https://www.youtube.com/watch?v=f5r1JGa0gr8,140000,【スカッとする話】ハワイへの家族旅行当日、空港に無一文で置き去りにされた私...夫「家族だけで楽しんでくるw」義両親「アンタは野宿でもしてなw」私「はーい」→ホテルで夫と義両親が顔面蒼白にw
1,296,137,秘密の代償 5654,https://www.youtube.com/channel/UCuG65MjohkyQV3pw64I00hw,https://www.youtube.com/watch?v=NCALYwryPZs,100%,3 週間前,2,https://www.youtube.com/watch?v=ekbycwZ1mzg,100000,【スカッとする話】月20万義実家に入れてた私に夫「長男夫婦と同居するから出てけ」長男嫁「この寄生虫の穀潰しがw」私（こいつら立場わきまえろよw覚悟しとけw）→全ての口座を0円にして引っ越した結果w
1,297,137,秘密の代償 5654,https://www.youtube.com/channel/UCuG65MjohkyQV3pw64I00hw,https://www.youtube.com/watch?v=o_VNtvDU21M,100%,3 週間前,14,https://www.youtube.com/watch?v=B6BAcyasiRk,190000,【スカッと総集編】片親で私を育ててくれた年金暮らしの母に10年間毎月仕送り。しかし、同居の長男「たった1万円で偉そうにw」私「15万振り込んでるけど？」長男嫁「え？」【スカッとする話】【修羅場】
1,298,137,秘密の代償 5654,https://www.youtube.com/channel/UCuG65MjohkyQV3pw64I00hw,https://www.youtube.com/watch?v=1gAvPxWOFho,100%,2 週間前,20,https://www.youtube.com/watch?v=ol6651I92Qo,75000,【スカッとする話】私の事が大嫌いな長男嫁「私達の結婚式も新居にも義両親は絶対来ないで。嫌なら離婚する」私「いいけど、アナタ本当に大丈夫？後悔するよ？」長男嫁「しねぇよw二度と連絡してくんなw」
1,299,137,秘密の代償 5654,https://www.youtube.com/channel/UCuG65MjohkyQV3pw64I00hw,https://www.youtube.com/watch?v=m-e8c3wArCU,98%,2 週間前,10,https://www.youtube.com/watch?v=mOy5nZK4Phw,73000,【スカッとする話】義母の私だけ新築祝いに招待せず引っ越し先すら教えない長男嫁「偽物の母親に個人情報は教えませんw」私「そう、残念ね…」→本物の娘に財産を全て譲った結果w【修羅場】
1,300,138,街の物語 5687,https://www.youtube.com/channel/UCxterQPS0akz9_edy6xAiDw,https://www.youtube.com/watch?v=3_cKjhqKSHM,100%,3 週間前,21,https://www.youtube.com/watch?v=K6Ok3cpMIXs,23000,【スカッとする話】車椅子の夫を5年看病する私。ある日、検査薬で妊娠が発覚…全てを諦め逃げようとした瞬間、夫「待ってくれ！実は…」夫が突然立ち上がり…【朗読】【スカッと】
1,301,138,街の物語 5687,https://www.youtube.com/channel/UCxterQPS0akz9_edy6xAiDw,https://www.youtube.com/watch?v=eW3hequjRek,100%,3 週間前,314,https://www.youtube.com/watch?v=hifi_18WXKU,59000,【スカッとする話】義母が私にくれたコーヒーが怪しい。義母「コーヒーどうだった？w」義父「あ、それ俺が飲んだよ！」義母「今すぐ救急車呼んで！」実はw【朗読】【スカッと】
1,302,138,街の物語 5687,https://www.youtube.com/channel/UCxterQPS0akz9_edy6xAiDw,https://www.youtube.com/watch?v=GZS0oo3VPb4,100%,3 週間前,94,https://www.youtube.com/watch?v=3ROoZpLQQvY,18000,【スカッとする話】姉夫婦の婚約祝いに到着すると息子「ママ、今すぐ帰ろう！早く発車して！」混乱する息子に理由を聞くと、息子「後ろみて…」私「え？」【朗読】【スカッと】
1,303,138,街の物語 5687,https://www.youtube.com/channel/UCxterQPS0akz9_edy6xAiDw,https://www.youtube.com/watch?v=XsjfJPeY7uw,100%,3 週間前,146,https://www.youtube.com/watch?v=2kqFB_BTrsg,26000,【スカッとする話】医師「奥様と娘さんが退院しました。お迎えお願いいたします」私「え？私に娘はいませんが？」直後、隣で聞いていた霊感のある母→母「その電話、切ったらダメよ！」
1,304,138,街の物語 5687,https://www.youtube.com/channel/UCxterQPS0akz9_edy6xAiDw,https://www.youtube.com/watch?v=zXDp7Lbl-9g,100%,3 週間前,1336,https://www.youtube.com/watch?v=IkjrifvTA_A,180000,【スカッと総集編】長男の葬儀中にペットカメラを確認すると、家の風呂場で夫と長男嫁が真っ最中   私「うわ…気持ち悪い」音量を最大にし浴室に閉じ込め、家族全員呼んでみた結果ｗ【修羅場】【スカッと】
1,305,139,雨の中の記憶、お話の部屋,,https://www.youtube.com/watch?v=mAz5AIyyMYs,100%,3 週間前,2,https://www.youtube.com/watch?v=rSLi31Fw8tI,14000,【スカッとする話】新築一軒家の我が家が全焼し現場確認に行くと夫と幼馴染が何か探している…。2人に声をかけようとすると恐ろしい会話を聞いてしまい慌てて警察に駆け込むと…
1,306,139,雨の中の記憶、お話の部屋,,https://www.youtube.com/watch?v=FrxyFWxugt8,100%,8 日前,27,https://www.youtube.com/watch?v=rYAfWQF1W-0,66000,【スカッとする話】娘と義実家の大掃除をしてると突然、娘「母さん帰るよ！」慌てた様子で車を急発進させた。私「どうしたの？」娘「見なかった？」私「え？」帰宅すると…
1,307,139,雨の中の記憶、お話の部屋,,https://www.youtube.com/watch?v=NGczH5b9BE0,99%,2 週間前,1,https://www.youtube.com/watch?v=CjxJ0f62VMM,26000,【スカッとする話】実家で母の同居介護中に娘が記入済みの離婚届を持ってきた…娘「パパが私とママはいらないって…」私「やったね！」即提出し家を売り払い更地にすると…w
1,308,139,雨の中の記憶、お話の部屋,,https://www.youtube.com/watch?v=CIJOaOhk7ZI,99%,1 時間前,0,https://www.youtube.com/watch?v=Fiv9d71jhj4,21000,【スカッとする話】38歳で妊娠した私を捨て19歳の浮気相手と再婚した警察官の夫「若い女が良いから離婚でw」20年後、警察で元夫と再会→直後、息子を見た元夫が震えだし…w
1,309,139,雨の中の記憶、お話の部屋,,https://www.youtube.com/watch?v=qpUGtsvPtRY,97%,2 週間前,10,https://www.youtube.com/watch?v=ixDA5L4ob04,58000,【スカッとする話】夫の葬儀中、涙を流す私に義母「遺産は私たちが貰うわねw」義父「これで高級老人ホーム入れるw」私「え？あなたらは1円も相続できないよ？」義両親「え？」
1,310,140,静かな夜の物語、静かな心の記録,,https://www.youtube.com/watch?v=GzdH1HjwK5s,100%,4 週間前,0,https://www.youtube.com/watch?v=Eh0FIn_sub0,56000,【スカッとする話】8歳の姪「1日だけ泊めて下さい...」大雪の中、赤ちゃんを抱き抱えボロボロの姿で現れた姪...。夫「え？それは無理だよ？」姪「そんな…涙」→結果
1,311,140,静かな夜の物語、静かな心の記録,,https://www.youtube.com/watch?v=BGTCsj16a2I,100%,3 週間前,0,https://www.youtube.com/watch?v=Y2GawdK7Q9E,100000,【スカッとする話】長男夫婦に初孫が生まれ出産祝いに行くと長男嫁「二人は汚いので床でいいですか？w」長男「ジジババは段ボールの上でw」夫「...帰るか」私「うん」速帰宅し→永久に無視した結果w
1,312,140,静かな夜の物語、静かな心の記録,,https://www.youtube.com/watch?v=JHUnHhyu7AU,100%,3 週間前,2,https://www.youtube.com/watch?v=xCscEAOYwvs,35000,【スカッとする話】なぜか夫の連れ子が湯船に入った後、必ず茶色の液体が浮いている...後日、高熱が出て病院に行くと医師「今すぐ離婚して下さい」私「え？」実は...
1,313,140,静かな夜の物語、静かな心の記録,,https://www.youtube.com/watch?v=p_7Pbr4_LJQ,100%,4 日前,0,https://www.youtube.com/watch?v=cYm3AWOE2Yc,57000,【スカッとする話】長男夫婦の家へ孫に会いに行くと、孫娘が真っ暗な物置で食事し軒下で寝ていた。私「一体どうしたの！？」孫「１年間ずっとここで...」私「は？」直後、キレた私は...
1,314,140,静かな夜の物語、静かな心の記録,,https://www.youtube.com/watch?v=aK06k2dCG3Q,100%,5 日前,0,https://www.youtube.com/watch?v=Hdd6qR2k6_Q,40000,【スカッとする話】K察「お宅の旦那がﾀﾋにそうです！至急現場に来て下さい！」私「え？」親族全員を呼び現場に駆けつけた結果w
1,315,141,雨の中の記憶,https://www.youtube.com/channel/UCJ_Zte-T_DYEEvf5DqPciGg,https://www.youtube.com/watch?v=DvvC6Oqv0Lc,100%,1 か月前,1,https://www.youtube.com/watch?v=WEXOfp8SBz0,24000,【スカッとする話】私も夫も身長160cm以下なのになぜか息子の身長が190cm超えに...。夫「浮気してたなこの裏切り者！」息子「父さん、何も知らないの？」夫「え？」実は…
1,316,141,雨の中の記憶,https://www.youtube.com/channel/UCJ_Zte-T_DYEEvf5DqPciGg,https://www.youtube.com/watch?v=k3aogZE__qY,98%,1 か月前,0,https://www.youtube.com/watch?v=uja6sG8362w,24000,【スカッとする話】11年育てた連れ子の息子が医大に合格すると、連れ子「他人のくせに母親ぶるなw」私「は？お前こそ息子ぶるなよ…」入学費と仕送りを即停止し永久に他人扱いした結果w
1,317,141,雨の中の記憶,https://www.youtube.com/channel/UCJ_Zte-T_DYEEvf5DqPciGg,https://www.youtube.com/watch?v=zviUeQjEC-4,98%,1 か月前,2,https://www.youtube.com/watch?v=GpzX3kYhSRk,28000,【スカッとする話】出産で義兄の結婚式を欠席すると、義父「出産ごときで欠席？離婚だ！」義父にキレられ縁を切り式当日…義兄「父さん、状況わかってる？」義父「は？」結果w
1,318,141,雨の中の記憶,https://www.youtube.com/channel/UCJ_Zte-T_DYEEvf5DqPciGg,https://www.youtube.com/watch?v=-olARGeQJ6Y,94%,1 か月前,4,https://www.youtube.com/watch?v=nShlR1YbtJs,55000,【スカッとする話】母子家庭で育てた息子の結婚挨拶へ行くと私たちだけ納豆ご飯…義父「貧乏人はそれ好きだろw」3秒後、婚約者が私を見て震え出し…義家族は全てを失う結果にw
1,319,142,Catherine Mack,https://www.youtube.com/channel/UChYk58s7t8r6sD1nV1Ua6PQ,https://www.youtube.com/watch?v=LhX3_YMvCuQ,100%,1 年前,2,https://www.youtube.com/watch?v=k6Uv2NHfBM0,55000,【スカッとする話】私が年商300億の社長だと知らず婚約者を奪った姉｢社長の旦那の子妊娠しちゃったw慰謝料はいくらでも請求してw｣→弁護士｢え？社長は妹さんの方ですよ？｣姉「はい？」
1,320,142,Catherine Mack,https://www.youtube.com/channel/UChYk58s7t8r6sD1nV1Ua6PQ,https://www.youtube.com/watch?v=zuGycTrE4Vk,100%,1 年前,0,https://www.youtube.com/watch?v=S46f35JhiWk,62000,【スカッとする話】元夫の新郎に招待された結婚式に行くと私の席だけがない...元夫「俺を振った罰だwクズは帰れw」私「じゃあ今すぐ帰ります」 3分後、血相を変えた元夫から鬼電がw
1,321,142,Catherine Mack,https://www.youtube.com/channel/UChYk58s7t8r6sD1nV1Ua6PQ,https://www.youtube.com/watch?v=V2aH3jQboDM,100%,1 年前,0,https://www.youtube.com/watch?v=SA1PcWksbus,38000,【スカッとする話】5歳の娘の病気が判明した途端、私と娘を捨て愛人と消えた夫。9年後、娘のある秘密を知ると夫「迎えに来たぞ！パパと帰ろう」娘「え？誰このおじさん」夫「え？」
1,322,142,Catherine Mack,https://www.youtube.com/channel/UChYk58s7t8r6sD1nV1Ua6PQ,https://www.youtube.com/watch?v=xLhH6yee8ZE,100%,1 年前,1,https://www.youtube.com/watch?v=f5r1JGa0gr8,140000,【スカッとする話】ハワイへの家族旅行当日、空港に無一文で置き去りにされた私...夫「家族だけで楽しんでくるw」義両親「アンタは野宿でもしてなw」私「はーい」→ホテルで夫と義両親が顔面蒼白にw
1,323,143,Dorothy Jessika,https://www.youtube.com/channel/UCjIFYuek6gc0gbT5TNn1sCQ,https://www.youtube.com/watch?v=3MALgzgYIi4,100%,1 年前,1,https://www.youtube.com/watch?v=VXr2EWwrnTg,170000,【スカッとする話】結婚5年目の夫を霊感のある兄に紹介…その3秒後、兄の衝撃の一言で夫がガクガク震え出し…
1,324,143,Dorothy Jessika,https://www.youtube.com/channel/UCjIFYuek6gc0gbT5TNn1sCQ,https://www.youtube.com/watch?v=lX6KQ0Iiyuc,100%,1 年前,0,https://www.youtube.com/watch?v=T40Q2m3NnVw,60000,【スカッとする話】私の里帰り中に医者の婚約者を略奪した姉から連絡「彼の赤ちゃん妊娠したwアンタは帰ってくるなw」私「いいの？有り難う！」そのまま新居に引越した結果w
1,325,143,Dorothy Jessika,https://www.youtube.com/channel/UCjIFYuek6gc0gbT5TNn1sCQ,https://www.youtube.com/watch?v=aOi6CmDCvZc,100%,2 年前,0,https://www.youtube.com/watch?v=yefpSXnGZOg,150000,【スカッとする話】私名義の新築戸建と知らず里帰り出産で我が家に来た娘「母さんの部屋は私が使うw」夫「お前は車で寝てろw」私「わかりました...」→キレた私が家を売り払うと...w
1,326,143,Dorothy Jessika,https://www.youtube.com/channel/UCjIFYuek6gc0gbT5TNn1sCQ,https://www.youtube.com/watch?v=SYJmhGpshww,88%,1 年前,0,https://www.youtube.com/watch?v=G4O12jIGPfg,87000,【スカッとする話】夫が突然大量の荷物を持ってきて、夫「今日から俺の両親と姉を養う！嫌なら離婚だ！」私「え？もう離婚済みだけど？」夫「え？」結果w
1,327,144,Elliot Perry,https://www.youtube.com/channel/UCu6sSOVx4IweXf0aPxIradQ,https://www.youtube.com/watch?v=0V6tfkCg-4o,96%,1 年前,0,https://www.youtube.com/watch?v=WZyGcrwc7t8,76000,【スカッとする話】病室で夫が他界した3秒後...長男「遺産は俺が配分するぞw」私「では今後一切援助は無しで」長男嫁「は？ババァもさっさと逝けw」次の瞬間、次男がとんでもないことを…
1,328,144,Elliot Perry,https://www.youtube.com/channel/UCu6sSOVx4IweXf0aPxIradQ,https://www.youtube.com/watch?v=Qko9ANOykkc,95%,1 年前,0,https://www.youtube.com/watch?v=0o71wb5Xrwc,73000,【スカッとする話】10年間介護した義母が他界すると夫「愛人が妊娠したから離婚でw」愛人「賞味期限切れた嫁は失せろw」6ヶ月後、愛人が子供を産むと→夫は半狂乱に。だって目と鼻が…
1,329,144,Elliot Perry,https://www.youtube.com/channel/UCu6sSOVx4IweXf0aPxIradQ,https://www.youtube.com/watch?v=8vT71_hh6AE,94%,1 年前,0,https://www.youtube.com/watch?v=4cntzQ0KsAA,130000,【スカッとする話】妹の出産祝いに義両親と行くと、夫「俺も自分の子供欲しいな」私「え？何言ってるの？目の前にいるじゃない」義母と義父「は？」二人がブチギレ
1,330,144,Elliot Perry,https://www.youtube.com/channel/UCu6sSOVx4IweXf0aPxIradQ,https://www.youtube.com/watch?v=YI-bX_pqL4E,94%,1 年前,0,https://www.youtube.com/watch?v=N9NwywjCXnU,67000,【スカッとする話】大学から10年付き合った婚約者「10代の嫁が良い！そろそろ婚活するからもう別れよ！」捨てられ3年後に婚約者から鬼電→私「あんた誰だっけ？」
1,331,145,FutureLens,https://www.youtube.com/channel/UC1l4HieEbZPmgNoaCJdgHdw,https://www.youtube.com/watch?v=CRlkbIQAxQk,100%,4 週間前,74,https://www.youtube.com/watch?v=6wF7ONOegQ0,30000,【スカッとする話】38歳で第一子を出産した私を捨て、19歳年下の不倫相手を優先した夫「可愛い子供が欲しかったな。お前との子はブスだから離婚で」18年後、娘と再会した夫が青ざめw【朗読】【スカッと】
1,332,145,FutureLens,https://www.youtube.com/channel/UC1l4HieEbZPmgNoaCJdgHdw,https://www.youtube.com/watch?v=xD8A5LAOXcU,100%,1 か月前,6,https://www.youtube.com/watch?v=j1whEo65tTY,180000,【感動する話】離婚当日、私にカードを渡した夫「2度と俺の前に現れるな」屈辱で3年間使えなかったので、解約しに銀行窓口に行くと、行員「奥様、お伝えしたいことが…」【朗読】
1,333,145,FutureLens,https://www.youtube.com/channel/UC1l4HieEbZPmgNoaCJdgHdw,https://www.youtube.com/watch?v=-FMxoKbRH9g,100%,1 か月前,0,https://www.youtube.com/watch?v=VqAVQppeIsM,20000,【スカッとする話】私を嫌う義両親が私を無視。私「おやすみ」2人「…」ハワイ旅行当日に姿を消すと鬼電。義両親「今どこ？」私「…」無視して空港に置き去りにするとw【朗読】【スカッと】
1,334,145,FutureLens,https://www.youtube.com/channel/UC1l4HieEbZPmgNoaCJdgHdw,https://www.youtube.com/watch?v=_OVJ0fwr77M,82%,4 週間前,61,https://www.youtube.com/watch?v=0APTrXx_onI,37000,【スカッとする話】5年ぶりに本社に復帰した私。年下部長が英語資料を投げつけ「残業よろしくw朝締切で」私が一瞬で翻訳すると…w【朗読】【スカッと】
1,335,146,ItsDabestTV,https://www.youtube.com/channel/UC7MuHVZzBSqOMtfuirZ-_Bw,https://www.youtube.com/watch?v=Jw_GaBy_ZJQ,95%,1 年前,0,https://www.youtube.com/watch?v=BO5_p_027rc,32000,【スカッとする話】私が役員報酬で家計を支えていると知らず夫と引越した義母「月100万の息子にお前は不釣り合いw」義父「家政婦するなら住所教えるぞw」→私「では日給100円の夫は返品で」
1,336,146,ItsDabestTV,https://www.youtube.com/channel/UC7MuHVZzBSqOMtfuirZ-_Bw,https://www.youtube.com/watch?v=oJ6lKaAqBC4,94%,1 年前,0,https://www.youtube.com/watch?v=gWWRbmvBG_A,34000,【スカッとする話】18年間家賃を払ってきた私を罵倒する長男嫁「月9万の家賃程度で偉そうにw母親づらすんなよババァがw」長男「支払い止めてみろw」私「喜んで！」結果w
1,337,146,ItsDabestTV,https://www.youtube.com/channel/UC7MuHVZzBSqOMtfuirZ-_Bw,https://www.youtube.com/watch?v=imVqUixlRWM,94%,1 年前,0,https://www.youtube.com/watch?v=v6KeZkHFU7k,16000,【スカッとする話】私が年商1500億の社長と知らず父の葬儀が終わった途端に豹変した夫「遺産は全部俺のw嫌なら離婚w」即離婚届を提出し夫の勤め先へ→私「全取引中止で」
1,338,146,ItsDabestTV,https://www.youtube.com/channel/UC7MuHVZzBSqOMtfuirZ-_Bw,https://www.youtube.com/watch?v=ykF_GwSeR_U,94%,1 年前,0,https://www.youtube.com/watch?v=NCNTWPZBfMA,73000,【スカッと総集編】35年連れ添った夫に愛人がいるのが発覚し離婚。義父「2日以内に引越せw」夫「ゴミ一つ残すなw」30分後、高級車が家に停車し→弟「姉ちゃん！迎えに来たよ！」
1,339,147,Jay Connor,https://www.youtube.com/channel/UCy819L_3O_Dd0-bKp9dHsSw,https://www.youtube.com/watch?v=h9jNvCm5ZMQ,100%,2 年前,0,https://www.youtube.com/watch?v=gidrazFEDug,59000,【スカッとする話】有名大学に合格した息子にエリート夫「学費で俺の車買ったw行きたきゃ自分の金で行けｗ」息子「...はい」息子が密かに復讐を計画→私も全力で協力した結果
1,340,147,Jay Connor,https://www.youtube.com/channel/UCy819L_3O_Dd0-bKp9dHsSw,https://www.youtube.com/watch?v=E-6YGQ5Iar8,100%,2 年前,0,https://www.youtube.com/watch?v=Zj2veQRj8wE,94000,【スカッとする話】長男嫁「お義母さん今月の仕送り10万まだ！？」怒り狂った長男嫁から鬼電が...私「長男は他界しましたのでもう他人に仕送りできません」長男嫁「はい？」実は...【修羅場】
1,341,147,Jay Connor,https://www.youtube.com/channel/UCy819L_3O_Dd0-bKp9dHsSw,https://www.youtube.com/watch?v=p83vU-ZICuM,100%,2 年前,0,https://www.youtube.com/watch?v=3-5Li1E7eCQ,41000,【スカッとする話】10億の資産を築いた社長の夫が亡くなり葬儀後、長男嫁「遺産10億と社長の座は、長男である旦那が相続しますw」それを聞いた私は大爆笑w→だって夫は…【修羅場】
1,342,147,Jay Connor,https://www.youtube.com/channel/UCy819L_3O_Dd0-bKp9dHsSw,https://www.youtube.com/watch?v=KXZ7s6-K4kQ,100%,2 年前,0,https://www.youtube.com/watch?v=uBvDuF4U2Aw,48000,【スカッとする話】がん末期の母を置いて海外旅行に行った長男夫婦「ババァの介護は頼んだわｗ」翌日、母が笑顔で行動開始すると長男夫婦は帰らぬ人に...【修羅場】
1,343,148,Michela Foti,https://www.youtube.com/channel/UCVvLCeJwdpBQ4Aw1Ym-w7dg,https://www.youtube.com/watch?v=RZq5nAMbczc,88%,5 か月前,6,https://www.youtube.com/watch?v=WHx8h3F0pU0,340000,【スカッとする話】長男夫婦との二世帯住宅ローンを月25万全額支払う私に長男嫁「小銭ぐらいで偉そうにｗ」長男「支払い止めてみろｗ」私「喜んで！」支払い止めた結果w【修羅場】【スカッと】
1,344,148,Michela Foti,https://www.youtube.com/channel/UCVvLCeJwdpBQ4Aw1Ym-w7dg,https://www.youtube.com/watch?v=eNoGKP_DYCI,88%,4 か月前,2,https://www.youtube.com/watch?v=WHx8h3F0pU0,340000,【スカッとする話】長男夫婦との二世帯住宅ローンを月25万全額支払う私に長男嫁「小銭ぐらいで偉そうにｗ」長男「支払い止めてみろｗ」私「喜んで！」支払い止めた結果w【修羅場】【スカッと】
1,345,148,Michela Foti,https://www.youtube.com/channel/UCVvLCeJwdpBQ4Aw1Ym-w7dg,https://www.youtube.com/watch?v=QIBFNX3zFbE,86%,6 か月前,18,https://www.youtube.com/watch?v=GnxC9hbl3M8,80000,【スカッとする話】年間7億円の家賃収入がある私をATM扱いする長男嫁「ババアは私達の財布！冠婚葬祭の時だけ連絡してｗ」私「わかりました」→次男夫婦に家をあげた結果ｗ【修羅場】【スカッと】
1,346,148,Michela Foti,https://www.youtube.com/channel/UCVvLCeJwdpBQ4Aw1Ym-w7dg,https://www.youtube.com/watch?v=sOvZbcmXe48,85%,4 か月前,3,https://www.youtube.com/watch?v=GnxC9hbl3M8,80000,【スカッとする話】年間7億円の家賃収入がある私をATM扱いする長男嫁「ババアは私達の財布！冠婚葬祭の時だけ連絡してｗ」私「わかりました」→次男夫婦に家をあげた結果ｗ【修羅場】【スカッと】
1,347,149,MrOrilsp,https://www.youtube.com/channel/UC3AWBIaP0jDKtLkWHdHem2A,https://www.youtube.com/watch?v=-xX7LuPi4rk,95%,1 年前,1,https://www.youtube.com/watch?v=iOfe2vger2M,44000,【スカッとする話】嫁いびり姑からの着信にスピーカーで出ると、義母「今年の年末はうちに来ないでねw来たら残飯食わせるからねw」直後、偶然うちに来ていた義父→義父「誰に残飯食わせるって？」
1,348,149,MrOrilsp,https://www.youtube.com/channel/UC3AWBIaP0jDKtLkWHdHem2A,https://www.youtube.com/watch?v=DoCJm4IbRoo,94%,1 年前,1,https://www.youtube.com/watch?v=QuotQUCYjjA,27000,【スカッとする話】私「もう限界。離婚して出てく」夫「は？母さんの面倒は？出てったら慰謝料請求するぞw」無視して離婚届を提出して父に報告すると涙を流した夫から鬼電がw【スカッと】【朗読】
1,349,149,MrOrilsp,https://www.youtube.com/channel/UC3AWBIaP0jDKtLkWHdHem2A,https://www.youtube.com/watch?v=60YA3EusabI,94%,1 年前,0,https://www.youtube.com/watch?v=KMhlovvuqDg,28000,【スカッとする話】13億の資産を築いた夫の葬儀後、通帳と印鑑を盗んだ義両親「3000万の家買っちゃったw」それを聞いてお腹を抱えて大爆笑→私「御愁傷さまw」実は...【スカッと】【朗読】
1,350,149,MrOrilsp,https://www.youtube.com/channel/UC3AWBIaP0jDKtLkWHdHem2A,https://www.youtube.com/watch?v=DoCJm4IbRoo,91%,1 年前,1,https://www.youtube.com/watch?v=DEqAxr8uF3k,85000,【スカッと総集編】私「もう限界。離婚して出てく」夫「は？母さんの面倒は？出てったら慰謝料請求するぞw」無視して離婚届を提出し父に報告→涙を流した夫から鬼電がw
1,351,150,NGUYEN Tran,https://www.youtube.com/channel/UCT9dD8tTpHu2pj3jcPsrGFw,https://www.youtube.com/watch?v=zCeCPexqkR4,93%,7 か月前,0,https://www.youtube.com/watch?v=hEPrdr0zwPk,100000,【スカッと】姑「里帰り出産で長男嫁が帰って来るからお前は出てけ！」私「分かりました…」1週間後、義兄嫁一家が引越して来ると姑は顔面蒼白になり…w
1,352,150,NGUYEN Tran,https://www.youtube.com/channel/UCT9dD8tTpHu2pj3jcPsrGFw,https://www.youtube.com/watch?v=suY1ErzJbd4,82%,7 か月前,0,https://www.youtube.com/watch?v=Pgi3Oa4VGfA,53000,【スカッとする話】帰宅した私に気づかない夫「嫁は一家のお荷物w」義母「ATMにはちょうどいいわねw」キレた私は夫の荷物を捨て家を売却→義母の家も売り更地にするとw【朗読】【スカッと】【シニア】
1,353,150,NGUYEN Tran,https://www.youtube.com/channel/UCT9dD8tTpHu2pj3jcPsrGFw,https://www.youtube.com/watch?v=pnNwAUkRmYk,82%,7 か月前,0,https://www.youtube.com/watch?v=AvB5cl7oflg,35000,【スカッとする話】350人招待の連れ子の結婚式で私の席だけ無い…。連れ子「席は家族分だけｗ」私（援助は全部打ち切りね）他人扱いし永久無視した結果w
1,354,150,NGUYEN Tran,https://www.youtube.com/channel/UCT9dD8tTpHu2pj3jcPsrGFw,https://www.youtube.com/watch?v=o0ZwfZ3KluM,79%,7 か月前,3,https://www.youtube.com/watch?v=KKvSV1JKlt0,29000,【スカッとする話】突然、義妹夫婦を連れてきた義母「今日から皆で暮らすｗ」義妹「文句あるなら出てってねｗ」夫「じゃ引っ越すか」私「お達者で」義母・義妹「え？」
1,355,151,Reapin365,https://www.youtube.com/channel/UCQZrGKEGPVP0gJ8OV05LNoA,https://www.youtube.com/watch?v=AsMq6Tq3HLY,100%,2 年前,1317,https://www.youtube.com/watch?v=flrvvWY1BxE,44000,【スカッとする話】台風の夜、妊娠9ヶ月の娘が意識不明の孫を抱いて玄関前に来て、娘「お願い救急車呼んで下さい！」夫「は？救急車など呼べるか！」直後、夫と孫を強引に車に押し込むと...
1,356,151,Reapin365,https://www.youtube.com/channel/UCQZrGKEGPVP0gJ8OV05LNoA,https://www.youtube.com/watch?v=sHqzGnxM6s8,100%,2 年前,4662,https://www.youtube.com/watch?v=vyDCAcHPme8,86000,【スカッとする話】夫「来月ママが引っ越してくる！お前の部屋片付けておけw」私「はーい、キレイにしておくね」夫の出張中に不動産屋に連絡し家を売り払いキレイに更地にした結果w
1,357,151,Reapin365,https://www.youtube.com/channel/UCQZrGKEGPVP0gJ8OV05LNoA,https://www.youtube.com/watch?v=9hatBUA1iv0,100%,2 年前,298,https://www.youtube.com/watch?v=5aFfHFGkhME,40000,【スカッとする話】亡くなった母から相続した3億円の豪邸を勝手に義両親の名義に変更した夫「家は両親に譲るw逆らったら離婚ｗ」私「いいけど後悔するよ？」夫「うるせぇバーカw」→翌日w
1,358,151,Reapin365,https://www.youtube.com/channel/UCQZrGKEGPVP0gJ8OV05LNoA,https://www.youtube.com/watch?v=NjR0Xs0wEkM,98%,2 年前,908,https://www.youtube.com/watch?v=mhbfrpGwDpw,67000,【スカッとする話】夫が突然、義両親と姉夫婦の大量の荷物を送ってきて、夫「両親と姉の荷物受け取った？今日から俺達が養うからな！」私「受けったよ！私の荷物も今新居のタワマンに送ったところ！」夫「は？」
1,359,152,Smtih Landry,https://www.youtube.com/channel/UCnpwEpHYgkmbLhk3PZecjNw,https://www.youtube.com/watch?v=x_EYY6LoEj0,100%,1 年前,0,https://www.youtube.com/watch?v=4cntzQ0KsAA,130000,【スカッとする話】妹の出産祝いに義両親と行くと、夫「俺も自分の子供欲しいな」私「え？何言ってるの？目の前にいるじゃない」義母と義父「は？」二人がブチギレ
1,360,152,Smtih Landry,https://www.youtube.com/channel/UCnpwEpHYgkmbLhk3PZecjNw,https://www.youtube.com/watch?v=yEVLrx4DQpI,100%,1 年前,0,https://www.youtube.com/watch?v=b8ZAxV1gG_4,20000,【スカッとする話】夫と姉の出産祝いに行くと5歳の娘「赤ちゃんが言いたい事あるみたい」不思議な力を持つ娘の言葉に戦慄し私は慌てて警察へ駆け込み...
1,361,152,Smtih Landry,https://www.youtube.com/channel/UCnpwEpHYgkmbLhk3PZecjNw,https://www.youtube.com/watch?v=4NE0ZvjZjMQ,100%,1 年前,0,https://www.youtube.com/watch?v=y6TWW4C9Zhg,100000,【スカッとする話】新築の我が家が3ヶ月で全焼し現場確認に行くと、長男夫婦が何かを探している....話かけようとすると長男と長男嫁の会話が聞こえてきて→慌てて警察に通報した結果【修羅場】
1,362,152,Smtih Landry,https://www.youtube.com/channel/UCnpwEpHYgkmbLhk3PZecjNw,https://www.youtube.com/watch?v=WYmlmiIn-Oc,99%,1 年前,0,https://www.youtube.com/watch?v=s0Ym0gxTLF4,29000,【スカッとする話】私がローン20万払ってる二世帯住宅と知らず子供4人を連れて出戻ってきた夫の連れ子「ババァの部屋は私が使うw」義両親「クズ嫁は倉庫で生活しろｗ」キレた私が家を売り払い更地にすると...
1,363,153,TEL人生相談,https://www.youtube.com/channel/UC8h96aFQ0J8wvyM6y-koWYg,https://www.youtube.com/watch?v=TTaxbzsVYME,100%,2 年前,10,https://www.youtube.com/watch?v=TfRo58MWvrI,58000,【スカッとする話】夫の連れ子が息子を残して失踪。連れ子「社長令嬢の金持ちと再婚するw赤ん坊はババァが育ててw」私「いいの？喜んで！」65歳の私が職場の皆と育てると→16年後、まさかの展開に
1,364,153,TEL人生相談,https://www.youtube.com/channel/UC8h96aFQ0J8wvyM6y-koWYg,https://www.youtube.com/watch?v=Rk6V-ZwRMH0,100%,2 年前,0,https://www.youtube.com/watch?v=NAEwCqwiBcg,67000,【スカッとする話】私名義の4LDKマンションと知らず、強引に私を追い出す姑と義姉「家は貰う！寄生虫は出て行け！」稼ぎ頭の私「わかりました…」→私物を全て回収し、家賃30万の家だけ残した結果w【修羅場】
1,365,153,TEL人生相談,https://www.youtube.com/channel/UC8h96aFQ0J8wvyM6y-koWYg,https://www.youtube.com/watch?v=7nr62Q22Ybw,100%,2 年前,2,https://www.youtube.com/watch?v=a4R11NoEbg0,86000,【スカッとする話】義母の介護放棄した夫と義姉「ウチに老いぼれ貧乏神は不要ｗ」ブチ切れた私が義母を引き取ると「ごめんねぇ。家と車とバリアフリー代、1億で足りるかねぇ～？」夫「え？」【修羅場】
1,366,153,TEL人生相談,https://www.youtube.com/channel/UC8h96aFQ0J8wvyM6y-koWYg,https://www.youtube.com/watch?v=VJdWEaPu6lw,98%,2 年前,5,https://www.youtube.com/watch?v=5HWlENHS8h8,100000,【スカッとする話】夫・息子・義母に9年間嫌われ続けた私。義母が亡くなり葬儀の日、離婚届を置いて引越すと、半狂乱の夫から鬼電がw
1,367,154,can ustacı,https://www.youtube.com/channel/UCSowiEoSGygYsDjLjAZWTWg,https://www.youtube.com/watch?v=s4WR9030lbo,100%,7 か月前,0,https://www.youtube.com/watch?v=VXr2EWwrnTg,170000,【スカッとする話】結婚5年目の夫を霊感のある兄に紹介…その3秒後、兄の衝撃の一言で夫がガクガク震え出し…
1,368,154,can ustacı,https://www.youtube.com/channel/UCSowiEoSGygYsDjLjAZWTWg,https://www.youtube.com/watch?v=_9V_RoIt42Y,100%,8 か月前,1,https://www.youtube.com/watch?v=3rdkfF0wavs,190000,【スカッと総集編】私の年収が3000万と知らず事故で片手を失った私を捨て親友と再婚したエリート夫「料理できない欠陥人間とは離婚w慰謝料300万請求するｗ」私「いいよ！」1年後、夫から29件の鬼電がw
1,369,154,can ustacı,https://www.youtube.com/channel/UCSowiEoSGygYsDjLjAZWTWg,https://www.youtube.com/watch?v=odJ3ItTa8i4,100%,7 か月前,1,https://www.youtube.com/watch?v=HMSyKMmqIc0,170000,【スカッと総集編】長男嫁が腕を骨折して入院。夫「嫁子さんはお前に折られたって言ってるぞ！」直後、我が家へ警察官が来たが連れて行かれたのは私ではなく…【修羅場】
1,370,154,can ustacı,https://www.youtube.com/channel/UCSowiEoSGygYsDjLjAZWTWg,https://www.youtube.com/watch?v=_9V_RoIt42Y,96%,8 か月前,1,https://www.youtube.com/watch?v=RRj1e7jQNis,39000,【スカッとする話】私の年収が3000万と知らず事故で片手を失った私を捨て再婚した夫「料理できない欠陥人間とは離婚w慰謝料300万請求するｗ」私「いいよ！」1年後、夫から29件の鬼電がw【スカッと】
1,371,155,catmanfistybottom,https://www.youtube.com/channel/UCfNwMUwI6SEklVq03ZatTFw,https://www.youtube.com/watch?v=VxYQjoDBR0c,100%,2 年前,1,https://www.youtube.com/watch?v=22HXuHlqWcQ,76000,【スカッとする話】 義父の遺産11億を手に入れた夫「離婚しよう！遺産入ったからATMのお前は用済みになったw」私「いいよ！はい、離婚届」家を売却し豪邸に引越すと夫は地獄を見ることにw
1,372,155,catmanfistybottom,https://www.youtube.com/channel/UCfNwMUwI6SEklVq03ZatTFw,https://www.youtube.com/watch?v=bUd5sDKj-hI,100%,2 年前,0,https://www.youtube.com/watch?v=JZQBw8qut7E,82000,【スカッとする話】私名義の新築とは知らず里帰り出産で居座る妹「妊婦の邪魔だから出てけw」夫「お前は倉庫で寝てろw」私「分かりました...」キレた私が家を売却し更地にすると
1,373,155,catmanfistybottom,https://www.youtube.com/channel/UCfNwMUwI6SEklVq03ZatTFw,https://www.youtube.com/watch?v=2_ftTR_y-9g,100%,2 年前,1,https://www.youtube.com/watch?v=5U30Sda_BcM,72000,【スカッとする話】私の旅行中に無断で義両親の引越し荷物を我が家に運び入れた夫「お前はもう帰ってくるなw」私「はーい、私も勝手に引越すね」海外の豪邸に引越した結果w
1,374,155,catmanfistybottom,https://www.youtube.com/channel/UCfNwMUwI6SEklVq03ZatTFw,https://www.youtube.com/watch?v=OHHXZ4t467E,98%,2 年前,5,https://www.youtube.com/watch?v=l9dE9mHc4dw,73000,【スカッとする話】義両親が近所に引越してくると、突然家の電気代が13万に爆上がりし高額請求...慌てて電力会社を呼び出すと職員「こんな線ありました？」先を辿ると義両親の家→速攻で断線すると悲鳴がw
1,375,156,gre grgr,https://www.youtube.com/channel/UC4Q14IPdBQFM6EdtHComnLw,https://www.youtube.com/watch?v=a3CBaJTheFU,100%,1 年前,0,https://www.youtube.com/watch?v=4YTCaxw121o,48000,【スカッとする話】有給休暇で愛人と不倫旅行中の夫…息子と大掃除をしてると夫の書斎から記入済の離婚届と隠し子の写真…全てを察し離婚届を勝手に提出→家を売り払い引越した結果w
1,376,156,gre grgr,https://www.youtube.com/channel/UC4Q14IPdBQFM6EdtHComnLw,https://www.youtube.com/watch?v=oGwmSaT_DOI,100%,1 年前,0,https://www.youtube.com/watch?v=patHNGtYPXQ,87000,【スカッとする話】私を捨て金持ちの愛人と再婚した元夫と再会すると、元夫「お前ら2人貧乏臭いぞw」愛人「年収500万の貧乏人は消えてw」→夫「500万は月収ですが？」元夫・愛人「は？」
1,377,156,gre grgr,https://www.youtube.com/channel/UC4Q14IPdBQFM6EdtHComnLw,https://www.youtube.com/watch?v=LeDUq8lmSQ4,100%,1 年前,0,https://www.youtube.com/watch?v=q5fQ6yF0DVU,110000,【スカッとする話】6年前、私から年商50億社長の夫を奪った妹「双子の赤ちゃん産んだのw出産祝い120万よろしくねw」私「OK！資産500億の不動産王の旦那と行くね！」妹「え？」結果w
1,378,156,gre grgr,https://www.youtube.com/channel/UC4Q14IPdBQFM6EdtHComnLw,https://www.youtube.com/watch?v=0wYMUssx-CY,100%,1 年前,0,https://www.youtube.com/watch?v=SsTnEXgWzwI,140000,【スカッとする話】私が年商1500億の社長と知らず夫を奪った夫の幼馴染「もやし生活頑張ってねw」後日、示談交渉で夫が大爆笑「貧乏生活は俺達の方だぞ？」幼馴染「は？」実は...
1,379,157,Слушать истории,https://www.youtube.com/channel/UCly-Mc13-TcYBD9lmjRendA,https://www.youtube.com/watch?v=NBlRslY43uo,100%,2 年前,0,https://www.youtube.com/watch?v=IyBeyxEm_aI,73000,【スカッとする話】体調不良で早退した娘を連れ帰ると夫が姉と真っ最中...私「父さん、姉さんが大変！」父をその場に凸らせた結果w
1,380,157,Слушать истории,https://www.youtube.com/channel/UCly-Mc13-TcYBD9lmjRendA,https://www.youtube.com/watch?v=OF-CO4Zi2ao,100%,2 年前,0,https://www.youtube.com/watch?v=wwS7psB4Iuw,48000,【スカッとする話】息子がベランダから転落し緊急搬送されたと連絡。夫「息子がお前を呼んでる！急いで病院に来てくれ！」私「嫌よ。だってあの子は...」
1,381,157,Слушать истории,https://www.youtube.com/channel/UCly-Mc13-TcYBD9lmjRendA,https://www.youtube.com/watch?v=Ywa3aeSeZlY,100%,2 年前,0,https://www.youtube.com/watch?v=32PcmmzXwLY,42000,【スカッとする話】牛乳アレルギーの私に牛乳を飲ませ愛人と旅行に行った夫「計算おかしい！浮気したな！」私「違う、助けて...」放置され3日後→血相変えた夫から鬼電がw
1,382,157,Слушать истории,https://www.youtube.com/channel/UCly-Mc13-TcYBD9lmjRendA,https://www.youtube.com/watch?v=jc-AuGWNqno,100%,2 年前,0,https://www.youtube.com/watch?v=-iA0Yh4B6l8,110000,【スカッとする話】長男嫁が出産し親族へのお披露目会へ行くと、長男嫁「他人は赤ん坊には触るな！」私「はーい」親族一同も他人なので永遠に他人扱いした結果w
1,383,158,カヨコ😌【70代田舎でのんびり生活】,https://www.youtube.com/channel/UCsqmoxqIMhaSPNOeRVb5wnQ,https://www.youtube.com/watch?v=RtjuMhRKEFQ,100%,1 年前,1822,https://www.youtube.com/watch?v=NII00KiwKsc,68000,【スカッとする話】里帰り出産から戻ると家が二世帯住宅に増築されてた…義母「アンタの貯金使っちゃったw」私「私に貯金はありませんけど？」義母「え？」実は…
1,384,158,カヨコ😌【70代田舎でのんびり生活】,https://www.youtube.com/channel/UCsqmoxqIMhaSPNOeRVb5wnQ,https://www.youtube.com/watch?v=gEI-Z2oylZM,100%,1 年前,9173,https://www.youtube.com/watch?v=V6U5mOgXHnQ,97000,【スカッとする話】新築祝いに来た義両親が居座りもう2週間も出ていかない…義母「私たちもここに住もうかしらw」私「ご自由に！私は引越しますので！」義母「え？」
1,385,158,カヨコ😌【70代田舎でのんびり生活】,https://www.youtube.com/channel/UCsqmoxqIMhaSPNOeRVb5wnQ,https://www.youtube.com/watch?v=_9ViTzdSy14,75%,3 年前,62790,https://www.youtube.com/watch?v=WZyGcrwc7t8,76000,【スカッとする話】病室で夫が他界した3秒後...長男「遺産は俺が配分するぞw」私「では今後一切援助は無しで」長男嫁「は？ババァもさっさと逝けw」次の瞬間、次男がとんでもないことを…
1,386,158,カヨコ😌【70代田舎でのんびり生活】,https://www.youtube.com/channel/UCsqmoxqIMhaSPNOeRVb5wnQ,https://www.youtube.com/watch?v=u4w5J4qO5qo,74%,3 年前,86942,https://www.youtube.com/watch?v=My7bUq_jaIs,110000,【スカッとする話】姑の誕生会でも私を家政婦扱いする夫「バカ嫁さっさと料理出せ」義父「これ全部1人で！？」私「いつものことですから…」すると義父が豹変し…【修羅場】
1,387,159,スカッとストーリー 5023,https://www.youtube.com/channel/UC9uIQAj4oNy_796IBcHXgTg,https://www.youtube.com/watch?v=5hoyLOBRX4s,100%,1 か月前,14,https://www.youtube.com/watch?v=cVe3XmXeRuE,140000,【スカッとする話】私が離婚届に署名すると、満面の笑みで大喜びする義家族。新しい嫁を迎えた1週間後、電気・ガス・水道が止まると急に義家族が焦り出しw【朗読】【スカッと】
1,388,159,スカッとストーリー 5023,https://www.youtube.com/channel/UC9uIQAj4oNy_796IBcHXgTg,https://www.youtube.com/watch?v=jaNyGq8KLZo,97%,1 か月前,14,https://www.youtube.com/watch?v=nlS5u4pCtI0,38000,【スカッとする話】警察官の弟の結婚式に出席した私。義母「中卒の姉は一族の恥ねw」直後、慌てた弟が義母に私の正体を伝えると、義母は顔面蒼白に…【朗読】【スカッと】
1,389,159,スカッとストーリー 5023,https://www.youtube.com/channel/UC9uIQAj4oNy_796IBcHXgTg,https://www.youtube.com/watch?v=-G9nHoyVA5Q,88%,1 か月前,10,https://www.youtube.com/watch?v=jAMMNpg5_S0,41000,【スカッとする話】41歳で妊娠した私と娘を捨て新人女医と再婚したエリート医師の夫「老いたババァより若い女w」30年後、病院で元夫と再会すると娘を見た夫が…【総集編】【スカッと】【朗読】
1,390,159,スカッとストーリー 5023,https://www.youtube.com/channel/UC9uIQAj4oNy_796IBcHXgTg,https://www.youtube.com/watch?v=-G9nHoyVA5Q,86%,1 か月前,10,https://www.youtube.com/watch?v=g_SuFj7M8gs,180000,【スカッとする話】41歳で妊娠した私と娘を捨て新人女医と再婚したエリート医師の夫「老いたババァより若い女w」30年後、病院で元夫と再会すると娘を見た夫が震え出し…【朗読】【スカッと】
1,391,160,スカッとストーリー 5635,https://www.youtube.com/channel/UCDAnLvihor40j12cQDrzmUA,https://www.youtube.com/watch?v=GOVdPIXR5jQ,100%,1 か月前,359,https://www.youtube.com/watch?v=j1whEo65tTY,180000,【感動する話】離婚当日、私にカードを渡した夫「2度と俺の前に現れるな」屈辱で3年間使えなかったので、解約しに銀行窓口に行くと、行員「奥様、お伝えしたいことが…」【朗読】
1,392,160,スカッとストーリー 5635,https://www.youtube.com/channel/UCDAnLvihor40j12cQDrzmUA,https://www.youtube.com/watch?v=tQ1XvCOdJuM,100%,4 週間前,643,https://www.youtube.com/watch?v=iE-UD8P2GXA,72000,【スカッとする話】私がグループ24社の社長と知らず、私と赤ちゃんを捨て愛人と再婚した夫「ガキ増えて生活大丈夫そ？w」私「うんw（お前と違ってな）」1ヶ月後、号泣の夫が新居に現れw【朗読】【スカッと】
1,393,160,スカッとストーリー 5635,https://www.youtube.com/channel/UCDAnLvihor40j12cQDrzmUA,https://www.youtube.com/watch?v=0mNLGa_HW34,100%,3 週間前,84,https://www.youtube.com/watch?v=MUTHtj9ShVw,34000,【スカッとする話】元夫「お前の実家、二世帯住宅にしたよw一緒に仲良く暮らそうねw」私「私に実家はありませんが？」元夫「え？」実は…w【朗読】【スカッと】
1,394,160,スカッとストーリー 5635,https://www.youtube.com/channel/UCDAnLvihor40j12cQDrzmUA,https://www.youtube.com/watch?v=6oKYCqDbIVI,100%,1 か月前,2330,https://www.youtube.com/watch?v=PN93A1chfSU,170000,【スカッとする話】亭主関白夫「明日から食費は月3000円！予算超えたら離婚だからな！」私「はーい、後悔しないでね？」夫「しねぇよw」1ヶ月後w【朗読】【スカッと】
1,395,161,スカッと人生劇場,https://www.youtube.com/channel/UC3DVk1NMUG--EiJFTz07gzg,https://www.youtube.com/watch?v=Z7dlagTVOY8,100%,2 週間前,0,https://www.youtube.com/watch?v=3WlCnGLe67U,550000,【スカッとする話】私の両親が亡くなった途端、実家を勝手に解体した夫「今日から俺の家で両親と同居だ！」それを聞いた私は大爆笑→私「あんた達、知らないの？」実は...
1,396,161,スカッと人生劇場,https://www.youtube.com/channel/UC3DVk1NMUG--EiJFTz07gzg,https://www.youtube.com/watch?v=A5Do9CPIf9I,100%,2 週間前,2,https://www.youtube.com/watch?v=U5xUCWiE2KA,540000,【スカッとする話】孫の七五三のお祝いに行くと私の食事がない...長男嫁「家族分しか用意してませんｗ」夫「じゃあ帰るか」私「うん」直後、長男嫁に大惨事がw
1,397,161,スカッと人生劇場,https://www.youtube.com/channel/UC3DVk1NMUG--EiJFTz07gzg,https://www.youtube.com/watch?v=DEl49SSVzco,100%,2 週間前,0,https://www.youtube.com/watch?v=VRN73vXHN9Y,460000,【スカッと総集編】私の総資産が9億と知らず入院中の私を捨て20歳の愛人と再婚した夫「家事も出来ない役立たずは離婚ｗ慰謝料も払ってくれよなｗ」私「いいよ！はい離婚届け」→3日後、半狂乱の夫から鬼電がw
1,398,161,スカッと人生劇場,https://www.youtube.com/channel/UC3DVk1NMUG--EiJFTz07gzg,https://www.youtube.com/watch?v=A5Do9CPIf9I,99%,2 週間前,2,https://www.youtube.com/watch?v=BGGFZHCKH2A,23000,【スカッと総集編】孫の七五三のお祝いに行くと私の食事がない   長男嫁「家族分しか用意してませんｗ」夫「じゃあ帰るか」私「うん」直後、長男嫁に大惨事がv【朗読】【シニア】【スカッと】
1,399,162,スカッと感動 !01,https://www.youtube.com/channel/UCM-3xOQUIeftM_JixQcFRAQ,https://www.youtube.com/watch?v=Tdsm89OD2sc,100%,2 年前,4,https://www.youtube.com/watch?v=7Pz5jiUvSnQ,50000,【スカッとする話】親友の出産祝いで産婦人科へ行くと新生児の父親がまさかの夫だった...。私「おめでと！赤ちゃん可愛いね！」速攻で帰宅し夫の荷物を全て捨て、家を売り払い引越した結果w
1,400,162,スカッと感動 !01,https://www.youtube.com/channel/UCM-3xOQUIeftM_JixQcFRAQ,https://www.youtube.com/watch?v=nS1ZdQNQzxU,98%,2 年前,5,https://www.youtube.com/watch?v=ZQpFSTa8aRk,130000,【スカッとする話】勝手に離婚届を提出した夫「離婚届出しておいたぞw」愛人「1週間で出て行けw」私「いや、今すぐ出てくわ」3秒で出ていくと夫から鬼電がw
1,401,162,スカッと感動 !01,https://www.youtube.com/channel/UCM-3xOQUIeftM_JixQcFRAQ,https://www.youtube.com/watch?v=VBZEjOh6Qlo,97%,2 年前,34,https://www.youtube.com/watch?v=jcLkESG2h5U,47000,【スカッと】単身赴任の夫の家へサプライズで行くと記入済みの離婚届が...私「お望み通り提出するか」速攻で提出して携帯解約し家を売却して海外移住した結果w
1,402,162,スカッと感動 !01,https://www.youtube.com/channel/UCM-3xOQUIeftM_JixQcFRAQ,https://www.youtube.com/watch?v=CxR3nG3oR84,97%,2 年前,949,https://www.youtube.com/watch?v=E6hGGRc68uY,150000,【スカッとする話】愛人と隠し子を連れ帰宅した夫「息子はお前にやる！離婚だ！」息子「母さんとは離婚出来ないよ？だって...」息子の衝撃の一言で夫と愛人が半狂乱にw
1,403,163,人生の分かれ道4567,https://www.youtube.com/channel/UCbdty6-772o6y-U2w8ff-Lw,https://www.youtube.com/watch?v=2bPIZNlZZxE,100%,2 週間前,2,https://www.youtube.com/watch?v=wGvgplx2Ecw,36000,【スカッとする話】東大卒の弟の結婚式に出席すると義母「中卒？差がすごいことw」直後、義母の元に弟が歩み寄り、弟「姉が誰だか知らないんですか？」私の正体を知り手のひら返し…w【朗読】【スカッと】
1,404,163,人生の分かれ道4567,https://www.youtube.com/channel/UCbdty6-772o6y-U2w8ff-Lw,https://www.youtube.com/watch?v=wKVyomYc7Ik,100%,2 週間前,2,https://www.youtube.com/watch?v=GsVNz8g6MTk,21000,【スカッとする話】大雪の夜、道端で震える7歳の少女。少女「これおばちゃんの財布？」私は実家の温泉旅館に連れ帰り、懐石料理を振る舞った結果…【朗読】【スカッと】
1,405,163,人生の分かれ道4567,https://www.youtube.com/channel/UCbdty6-772o6y-U2w8ff-Lw,https://www.youtube.com/watch?v=z-tscqXaEkk,100%,2 週間前,2,https://www.youtube.com/watch?v=Xd4dY1mjM78,57000,【スカッとする話】娘の1か月検診から帰宅すると家の鍵が開かない…夫「夜泣きうるさくて鍵換えたw」義両親「ガキとお前は野宿しろｗ」私「はーい、どこで寝ても文句言うなよ」夫・義両親「え？」
1,406,163,人生の分かれ道4567,https://www.youtube.com/channel/UCbdty6-772o6y-U2w8ff-Lw,https://www.youtube.com/watch?v=k6a5EkTy8hY,100%,2 週間前,1,https://www.youtube.com/watch?v=MkbLs1UoJbs,25000,【スカッとする話】家事に疲れて家事代行を頼むと妊娠8ヶ月の私を蹴ってきた夫「妊娠ごときで甘えんな！」無視した私に夫がコップを投げるも当たって血まみれになったのは..
1,407,164,人生の教訓 5696,https://www.youtube.com/channel/UChL0a6zTE7nHEavxEB0mGtQ,https://www.youtube.com/watch?v=fzAQJYPFnxQ,100%,4 週間前,0,https://www.youtube.com/watch?v=gOp5p1t_0Es,88000,【スカッとする話】長男夫婦の家に泊まりにいくと、深夜に突然孫に起こされた私。9歳の孫「バァバ、早く病院行くよ」孫の言葉を聞いた私は病院へ直行→検査結果を聞いた私は絶句し…【朗読】【スカッと】
1,408,164,人生の教訓 5696,https://www.youtube.com/channel/UChL0a6zTE7nHEavxEB0mGtQ,https://www.youtube.com/watch?v=pE7R3YQKIW0,100%,3 週間前,1,https://www.youtube.com/watch?v=39BPJNaibmM,75000,【スカッとする話】父の会社を手伝って25年の私に夫「俺、来月引退することにした…会社は東京にいる長男に任せる」私「勝手にどうぞ。私今日でここ辞めるので」直後、父が半狂乱にw【朗読】【スカッと】
1,409,164,人生の教訓 5696,https://www.youtube.com/channel/UChL0a6zTE7nHEavxEB0mGtQ,https://www.youtube.com/watch?v=yAokQws9ZLQ,100%,3 週間前,1,https://www.youtube.com/watch?v=dLeumkKBbyA,87000,【スカッとする話】息子夫婦から突然の絶縁宣言。息子「貧乏人の親なんていらない」息子嫁「遺産ないなら出てって」絶縁状を置いて黙って消えると、翌日、半狂乱の二人から鬼電がw【朗読】【スカッと】
1,410,164,人生の教訓 5696,https://www.youtube.com/channel/UChL0a6zTE7nHEavxEB0mGtQ,https://www.youtube.com/watch?v=jSZYnigLHDo,89%,3 週間前,1,https://www.youtube.com/watch?v=a4YWgFFtOS8,87000,【スカッとする話】5歳の孫の誕生日会に行くと長男嫁「ジジババは物置で寝て下さい。嫌なら帰って下さいね」キレた私は長男夫婦への全支援停止→家も売り払い更地にすると
1,411,165,午後の茶室5033,https://www.youtube.com/channel/UCAY-Kr81JdEZjsie9IiR_bw,https://www.youtube.com/watch?v=B5VV42gSoIQ,100%,1 か月前,4,https://www.youtube.com/watch?v=YYnTTQ_3WI8,59000,【スカッとする話】妹の代わりに田舎の猟師に嫁いだ私「今日の夕飯は鹿肉？」夫「いや、これで好きな物食べて」10万円を手渡された私…→夫の正体を知った妹が半狂乱にw【朗読】【スカッと】
1,412,165,午後の茶室5033,https://www.youtube.com/channel/UCAY-Kr81JdEZjsie9IiR_bw,https://www.youtube.com/watch?v=wgOwASXTwgc,100%,1 か月前,17,https://www.youtube.com/watch?v=pdhclv8SJrI,85000,【スカッとする話】昼休みに同僚とカフェに入ると、隣の席に夫と若い女性が…夫「妻は2年前に他界したからwこの後うち来ていいよw」先回りし最高のおもてなしをするとw【朗読】【スカッと】
1,413,165,午後の茶室5033,https://www.youtube.com/channel/UCAY-Kr81JdEZjsie9IiR_bw,https://www.youtube.com/watch?v=Vt74FAxxnu8,100%,1 か月前,64,https://www.youtube.com/watch?v=9TulrMzmHr8,57000,【スカッとする話】毎日9時間義母の介護で倒れた私に夫「介護すらできないなら離婚wこれからは愛人に任せるw」私「いいけど後悔しない？」夫「しねぇよw」1週間後w【朗読】【スカッと】
1,414,165,午後の茶室5033,https://www.youtube.com/channel/UCAY-Kr81JdEZjsie9IiR_bw,https://www.youtube.com/watch?v=c5j-gRh8bBE,100%,3 週間前,136,https://www.youtube.com/watch?v=bDw-dlei5Gk,46000,【スカッと総集編】私が夫の入院費を払ってると知らず新居に引越した夫の連れ子「いつまで寄生虫するの？w」私「じゃ出てく」連れ子だけ残し1億の豪邸に引越した結果w
1,415,166,嘘と温もり 5646,https://www.youtube.com/channel/UCxtvYnyBSRQBeUoKt9cvsmw,https://www.youtube.com/watch?v=gQRkXbFfrT8,100%,2 週間前,1,https://www.youtube.com/watch?v=gZ6VN8UcEiQ,79000,【スカッとする話】介護してた91歳の母が亡くなった途端、我が家に義両親の荷物を運び入れた夫「次は俺の両親の介護でw嫌なら離婚w」それを聞いた娘が血相を変え→娘「お、お父さん達知らないの？」」
1,416,166,嘘と温もり 5646,https://www.youtube.com/channel/UCxtvYnyBSRQBeUoKt9cvsmw,https://www.youtube.com/watch?v=VGZ8u9KN8Vs,100%,3 週間前,0,https://www.youtube.com/watch?v=xyoQNySkFhc,100000,【スカッとする話】私の事が大嫌いな長男嫁「ウチの冠婚葬祭に義両親は絶対来ないで。嫌なら離婚する」私「いいけど、アナタ本当に大丈夫？後悔するよ？」長男嫁「しねぇよw二度と連絡してくんなw」→数ヶ月後w
1,417,166,嘘と温もり 5646,https://www.youtube.com/channel/UCxtvYnyBSRQBeUoKt9cvsmw,https://www.youtube.com/watch?v=ve55QdutxPE,100%,3 週間前,0,https://www.youtube.com/watch?v=hGeIy-jQiII,120000,【スカッとする話】夫が私の持ち家をリフォームすることになり完成すると夫が「お前と義母さんは４畳の物置部屋なw」姑「嫌なら離婚して出てけw」→私「じゃあ出ていく」母と結託、家を売却し引っ越した結果
1,418,166,嘘と温もり 5646,https://www.youtube.com/channel/UCxtvYnyBSRQBeUoKt9cvsmw,https://www.youtube.com/watch?v=coVzXRnUsdA,87%,3 週間前,1,https://www.youtube.com/watch?v=My7bUq_jaIs,110000,【スカッとする話】姑の誕生会でも私を家政婦扱いする夫「バカ嫁さっさと料理出せ」義父「これ全部1人で！？」私「いつものことですから…」すると義父が豹変し…【修羅場】
1,419,167,嫁姑問題,https://www.youtube.com/channel/UCZFgHjLXUwUtXP1l70aZ8Bw,https://www.youtube.com/watch?v=NpISGfixwZU,100%,1 年前,0,https://www.youtube.com/watch?v=6JjbbQV4Hhs,20000,【スカッと】母と不倫し隠し子を連れて来た夫「娘はやるから離婚して出てけw」母「あなたの分まで幸せになるわねw」娘「離婚は無理だよ？だって…」直後、二人は顔面硬直し…w
1,420,167,嫁姑問題,https://www.youtube.com/channel/UCZFgHjLXUwUtXP1l70aZ8Bw,https://www.youtube.com/watch?v=nemzU5ZooQc,100%,1 年前,0,https://www.youtube.com/watch?v=5g57IhR1lIE,36000,【スカッと】知らない女に突然殴られ夫が経営する会社へ…私「社長を呼んで下さい…」社員「そんな人いませんが？」私「え？」実は…
1,421,167,嫁姑問題,https://www.youtube.com/channel/UCZFgHjLXUwUtXP1l70aZ8Bw,https://www.youtube.com/watch?v=g4theYR3iHs,100%,1 年前,0,https://www.youtube.com/watch?v=khRebn7y2f8,90000,【スカッとする話】娘の結婚式当日、婿と義両親が来ない…私「式始まったわよ！今どこ？」婿「母さんと沖縄旅行中w式延期でw」キレた夫は家を売り払い婿をクビに→帰る場所を全て消した結果w
1,422,167,嫁姑問題,https://www.youtube.com/channel/UCZFgHjLXUwUtXP1l70aZ8Bw,https://www.youtube.com/watch?v=lW8YFXNwqS8,100%,1 年前,0,https://www.youtube.com/watch?v=YuKT2ln-BFI,52000,【スカッとする話】長男が他界した途端に夫「未亡人の長男嫁と結婚する。お前は離婚して出てけｗ」私「いいよ！はい離婚届！」1週間後、半狂乱の夫から鬼電がw
1,423,168,小川 まりこ,https://www.youtube.com/channel/UC53MBRQyKkDsuQiIxcBTGUQ,https://www.youtube.com/watch?v=SnCkpvuMBpk,100%,2 年前,0,https://www.youtube.com/watch?v=F0gsz0c6tDc,53000,【スカッとする話】夫に連れられ夫婦旅行へ行くと、高速道路のSAで売店の女性が耳打ちしてきた「今すぐ逃げて下さい！」理由を聞くと衝撃の事実に戦慄し私は慌てて警察へ駆け込んだ…
1,424,168,小川 まりこ,https://www.youtube.com/channel/UC53MBRQyKkDsuQiIxcBTGUQ,https://www.youtube.com/watch?v=KPF8DDatVk4,100%,2 年前,0,https://www.youtube.com/watch?v=BVMMbJF1Yyg,14000,【スカッとする話】3年間、生活苦の長男夫婦に月10万仕送りする私に長男「年金暮らしババァが10万程度で偉そうに！」長男嫁「孫も見せたし逆に感謝しろｗ」私「では返金してもらいますね」長男嫁「え？」
1,425,168,小川 まりこ,https://www.youtube.com/channel/UC53MBRQyKkDsuQiIxcBTGUQ,https://www.youtube.com/watch?v=iWXCjcShStM,100%,2 年前,2,https://www.youtube.com/watch?v=VUbbMKYSQcE,66000,【スカッとする話】新築一戸建てを建てると、姑との同居を無理矢理決めた夫「母さんの引越しは済んだか？」私「うん、終わったよ！私の方も今実家に引っ越し完了したとこ」夫「え？実家？」結果w【修羅場】
1,426,168,小川 まりこ,https://www.youtube.com/channel/UC53MBRQyKkDsuQiIxcBTGUQ,https://www.youtube.com/watch?v=ZutqMgKZErI,100%,2 年前,0,https://www.youtube.com/watch?v=NAEwCqwiBcg,67000,【スカッとする話】私名義の4LDKマンションと知らず、強引に私を追い出す姑と義姉「家は貰う！寄生虫は出て行け！」稼ぎ頭の私「わかりました…」→私物を全て回収し、家賃30万の家だけ残した結果w【修羅場】
1,427,169,幸せの亀裂5035,https://www.youtube.com/channel/UC4e5hbWoHZ_5_GeMmD_2eSw,https://www.youtube.com/watch?v=iR3vPq8sda4,100%,2 週間前,67,https://www.youtube.com/watch?v=hNMxFpvUaGo,63000,【スカッとする話】夫婦同伴の懇親会に夫と出席した私に年下部長「何で底辺社員がここに？w帰れ」一同大爆笑。隣で聞いていた夫「社長呼べ、この会社の！」→直後、現れた社長が青ざめ…w【朗読】【スカッと】
1,428,169,幸せの亀裂5035,https://www.youtube.com/channel/UC4e5hbWoHZ_5_GeMmD_2eSw,https://www.youtube.com/watch?v=oGAAdqVfnzI,100%,1 か月前,641,https://www.youtube.com/watch?v=aCFKEISe330,360000,【スカッとする話】同窓会で結婚直前に私を捨てた夫と再会。夫「金持ちの社長令嬢と結婚したw俺だけ幸せでごめんなw」私「本当にそう思う？」真実を伝えると元夫が震え出し…【朗読】【スカッと】
1,429,169,幸せの亀裂5035,https://www.youtube.com/channel/UC4e5hbWoHZ_5_GeMmD_2eSw,https://www.youtube.com/watch?v=C9ZnTg6Zg1A,100%,1 か月前,77,https://www.youtube.com/watch?v=Tpbu9uHiFPg,110000,【スカッとする話】結婚10年目に銀行員の夫が突然の暴露「お前の親友と結婚するw籍入れてないし財産分与は無しw」私「あれ？あんた知らないの？」夫「何がだよw」実は…
1,430,169,幸せの亀裂5035,https://www.youtube.com/channel/UC4e5hbWoHZ_5_GeMmD_2eSw,https://www.youtube.com/watch?v=3XupxyQlWAM,87%,2 週間前,2,https://www.youtube.com/watch?v=jw9S7G6HmWE,67000,【スカッとする話】結婚式で手紙を朗読する娘「母は父の寄生虫でした…」夫「ママがお荷物で迷惑かけたな…」私「今日で母も妻も辞めるね」娘・夫「え？」結果w【朗読】【スカッと】
1,431,170,感動うるる,https://www.youtube.com/channel/UCLKMXfL0jKnVGitP6mr1XGw,https://www.youtube.com/watch?v=GL1d9WaEk8Q,100%,1 年前,0,https://www.youtube.com/watch?v=bI91wh-7IMg,190000,【スカッとする話】孫の七五三のお祝いに親戚一同と行くと私だけ席がない...長男嫁「他人の席は無いから立ってればw」私「じゃ帰るか」親戚一同「うん」全員で帰宅した結果w
1,432,170,感動うるる,https://www.youtube.com/channel/UCLKMXfL0jKnVGitP6mr1XGw,https://www.youtube.com/watch?v=BwD7cyMEBMg,98%,1 年前,0,https://www.youtube.com/watch?v=TyYvPQaleJU,78000,【スカッとする話】私の実家が総資産29億と知らず勝手に離婚届を提出した夫から復縁要請「早く俺の子供産んでくれよw」私「え？もう再婚したけど？」夫「え？」
1,433,170,感動うるる,https://www.youtube.com/channel/UCLKMXfL0jKnVGitP6mr1XGw,https://www.youtube.com/watch?v=wiNOe_vPY_w,98%,1 年前,0,https://www.youtube.com/watch?v=UiZsY3yFtBw,110000,【スカッとする話】高熱で病院へ行く娘を降ろし義両親とのハワイ旅行に行った夫「病院は歩いて行けるだろw」2時間後、半狂乱の夫から鬼電→夫「た、助けて下さい！」
1,434,170,感動うるる,https://www.youtube.com/channel/UCLKMXfL0jKnVGitP6mr1XGw,https://www.youtube.com/watch?v=N6Zu3yIwEks,97%,1 年前,0,https://www.youtube.com/watch?v=mLYItA9m_XY,98000,【スカッとする話】婚約者を略奪した親友から結婚式の招待状が届くと、長男「嫁と2人で行ってくる」長男嫁「盛大に暴れてきます」普段温厚な長男夫婦が...w
1,435,171,明日への涙 5641,https://www.youtube.com/channel/UCccAdKXQpruadZ8VIfmeXew,https://www.youtube.com/watch?v=hhMCvKaSxfs,100%,1 か月前,0,https://www.youtube.com/watch?v=TImIBUgVfDU,140000,【スカッとする話】離婚され家を追い出された私に銀行カードを投げつけた夫。3年後、何気なく口座を確認すると思わぬ光景に私は言葉を失い…【朗読】【スカッと】
1,436,171,明日への涙 5641,https://www.youtube.com/channel/UCccAdKXQpruadZ8VIfmeXew,https://www.youtube.com/watch?v=s8DFDEBDksw,100%,1 か月前,18,https://www.youtube.com/watch?v=aCFKEISe330,360000,【スカッとする話】同窓会で結婚直前に私を捨てた夫と再会。夫「金持ちの社長令嬢と結婚したw俺だけ幸せでごめんなw」私「本当にそう思う？」真実を伝えると元夫が震え出し…【朗読】【スカッと】
1,437,171,明日への涙 5641,https://www.youtube.com/channel/UCccAdKXQpruadZ8VIfmeXew,https://www.youtube.com/watch?v=Qld747HJA58,97%,4 週間前,10,https://www.youtube.com/watch?v=BiLuv_djE2k,77000,【スカッとする話】離婚され家を追放された私に、古い綿入れを投げつけた義母。何気なく袖に手を通し内側を確認した瞬間、私は顔面蒼白に…【朗読】【スカッと】
1,438,171,明日への涙 5641,https://www.youtube.com/channel/UCccAdKXQpruadZ8VIfmeXew,https://www.youtube.com/watch?v=JevSjlhrcUs,87%,4 週間前,30,https://www.youtube.com/watch?v=jxziuKOmRjA,120000,【スカッとする話】男3兄弟を育てる私に突然、夫「社長令嬢が妊娠したw離婚でw」私「はーい、じゃ長男だけ連れてく」夫「え？次男と三男も連れてけよ」私「嫌よ。だって…」【朗読】【スカッと】
1,439,172,桜子朗読ちゃんねる !,https://www.youtube.com/channel/UC6XjxUYedBDstc8nsK34abg,https://www.youtube.com/watch?v=M0VDWpOZqZY,100%,11 か月前,41,https://www.youtube.com/watch?v=GZtalGoS6qE,110000,【スカッとする話】親族の集まりでエリート夫「嫁の飯はまずいんだよなw」私「え？私の料理食べた事ある？食事はいつも愛人宅じゃないの」義父「は？」義両親がブチギレ...
1,440,172,桜子朗読ちゃんねる !,https://www.youtube.com/channel/UC6XjxUYedBDstc8nsK34abg,https://www.youtube.com/watch?v=_BE_zUZVhAs,100%,11 か月前,40,https://www.youtube.com/watch?v=yefpSXnGZOg,150000,【スカッとする話】私名義の新築戸建と知らず里帰り出産で我が家に来た娘「母さんの部屋は私が使うw」夫「お前は車で寝てろw」私「わかりました...」→キレた私が家を売り払うと...w
1,441,172,桜子朗読ちゃんねる !,https://www.youtube.com/channel/UC6XjxUYedBDstc8nsK34abg,https://www.youtube.com/watch?v=zSbHbci-VXk,99%,11 か月前,48,https://www.youtube.com/watch?v=bPcGySAd3gA,200000,【スカッと総集編】家のローン月18万を払ってると知らず同居の長男嫁に1年間無視された...ある日、私「あれ？なんで私の荷物が...」長男嫁「キレイにしておいてあげたw」私の荷物を勝手に捨てられた
1,442,172,桜子朗読ちゃんねる !,https://www.youtube.com/channel/UC6XjxUYedBDstc8nsK34abg,https://www.youtube.com/watch?v=veW-oPyYYqs,88%,11 か月前,27,https://www.youtube.com/watch?v=G4O12jIGPfg,87000,【スカッとする話】夫が突然大量の荷物を持ってきて、夫「今日から俺の両親と姉を養う！嫌なら離婚だ！」私「え？もう離婚済みだけど？」夫「え？」結果w
1,443,173,毎日が喜び,https://www.youtube.com/channel/UCms4kBFMhD7L74TA7J7ikaQ,https://www.youtube.com/watch?v=z48cHSGDEUg,100%,2 か月前,0,https://www.youtube.com/watch?v=ssgss5ggqNw,40000,【スカッとする話】16年前に私を捨て愛人を選んだ夫と再会「まだ不妊とか惨めだなw娘はスタイル抜群で天才だぞw」私「私も今年高１の娘紹介するね」夫「え、その子は...」結果w
1,444,173,毎日が喜び,https://www.youtube.com/channel/UCms4kBFMhD7L74TA7J7ikaQ,https://www.youtube.com/watch?v=pAkI99M8o5I,100%,3 か月前,3,https://www.youtube.com/watch?v=ULpnjx45zHg,31000,【スカッとする話】医者の婚約者を奪った妹「高収入の彼は私が貰うｗブサイクは庶民と合コンしてろw」直後、お腹を抱え大爆笑した私→私「病院の院長は私だけど？」
1,445,173,毎日が喜び,https://www.youtube.com/channel/UCms4kBFMhD7L74TA7J7ikaQ,https://www.youtube.com/watch?v=Y2PXvjYrWHg,100%,2 か月前,0,https://www.youtube.com/watch?v=v7dKcpbZCoA,94000,【スカッとする話】夫の連れ子だった娘の結婚式が終わると、夫「お前は用済み、離婚してくれw他人なのにATMお疲れw」離婚して引っ越すと慌てた夫から鬼電→私（今さら気づいたかw）実は...
1,446,173,毎日が喜び,https://www.youtube.com/channel/UCms4kBFMhD7L74TA7J7ikaQ,https://www.youtube.com/watch?v=LrHHBaXW0vY,100%,2 か月前,3,https://www.youtube.com/watch?v=og8_GjJd8PU,13000,【スカッとする話】夫婦の結婚記念日に財布を持たず便乗する長男嫁「今回もゴチになりますw」夫「今回は俺の両親も来るよw」私「どうぞ、今日で最後なので」嫁・夫「は？」
1,447,174,泣ける話 5004,https://www.youtube.com/channel/UCVwvuiPPhXz7e68GsJxthsw,https://www.youtube.com/watch?v=QmCs7nG-vtM,100%,1 か月前,5,https://www.youtube.com/watch?v=p4pyD9SD1Tk,81000,【スカッとする話】義両親に蹴られ骨折した私に夫「寝かせとけば治るw」翌日、病室に嘲笑いに来た義家族「あれ、嫁は？w」医師「警察署です」義家族「え？」【朗読】【スカッと】
1,448,174,泣ける話 5004,https://www.youtube.com/channel/UCVwvuiPPhXz7e68GsJxthsw,https://www.youtube.com/watch?v=70WvYfvp7jQ,100%,1 か月前,59,https://www.youtube.com/watch?v=5AbXeqqVHY4,21000,【スカッとする話】臨月の私を家庭用サウナに閉じこめ5泊7日の温泉旅行に出かけたエリート義両親「私達から息子を奪った罰よw」7日後、帰宅した義父が腐敗臭に気づき慌ててサウナの扉を開けると..【スカッと】
1,449,174,泣ける話 5004,https://www.youtube.com/channel/UCVwvuiPPhXz7e68GsJxthsw,https://www.youtube.com/watch?v=NUyxEHl-BOM,100%,1 か月前,8,https://www.youtube.com/watch?v=yUWQozZU0zY,180000,【スカッと総集編】夫が亡くなった途端、我が家を勝手に解体した義両親「今日からうちで同居しろ！嫁は家政婦にしてやるw」それを聞いた私は大爆笑→私「アンタら知らないの？」実は...
1,450,174,泣ける話 5004,https://www.youtube.com/channel/UCVwvuiPPhXz7e68GsJxthsw,https://www.youtube.com/watch?v=70WvYfvp7jQ,100%,1 か月前,59,https://www.youtube.com/watch?v=LPY1ke7gWfI,110000,【スカッと総集編】臨月の私を家庭用サウナに閉じこめ5泊7日の温泉旅行に出かけたエリート義両親「私達から息子を奪った罰よw」7日後、帰宅した義父が腐敗臭に気づき慌ててサウナの扉を開けると...
1,451,175,涙が止まらない本当の話,https://www.youtube.com/channel/UC-rAVI-jHz59_dhCmwgr3wg,https://www.youtube.com/watch?v=nZ87WaOX7Sw,100%,4 か月前,1088,https://www.youtube.com/watch?v=gqjIGgB7rlA,40000,【スカッとする話】夫「俺の年金は1円もやらん」40年間夫を支えてきたのに、他人のように突き放された私（もう我慢しなくていっかw）→翌日、なぜか夫が泣き叫びw【朗読】【スカッと】
1,452,175,涙が止まらない本当の話,https://www.youtube.com/channel/UC-rAVI-jHz59_dhCmwgr3wg,https://www.youtube.com/watch?v=gewWckSEbzc,100%,4 か月前,2990,https://www.youtube.com/watch?v=gp0iCrgbXh8,380000,【スカッと総集編】私の総資産が11億と知らず妊娠9ヶ月の私を捨て社長令嬢と再婚した夫「腹がデカくて女として見れんｗガキはお前が育てろｗ」私「いいよ！はい、離婚届け！」3ヶ月後、半狂乱の夫から鬼電がw
1,453,175,涙が止まらない本当の話,https://www.youtube.com/channel/UC-rAVI-jHz59_dhCmwgr3wg,https://www.youtube.com/watch?v=S1uZjafTlF4,100%,4 か月前,22793,https://www.youtube.com/watch?v=sd-a4XIE7jQ,360000,【スカッと総集編】私の年収が2000万と知らず入院中の私を捨て愛人と再婚した夫「離婚届け出しといたｗ慰謝料として家と車は貰うｗ」私「承知しました」→3日後、半狂乱の夫から200件の鬼電がw【修羅場】
1,454,175,涙が止まらない本当の話,https://www.youtube.com/channel/UC-rAVI-jHz59_dhCmwgr3wg,https://www.youtube.com/watch?v=QEp7k6Cqlxc,95%,4 か月前,589,https://www.youtube.com/watch?v=ZSMzLBZN4z0,12000,【スカッとする話】手術当日、怯える私を見捨て、平然と飲み会へ向かった夫。1年後、夫の癌が発覚すると夫「怖いから来てくれ、頼む」私「飲み会だから無理w」結果w【朗読】【スカッと】
1,455,176,涙の数だけ 5716,https://www.youtube.com/channel/UCw2xsZd4GSJowgB3QGFuxLQ,https://www.youtube.com/watch?v=CZ5ms6kqVTw,100%,4 週間前,6,https://www.youtube.com/watch?v=dHfs8LWncGY,32000,【スカッとする話】女手一つで育てた娘の結納に行くと、料亭で咽び泣く娘が1人ポツン…娘「格下とは婚約破棄って…」直後、社長令嬢の私は即電話「人生終了のお知らせよ」【朗読】【スカッと】
1,456,176,涙の数だけ 5716,https://www.youtube.com/channel/UCw2xsZd4GSJowgB3QGFuxLQ,https://www.youtube.com/watch?v=U59i7ANq4U4,100%,3 週間前,6,https://www.youtube.com/watch?v=V5EIkGqsrik,26000,【スカッとする話】義実家のトイレ掃除をする私に陰湿な嫌がらせをしてくる義妹「下民は手袋なしでw」掃除を終えると血相を変えた義母「彼女が何者か知らないの？」義妹「え？」【朗読】【スカッと】
1,457,176,涙の数だけ 5716,https://www.youtube.com/channel/UCw2xsZd4GSJowgB3QGFuxLQ,https://www.youtube.com/watch?v=Sztz4XKNtGk,100%,3 週間前,56,https://www.youtube.com/watch?v=nb_aRD_6UTg,27000,【スカッとする話】親友が急逝し女手一つで引き取り育てた娘の結婚式で私の席にだけ盛り塩が置かれていた。医者の新郎母「母子家庭の母は一族の恥w」娘「…母さん帰ろう」私「…うん」翌日、新郎一家は全てを失い…
1,458,176,涙の数だけ 5716,https://www.youtube.com/channel/UCw2xsZd4GSJowgB3QGFuxLQ,https://www.youtube.com/watch?v=hqfjVmR8vxY,81%,4 週間前,8,https://www.youtube.com/watch?v=hDkixvh-TME,60000,【スカッとする話】私が社内唯一の職人だと知らずに新社長と部長…新社長「我が社にババアは不要w」部長「給料半分か左遷か選べw」私「じゃあ辞めさせて頂きます」
1,459,177,涙の数だけ 5720,https://www.youtube.com/channel/UCaooAMJ_2r5b8tiSNoXIGnw,https://www.youtube.com/watch?v=Gml1APMrKeI,100%,4 週間前,0,https://www.youtube.com/watch?v=_W1HWELT7IM,65000,【スカッとする話】離婚届を提出した瞬間、私の口座とカードを停止した元夫「俺なしじゃ路頭に迷うなw」私「路頭に迷うのはあなただよ？」元夫「え？」実はw【朗読】【スカッと】
1,460,177,涙の数だけ 5720,https://www.youtube.com/channel/UCaooAMJ_2r5b8tiSNoXIGnw,https://www.youtube.com/watch?v=6WQiF25iYPU,100%,4 週間前,3,https://www.youtube.com/watch?v=KVKExhX2jn4,33000,【スカッとする話】財布を届けにきた私に気づかない夫「嫁は何も疑ってないよw今夜もまた会えるねw」夫の正体を知り私の愛は消滅しw【朗読】【スカッと】
1,461,177,涙の数だけ 5720,https://www.youtube.com/channel/UCaooAMJ_2r5b8tiSNoXIGnw,https://www.youtube.com/watch?v=BvDiqjV3VV0,100%,3 週間前,4,https://www.youtube.com/watch?v=bUesKx2d9r8,27000,【スカッとする話】夫「3年間アメリカに赴任する」私「長すぎる！私も一緒に行く」夫「お前は家を守っててくれ」1年後、デパートで夫と妊婦を目撃→証拠を押さえ全て開示すると…w
1,462,177,涙の数だけ 5720,https://www.youtube.com/channel/UCaooAMJ_2r5b8tiSNoXIGnw,https://www.youtube.com/watch?v=66bvAeg3upo,100%,3 週間前,3,https://www.youtube.com/watch?v=pleRUIfcP5c,66000,【スカッとする話】夫に突然頬を殴られた私…。私「助けて、お願い…！」義母と義姉は笑って見ていた。離婚届を置き黙って家を出ると、3か月後、とある動画が公開され夫は半狂乱にw【朗読】【スカッと】
1,463,178,陈宝哥a,https://www.youtube.com/channel/UCa5tE9w7fyGs14yN1YOrV_g,https://www.youtube.com/watch?v=gygOhf-2oFw,100%,8 日前,266,https://www.youtube.com/watch?v=a5lS8StIZwA,170000,【スカッとする話】1億のピアノがある金持ち自慢の婚約者の実家へ結婚挨拶に行くと、婚約者「俺達の家政婦連れてきたよw」義父「貧乏な顔w親の顔が見たいw」父「どうも、家政婦の父です」
1,464,178,陈宝哥a,https://www.youtube.com/channel/UCa5tE9w7fyGs14yN1YOrV_g,https://www.youtube.com/watch?v=lmpTzeHD5SY,99%,4 週間前,140,https://www.youtube.com/watch?v=Y2GawdK7Q9E,100000,【スカッとする話】長男夫婦に初孫が生まれ出産祝いに行くと長男嫁「二人は汚いので床でいいですか？w」長男「ジジババは段ボールの上でw」夫「...帰るか」私「うん」速帰宅し→永久に無視した結果w
1,465,178,陈宝哥a,https://www.youtube.com/channel/UCa5tE9w7fyGs14yN1YOrV_g,https://www.youtube.com/watch?v=Zkf9IuNVgU4,97%,4 週間前,45,https://www.youtube.com/watch?v=mLYItA9m_XY,98000,【スカッとする話】婚約者を略奪した親友から結婚式の招待状が届くと、長男「嫁と2人で行ってくる」長男嫁「盛大に暴れてきます」普段温厚な長男夫婦が...w
1,466,178,陈宝哥a,https://www.youtube.com/channel/UCa5tE9w7fyGs14yN1YOrV_g,https://www.youtube.com/watch?v=UiO8Rl_Brgk,97%,6 日前,235,https://www.youtube.com/watch?v=mRlS0rHQ-lY,120000,【スカッとする話】夫「引越しは済んだか？」私「今日中に出ていくわ」ATM扱いされ家を追い出された私。1ヶ月後、夫が血相を変えて鬼電してきて...【修羅場】
1,467,179,陽咲,https://www.youtube.com/channel/UCkWQ3TuNHjERVg8BInHuS-Q,https://www.youtube.com/watch?v=KGFSpJC6F9w,100%,3 か月前,2,https://www.youtube.com/watch?v=T1lw-3Vr5-M,68000,【スカッとする話】婚約者との両家顔合わせでなぜか私達を無視する婚約者家族。私「あの…」婚約者家族「…」理由を知り両親と黙って帰ると3分後、婚約者から鬼電が…w
1,468,179,陽咲,https://www.youtube.com/channel/UCkWQ3TuNHjERVg8BInHuS-Q,https://www.youtube.com/watch?v=mv4JGIP7XII,100%,2 か月前,0,https://www.youtube.com/watch?v=BKC9CbFIESk,52000,【スカッとする話】夫の連れ子の娘と暮らし始めて1年。しかし、全くなつく気配がない…夫が海外出張に行った日に娘が初めて話しかけてきた。娘「お母さん、実は...」そう言って差し出された手には...
1,469,179,陽咲,https://www.youtube.com/channel/UCkWQ3TuNHjERVg8BInHuS-Q,https://www.youtube.com/watch?v=6RRRd0Fql0c,100%,2 か月前,0,https://www.youtube.com/watch?v=Rw2iIdnpgQY,39000,【スカッとする話】私を低収入扱いする長男夫婦。長男嫁「低収入の義母は出てけw」長男「俺もこんな母親いらないw」お望み通り口座を0円にして、1年間家を出た結果w
1,470,179,陽咲,https://www.youtube.com/channel/UCkWQ3TuNHjERVg8BInHuS-Q,https://www.youtube.com/watch?v=n8Kyhg5TRlc,100%,2 か月前,0,https://www.youtube.com/watch?v=g6Y6qpQoq3k,51000,【スカッとする話】中卒で年金生活の私を見下す高学歴エリートの長男嫁「年金暮らしの貧乏人とは絶縁でw」直後、それを聞いた長男が顔面蒼白で「お、お前知らないのか？」【スカッと】
1,471,180,雨の中の記憶、静かな夜の物語,,https://www.youtube.com/watch?v=LjV0uFazyvc,99%,4 日前,0,https://www.youtube.com/watch?v=CjxJ0f62VMM,26000,【スカッとする話】実家で母の同居介護中に娘が記入済みの離婚届を持ってきた…娘「パパが私とママはいらないって…」私「やったね！」即提出し家を売り払い更地にすると…w
1,472,180,雨の中の記憶、静かな夜の物語,,https://www.youtube.com/watch?v=PWzjByIonsM,97%,9 日前,0,https://www.youtube.com/watch?v=ixDA5L4ob04,58000,【スカッとする話】夫の葬儀中、涙を流す私に義母「遺産は私たちが貰うわねw」義父「これで高級老人ホーム入れるw」私「え？あなたらは1円も相続できないよ？」義両親「え？」
1,473,180,雨の中の記憶、静かな夜の物語,,https://www.youtube.com/watch?v=L55fzJWf50M,96%,1 か月前,0,https://www.youtube.com/watch?v=3vh_pcyKmQw,15000,【スカッとする話】私が総資産18億と知らず職場の社長令嬢と浮気した夫「美人令嬢と再婚するからｗ」令嬢「子供は1人で育ててw」私（馬鹿ねw）1ヶ月後、半狂乱の夫たちから鬼電がｗ
1,474,180,雨の中の記憶、静かな夜の物語,,https://www.youtube.com/watch?v=MnDLSd-cIco,95%,4 週間前,0,https://www.youtube.com/watch?v=3ms4nR14BoM,20000,【スカッとする話】新築タワマン購入直後に妹「夫君の子供できたし譲って」夫「離婚届書いて家から出てけ」私「え？私独身だけど？」妹・夫「え？」結果w【修羅場】【スカッと】
1,475,181,黒猫は見ていました【スカッと】,https://www.youtube.com/channel/UCOW4cd0N3rxrb7Um2iz126g,https://www.youtube.com/watch?v=N663V83SPvE,94%,3 年前,3523,https://www.youtube.com/watch?v=WHx8h3F0pU0,340000,【スカッとする話】長男夫婦との二世帯住宅ローンを月25万全額支払う私に長男嫁「小銭ぐらいで偉そうにｗ」長男「支払い止めてみろｗ」私「喜んで！」支払い止めた結果w【修羅場】【スカッと】
1,476,181,黒猫は見ていました【スカッと】,https://www.youtube.com/channel/UCOW4cd0N3rxrb7Um2iz126g,https://www.youtube.com/watch?v=NzNdrn1UWdE,82%,3 年前,2068,https://www.youtube.com/watch?v=GnxC9hbl3M8,80000,【スカッとする話】年間7億円の家賃収入がある私をATM扱いする長男嫁「ババアは私達の財布！冠婚葬祭の時だけ連絡してｗ」私「わかりました」→次男夫婦に家をあげた結果ｗ【修羅場】【スカッと】
1,477,181,黒猫は見ていました【スカッと】,https://www.youtube.com/channel/UCOW4cd0N3rxrb7Um2iz126g,https://www.youtube.com/watch?v=6rQUohA7KSk,81%,3 年前,2192,https://www.youtube.com/watch?v=JL2POxUZfHk,160000,【スカッとする話】私「実家に帰らせて頂きます」夫「じゃあ二度と戻ってくるな！離婚届書いてから行け！」即提出して父に報告すると慌てた夫から鬼電が...w【修羅場】【スカッと】
1,478,181,黒猫は見ていました【スカッと】,https://www.youtube.com/channel/UCOW4cd0N3rxrb7Um2iz126g,https://www.youtube.com/watch?v=d4a9fG_WjUE,47%,3 年前,823,https://www.youtube.com/watch?v=yPjcL2pzTm4,120000,【スカっとする話】夫の浮気が発覚すると息子「パパと新しいママと暮らすから早く離婚して出てって！」3年後、笑顔で再会した息子に私「あなた誰？」息子「えっ？」【修羅場】
1,479,182,雨の中の記憶,https://www.youtube.com/channel/UC1DCXepcOSRHtwhX694HY1w,https://www.youtube.com/watch?v=5bYvfIWbuGI,100%,1 か月前,26,https://www.youtube.com/watch?v=OdNjDlmFQIc,45000,【スカッと総集編】義実家に帰省した私を駅まで迎えに来た義母「息子とデートに行くから歩いて帰れｗ」私「では徒歩5分の新居に行きます」1時間後、ブチギレた義母が現れ…w
1,480,182,雨の中の記憶,https://www.youtube.com/channel/UC1DCXepcOSRHtwhX694HY1w,https://www.youtube.com/watch?v=L_L0N9TQYEg,96%,1 か月前,56,https://www.youtube.com/watch?v=3vh_pcyKmQw,15000,【スカッとする話】私が総資産18億と知らず職場の社長令嬢と浮気した夫「美人令嬢と再婚するからｗ」令嬢「子供は1人で育ててw」私（馬鹿ねw）1ヶ月後、半狂乱の夫たちから鬼電がｗ
1,481,182,雨の中の記憶,https://www.youtube.com/channel/UC1DCXepcOSRHtwhX694HY1w,https://www.youtube.com/watch?v=bA0JcBtj3bA,96%,1 か月前,4,https://www.youtube.com/watch?v=3ms4nR14BoM,20000,【スカッとする話】新築タワマン購入直後に妹「夫君の子供できたし譲って」夫「離婚届書いて家から出てけ」私「え？私独身だけど？」妹・夫「え？」結果w【修羅場】【スカッと】
1,482,183, minh vương,https://www.youtube.com/channel/UCdm2C4XwcbiPrnEtGAg00EQ,https://www.youtube.com/watch?v=BebSddofeds,100%,2 年前,1,https://www.youtube.com/watch?v=jA4TTTeqo-M,120000,【スカッとする話】私が年商500億の社長と知らない夫「時給941円の底辺は出てけw」連れ子「役立たずの母親バイバイw」私「じゃあ出ていきます」１ヶ月後、涙を流した夫から鬼電がw
1,483,183, minh vương,https://www.youtube.com/channel/UCdm2C4XwcbiPrnEtGAg00EQ,https://www.youtube.com/watch?v=32TQUrPp7rE,100%,2 年前,0,https://www.youtube.com/watch?v=vqBTDvaavnA,78000,【スカッとする話】ピアノの天才の姉だけを溺愛する長男嫁「発達障害の妹はお義母さんにあげるw」私「じゃあ私が育てるわね」養子にして10年育てると...
1,484,183, minh vương,https://www.youtube.com/channel/UCdm2C4XwcbiPrnEtGAg00EQ,https://www.youtube.com/watch?v=0WEIRqXLZkM,100%,2 年前,0,https://www.youtube.com/watch?v=acMaagt7Yv0,110000,【スカッとする話】夫「妊娠？知らねぇよwお願いだからもうしゃべんな！」私「..」黙って引っ越し永久に無視してやった結果ｗ
1,485,184, スカッとする話 ,https://www.youtube.com/channel/UCE4ScoaaEmRsXAijXOWNgPw,https://www.youtube.com/watch?v=lrIE3hsN3X0,100%,2 年前,1,https://www.youtube.com/watch?v=vyDCAcHPme8,86000,【スカッとする話】夫「来月ママが引っ越してくる！お前の部屋片付けておけw」私「はーい、キレイにしておくね」夫の出張中に不動産屋に連絡し家を売り払いキレイに更地にした結果w
1,486,184, スカッとする話 ,https://www.youtube.com/channel/UCE4ScoaaEmRsXAijXOWNgPw,https://www.youtube.com/watch?v=wyxcjOSAxes,99%,2 年前,7,https://www.youtube.com/watch?v=BKC9CbFIESk,52000,【スカッとする話】夫の連れ子の娘と暮らし始めて1年。しかし、全くなつく気配がない…夫が海外出張に行った日に娘が初めて話しかけてきた。娘「お母さん、実は...」そう言って差し出された手には...
1,487,184, スカッとする話 ,https://www.youtube.com/channel/UCE4ScoaaEmRsXAijXOWNgPw,https://www.youtube.com/watch?v=hObl-wFSyeU,88%,2 年前,0,https://www.youtube.com/watch?v=-fE68tebmjk,72000,【スカッとする話】夫の出張中に息子に誘われ高級ホテルへディナーに行くと女性にプロポーズする夫「亡き妻と息子の分まで幸せにする！」直後、静かに席を立ち上がり求婚に乱入→私と息子「死んだ全家族です」
1,488,185,374 Chocontham,https://www.youtube.com/channel/UC3G5yZkOnkxx0y2IYkWi4tQ,https://www.youtube.com/watch?v=RnalOOgGAW8,100%,2 年前,6,https://www.youtube.com/watch?v=BTIYCjXsOiY,170000,【スカッとする話】私の里帰り中に夫と家を奪った親友から連絡「赤ちゃん出来たwもう帰ってくるなw」私「いいの？喜んで！」そのまま新居に引越した結果w
1,489,185,374 Chocontham,https://www.youtube.com/channel/UC3G5yZkOnkxx0y2IYkWi4tQ,https://www.youtube.com/watch?v=rjXzALo63kM,100%,2 年前,36,https://www.youtube.com/watch?v=Ltedq0Li5TU,34000,【スカッとする話】給料日に3万しかくれない夫「同僚はこれで生活できてるって！1円もいれてないのに文句言うな！」私「毎月20万家に入れてるよ」夫「え？」結果w
1,490,185,374 Chocontham,https://www.youtube.com/channel/UC3G5yZkOnkxx0y2IYkWi4tQ,https://www.youtube.com/watch?v=RjCBYX382TM,98%,2 年前,102,https://www.youtube.com/watch?v=faMNblUzAj0,47000,【スカッとする話】夫の社長退任祝いで、夫「好きな人ができた。離婚してくれ」私「いいよ！はい、離婚届」離婚後、夫と再婚した20歳の新入社員に私「あ、言い忘れてたけど…」ある事実を告げると2人は発狂し..
1,491,186,468 Ungthuphoi,https://www.youtube.com/channel/UChMTaakDMyRJ8dYWT6dyj6A,https://www.youtube.com/watch?v=KXFghHJtNeI,100%,1 年前,47,https://www.youtube.com/watch?v=wjCku8hnE4A,21000,【スカッとする話】母に誘われ高級料亭へ行くと女性にプロポーズする夫「亡き妻の分まで君を幸せにする！」直後、普段温厚な母が立ち上がり、母「お隣いいですか？」結果w
1,492,186,468 Ungthuphoi,https://www.youtube.com/channel/UChMTaakDMyRJ8dYWT6dyj6A,https://www.youtube.com/watch?v=1l_YpUd0agM,100%,1 年前,60,https://www.youtube.com/watch?v=McNVTi5SXBU,95000,【スカッとする話】姑との同居を勝手に決めた夫「引越しは済んだか？」私「うん！私の荷物も全部実家に送り終わったとこ」夫「え？実家？」結果w【修羅場】
1,493,186,468 Ungthuphoi,https://www.youtube.com/channel/UChMTaakDMyRJ8dYWT6dyj6A,https://www.youtube.com/watch?v=W4mBMqccOb0,97%,1 年前,63,https://www.youtube.com/watch?v=xvf5HdbnLO8,41000,【スカッとする話】親族の集まりで工場勤務の63歳中卒夫を見下す高学歴エリートの長男嫁「低学歴の貧乏人は一族の恥wバカがうつると嫌なので絶縁でw」→1年後、私と夫が田舎に移住すると半狂乱の長男嫁から鬼電
1,494,187,568 Nhièudodu,https://www.youtube.com/channel/UCaEoz8eqqUVi21dauWEQjYg,https://www.youtube.com/watch?v=TF00reOUN5o,100%,1 年前,0,https://www.youtube.com/watch?v=f4wGIv3cYG0,100000,【スカッとする話】長男の葬儀当日、斎場の控室に入ると夫と長男嫁が真っ最中…私「嫁が男に襲われています！」こっそり部屋に鍵をかけ閉じ込め親戚一同を全員呼んだ結果w
1,495,187,568 Nhièudodu,https://www.youtube.com/channel/UCaEoz8eqqUVi21dauWEQjYg,https://www.youtube.com/watch?v=xg95_s2wzvw,100%,1 年前,0,https://www.youtube.com/watch?v=nYE4OtGJrVU,43000,【スカッとする話】新築祝いに長男嫁がくれた１人前10万円の高級寿司をゴミ箱に捨てた私にブチギレる夫「嫁に土下座しろ！」私「中身見た？」夫「え？」【修羅場】【スカッと】
1,496,187,568 Nhièudodu,https://www.youtube.com/channel/UCaEoz8eqqUVi21dauWEQjYg,https://www.youtube.com/watch?v=zGaOv-_ENTg,98%,1 年前,0,https://www.youtube.com/watch?v=VUbbMKYSQcE,66000,【スカッとする話】新築一戸建てを建てると、姑との同居を無理矢理決めた夫「母さんの引越しは済んだか？」私「うん、終わったよ！私の方も今実家に引っ越し完了したとこ」夫「え？実家？」結果w【修羅場】
1,497,188,579 Bitoxao,https://www.youtube.com/channel/UCaPaxAG2UObG776NJHpdwbw,https://www.youtube.com/watch?v=bqApNYo7k9w,100%,1 年前,0,https://www.youtube.com/watch?v=S46f35JhiWk,62000,【スカッとする話】元夫の新郎に招待された結婚式に行くと私の席だけがない...元夫「俺を振った罰だwクズは帰れw」私「じゃあ今すぐ帰ります」 3分後、血相を変えた元夫から鬼電がw
1,498,188,579 Bitoxao,https://www.youtube.com/channel/UCaPaxAG2UObG776NJHpdwbw,https://www.youtube.com/watch?v=2vb0Ne9pvCc,100%,1 年前,0,https://www.youtube.com/watch?v=ONhf0wwJ38U,110000,【スカッとする話】新築へ引っ越し荷解きをしてると同居していた夫の連れ子「私は12畳の広い部屋！」夫「逆らったら離婚だぞw」私「え？私は独身だけど？」連れ子と夫「は？」実は...w
1,499,188,579 Bitoxao,https://www.youtube.com/channel/UCaPaxAG2UObG776NJHpdwbw,https://www.youtube.com/watch?v=sdk-EkswxXs,100%,1 年前,0,https://www.youtube.com/watch?v=ZF5k_Ux_0vs,43000,【スカッとする話】医者の婚約者を奪って絶縁した親友とイタリア旅行で再会｡親友夫婦が私を見下し馬鹿にすると夫「君達、俺が誰か気づいてないのか？」親友夫婦「え？」実は...
1,500,189,Abigail Zev,https://www.youtube.com/channel/UCY6UyFBIk69QFXhMHmo9dWw,https://www.youtube.com/watch?v=q_TI57Slamk,100%,1 年前,0,https://www.youtube.com/watch?v=WMiRJzlQfg4,31000,【スカッとする話】中学から18年付き合った婚約者「やっぱババァの嫁は無理！若い嫁探すから婚約破棄でw」1年後、半狂乱の婚約者から鬼電→永久に無視した結果w
1,501,189,Abigail Zev,https://www.youtube.com/channel/UCY6UyFBIk69QFXhMHmo9dWw,https://www.youtube.com/watch?v=g915kHTC7VE,100%,1 年前,0,https://www.youtube.com/watch?v=gFcbBfixNWk,93000,【スカッとする話】15年前に私と娘を捨て愛人を選び、音信不通だった元夫から電話「娘の結婚式始まるぞ！早く来い」私「え？娘はまだ高校生よ？」元夫「え？」実は...
1,502,189,Abigail Zev,https://www.youtube.com/channel/UCY6UyFBIk69QFXhMHmo9dWw,https://www.youtube.com/watch?v=tSiLunbAQbw,100%,1 年前,0,https://www.youtube.com/watch?v=5aFfHFGkhME,40000,【スカッとする話】亡くなった母から相続した3億円の豪邸を勝手に義両親の名義に変更した夫「家は両親に譲るw逆らったら離婚ｗ」私「いいけど後悔するよ？」夫「うるせぇバーカw」→翌日w
1,503,190,Alexis Dax,https://www.youtube.com/channel/UCcxJzIDFT60xAOJXAQWTnCA,https://www.youtube.com/watch?v=uK7iCE5OgO0,100%,1 年前,0,https://www.youtube.com/watch?v=Egtv-lgcHl8,100000,【スカッとする話】私が宝くじで12億当てたと知らず愛人と再婚した銀行員の夫「仕事もしない役立たずは離婚w」私「いいよ！」離婚後、夫の銀行へ→私「12億円取りに来ました！」
1,504,190,Alexis Dax,https://www.youtube.com/channel/UCcxJzIDFT60xAOJXAQWTnCA,https://www.youtube.com/watch?v=vehxX1Xiyeo,100%,1 年前,0,https://www.youtube.com/watch?v=-6FQp239DDE,41000,【スカッとする話】事故で緊急搬送された夫の見舞いに来た不思議な力を持つ6歳の姪「おじさんが押し入れの中見てって」 家に帰り確認すると衝撃の事実に戦慄→慌てて警察に駆け込み...
1,505,190,Alexis Dax,https://www.youtube.com/channel/UCcxJzIDFT60xAOJXAQWTnCA,https://www.youtube.com/watch?v=xxRSEY64Kkc,100%,1 年前,0,https://www.youtube.com/watch?v=KyZqEQsQCrs,26000,【スカッとする話】法事中にペットカメラを確認すると、私の寝室で夫と姉が真っ最中…両家親族一同を車に乗せて現場に突撃してやった結果w
1,506,191,COLORS DECEIVE,https://www.youtube.com/channel/UCytiIFYh1eDwUeCeeUdLqZQ,https://www.youtube.com/watch?v=-y-Wocuo5FY,100%,2 年前,4734,https://www.youtube.com/watch?v=U9HQWEyzPVc,64000,【スカッとする話】11億の資産を築いた父の葬儀後に夫が突然「父さんの遺産いくらあるんだ？w」私「3億通帳に入れてるよ」翌朝、離婚届けを置き通帳と印鑑を盗んだ夫が家に来て「あ、あの通帳って」
1,507,191,COLORS DECEIVE,https://www.youtube.com/channel/UCytiIFYh1eDwUeCeeUdLqZQ,https://www.youtube.com/watch?v=-xUxVxpfCjI,100%,2 年前,1127,https://www.youtube.com/watch?v=Z7gS0PmgiuQ,26000,【スカッとする話】夫が突然ビールをぶっかけ、夫「俺のおかげで暮らせてる寄生虫が…文句あるなら離婚して出て行け！」私「わかりました…」3日後、夫からの鬼電を全無視した結果w
1,508,191,COLORS DECEIVE,https://www.youtube.com/channel/UCytiIFYh1eDwUeCeeUdLqZQ,https://www.youtube.com/watch?v=PKF3AjaFUZk,100%,2 年前,1314,https://www.youtube.com/watch?v=L7V4moDtbKk,37000,【スカッとする話】夫と姉夫婦4人で高級寿司屋に行くと、夫「義姉さんは妊娠中だからダメ」私・姉夫「え？そうなの？」夫「...」実は...【修羅場】
1,509,192,Deadpool Lool,https://www.youtube.com/channel/UCCDbYtkLVK6W2f4MG5hSuBQ,https://www.youtube.com/watch?v=GjpUgWtbedo,100%,2 年前,0,https://www.youtube.com/watch?v=Hdd6qR2k6_Q,40000,【スカッとする話】K察「お宅の旦那がﾀﾋにそうです！至急現場に来て下さい！」私「え？」親族全員を呼び現場に駆けつけた結果w
1,510,192,Deadpool Lool,https://www.youtube.com/channel/UCCDbYtkLVK6W2f4MG5hSuBQ,https://www.youtube.com/watch?v=20orQF9vuxE,100%,2 年前,2,https://www.youtube.com/watch?v=Hz4K1hCagS8,62000,【スカッとする話】23歳の新入社員を妊娠させた56歳の会社社長の夫「社員を妊娠させたからお前とは離婚w社長夫人の座はあの子に譲るからw」2人は盛大に海外で挙式し2週間後→私「黙ってたけど彼女...」
1,511,192,Deadpool Lool,https://www.youtube.com/channel/UCCDbYtkLVK6W2f4MG5hSuBQ,https://www.youtube.com/watch?v=gKvYOjL-TSQ,100%,2 年前,1,https://www.youtube.com/watch?v=jA4TTTeqo-M,120000,【スカッとする話】私が年商500億の社長と知らない夫「時給941円の底辺は出てけw」連れ子「役立たずの母親バイバイw」私「じゃあ出ていきます」１ヶ月後、涙を流した夫から鬼電がw
1,512,193,Heidi Judge,https://www.youtube.com/channel/UCUinF1LRXZ039lhfwhchH-A,https://www.youtube.com/watch?v=4FfLOEGkhg4,100%,2 年前,0,https://www.youtube.com/watch?v=IaHdv7dT6Sc,120000,【スカッとする話】18年間家賃を払ってきた私を罵倒する夫と連れ子「月10万の家賃程度で偉そうにw」夫「支払い止めてみろw」私「喜んで」3ヶ月後w
1,513,193,Heidi Judge,https://www.youtube.com/channel/UCUinF1LRXZ039lhfwhchH-A,https://www.youtube.com/watch?v=0t-40raOuRA,100%,2 年前,0,https://www.youtube.com/watch?v=yefpSXnGZOg,150000,【スカッとする話】私名義の新築戸建と知らず里帰り出産で我が家に来た娘「母さんの部屋は私が使うw」夫「お前は車で寝てろw」私「わかりました...」→キレた私が家を売り払うと...w
1,514,193,Heidi Judge,https://www.youtube.com/channel/UCUinF1LRXZ039lhfwhchH-A,https://www.youtube.com/watch?v=sJIroWf5HmQ,100%,1 年前,468,https://www.youtube.com/watch?v=Tm9DKLFF30M,250000,【スカッとする話】私が余命半年と聞いて愛人と豪遊しはじめた夫「いつまで生きてるの？w」 私「余命なのはあなただよ？」後日、半狂乱の夫が...【修羅場】【スカッと】
1,515,194,Joe Perry,https://www.youtube.com/channel/UCUDLjmHB0rs4nKGT_byCePg,https://www.youtube.com/watch?v=WFoqmAQR0hA,100%,2 年前,0,https://www.youtube.com/watch?v=FYnOSSomStE,49000,【スカッとする話】35年間連れ添った夫と離婚すると夫「家も貯金も退職金も俺が貰う！お前は施設でも入れw」私「承知しました…」1億の超高級施設に入った結果w
1,516,194,Joe Perry,https://www.youtube.com/channel/UCUDLjmHB0rs4nKGT_byCePg,https://www.youtube.com/watch?v=f-oxtLY5Fcc,100%,2 年前,0,https://www.youtube.com/watch?v=uYHfF8rKZnA,160000,【スカッとする話】娘の結婚式後、礼服を投げつけた夫「おい奴隷！クリーニング出しとけ！」なぜかポケットに記入済みの離婚届…私「出せって事だし出しとこ！」速役所に提出し引っ越した結果w
1,517,194,Joe Perry,https://www.youtube.com/channel/UCUDLjmHB0rs4nKGT_byCePg,https://www.youtube.com/watch?v=kOJVUmXpDFs,100%,2 年前,0,https://www.youtube.com/watch?v=og8_GjJd8PU,13000,【スカッとする話】夫婦の結婚記念日に財布を持たず便乗する長男嫁「今回もゴチになりますw」夫「今回は俺の両親も来るよw」私「どうぞ、今日で最後なので」嫁・夫「は？」
1,518,195,Kaopsi Ntidri,https://www.youtube.com/channel/UCH-hxAsQa_LYllj3h6_j3eA,https://www.youtube.com/watch?v=M_1I3K11wNQ,100%,1 年前,1,https://www.youtube.com/watch?v=yjvtXiMQodc,61000,【スカッとする話】連れ子に初孫が生まれ出産祝いに行くと私だけ席が無い…連れ子「家族の席しか無いよw」夫「…帰るぞ」私「...はい」次の瞬間、連れ子に大惨事がw
1,519,195,Kaopsi Ntidri,https://www.youtube.com/channel/UCH-hxAsQa_LYllj3h6_j3eA,https://www.youtube.com/watch?v=lxUeGuXOTbc,100%,1 年前,0,https://www.youtube.com/watch?v=w0_-BgUpgXI,48000,【スカッとする話】公園で10年前に医者の婚約者を奪われ絶縁した姉と再会。姉「あんたまだ子無しなの？孫も見せれない不良品ねw」私「うちの子はそこ居るよ？」直後、姉はガクガク震えだし…
1,520,195,Kaopsi Ntidri,https://www.youtube.com/channel/UCH-hxAsQa_LYllj3h6_j3eA,https://www.youtube.com/watch?v=aAFI-MhWykU,100%,1 年前,0,https://www.youtube.com/watch?v=aQpyR3G6AWI,58000,【スカッとする話】医者の長男の招待でハワイ旅行へ行くと、長男嫁「息子の金で贅沢するなw貧乏なジジババは帰れw」私「じゃ帰ろっか...」夫「だな」速攻で帰った結果w
1,521,196,Maisie Lyric,https://www.youtube.com/channel/UCZOrmIrIIIvGK7hhRVUgmfw,https://www.youtube.com/watch?v=XVsoNHZRhWA,100%,1 年前,0,https://www.youtube.com/watch?v=1THk2u4bt3s,53000,【スカッとする話】長男嫁との同居を勝手に決める夫「長男夫婦の荷物届いただろ？何処にある？」 私「送り返したから無いわよ。私が引っ越そうか？」夫「え？」 結果w【修羅場】
1,522,196,Maisie Lyric,https://www.youtube.com/channel/UCZOrmIrIIIvGK7hhRVUgmfw,https://www.youtube.com/watch?v=-3i13IJut2k,99%,1 年前,0,https://www.youtube.com/watch?v=SA1PcWksbus,38000,【スカッとする話】5歳の娘の病気が判明した途端、私と娘を捨て愛人と消えた夫。9年後、娘のある秘密を知ると夫「迎えに来たぞ！パパと帰ろう」娘「え？誰このおじさん」夫「え？」
1,523,196,Maisie Lyric,https://www.youtube.com/channel/UCZOrmIrIIIvGK7hhRVUgmfw,https://www.youtube.com/watch?v=rVLC4igdnlc,98%,1 年前,3,https://www.youtube.com/watch?v=qg4aYM5y7fM,52000,【スカッとする話】姉の夫を奪った親友と４年ぶりに再会。元親友「子供出来たからお祝いに30万頂戴ｗ」元姉夫「アイツと違って美人生まれそうｗ」私「あ、実はその子なんだけど…」私の一言で2人は右往左往し
1,524,197,Moss Izaiah,https://www.youtube.com/channel/UC5lpBbEgjn9jwhdAyBjFswQ,https://www.youtube.com/watch?v=CIqNUjURwD0,100%,1 年前,0,https://www.youtube.com/watch?v=4cntzQ0KsAA,130000,【スカッとする話】妹の出産祝いに義両親と行くと、夫「俺も自分の子供欲しいな」私「え？何言ってるの？目の前にいるじゃない」義母と義父「は？」二人がブチギレ
1,525,197,Moss Izaiah,https://www.youtube.com/channel/UC5lpBbEgjn9jwhdAyBjFswQ,https://www.youtube.com/watch?v=83wz2OFoBuo,98%,1 年前,0,https://www.youtube.com/watch?v=St5t2rltjZE,96000,【スカッとする話】夫が突然、姉と姪の大量の荷物を送ってきて、夫「姉と姪の荷物は届いた？今日から二人は俺達が養う！」私「うん、荷物届いて私も今新居に引越した所！」夫「え？新居？」結果w
1,526,197,Moss Izaiah,https://www.youtube.com/channel/UC5lpBbEgjn9jwhdAyBjFswQ,https://www.youtube.com/watch?v=p5AGY_8Onno,97%,1 年前,0,https://www.youtube.com/watch?v=dteWMwt6L4Y,32000,【スカッとする話】旦那の出世祝いに贈ったネクタイを即行で捨てた夫「安物のゴミはいらん！」私「ちゃんと中、確認した？」夫「え？」実は...
1,527,198,Prime Stories,https://www.youtube.com/channel/UCmzQkoRLdndquRvLDr2uSJg,https://www.youtube.com/watch?v=DExd1MasPGM,100%,2 か月前,12,https://www.youtube.com/watch?v=p4pyD9SD1Tk,81000,【スカッとする話】義両親に蹴られ骨折した私に夫「寝かせとけば治るw」翌日、病室に嘲笑いに来た義家族「あれ、嫁は？w」医師「警察署です」義家族「え？」【朗読】【スカッと】
1,528,198,Prime Stories,https://www.youtube.com/channel/UCmzQkoRLdndquRvLDr2uSJg,https://www.youtube.com/watch?v=3kDilLfB3jI,100%,3 か月前,22,https://www.youtube.com/watch?v=NTuf2k99EWQ,270000,【スカッとする話】体調不良でパートを早退し家に帰ると夫が親友と真っ最中...コッソリ二人の動画を撮影し親友の夫に送ってやった結果w
1,529,198,Prime Stories,https://www.youtube.com/channel/UCmzQkoRLdndquRvLDr2uSJg,https://www.youtube.com/watch?v=czDbOrMm4kc,95%,5 か月前,28,https://www.youtube.com/watch?v=ggQWFYLMQqE,430000,【スカッと総集編】長男の結婚式前夜、ペットカメラを確認すると誰もいないはずの寝室で夫と長男嫁が真っ最中…音量を最大にして式場で実況中継してやった結果w【修羅場】
1,530,199,Quyen Nguyen,https://www.youtube.com/channel/UCESw5LoWhPBhI-XhRGuytig,https://www.youtube.com/watch?v=RlS-DL5fpu8,91%,7 か月前,0,https://www.youtube.com/watch?v=5OeuGN05XeY,14000,【スカッとする話】ハワイ旅行中の夫から突然の連絡「女子大生の愛人と再婚するから離婚でwガキ連れて家から出ていけw」私「もう娘と引越し済みだけど？」夫「え？」結果w
1,531,199,Quyen Nguyen,https://www.youtube.com/channel/UCESw5LoWhPBhI-XhRGuytig,https://www.youtube.com/watch?v=f7e5KCxDAyQ,91%,7 か月前,0,https://www.youtube.com/watch?v=5OeuGN05XeY,14000,【スカッとする話】ハワイ旅行中の夫から突然の連絡「女子大生の愛人と再婚するから離婚でwガキ連れて家から出ていけw」私「もう娘と引越し済みだけど？」夫「え？」結果w
1,532,199,Quyen Nguyen,https://www.youtube.com/channel/UCESw5LoWhPBhI-XhRGuytig,https://www.youtube.com/watch?v=jxlQBIId26o,89%,7 か月前,0,https://www.youtube.com/watch?v=JwCyMTMKqaI,26000,【スカッとする話】初孫を見に来た義両親を迎えに行くと、義母「何このボロいミニバンwハイヤーでも用意しなさいよw」私「では歩いて来てください」置き去りにして発車した結果w【朗読】
1,533,200,Ryleigh Kathleen,https://www.youtube.com/channel/UCmHfO5yrYFjsYslb7ehEZjg,https://www.youtube.com/watch?v=5OBI9yhO3Lw,100%,1 年前,1,https://www.youtube.com/watch?v=EJjcsX_1CGg,22000,【スカッとする話】大好きな母が73歳で他界。葬儀中、長男嫁から鬼電「明日は私の結婚式の日よ！今すぐ帰って準備しろ！」私「はい..」泣きながら帰るとなぜかボコボコになった嫁が待っていて...w【修羅場】
1,534,200,Ryleigh Kathleen,https://www.youtube.com/channel/UCmHfO5yrYFjsYslb7ehEZjg,https://www.youtube.com/watch?v=Sqjfk8mqkF0,100%,1 年前,0,https://www.youtube.com/watch?v=uSa9TRN9UTA,44000,【スカッとする話】長男夫婦「ババァは口を開くな！」食事さえ許されずガリガリの私…久々に帰国した次男「母さんは食べないの？」私「いつもの事よ…」次男「は？」その後..【修羅場】
1,535,200,Ryleigh Kathleen,https://www.youtube.com/channel/UCmHfO5yrYFjsYslb7ehEZjg,https://www.youtube.com/watch?v=76yuFVnygb0,77%,1 年前,0,https://www.youtube.com/watch?v=fu-ITgtPXqY,150000,【スカッとする話】夫がくれた出産プレゼントのベビー服を即行で捨てた私。義両親「何て事を！謝りなさい！」私「タグ、見ました？」プレゼントを見ると義両親が震え出し...【スカッと】
1,536,201,Sasha Shevchenko,https://www.youtube.com/channel/UCOgrtJldEC9BQW44SAV0z2Q,https://www.youtube.com/watch?v=HlGHYRCkmJg,100%,2 年前,2,https://www.youtube.com/watch?v=24r-JE4M58Y,63000,【スカッとする話】夫と姉が温泉旅行中、交通事故で半身不随に。夫「2人の面倒は宜しくな！」私「え？姉さんに頼みなよ！」直後、隣に姉が運ばれ叫んだ→だってその女は..
1,537,201,Sasha Shevchenko,https://www.youtube.com/channel/UCOgrtJldEC9BQW44SAV0z2Q,https://www.youtube.com/watch?v=srWT8bdDQH0,100%,2 年前,1,https://www.youtube.com/watch?v=riN31j1iV0Q,43000,【スカッとする話】高熱のため弁当に冷凍食品を入れると花瓶を投げてきた夫の連れ子「パパの寄生虫が家事サボるなw」間一髪避けると後ろから大声が→振り返ると鬼の形相の夫が...
1,538,201,Sasha Shevchenko,https://www.youtube.com/channel/UCOgrtJldEC9BQW44SAV0z2Q,https://www.youtube.com/watch?v=9Pm44yhoIHw,97%,2 年前,0,https://www.youtube.com/watch?v=qHEtxZ99tkg,62000,【スカッとする話】家のローンを返済している私に夫の連れ子「婚約者と同居するから出てけw」婚約者「ローン6万は俺達が払うよｗ」→私「じゃあ出てく（ローン60万だけどw）」名義を連れ子に変更し引越した結果
1,539,202,Teresa Edward,https://www.youtube.com/channel/UCpiccVqO66rV_6PR-YM4yLQ,https://www.youtube.com/watch?v=A6usr1tfHTw,100%,1 年前,0,https://www.youtube.com/watch?v=cuZyDAiF8Js,65000,【スカッとする話】私を育てるため大学を退学した母と結婚挨拶に行くと、母にお茶をぶっかけた義両親「高卒の母親？w婚約は破棄でw」直後、普段温厚な母が立ち上がり、母「じゃ、あんたの会社潰すわね」
1,540,202,Teresa Edward,https://www.youtube.com/channel/UCpiccVqO66rV_6PR-YM4yLQ,https://www.youtube.com/watch?v=PhBAE0wcPwI,100%,1 年前,0,https://www.youtube.com/watch?v=OaIj_8vvCdo,28000,【スカッとする話】深夜に母が倒れ夫と病院へ...私「急いで車出して！」夫「...はーい」だが、なぜか道中の海岸で置き去りに、夫「俺様に命令した罰だw」3時間後、病院に着くと血だらけの夫がw
1,541,202,Teresa Edward,https://www.youtube.com/channel/UCpiccVqO66rV_6PR-YM4yLQ,https://www.youtube.com/watch?v=Ghdnq_wvq80,100%,1 年前,0,https://www.youtube.com/watch?v=8a9QMDUv9kk,76000,【スカッとする話】長男夫婦が他界し孫を育てる私に夫「あのガキども迷惑だったんだよなw」親友「アンタの金持ち旦那もらうわw」ボロボロの私に孫「ばあちゃん良かったね！だってあの人...」
1,542,203,Thao Nghiem,https://www.youtube.com/channel/UCwF9VMiXEEEnyBLU70odmIQ,https://www.youtube.com/watch?v=tzJlCkrSYVk,100%,1 年前,0,https://www.youtube.com/watch?v=MwADfvlYVM8,64000,【スカッとする話】ある日突然、激怒した夫「息子夫婦への仕送り10万はどこだ！息子嫁さんガリガリだったぞ！」私「息子嫁の通帳見た？」夫「は？通帳？」結果ｗ【修羅場】【スカッと】
1,543,203,Thao Nghiem,https://www.youtube.com/channel/UCwF9VMiXEEEnyBLU70odmIQ,https://www.youtube.com/watch?v=j5vnLJth_OM,100%,1 年前,0,https://www.youtube.com/watch?v=bpB9XpndhCk,35000,【スカッとする話】私と夫の事が大嫌いな息子夫婦と高級旅館へ行くと私達だけ予約がない。息子「予約忘れたw財布おいて帰れw」夫「いいけど後悔するぞ？」息子嫁「するかw」3時間後w【修羅場】【スカッと】
1,544,203,Thao Nghiem,https://www.youtube.com/channel/UCwF9VMiXEEEnyBLU70odmIQ,https://www.youtube.com/watch?v=vosW3Vm18gw,100%,1 年前,3,https://www.youtube.com/watch?v=0sVwSDIsx5c,41000,【スカッとする話】夫が誕生日に愛人と温泉旅行。夫「ケーキ？ゴミは捨てといて」私「わかった、ゴミは捨てておくね…」夫の大事なアレもコレも捨てた結果w【修羅場】
1,545,204,deathale1234,https://www.youtube.com/channel/UCODd8hU5i9vBxy9CH0uCpCw,https://www.youtube.com/watch?v=ir9HYti65ps,100%,2 年前,49,https://www.youtube.com/watch?v=jpA_PiL1qKA,31000,【スカッとする話】私「もう限界！実家に帰ります！」実家帰省した私が家に帰ると私「ただい...ま？」机の上に記入済みの離婚届が...私「出せっていうから提出しよw」大喜びで市役所へ行った結果w
1,546,204,deathale1234,https://www.youtube.com/channel/UCODd8hU5i9vBxy9CH0uCpCw,https://www.youtube.com/watch?v=HfgJfoQkZNI,100%,2 年前,3,https://www.youtube.com/watch?v=NW2djFvCjds,130000,【スカッとする話】同居中の父が亡くなった瞬間、突然我が家に引っ越してきた義両親「他人は今すぐ出てけw」それを聞いた夫が血相を変えて、夫「お、お袋知らないのか？」
1,547,204,deathale1234,https://www.youtube.com/channel/UCODd8hU5i9vBxy9CH0uCpCw,https://www.youtube.com/watch?v=KEe65bfB-ss,100%,2 年前,4,https://www.youtube.com/watch?v=RWD2prHXals,28000,【スカッとする話】破水し病院へ行く私を山に置き去りにし夫と旅行に行った連れ子の娘「私からパパを奪った罰よw」2時間後、陣痛で苦しむ私に半狂乱の娘から鬼電→私「あんた誰？」
1,548,205,ijustwant1song,https://www.youtube.com/channel/UCvT840gpd08NuXbazRpVtKQ,https://www.youtube.com/watch?v=4i8vWun_roY,100%,2 年前,2,https://www.youtube.com/watch?v=jwP1fK1sfSY,50000,【スカっとする話】夫の浮気が発覚すると夫の連れ子「パパと新しいママと暮らす！偽物は離婚して出てけ！」1年後、笑顔で再会した娘に私「あんた誰？」娘「は？」
1,549,205,ijustwant1song,https://www.youtube.com/channel/UCvT840gpd08NuXbazRpVtKQ,https://www.youtube.com/watch?v=EuvdmM4qE7s,100%,2 年前,13,https://www.youtube.com/watch?v=wrHN2CzECxg,52000,【スカッとする話】夫のドナーとなり臓器提供した私が癌で入院中、私を捨て職場の社長令嬢と駆け落ちした夫「新しい嫁見つけたから離婚なｗ」3ヶ月後、半狂乱の夫が家に来ると私「...あんた誰？」
1,550,205,ijustwant1song,https://www.youtube.com/channel/UCvT840gpd08NuXbazRpVtKQ,https://www.youtube.com/watch?v=UGkdtCVwDP4,98%,2 年前,2,https://www.youtube.com/watch?v=St5t2rltjZE,96000,【スカッとする話】夫が突然、姉と姪の大量の荷物を送ってきて、夫「姉と姪の荷物は届いた？今日から二人は俺達が養う！」私「うん、荷物届いて私も今新居に引越した所！」夫「え？新居？」結果w
1,551,206,Иван Чащин,https://www.youtube.com/channel/UCHNAgyOXgAIoWdsoC0DoD7A,https://www.youtube.com/watch?v=XD646JPFOmI,100%,2 年前,0,https://www.youtube.com/watch?v=xXK3qelM39I,32000,【スカッとする話】私が余命3ヵ月と聞いて豪遊する夫「お前いつまで生きてんだ？w」連れ子「早く保険金になれババァｗ」私「え？余命は夫だよ？」→夫と連れ子は顔面蒼白にw
1,552,206,Иван Чащин,https://www.youtube.com/channel/UCHNAgyOXgAIoWdsoC0DoD7A,https://www.youtube.com/watch?v=JOivnLwbkHc,100%,2 年前,0,https://www.youtube.com/watch?v=2l9EasURZEk,59000,【スカッとする話】夫と連れ子（娘）に10年間嫌われ続けた母親の私。耐えれず新居に引越すと5年後...夫「娘が結婚する！式に来い！」私「はい」新郎側で参列すると→夫・連れ子「え？」
1,553,206,Иван Чащин,https://www.youtube.com/channel/UCHNAgyOXgAIoWdsoC0DoD7A,https://www.youtube.com/watch?v=TD_4EjdYb4Y,100%,2 年前,0,https://www.youtube.com/watch?v=wA9U9cdmjks,82000,【スカッとする話】義実家の新築祝いに行くと私だけカップ麺が出てきた...義両親「家族分しかありませんw」夫「...帰るか」私「はい」直後、義両親に大惨事がw
1,554,207,Иван Ясковец,https://www.youtube.com/channel/UCoFB8_Mt9LLRzeHAvFDTS8w,https://www.youtube.com/watch?v=T1jN_p9JjdU,100%,2 年前,0,https://www.youtube.com/watch?v=1x0fOeyOJvk,25000,【スカッとする話】右半身不随の私の杖を笑い崖から放り投げた夫の連れ子「帰って来なくていいよw」私は必死に帰ろうとしたが山で遭難。翌日、テレビを見た連れ子は震えだし…
1,555,207,Иван Ясковец,https://www.youtube.com/channel/UCoFB8_Mt9LLRzeHAvFDTS8w,https://www.youtube.com/watch?v=w02J6N4tdIg,100%,2 年前,1,https://www.youtube.com/watch?v=vbsz3cayknQ,51000,【スカッとする話】私が義父の入院費の為に仕送りしてると知らず私の荷物を全て捨てた同居の義母「寄生虫は出てけw」私「はーい」義母を残し新居に引越し義父への仕送りも止めた結果w
1,556,207,Иван Ясковец,https://www.youtube.com/channel/UCoFB8_Mt9LLRzeHAvFDTS8w,https://www.youtube.com/watch?v=_0fo2pPyt0o,100%,2 年前,0,https://www.youtube.com/watch?v=cTN_RwieuPw,190000,【スカッとする話】女手一つで育てた娘の結婚挨拶で婚約者の実家へ行くと私だけカップ麺…義両親「新しい家族の皆で食べましょw」娘「…帰ろう」私「うん」3分後、義家族は全てを失う結果にw
1,557,208,Настя Ильина - Рассказы,https://www.youtube.com/channel/UCcJI2ORoHDdm5aNY2kHTRLA,https://www.youtube.com/watch?v=EdzEzGkqUFI,100%,2 年前,0,https://www.youtube.com/watch?v=Ytsl1wBGo3A,27000,【スカッとする話】夫の幼馴染「夫君の子供妊娠しちゃったw不妊女は離婚して出てけ」夫「家と車は俺が貰うからなw」私「いいよ、はい離婚届！」2週間後、夫と幼馴染から鬼電がw
1,558,208,Настя Ильина - Рассказы,https://www.youtube.com/channel/UCcJI2ORoHDdm5aNY2kHTRLA,https://www.youtube.com/watch?v=bjC8csC-Ew0,100%,2 年前,0,https://www.youtube.com/watch?v=SsTnEXgWzwI,140000,【スカッとする話】私が年商1500億の社長と知らず夫を奪った夫の幼馴染「もやし生活頑張ってねw」後日、示談交渉で夫が大爆笑「貧乏生活は俺達の方だぞ？」幼馴染「は？」実は...
1,559,208,Настя Ильина - Рассказы,https://www.youtube.com/channel/UCcJI2ORoHDdm5aNY2kHTRLA,https://www.youtube.com/watch?v=WteBAWWyq8E,100%,2 年前,0,https://www.youtube.com/watch?v=reFrC-La47k,60000,【スカッとする話】38歳の私と新生児を捨て若い女と再婚した夫と別れ3年後、義両親から突然の電話「旦那の葬式なのに喪主は早く来い！」私「元夫の葬儀は去年出ましたが？」義両親「はい？」
1,560,209,Роман Дикарев,https://www.youtube.com/channel/UCcbqVxh1wFD8g_irAgLC1oA,https://www.youtube.com/watch?v=MF012TmtZyA,100%,2 年前,0,https://www.youtube.com/watch?v=g4FVXeIsDTQ,140000,【スカッとする話】夫を略奪した姉から結婚式の招待状が届くと、父「母さんと2人で行くよ」母「地獄を見せてくるわね」普段温厚な両親がこの後...w
1,561,209,Роман Дикарев,https://www.youtube.com/channel/UCcbqVxh1wFD8g_irAgLC1oA,https://www.youtube.com/watch?v=2NnjfMD7Uzs,100%,2 年前,0,https://www.youtube.com/watch?v=SsTnEXgWzwI,140000,【スカッとする話】私が年商1500億の社長と知らず夫を奪った夫の幼馴染「もやし生活頑張ってねw」後日、示談交渉で夫が大爆笑「貧乏生活は俺達の方だぞ？」幼馴染「は？」実は...
1,562,209,Роман Дикарев,https://www.youtube.com/channel/UCcbqVxh1wFD8g_irAgLC1oA,https://www.youtube.com/watch?v=OyMbh5Lwmzk,100%,2 年前,0,https://www.youtube.com/watch?v=reFrC-La47k,60000,【スカッとする話】38歳の私と新生児を捨て若い女と再婚した夫と別れ3年後、義両親から突然の電話「旦那の葬式なのに喪主は早く来い！」私「元夫の葬儀は去年出ましたが？」義両親「はい？」
1,563,210,блокада ют,https://www.youtube.com/channel/UCT_n7s2AttSwxjbSUBzn3ww,https://www.youtube.com/watch?v=lJEJhD64tAM,100%,2 年前,150,https://www.youtube.com/watch?v=Ltedq0Li5TU,34000,【スカッとする話】給料日に3万しかくれない夫「同僚はこれで生活できてるって！1円もいれてないのに文句言うな！」私「毎月20万家に入れてるよ」夫「え？」結果w
1,564,210,блокада ют,https://www.youtube.com/channel/UCT_n7s2AttSwxjbSUBzn3ww,https://www.youtube.com/watch?v=b9FLGC335LY,100%,2 年前,470,https://www.youtube.com/watch?v=faMNblUzAj0,47000,【スカッとする話】夫の社長退任祝いで、夫「好きな人ができた。離婚してくれ」私「いいよ！はい、離婚届」離婚後、夫と再婚した20歳の新入社員に私「あ、言い忘れてたけど…」ある事実を告げると2人は発狂し..
1,565,210,блокада ют,https://www.youtube.com/channel/UCT_n7s2AttSwxjbSUBzn3ww,https://www.youtube.com/watch?v=QoOkIDHiM0M,100%,2 年前,274,https://www.youtube.com/watch?v=86aMjG9EbpY,44000,【スカッとする話】夫と義両親に招待されハワイ旅行に行くと、なぜか私だけ別のホテルに案内。受付「今すぐ逃げて下さい！」明かされた真実を知り私は慌ててホテルを飛び出し...
1,566,211,おばあちゃんの仔猫,https://www.youtube.com/channel/UCcUo6vGhG3EeULBxinbg7Eg,https://www.youtube.com/watch?v=w6Ti7LMl-bg,97%,2 か月前,1692,https://www.youtube.com/watch?v=tfbycPtFjbg,170000,【スカッとする話】義母を10年介護している私に夫「離婚してくれ…老後もお前と一緒は無理…」私「じゃあ介護と嫁辞めるね」即離婚して沖縄に引越すと夫から鬼電→携帯解約し永久に無視した結果w【朗読】
1,567,211,おばあちゃんの仔猫,https://www.youtube.com/channel/UCcUo6vGhG3EeULBxinbg7Eg,https://www.youtube.com/watch?v=xzYzPhrWFxg,97%,1 か月前,4366,https://www.youtube.com/watch?v=tfbycPtFjbg,170000,【スカッとする話】義母を10年介護している私に夫「離婚してくれ…老後もお前と一緒は無理…」私「じゃあ介護と嫁辞めるね」即離婚して沖縄に引越すと夫から鬼電→携帯解約し永久に無視した結果w【朗読】
1,568,211,おばあちゃんの仔猫,https://www.youtube.com/channel/UCcUo6vGhG3EeULBxinbg7Eg,https://www.youtube.com/watch?v=qI94c3s0bvQ,96%,1 か月前,15680,https://www.youtube.com/watch?v=AdhCK-BGvg4,130000,【スカッとする話】年末に息子夫婦が泊まりにくると、深夜に夫が突然私を裏口に…夫「今のうちに家から出よう」私「え？年越しそば食べないの？」夫「お前気づいてないのか？」【朗読】【スカッと】
1,569,212,キミに感動を届けたい,https://www.youtube.com/channel/UC7VlAEb46vAJ3augJyf1J5A,https://www.youtube.com/watch?v=7_Rpn1Zoxa4,98%,1 年前,1,https://www.youtube.com/watch?v=ZQpFSTa8aRk,130000,【スカッとする話】勝手に離婚届を提出した夫「離婚届出しておいたぞw」愛人「1週間で出て行けw」私「いや、今すぐ出てくわ」3秒で出ていくと夫から鬼電がw
1,570,212,キミに感動を届けたい,https://www.youtube.com/channel/UC7VlAEb46vAJ3augJyf1J5A,https://www.youtube.com/watch?v=aUzuUJszIOo,97%,1 年前,0,https://www.youtube.com/watch?v=Y2GawdK7Q9E,100000,【スカッとする話】長男夫婦に初孫が生まれ出産祝いに行くと長男嫁「二人は汚いので床でいいですか？w」長男「ジジババは段ボールの上でw」夫「...帰るか」私「うん」速帰宅し→永久に無視した結果w
1,571,212,キミに感動を届けたい,https://www.youtube.com/channel/UC7VlAEb46vAJ3augJyf1J5A,https://www.youtube.com/watch?v=T3RVpBSYO_w,97%,1 年前,0,https://www.youtube.com/watch?v=mRlS0rHQ-lY,120000,【スカッとする話】夫「引越しは済んだか？」私「今日中に出ていくわ」ATM扱いされ家を追い出された私。1ヶ月後、夫が血相を変えて鬼電してきて...【修羅場】
1,572,213,スカッとLine御殿,https://www.youtube.com/channel/UC49ZitLkfZEIdDQQgBwJ2pw,https://www.youtube.com/watch?v=R-CoZm6nrb4,90%,3 年前,14068,https://www.youtube.com/watch?v=WGZlqIy1Ilk,210000,【スカッとする話】夫が土下座で「20歳年下の彼女が妊娠したから離婚してくれ」私「はい、離婚届け。長男以外は連れていくね」夫「は？長男も連れていけよ」私「それは無理、だってこの子は…」【スカッと】
1,573,213,スカッとLine御殿,https://www.youtube.com/channel/UC49ZitLkfZEIdDQQgBwJ2pw,https://www.youtube.com/watch?v=6F7lfMGrS3o,81%,3 年前,25519,https://www.youtube.com/watch?v=JL2POxUZfHk,160000,【スカッとする話】私「実家に帰らせて頂きます」夫「じゃあ二度と戻ってくるな！離婚届書いてから行け！」即提出して父に報告すると慌てた夫から鬼電が...w【修羅場】【スカッと】
1,574,213,スカッとLine御殿,https://www.youtube.com/channel/UC49ZitLkfZEIdDQQgBwJ2pw,https://www.youtube.com/watch?v=NngL4w3R8Js,77%,3 年前,10820,https://www.youtube.com/watch?v=nhb1eCwozaM,160000,【スカッとする話】有名ピアニストであることを隠して生きてきた私。ある日、夫に連れられジャズバーへ。すると、店員「演奏者が...」非常事態発生し私と夫が手伝うとまさかの展開に…【スカッと】
1,575,214,スカッとじゃぱん,https://www.youtube.com/channel/UCRoM_0capkpqnX5D1Hnsrog,https://www.youtube.com/watch?v=8keOas6Pljg,100%,1 年前,0,https://www.youtube.com/watch?v=4b5aSGgqxqA,27000,【スカッとする話】新築の購入で夫と娘と契約へ行くとなぜか娘に強引に別室へ案内され、娘「逃げないとコロされる！」私「え？」理由を聞くと衝撃の事実に戦慄し私は娘とその場から逃げ出し...
1,576,214,スカッとじゃぱん,https://www.youtube.com/channel/UCRoM_0capkpqnX5D1Hnsrog,https://www.youtube.com/watch?v=8jlleYT957c,100%,1 年前,0,https://www.youtube.com/watch?v=BdYOORLJqp4,80000,【スカッとする話】里帰り出産で義実家に来た長男嫁「お義母さんは邪魔なんで物置小屋でお願いしますw」直後、私は無言で引越し業者に電話「では、私は引越しますね」長男嫁「え？」【修羅場】
1,577,214,スカッとじゃぱん,https://www.youtube.com/channel/UCRoM_0capkpqnX5D1Hnsrog,https://www.youtube.com/watch?v=M5GKvvwHUDA,100%,1 年前,0,https://www.youtube.com/watch?v=MTySh2E0WIk,28000,【スカッとする話】父の遺産を全て奪った長男夫婦「金無しババアは邪魔」母すらも家から追い出し怒り心頭の私に母が一言「あの子達、人生終わったわね」私「え？」実は…【修羅場】
1,578,215,スカッとチャンネルAK,https://www.youtube.com/channel/UCfHKNECvK1zRJ6OHkkbsPVQ,https://www.youtube.com/watch?v=vyt_cEOlsz8,85%,1 年前,25398,https://www.youtube.com/watch?v=DHYJxquv-sk,26000,【スカッとする話】母からのお年玉が姪には3万、私の息子はうまい棒1つだけ…母「中卒のバカ孫はそれで十分ｗ」キレた私は母のホーム代の振込停止→ついでに月15万の仕送りも止めるとw
1,579,215,スカッとチャンネルAK,https://www.youtube.com/channel/UCfHKNECvK1zRJ6OHkkbsPVQ,https://www.youtube.com/watch?v=Efv-NsbUZ4k,84%,1 年前,18824,https://www.youtube.com/watch?v=RNWUvpjXeTw,22000,【スカッと】私の子供が夫の上司と瓜二つ。夫「浮気してたな！離婚だ！」義母「アバズレは今すぐ出てけw」13年後、夫と義母と再会すると二人は半狂乱。だって娘は…
1,580,215,スカッとチャンネルAK,https://www.youtube.com/channel/UCfHKNECvK1zRJ6OHkkbsPVQ,https://www.youtube.com/watch?v=8e31QqOs2S4,83%,1 年前,11950,https://www.youtube.com/watch?v=tv7h3v6oq0w,63000,【スカッとする話】両親を理由に私を捨てた夫とスーパーで偶然再会。元夫「まだ独身？俺の嫁は美人で最高w」直後、元夫の嫁が私を見るとなぜか突然泣いて発狂し…
1,581,216,中山 さくら,https://www.youtube.com/channel/UC_mK6EZiU08H0hwcwnGg03g,https://www.youtube.com/watch?v=cduog1Eqaf0,100%,2 年前,1,https://www.youtube.com/watch?v=wJUURA3MikY,21000,【スカッとする話】私の入院中に愛人と浮気し妊娠を理由に離婚宣言する夫「家事サボる女とは離婚！慰謝料として家はオレ達が貰うw！」弁護士を交えて話し合い、2人をボコボコにした結果w【修羅場】【スカッと】
1,582,216,中山 さくら,https://www.youtube.com/channel/UC_mK6EZiU08H0hwcwnGg03g,https://www.youtube.com/watch?v=ZRQ9uW9BNIE,100%,2 年前,0,https://www.youtube.com/watch?v=BtA7JFMqk-Y,77000,【スカッとする話】誰もいないはずの家に戻ると私の部屋では夫と長男嫁が真っ最中...私は携帯を取り出し服を投げ捨て、義実家に実況中継してやった結果w【修羅場】【スカッと】
1,583,216,中山 さくら,https://www.youtube.com/channel/UC_mK6EZiU08H0hwcwnGg03g,https://www.youtube.com/watch?v=cEM5l4MG2sU,95%,2 年前,0,https://www.youtube.com/watch?v=XfgSGg9n2iM,17000,【スカッとする話】裕福な義家族と長男夫婦と高級料亭へ食事へ行くと長男嫁が私に「こんな見窄らしい人と一緒に食事は出来ない！帰って！w」→嫁の母「じゃあなた帰って」【修羅場】
1,584,217,人生のドラマ 5514,https://www.youtube.com/channel/UC7eOqdodeZBkzfF9V8A3Sgw,https://www.youtube.com/watch?v=NcSJjmTfmFw,100%,1 か月前,21,https://www.youtube.com/watch?v=SEynENllM3s,43000,【スカッとする話】残業で22時に帰宅すると、出されたのは食べかけのパン…義母「お前の面倒見るのやめた」私「OK、私は嫁をやめますw」【朗読】【スカッと】
1,585,217,人生のドラマ 5514,https://www.youtube.com/channel/UC7eOqdodeZBkzfF9V8A3Sgw,https://www.youtube.com/watch?v=4cQbhDSsuoA,100%,1 か月前,22,https://www.youtube.com/watch?v=79m-CwHxGq8,110000,【スカッとする話】夫と義実家までバスで向かうと降車直前、私の腕をつかんだ運転手「ここで降りたら終わるよ。次のバス停で逃げなさい」理由を知った私は血の気が引いて…【朗読】【スカッと】
1,586,217,人生のドラマ 5514,https://www.youtube.com/channel/UC7eOqdodeZBkzfF9V8A3Sgw,https://www.youtube.com/watch?v=SoxucntKO2c,93%,1 か月前,9,https://www.youtube.com/watch?v=fUpb642EsOE,27000,【スカッとする話】結婚式が終わった途端、夫「給料50万は全部ママに渡すw」義母「お前の稼ぎじゃないからw文句言うなよ」私「そっちもね」私も300万を渡さなかった結果w【朗読】【スカッと】
1,587,218,人生の交差点 5705,https://www.youtube.com/channel/UCV9MF-dfJIAj5e9adSavO3g,https://www.youtube.com/watch?v=66N_CJIQFH0,100%,2 週間前,0,https://www.youtube.com/watch?v=6K9d_wx44bY,25000,【スカッとする話】離婚したことを知らずに電話で夫「今ママとハワイ旅行中w300万振り込んどいてw」私「は？私は払わないよwだって…」夫「はい？」実はw【朗読】【スカッと】
1,588,218,人生の交差点 5705,https://www.youtube.com/channel/UCV9MF-dfJIAj5e9adSavO3g,https://www.youtube.com/watch?v=lvqDoxr9Vd4,100%,2 週間前,0,https://www.youtube.com/watch?v=qss9KoL5a0Q,72000,【スカッとする話】施設育ちで天涯孤独の私を家政婦扱いする夫と義妹。夫「逆らうなら離婚w消えろw」10分後、黒塗り高級車が次々に現れ→夫「え？」【朗読】【スカッと】
1,589,218,人生の交差点 5705,https://www.youtube.com/channel/UCV9MF-dfJIAj5e9adSavO3g,https://www.youtube.com/watch?v=eHiqEYyNVY4,96%,2 週間前,0,https://www.youtube.com/watch?v=FE65frGvzH0,47000,【スカッとする話】出産した姪の見舞いに行くと赤ちゃんの父親がまさかの夫…。私「お幸せに（何があってもね…）」帰宅した私は家を売払い更地にし→残高0円にして永久に姿を消すと…w【朗読】【スカッと】
1,590,219,人生の分かれ道4716,https://www.youtube.com/channel/UCeICrgMl03_lHG8LvJYPU_A,https://www.youtube.com/watch?v=h59OIBLcjb0,100%,3 週間前,0,https://www.youtube.com/watch?v=UUZxfE_gHw4,28000,【スカッとする話】200人が集まる兄の結婚式で院長夫人の義母が私に詰め寄り、義母「低学歴はお荷物！出てけw」直後、顔面蒼白で震える兄「お義母さん、妹は…」【朗読】【スカッと】
1,591,219,人生の分かれ道4716,https://www.youtube.com/channel/UCeICrgMl03_lHG8LvJYPU_A,https://www.youtube.com/watch?v=iA8BFY5ThKk,100%,2 週間前,0,https://www.youtube.com/watch?v=E3ZqmTv4Zk0,58000,【スカッとする話】事故で脳死と判定され、山奥の病院に捨てられた私。夫「今までお疲れさんw」夫が耳元で囁き部屋を出た瞬間、私はそっと立ち上がり…w【朗読】【スカッと】
1,592,219,人生の分かれ道4716,https://www.youtube.com/channel/UCeICrgMl03_lHG8LvJYPU_A,https://www.youtube.com/watch?v=_bY99k0dU6o,95%,2 週間前,0,https://www.youtube.com/watch?v=ScHjrNEgsdw,73000,【スカッとする話】私たち家族を結婚式に招待しない義母。義母「息子の式にお前ら家族は不要w」私「はーい」結婚式当日、黙って家族で沖縄旅行に行くと→義母から大量着信が…w【朗読】【スカッと】
1,593,220,人生の物語箱、他 2 チャンネル,,https://www.youtube.com/watch?v=4jj47ldJDS4,100%,1 か月前,7900,https://www.youtube.com/watch?v=blo_a56_T1U,370000,【スカッとする話】愛人に夫を奪われた私。2人「すまん、離婚してくれ…」離婚届が置かれた瞬間、即サインし夫を譲ると、相手弁護士がガタガタ震え出しw【朗読】【スカッと】
1,594,220,人生の物語箱、他 2 チャンネル,,https://www.youtube.com/watch?v=Ngu9GUME2YA,100%,2 日前,629,https://www.youtube.com/watch?v=Wobm7os3nrw,29000,【スカッとする話】夫と離婚してから8日後、VIP病室に入院した義母から電話。義母「入院費払っておいてね」私「無理です。だって…」直後、義母が暴れ出し…w【朗読】【スカッと】
1,595,220,人生の物語箱、他 2 チャンネル,,https://www.youtube.com/watch?v=_Z4dPGU5E-c,81%,1 日前,2256,https://www.youtube.com/watch?v=uz1Rgfr9Du0,35000,【スカッとする話】義父を介護して10年目、私が過労で倒れると夫「仮病はいいからw怠け者とは離婚で！」私「マジで？ありがとう！」【朗読】【スカッと】
1,596,221,人間模様の記録4926,https://www.youtube.com/channel/UCnD_7fuQhUby4AEJmhWasaQ,https://www.youtube.com/watch?v=ZzA0_sJeh6I,100%,1 か月前,65,https://www.youtube.com/watch?v=C6r_ataNQZU,180000,【スカッと総集編】起業した夫を支えてきた私を裏切った夫「21歳のバイトを妊娠させた！悪いが、離婚してくれ！」私「はーい、仕事も辞めるね！」夫「は？仕事は続けてくれよ」
1,597,221,人間模様の記録4926,https://www.youtube.com/channel/UCnD_7fuQhUby4AEJmhWasaQ,https://www.youtube.com/watch?v=2Jz9dwuyQ5E,100%,2 か月前,173,https://www.youtube.com/watch?v=yUWQozZU0zY,180000,【スカッと総集編】夫が亡くなった途端、我が家を勝手に解体した義両親「今日からうちで同居しろ！嫁は家政婦にしてやるw」それを聞いた私は大爆笑→私「アンタら知らないの？」実は...
1,598,221,人間模様の記録4926,https://www.youtube.com/channel/UCnD_7fuQhUby4AEJmhWasaQ,https://www.youtube.com/watch?v=ZzA0_sJeh6I,86%,1 か月前,65,https://www.youtube.com/watch?v=n-_5T-nb0dg,37000,【スカッと】起業した夫を支えてきた私を裏切った夫「21歳のバイトを妊娠させた！離婚しで！」私「はーい、仕事も辞めるね！」夫「は？仕事は続けてくれよ」私「嫌よ。だってあのバイト...」
1,599,222,小さな幸せ便り,https://www.youtube.com/channel/UCHM9oCUXlsh9yYe3EfDijuA,https://www.youtube.com/watch?v=MfQm7DUNfSo,100%,3 週間前,27,https://www.youtube.com/watch?v=cVe3XmXeRuE,140000,【スカッとする話】私が離婚届に署名すると、満面の笑みで大喜びする義家族。新しい嫁を迎えた1週間後、電気・ガス・水道が止まると急に義家族が焦り出しw【朗読】【スカッと】
1,600,222,小さな幸せ便り,https://www.youtube.com/channel/UCHM9oCUXlsh9yYe3EfDijuA,https://www.youtube.com/watch?v=1TyYM6t5AgA,100%,8 日前,14,https://www.youtube.com/watch?v=70JSyEr3ztQ,340000,【スカッと総集編】夫が土下座「20歳の愛人が妊娠した！離婚してくれ！」私「はい離婚届け。じゃ娘以外は連れてくね」夫「は？娘も連れていけよ」私「無理、だってこの子は…」【スカッとする話】
1,601,222,小さな幸せ便り,https://www.youtube.com/channel/UCHM9oCUXlsh9yYe3EfDijuA,https://www.youtube.com/watch?v=0KbOie_W8CE,100%,3 日前,16,https://www.youtube.com/watch?v=70JSyEr3ztQ,340000,【スカッと総集編】夫が土下座「20歳の愛人が妊娠した！離婚してくれ！」私「はい離婚届け。じゃ娘以外は連れてくね」夫「は？娘も連れていけよ」私「無理、だってこの子は…」【スカッとする話】
1,602,223,小刘同学,https://www.youtube.com/channel/UCVU7qdhT7ffUFt9LherXxwA,https://www.youtube.com/watch?v=gJrvJnBFSzc,100%,4 週間前,0,https://www.youtube.com/watch?v=y8ReyKKeUUQ,100000,【スカッとする話】私が資産170億の不動産王と知らず私から夫を奪った美人な姉「生活保護でも貰え貧乏人w」後日、示談交渉で弁護士が大爆笑→弁護士「生活保護はアナタでは？w」姉「え？」実は...
1,603,223,小刘同学,https://www.youtube.com/channel/UCVU7qdhT7ffUFt9LherXxwA,https://www.youtube.com/watch?v=BaiT3nrGisU,97%,4 週間前,2,https://www.youtube.com/watch?v=jcLkESG2h5U,47000,【スカッと】単身赴任の夫の家へサプライズで行くと記入済みの離婚届が...私「お望み通り提出するか」速攻で提出して携帯解約し家を売却して海外移住した結果w
1,604,223,小刘同学,https://www.youtube.com/channel/UCVU7qdhT7ffUFt9LherXxwA,https://www.youtube.com/watch?v=Ih_wpUdxcEo,89%,3 週間前,0,https://www.youtube.com/watch?v=4cntzQ0KsAA,130000,【スカッとする話】妹の出産祝いに義両親と行くと、夫「俺も自分の子供欲しいな」私「え？何言ってるの？目の前にいるじゃない」義母と義父「は？」二人がブチギレ
1,605,224,山口 るみ,https://www.youtube.com/channel/UCUP10Hi7XrqedvibsczRs1A,https://www.youtube.com/watch?v=rXfjMh477ug,100%,2 年前,16,https://www.youtube.com/watch?v=Zq9eORdDdX8,23000,【スカッとする話】天才外科女医である事を隠して生きてきた私。ある日、娘に連れられイチゴ狩りに行くとおばちゃんが倒れ緊急搬送！医者「この手術は私には無理だ…」緊急事態発生し…
1,606,224,山口 るみ,https://www.youtube.com/channel/UCUP10Hi7XrqedvibsczRs1A,https://www.youtube.com/watch?v=EKhfq_UoXZs,100%,2 年前,1,https://www.youtube.com/watch?v=Z7gS0PmgiuQ,26000,【スカッとする話】夫が突然ビールをぶっかけ、夫「俺のおかげで暮らせてる寄生虫が…文句あるなら離婚して出て行け！」私「わかりました…」3日後、夫からの鬼電を全無視した結果w
1,607,224,山口 るみ,https://www.youtube.com/channel/UCUP10Hi7XrqedvibsczRs1A,https://www.youtube.com/watch?v=dKeZrvZkH6c,100%,2 年前,0,https://www.youtube.com/watch?v=8k24mctnXF4,42000,【スカッとする話】夫が結婚式へ行くと娘が突然「パパが乗る飛行機が燃えてる...」私「え？一体どうしたの？」直後、不思議な力を持つ娘がある物を指差し、娘「あれが証拠だよ」実は...【修羅場】
1,608,225,巡る人生4577,https://www.youtube.com/channel/UCwN0AryGOqjMHNrKy1XUitQ,https://www.youtube.com/watch?v=MGosKhYNGSE,100%,1 か月前,19,https://www.youtube.com/watch?v=p4pyD9SD1Tk,81000,【スカッとする話】義両親に蹴られ骨折した私に夫「寝かせとけば治るw」翌日、病室に嘲笑いに来た義家族「あれ、嫁は？w」医師「警察署です」義家族「え？」【朗読】【スカッと】
1,609,225,巡る人生4577,https://www.youtube.com/channel/UCwN0AryGOqjMHNrKy1XUitQ,https://www.youtube.com/watch?v=wqNLtyXuIF4,100%,2 か月前,6,https://www.youtube.com/watch?v=C6r_ataNQZU,180000,【スカッと総集編】起業した夫を支えてきた私を裏切った夫「21歳のバイトを妊娠させた！悪いが、離婚してくれ！」私「はーい、仕事も辞めるね！」夫「は？仕事は続けてくれよ」
1,610,225,巡る人生4577,https://www.youtube.com/channel/UCwN0AryGOqjMHNrKy1XUitQ,https://www.youtube.com/watch?v=wqNLtyXuIF4,86%,2 か月前,6,https://www.youtube.com/watch?v=n-_5T-nb0dg,37000,【スカッと】起業した夫を支えてきた私を裏切った夫「21歳のバイトを妊娠させた！離婚しで！」私「はーい、仕事も辞めるね！」夫「は？仕事は続けてくれよ」私「嫌よ。だってあのバイト...」
1,611,226,平成ストーリー 5691,https://www.youtube.com/channel/UCmQV3SMY6qKoiJW2Zy5j0Tg,https://www.youtube.com/watch?v=SV2o1djWQFc,100%,3 週間前,26,https://www.youtube.com/watch?v=tehpJI6dk7U,34000,【スカッとする話】正月に帰省してきた息子夫婦に孫の世話を丸投げされた私。息子夫婦「お年玉少なwその分しっかり働けw」直後、普段温厚な夫が机を叩き…【朗読】【スカッと】
1,612,226,平成ストーリー 5691,https://www.youtube.com/channel/UCmQV3SMY6qKoiJW2Zy5j0Tg,https://www.youtube.com/watch?v=kZyQD9fFaWY,100%,3 週間前,9,https://www.youtube.com/watch?v=F0tT9OCTn2M,38000,【スカッとする話】夜勤から帰ると私の部屋がない…夫「今日からママの部屋にするw」義母「嫁はリビングで寝てねw」キレた私は家を売り払い、黙って引っ越し姿を消すとw【朗読】【スカッと】
1,613,226,平成ストーリー 5691,https://www.youtube.com/channel/UCmQV3SMY6qKoiJW2Zy5j0Tg,https://www.youtube.com/watch?v=1nk9il6BWic,100%,3 週間前,3,https://www.youtube.com/watch?v=9usr9kZfnD8,30000,【スカッとする話】会社を辞め父を介護し続けて10年の私に車椅子の父「遺産と家は長男に譲るw家政婦のお前は0でいいよな？w」私「はーい。では絶縁して引越すので」【朗読】【スカッと】
1,614,227,影の告白 5438,https://www.youtube.com/channel/UComuFUgBo6gXsBacU3_GUmA,https://www.youtube.com/watch?v=xxbR9dHNiFA,100%,3 週間前,5,https://www.youtube.com/watch?v=Znzson9cwOc,44000,【スカッとする話】息子の結婚挨拶で料亭に行くと、私が月収500万と知らない義家族「貧乏人に高い料理は不要w」私「貧乏人って？」義家族「お前だよw」私（地獄に落としてやろう）→翌日w【朗読】【スカッと】
1,615,227,影の告白 5438,https://www.youtube.com/channel/UComuFUgBo6gXsBacU3_GUmA,https://www.youtube.com/watch?v=CuL9EJi29NU,100%,3 週間前,0,https://www.youtube.com/watch?v=Znzson9cwOc,44000,【スカッとする話】息子の結婚挨拶で料亭に行くと、私が月収500万と知らない義家族「貧乏人に高い料理は不要w」私「貧乏人って？」義家族「お前だよw」私（地獄に落としてやろう）→翌日w【朗読】【スカッと】
1,616,227,影の告白 5438,https://www.youtube.com/channel/UComuFUgBo6gXsBacU3_GUmA,https://www.youtube.com/watch?v=m1iyNnXFoJc,100%,3 週間前,0,https://www.youtube.com/watch?v=D3l_V05NlkE,35000,【スカッとする話】息子の結婚式に行くと、100人の前で嫁にビンタされた。嫁「今すぐ私の財布を返して！」会場の皆が嫁に同情したが、1時間後、真実に会場が凍りつき…【朗読】【スカッと】
1,617,228,心の琴線 5726,https://www.youtube.com/channel/UCeX0ohQDly_ouo2i6HwylXQ,https://www.youtube.com/watch?v=PG8T1jhJgHU,100%,2 週間前,0,https://www.youtube.com/watch?v=QhxtczPE0cs,19000,【スカッとする話】亭主関白夫「生活費は1万で十分！節約できなければ離婚な」私「は？（まぁいっかw）」夫「女は文句言うなw」暖房も切り節約してあげると…w【朗読】【スカッと】
1,618,228,心の琴線 5726,https://www.youtube.com/channel/UCeX0ohQDly_ouo2i6HwylXQ,https://www.youtube.com/watch?v=_xh3HGkaiEY,100%,2 週間前,0,https://www.youtube.com/watch?v=R2qH5V5VDlQ,84000,【スカッとする話】モラハラ義母の浮気を知った私。こっそり義母の避妊薬を排卵促進剤にすり替えた4ヶ月後、突然義母が焦り出し…w【朗読】【スカッと】
1,619,228,心の琴線 5726,https://www.youtube.com/channel/UCeX0ohQDly_ouo2i6HwylXQ,https://www.youtube.com/watch?v=MDYiZlK6Dlk,95%,2 週間前,0,https://www.youtube.com/watch?v=nw5vqqyFuAo,39000,【スカッとする話】会社の有給休暇で兄の結婚式に行くと、義母「荷物捨てたから一生帰って来るなw離婚して関わらないで欲しいわw」私「はい、承知しました」→3日後、義母は 【スカッと】【朗読】
1,620,229,悪人の末路,https://www.youtube.com/channel/UCKDr_34u3Plr5f--TCifU7g,https://www.youtube.com/watch?v=vqFK3AW0OuU,100%,1 か月前,8,https://www.youtube.com/watch?v=xKlBbOt_vvY,15000,【スカッとする話】新築の我が家に勝手に同居し家事も一切しない姑。私が注意すると義母は「じゃあ嫁いびりしようか？w」と反論され...【修羅場】
1,621,229,悪人の末路,https://www.youtube.com/channel/UCKDr_34u3Plr5f--TCifU7g,https://www.youtube.com/watch?v=XTv36YxYdi4,100%,1 か月前,0,https://www.youtube.com/watch?v=SKo9NlLkMTQ,23000,【スカッとする話】母が海で大ケガし緊急搬送！夫に病院に行くと相談するも「お前の母親より仕事が大事！逆らうなら離婚だ！」と離婚届を突きつけられたので、即提出してやった結果...【修羅場】
1,622,229,悪人の末路,https://www.youtube.com/channel/UCKDr_34u3Plr5f--TCifU7g,https://www.youtube.com/watch?v=VcPs9rKYK70,100%,1 か月前,1,https://www.youtube.com/watch?v=ESVqacNH7Kw,32000,【スカッとする話】嫁いびり姑が大ケガで緊急搬送され救急隊員「家族の方ですか？」私「いえ、家族ではありません」他人扱いしてやった結果...【修羅場】
1,623,230,感動する話 4991,https://www.youtube.com/channel/UC2oqyzI78dKFGeqeWSaPWug,https://www.youtube.com/watch?v=iKBAPwzs73Q,100%,1 か月前,30,https://www.youtube.com/watch?v=cVe3XmXeRuE,140000,【スカッとする話】私が離婚届に署名すると、満面の笑みで大喜びする義家族。新しい嫁を迎えた1週間後、電気・ガス・水道が止まると急に義家族が焦り出しw【朗読】【スカッと】
1,624,230,感動する話 4991,https://www.youtube.com/channel/UC2oqyzI78dKFGeqeWSaPWug,https://www.youtube.com/watch?v=VJjVjIoltSE,100%,1 か月前,17,https://www.youtube.com/watch?v=9TulrMzmHr8,57000,【スカッとする話】毎日9時間義母の介護で倒れた私に夫「介護すらできないなら離婚wこれからは愛人に任せるw」私「いいけど後悔しない？」夫「しねぇよw」1週間後w【朗読】【スカッと】
1,625,230,感動する話 4991,https://www.youtube.com/channel/UC2oqyzI78dKFGeqeWSaPWug,https://www.youtube.com/watch?v=YOK33-dTmQw,100%,1 か月前,100,https://www.youtube.com/watch?v=sd-a4XIE7jQ,360000,【スカッと総集編】私の年収が2000万と知らず入院中の私を捨て愛人と再婚した夫「離婚届け出しといたｗ慰謝料として家と車は貰うｗ」私「承知しました」→3日後、半狂乱の夫から200件の鬼電がw【修羅場】
1,626,231,感動する話 5014,https://www.youtube.com/channel/UCqsgQ2Pbd6YQUW4IX3F034w,https://www.youtube.com/watch?v=iEhr0glNe74,100%,1 か月前,18,https://www.youtube.com/watch?v=p4pyD9SD1Tk,81000,【スカッとする話】義両親に蹴られ骨折した私に夫「寝かせとけば治るw」翌日、病室に嘲笑いに来た義家族「あれ、嫁は？w」医師「警察署です」義家族「え？」【朗読】【スカッと】
1,627,231,感動する話 5014,https://www.youtube.com/channel/UCqsgQ2Pbd6YQUW4IX3F034w,https://www.youtube.com/watch?v=UhFKrVpRYQs,88%,1 か月前,8,https://www.youtube.com/watch?v=jAMMNpg5_S0,41000,【スカッとする話】41歳で妊娠した私と娘を捨て新人女医と再婚したエリート医師の夫「老いたババァより若い女w」30年後、病院で元夫と再会すると娘を見た夫が…【総集編】【スカッと】【朗読】
1,628,231,感動する話 5014,https://www.youtube.com/channel/UCqsgQ2Pbd6YQUW4IX3F034w,https://www.youtube.com/watch?v=UhFKrVpRYQs,86%,1 か月前,8,https://www.youtube.com/watch?v=g_SuFj7M8gs,180000,【スカッとする話】41歳で妊娠した私と娘を捨て新人女医と再婚したエリート医師の夫「老いたババァより若い女w」30年後、病院で元夫と再会すると娘を見た夫が震え出し…【朗読】【スカッと】
1,629,232,感動する話 5708,https://www.youtube.com/channel/UCiez4FwoYHRgWrHDnDR91pw,https://www.youtube.com/watch?v=OtxtE6mrz5s,100%,2 週間前,0,https://www.youtube.com/watch?v=MdnP1O_dj6Q,24000,【スカッとする話】元夫「タワマンのローン払い忘れてる！住めなくなるから早く払え！」私「私名義で買ってないけど？」元夫「え？」結果w【朗読】【スカッと】
1,630,232,感動する話 5708,https://www.youtube.com/channel/UCiez4FwoYHRgWrHDnDR91pw,https://www.youtube.com/watch?v=5kOlv1KQvWA,94%,2 週間前,1,https://www.youtube.com/watch?v=1qszVQaX3Jo,39000,【スカッとする話】義実家に住む義兄夫婦の婚約祝いに行くと、医者の義兄「高級すき焼きは家族分だけwそっちは賞味期限切れの肉w」夫「帰ろうか」私「そうね」即帰宅すると婚約者が泣き叫びｗ【朗読】
1,631,232,感動する話 5708,https://www.youtube.com/channel/UCiez4FwoYHRgWrHDnDR91pw,https://www.youtube.com/watch?v=O6Tq5OrI4vc,89%,2 週間前,0,https://www.youtube.com/watch?v=njtd515eFh4,30000,【スカッとする話】10年間義両親の介護を私に丸投げした夫「愛人と結婚するから離婚でｗ今後も介護がんばってなｗ」私「分かった（計画通り）」【朗読】【スカッと】
1,632,233,感動とスカッとTシャツと私,https://www.youtube.com/channel/UCX_wBYYmhmExu2mkttzbWLA,https://www.youtube.com/watch?v=1BGrM0_SGIw,93%,3 年前,193560,https://www.youtube.com/watch?v=BKC9CbFIESk,52000,【スカッとする話】夫の連れ子の娘と暮らし始めて1年。しかし、全くなつく気配がない…夫が海外出張に行った日に娘が初めて話しかけてきた。娘「お母さん、実は...」そう言って差し出された手には...
1,633,233,感動とスカッとTシャツと私,https://www.youtube.com/channel/UCX_wBYYmhmExu2mkttzbWLA,https://www.youtube.com/watch?v=Jl3-LKZjbtU,84%,3 年前,96599,https://www.youtube.com/watch?v=yPjcL2pzTm4,120000,【スカっとする話】夫の浮気が発覚すると息子「パパと新しいママと暮らすから早く離婚して出てって！」3年後、笑顔で再会した息子に私「あなた誰？」息子「えっ？」【修羅場】
1,634,233,感動とスカッとTシャツと私,https://www.youtube.com/channel/UCX_wBYYmhmExu2mkttzbWLA,https://www.youtube.com/watch?v=IU9mLGrpCeY,84%,3 年前,163342,https://www.youtube.com/watch?v=yPjcL2pzTm4,120000,【スカっとする話】夫の浮気が発覚すると息子「パパと新しいママと暮らすから早く離婚して出てって！」3年後、笑顔で再会した息子に私「あなた誰？」息子「えっ？」【修羅場】
1,635,234,感動のストーリー 5711,https://www.youtube.com/channel/UClXAyNo_zWkjAuLKplDqdCw,https://www.youtube.com/watch?v=I9dcR3T9MfU,100%,4 週間前,0,https://www.youtube.com/watch?v=UUZxfE_gHw4,28000,【スカッとする話】200人が集まる兄の結婚式で院長夫人の義母が私に詰め寄り、義母「低学歴はお荷物！出てけw」直後、顔面蒼白で震える兄「お義母さん、妹は…」【朗読】【スカッと】
1,636,234,感動のストーリー 5711,https://www.youtube.com/channel/UClXAyNo_zWkjAuLKplDqdCw,https://www.youtube.com/watch?v=_k0TPOSveYc,100%,3 週間前,2,https://www.youtube.com/watch?v=JWiaxKv_DWs,30000,【スカッとする話】優秀な弟だけを溺愛する両親が私の結婚式に弟の式を被せてきた。弟「ご祝儀は全部俺のものw」私（結婚相手、誰か知らないんだw）→式当日、両親と弟から鬼電がw【朗読】【スカッと】
1,637,234,感動のストーリー 5711,https://www.youtube.com/channel/UClXAyNo_zWkjAuLKplDqdCw,https://www.youtube.com/watch?v=-VmTmXYsrJ0,88%,4 週間前,2,https://www.youtube.com/watch?v=_cpZ2mI5l58,38000,【スカッとする話】医者一族と結婚した息子の結婚式に行くと私だけ料理がない…義母「貧乏人は水で十分でしょw」息子「母さん、ごめん…」私「こいつらの病院潰すね」【朗読】【スカッと】
1,638,235,感動のストーリー 5734,https://www.youtube.com/channel/UCv-XSmP36_6rVdSy3kmZnKQ,https://www.youtube.com/watch?v=fFqAsPSiT6Q,100%,2 週間前,0,https://www.youtube.com/watch?v=Mpi2bhYFSsQ,140000,【スカッとする話】私が毎日12時間、義父の介護をしていると知らない夫「離婚しよう…お前と一緒はもう限界…」私「本当にいいの？」夫「当然w」→介護負担を伝えず即離婚して姿を消すと…w【朗読】【スカッと】
1,639,235,感動のストーリー 5734,https://www.youtube.com/channel/UCv-XSmP36_6rVdSy3kmZnKQ,https://www.youtube.com/watch?v=Rd5kkpXm0gc,100%,2 週間前,0,https://www.youtube.com/watch?v=6CiQAA2oA-Y,61000,【スカッとする話】結婚式前日に私を捨てた夫と友人の結婚式で再会すると…元夫「美人モデルと結婚したw離婚して正解だったぜw」私（何も知らないのね）実は…【朗読】【スカッと】
1,640,235,感動のストーリー 5734,https://www.youtube.com/channel/UCv-XSmP36_6rVdSy3kmZnKQ,https://www.youtube.com/watch?v=S4yYI1opVSg,100%,2 週間前,0,https://www.youtube.com/watch?v=wzIm362qyUk,33000,【スカッとする話】13年前に夫を奪った親友と再会。元夫「うちの子は法学部だぜw」元親友「まだ独身とか惨めな人生w」私「うちの娘紹介するね」3秒後、二人は顔面蒼白にw
1,641,236,日常の物語 5630,https://www.youtube.com/channel/UCrhCCeFTpz-DPK7whyTKW8A,https://www.youtube.com/watch?v=nHcWIuGt0h8,100%,3 週間前,14,https://www.youtube.com/watch?v=YvMAjlvBp44,38000,【スカッとする話】少年「会長、部屋に盗聴器があります」16歳の新聞配達の少年が1枚のメモを差し出した。私が盗聴器を取り外した翌日、会長室に半狂乱の息子が来て…w【朗読】【スカッと】
1,642,236,日常の物語 5630,https://www.youtube.com/channel/UCrhCCeFTpz-DPK7whyTKW8A,https://www.youtube.com/watch?v=aBcFgg-F0s0,100%,2 週間前,130,https://www.youtube.com/watch?v=vfXIIzgNyB0,37000,【スカッとする話】夫が会社の慰安旅行へ行く直前に娘「その旅行やめた方がいいよ」夫「仕事の付き合いなんだｗ」娘の忠告を無視した夫は、1週間後、出勤して絶句。実は...
1,643,236,日常の物語 5630,https://www.youtube.com/channel/UCrhCCeFTpz-DPK7whyTKW8A,https://www.youtube.com/watch?v=1qrlGonnGX0,100%,3 週間前,80,https://www.youtube.com/watch?v=F8aYLPS1MQo,230000,【スカッと総集編】長男夫婦からの仕送りがなぜか毎回5010円。不審に思い長男に尋ねると「俺は振り込んで無いけど？」私「はい？」実は…【修羅場】【スカッと】【スカッとする話】
1,644,237,正经的强哥,https://www.youtube.com/channel/UCusI1yoNsJmLFy05c7emANQ,https://www.youtube.com/watch?v=xQXVUEu2dLE,100%,4 週間前,16,https://www.youtube.com/watch?v=bI91wh-7IMg,190000,【スカッとする話】孫の七五三のお祝いに親戚一同と行くと私だけ席がない...長男嫁「他人の席は無いから立ってればw」私「じゃ帰るか」親戚一同「うん」全員で帰宅した結果w
1,645,237,正经的强哥,https://www.youtube.com/channel/UCusI1yoNsJmLFy05c7emANQ,https://www.youtube.com/watch?v=29v22doeycI,100%,4 週間前,56,https://www.youtube.com/watch?v=7Pz5jiUvSnQ,50000,【スカッとする話】親友の出産祝いで産婦人科へ行くと新生児の父親がまさかの夫だった...。私「おめでと！赤ちゃん可愛いね！」速攻で帰宅し夫の荷物を全て捨て、家を売り払い引越した結果w
1,646,237,正经的强哥,https://www.youtube.com/channel/UCusI1yoNsJmLFy05c7emANQ,https://www.youtube.com/watch?v=ydm7YQuvdwg,97%,2 週間前,44,https://www.youtube.com/watch?v=mRlS0rHQ-lY,120000,【スカッとする話】夫「引越しは済んだか？」私「今日中に出ていくわ」ATM扱いされ家を追い出された私。1ヶ月後、夫が血相を変えて鬼電してきて...【修羅場】
1,647,238,涙あふれる物語 5723,https://www.youtube.com/channel/UC73rxLA0h5yaPCUmKrgPF2A,https://www.youtube.com/watch?v=N4tDFmeBpFI,100%,3 週間前,11,https://www.youtube.com/watch?v=XxAE11v62qA,23000,【スカッとする話】女の子を出産直後に夫「すまん、離婚しよう。お互い今が都合良いよね？」私「OK（本当にいいのかなw）」お望み通り提出すると夫が阿鼻叫喚w【朗読】【スカッと】
1,648,238,涙あふれる物語 5723,https://www.youtube.com/channel/UC73rxLA0h5yaPCUmKrgPF2A,https://www.youtube.com/watch?v=olXQ5Zei8Qw,100%,3 週間前,101,https://www.youtube.com/watch?v=OdX6eB53Nys,23000,【スカッとする話】離婚してまだ1ヶ月なのに、元夫から再婚の報告が届いた…元夫「招待状送っといたからw」私「妊娠中だから行けない」元夫「え…」実はw【朗読】【スカッと】
1,649,238,涙あふれる物語 5723,https://www.youtube.com/channel/UC73rxLA0h5yaPCUmKrgPF2A,https://www.youtube.com/watch?v=9YHw8MsEZv4,97%,4 週間前,6,https://www.youtube.com/watch?v=n0akm2AY9wE,61000,【スカッとする話】夫「20歳の新入社員を妊娠させた！責任取るから離婚して欲しい」私「いいの？やった！お幸せに！」夫「な、何で喜ん出るんだよお前！」私「当然よ！だって…」【スカッと】【朗読】
1,650,239,涙が語る物語、感動する話,,https://www.youtube.com/watch?v=7Pg5fb25klc,100%,1 か月前,33,https://www.youtube.com/watch?v=5AbXeqqVHY4,21000,【スカッとする話】臨月の私を家庭用サウナに閉じこめ5泊7日の温泉旅行に出かけたエリート義両親「私達から息子を奪った罰よw」7日後、帰宅した義父が腐敗臭に気づき慌ててサウナの扉を開けると..【スカッと】
1,651,239,涙が語る物語、感動する話,,https://www.youtube.com/watch?v=7Pg5fb25klc,100%,1 か月前,33,https://www.youtube.com/watch?v=LPY1ke7gWfI,110000,【スカッと総集編】臨月の私を家庭用サウナに閉じこめ5泊7日の温泉旅行に出かけたエリート義両親「私達から息子を奪った罰よw」7日後、帰宅した義父が腐敗臭に気づき慌ててサウナの扉を開けると...
1,652,239,涙が語る物語、感動する話,,https://www.youtube.com/watch?v=5r2F3dNjo9k,100%,1 か月前,52,https://www.youtube.com/watch?v=sd-a4XIE7jQ,360000,【スカッと総集編】私の年収が2000万と知らず入院中の私を捨て愛人と再婚した夫「離婚届け出しといたｗ慰謝料として家と車は貰うｗ」私「承知しました」→3日後、半狂乱の夫から200件の鬼電がw【修羅場】
1,653,240,禁断の夜の物語5058,https://www.youtube.com/channel/UC0R_ioHMpdenQeM-LkNi5Rw,https://www.youtube.com/watch?v=882vedtK7pc,100%,1 か月前,17,https://www.youtube.com/watch?v=5AbXeqqVHY4,21000,【スカッとする話】臨月の私を家庭用サウナに閉じこめ5泊7日の温泉旅行に出かけたエリート義両親「私達から息子を奪った罰よw」7日後、帰宅した義父が腐敗臭に気づき慌ててサウナの扉を開けると..【スカッと】
1,654,240,禁断の夜の物語5058,https://www.youtube.com/channel/UC0R_ioHMpdenQeM-LkNi5Rw,https://www.youtube.com/watch?v=882vedtK7pc,100%,1 か月前,17,https://www.youtube.com/watch?v=LPY1ke7gWfI,110000,【スカッと総集編】臨月の私を家庭用サウナに閉じこめ5泊7日の温泉旅行に出かけたエリート義両親「私達から息子を奪った罰よw」7日後、帰宅した義父が腐敗臭に気づき慌ててサウナの扉を開けると...
1,655,240,禁断の夜の物語5058,https://www.youtube.com/channel/UC0R_ioHMpdenQeM-LkNi5Rw,https://www.youtube.com/watch?v=gZE_1fkNd8E,100%,1 か月前,4,https://www.youtube.com/watch?v=70JSyEr3ztQ,340000,【スカッと総集編】夫が土下座「20歳の愛人が妊娠した！離婚してくれ！」私「はい離婚届け。じゃ娘以外は連れてくね」夫「は？娘も連れていけよ」私「無理、だってこの子は…」【スカッとする話】
1,656,241,義実家の地獄 5679,https://www.youtube.com/channel/UChe3pjjV7wBKS_EWhjTD0Rg,https://www.youtube.com/watch?v=q4jSloaA_Tg,100%,3 週間前,0,https://www.youtube.com/watch?v=ED8m-ZWU12Y,34000,【スカッと総集編】夫の他界後、9年間同居介護中の義父「家も遺産も本当の家族である娘に譲るが大丈夫だよな？」私「大丈夫です。今日で引っ越すので」義父「え？引越し？」
1,657,241,義実家の地獄 5679,https://www.youtube.com/channel/UChe3pjjV7wBKS_EWhjTD0Rg,https://www.youtube.com/watch?v=q4jSloaA_Tg,100%,3 週間前,0,https://www.youtube.com/watch?v=zraWXCultxM,30000,【スカッとする話】夫の他界後、9年間同居介護中の義父「家も遺産も本当の家族である娘に譲るが大丈夫だよな？」私「大丈夫です。今日で引っ越すので」義父「え？引越し？」
1,658,241,義実家の地獄 5679,https://www.youtube.com/channel/UChe3pjjV7wBKS_EWhjTD0Rg,https://www.youtube.com/watch?v=fDc8EvYfJu8,100%,3 週間前,139,https://www.youtube.com/watch?v=otkW80Al_Nc,93000,【スカッと総集編】初孫に会いに行くと長男嫁「お義母さんは他人ですので息子の抱っこは１回5万円ですw」私「そう、では結構です」永遠に他人扱いした結果ｗ【修羅場】
1,659,242,義理の家族の闇 5670,https://www.youtube.com/channel/UCV0Qdr7g0tugRjksGg_Qb3Q,https://www.youtube.com/watch?v=rZZO-FFnzn4,100%,3 週間前,13,https://www.youtube.com/watch?v=wtSfj6Lcb1w,84000,【スカッとする話】大晦日に突然家族6人で里帰りしてきた義妹「タダ飯最高w高級寿司頼もw」私「ゆっくりしてってね」私も夫と里帰りすると…w【朗読】【スカッと】
1,660,242,義理の家族の闇 5670,https://www.youtube.com/channel/UCV0Qdr7g0tugRjksGg_Qb3Q,https://www.youtube.com/watch?v=4Nks9N8sO24,100%,3 週間前,1,https://www.youtube.com/watch?v=2QYKZYUr4qg,100000,【スカッとする話】大晦日に嫁から突然の電話。嫁「正月は家族10人で行きますw家政婦は飯用意しといてw」私「OK！（私は旅行だけどw）」→当日、家に到着した嫁が絶句し…w【朗読】【スカッと】
1,661,242,義理の家族の闇 5670,https://www.youtube.com/channel/UCV0Qdr7g0tugRjksGg_Qb3Q,https://www.youtube.com/watch?v=0yvRp4B8d3Q,92%,3 週間前,8,https://www.youtube.com/watch?v=kYEB4-1J5Ho,68000,【スカッとする話】嫁いだ娘が恋しくなり手土産を持って久々に訪ねると、義母に平手打ちされていた娘。直後、私の姿を見た義母が震え出し…w【朗読】【スカッと】
1,662,243,語り部の部屋4578,https://www.youtube.com/channel/UCErVyLN9p4BOcHYz0luQS7g,https://www.youtube.com/watch?v=qeF19fyYw3I,100%,1 か月前,108,https://www.youtube.com/watch?v=p4pyD9SD1Tk,81000,【スカッとする話】義両親に蹴られ骨折した私に夫「寝かせとけば治るw」翌日、病室に嘲笑いに来た義家族「あれ、嫁は？w」医師「警察署です」義家族「え？」【朗読】【スカッと】
1,663,243,語り部の部屋4578,https://www.youtube.com/channel/UCErVyLN9p4BOcHYz0luQS7g,https://www.youtube.com/watch?v=GapcrblxIB0,100%,2 か月前,95,https://www.youtube.com/watch?v=Yfo6v4-ZtHc,220000,【スカッとする話】私が義父の入院費を払ってると知らず私の荷物を全て捨てた夫「もう俺に寄生するな穀潰しがw」夫を残し1億の豪邸に引越し入院費の支払いも止めた結果w
1,664,243,語り部の部屋4578,https://www.youtube.com/channel/UCErVyLN9p4BOcHYz0luQS7g,https://www.youtube.com/watch?v=GapcrblxIB0,96%,2 か月前,95,https://www.youtube.com/watch?v=EmiUvKJTw3c,58000,【スカッと総集編】義父の入院費を払ってると知らず私の荷物を全て捨てた夫「俺に寄生するな穀潰しw」夫を残し1億の豪邸に引越し入院費の支払いも止めた結果w【スカッとする話】【スカッと】
1,665,244,逆転の物語 5695,https://www.youtube.com/channel/UCJV4-xE3Q04IQQtW1Jf8JuQ,https://www.youtube.com/watch?v=XczCdgGd-tw,100%,3 週間前,9,https://www.youtube.com/watch?v=Q044CFIO2kM,37000,【スカッとする話】71歳で年金暮らしの私に息子「介護嫌だから絶縁w」息子嫁「遺産も入らないしねw」私「縁切って本当に困らない？」2人「困るわけw」結果w【朗読】【スカッと】
1,666,244,逆転の物語 5695,https://www.youtube.com/channel/UCJV4-xE3Q04IQQtW1Jf8JuQ,https://www.youtube.com/watch?v=grGZXPavt5c,100%,3 週間前,28,https://www.youtube.com/watch?v=0JNZ8xr3aZI,59000,【スカッとする話】結婚せず10年間母の介護をする私に父「親に指図する奴の遺産は0w長女に全部相続する！」私「では今日で介護と娘辞めます」直後、父が半狂乱にw【朗読】【スカッと】
1,667,244,逆転の物語 5695,https://www.youtube.com/channel/UCJV4-xE3Q04IQQtW1Jf8JuQ,https://www.youtube.com/watch?v=NgPgIVTzc1Q,90%,3 週間前,4,https://www.youtube.com/watch?v=n51lIBi6GJk,56000,【スカッとする話】姉を溺愛する母からの出産祝いが姉には高級ベビーカー、私には紙おむつ…母「お前に紙おむつは贅沢かw」私「じゃあ仕送りやめるね」母「勝手にしろw」結果w【朗読】【スカッと】
1,668,245,都会の孤独4844,https://www.youtube.com/channel/UCv0LCupRZ18mA1q2nW9EnqQ,https://www.youtube.com/watch?v=rLFLGu2sBBw,100%,2 週間前,0,https://www.youtube.com/watch?v=-OfgLbLpCv8,21000,【スカッとする話】私が貯めた200万を無断で義母に渡した夫。夫「お前の貯金はママが管理する」義母「家族だから当たり前よね？」キレた私は洗い物を即停止→光熱費の支払い止めて姿を消すとw【朗読】
1,669,245,都会の孤独4844,https://www.youtube.com/channel/UCv0LCupRZ18mA1q2nW9EnqQ,https://www.youtube.com/watch?v=4yJNwBcwin0,100%,1 か月前,5,https://www.youtube.com/watch?v=9TulrMzmHr8,57000,【スカッとする話】毎日9時間義母の介護で倒れた私に夫「介護すらできないなら離婚wこれからは愛人に任せるw」私「いいけど後悔しない？」夫「しねぇよw」1週間後w【朗読】【スカッと】
1,670,245,都会の孤独4844,https://www.youtube.com/channel/UCv0LCupRZ18mA1q2nW9EnqQ,https://www.youtube.com/watch?v=E_nW7eF2p8c,100%,2 週間前,0,https://www.youtube.com/watch?v=b9OhKapbbYI,35000,【スカッとする話】大学生の娘の卒業式に行くと、娘「他人の分際で参加すんなw」夫「家政婦は駐車場で待機ｗ」キレた私は生活費と学費の支払いを停止→離婚届を置いて姿を消すと…w
1,671,246,雨の中の記憶、他 2 チャンネル,,https://www.youtube.com/watch?v=0Hn97RoE3kk,100%,3 週間前,31,https://www.youtube.com/watch?v=ny9z6qtkqBU,53000,【スカッと総集編】私を実家から追い出す弟夫婦。弟「嫁と娘とそこで暮らすから姉さんは家から出てってw」私（私が生活費28万払ってるのに…）業者に連絡して家具家電を売り払い1億の豪邸に引越した結果w
1,672,246,雨の中の記憶、他 2 チャンネル,,https://www.youtube.com/watch?v=pXApMT57DSA,99%,3 週間前,3,https://www.youtube.com/watch?v=Bz-9j9l6enc,16000,【スカッとする話】新婚旅行中に私を雪山に置き去りにした夫「俺に意見するバカは帰ってくるなw反省するまでそこにいろw」私「さむい…置いてかないで…」翌日、夫がありえない姿で発見され…
1,673,246,雨の中の記憶、他 2 チャンネル,,https://www.youtube.com/watch?v=INcG087QfJ8,99%,3 週間前,1,https://www.youtube.com/watch?v=IaSMuG9SQHg,33000,【スカッとする話】資産3億を築いた長男が他界すると長男嫁「夫の遺産は全て私のものw」孫「ババァには1円もあげないw」1ヶ月後、血相変えた嫁から大量着信→嫁「あ、あの遺産って」
1,674,247,静かな夜の物語,https://www.youtube.com/channel/UC0OVw9XWGhmQPGAAhWKWpkQ,https://www.youtube.com/watch?v=eTzIJtVz708,100%,1 か月前,5,https://www.youtube.com/watch?v=8unvGKX_M1Q,53000,【スカッとする話】小児がんの6歳の連れ子を捨て家を出た夫。私「この子は私が一人で育てる」後日、連れ子の秘密を知ると血相を変えて迎えに来た夫に連れ子「あんた誰？」
1,675,247,静かな夜の物語,https://www.youtube.com/channel/UC0OVw9XWGhmQPGAAhWKWpkQ,https://www.youtube.com/watch?v=IY7wmbTkefU,100%,1 か月前,1,https://www.youtube.com/watch?v=xXK3qelM39I,32000,【スカッとする話】私が余命3ヵ月と聞いて豪遊する夫「お前いつまで生きてんだ？w」連れ子「早く保険金になれババァｗ」私「え？余命は夫だよ？」→夫と連れ子は顔面蒼白にw
1,676,247,静かな夜の物語,https://www.youtube.com/channel/UC0OVw9XWGhmQPGAAhWKWpkQ,https://www.youtube.com/watch?v=qemJAS5hpYM,89%,1 か月前,0,https://www.youtube.com/watch?v=patHNGtYPXQ,87000,【スカッとする話】私を捨て金持ちの愛人と再婚した元夫と再会すると、元夫「お前ら2人貧乏臭いぞw」愛人「年収500万の貧乏人は消えてw」→夫「500万は月収ですが？」元夫・愛人「は？」
1,677,248,静かな夜の物語、静かな終わり,,https://www.youtube.com/watch?v=TNvNxxjv3I8,100%,1 か月前,0,https://www.youtube.com/watch?v=QYxlZ4M3Tcs,81000,【スカッとする話】注文した料理に一切手をつけない夫。私「食べないの？」夫「...」会計時、店員の手の動きを見た瞬間、私はガクガク震えだし...
1,678,248,静かな夜の物語、静かな終わり,,https://www.youtube.com/watch?v=TEFav1BH3qQ,100%,1 か月前,0,https://www.youtube.com/watch?v=72mrBowyHJw,26000,【スカッとする話】夫と買い出し中、金持ちの浮気相手と結婚した元婚約者と再会。婚約者「俺の嫁は美人で女医だぜwお前の旦那は貧乏臭いなw」→夫「あ、じゃあ彼女はクビで」婚約者「え？」実は...
1,679,248,静かな夜の物語、静かな終わり,,https://www.youtube.com/watch?v=yyAIs_m5D_4,100%,1 か月前,0,https://www.youtube.com/watch?v=wA9U9cdmjks,82000,【スカッとする話】義実家の新築祝いに行くと私だけカップ麺が出てきた...義両親「家族分しかありませんw」夫「...帰るか」私「はい」直後、義両親に大惨事がw
1,680,249,静かな話 5629,https://www.youtube.com/channel/UC0d7olDuujDBFI3bhVL4fPg,https://www.youtube.com/watch?v=h9V7FM7lV-U,100%,3 週間前,54,https://www.youtube.com/watch?v=3Zu1EEzUQkY,31000,【スカッとする話】雪山に生き埋めにされ天才孤児に救われた財閥会長の私。救急車で運ばれ病院で子供と再会。孤児「ここは危ないから逃げて！」衝撃の真実を知り私は顔面蒼白に…【朗読】【スカッと】
1,681,249,静かな話 5629,https://www.youtube.com/channel/UC0d7olDuujDBFI3bhVL4fPg,https://www.youtube.com/watch?v=Y8Vd0TuCZB8,100%,3 週間前,78,https://www.youtube.com/watch?v=d7eMa16pz08,20000,【感動する話】娘と百貨店で買い物中、エスカレーターを逆走して私にしがみついてきた少年「助けて」手を引かれ屋上へ行くと、見覚えのある男の姿が…【朗読】【スカッと】【シニア】
1,682,249,静かな話 5629,https://www.youtube.com/channel/UC0d7olDuujDBFI3bhVL4fPg,https://www.youtube.com/watch?v=O0BiN2hBCUo,100%,3 週間前,1866,https://www.youtube.com/watch?v=xZkf_P7X0BY,98000,【スカッとする話】兄夫婦の出産祝いで父親と家を訪ねると父「今すぐ帰る！車を出せ！」慌てる父に理由を訪ねると、父「バックミラー見てみろ」私「え？」【朗読】【スカッと】
1,683,250,感動こまち ,https://www.youtube.com/channel/UCdn_V1r_oyvfaSCxmJrXn_w,https://www.youtube.com/watch?v=O7k5l0wklgQ,96%,1 年前,0,https://www.youtube.com/watch?v=0o71wb5Xrwc,73000,【スカッとする話】10年間介護した義母が他界すると夫「愛人が妊娠したから離婚でw」愛人「賞味期限切れた嫁は失せろw」6ヶ月後、愛人が子供を産むと→夫は半狂乱に。だって目と鼻が…
1,684,250,感動こまち ,https://www.youtube.com/channel/UCdn_V1r_oyvfaSCxmJrXn_w,https://www.youtube.com/watch?v=FCWMtyQsIHI,93%,1 年前,0,https://www.youtube.com/watch?v=Wk9S9SoTHxU,92000,【スカッとする話】夫と義両親から13年間も嫌われ続けた私。ある日、離婚届を置いて引っ越すと、ボロボロの夫と義両親から鬼電が→私（やっと気づいたかw）実は...
1,685,251,Истории Рядом,https://www.youtube.com/channel/UCJvfsuhjSP992jnjX7RuXJg,https://www.youtube.com/watch?v=EvvoLRrdRVk,100%,2 年前,0,https://www.youtube.com/watch?v=8sOY9GGkatQ,110000,【スカッとする話】長男嫁の出産祝いに義両親と行くと、夫「お祝いに皆んなで新築買ってあげよw」私「は？なんで私たちが？赤ちゃんアンタの子よね？」義両親「え？」全員がブチギレ...
1,686,251,Истории Рядом,https://www.youtube.com/channel/UCJvfsuhjSP992jnjX7RuXJg,https://www.youtube.com/watch?v=u9qUAdWNXOU,100%,2 年前,0,https://www.youtube.com/watch?v=UQeYnbCc6hM,81000,【スカッとする話】結婚式の目前に自ら命を絶った娘が亡くなり1週間後、私宛に娘から手紙が届いた...手紙「私の代わりに夫に復讐して」手紙で指定された場所に行き金庫を開けるとそこには...
1,687,252,Истории из жизни,https://www.youtube.com/channel/UCCo4c4SKlvTh7wVk8FC4HTg,https://www.youtube.com/watch?v=D5s87xtqvz8,100%,2 年前,0,https://www.youtube.com/watch?v=rY3O79-ZQI0,66000,【スカっとする話】13年間大事に育てた夫の連れ子（娘）の結婚式当日、娘「偽物の母親は今すぐ帰れ！」私が退席して泣いていると娘「ごめんね！実は...」
1,688,252,Истории из жизни,https://www.youtube.com/channel/UCCo4c4SKlvTh7wVk8FC4HTg,https://www.youtube.com/watch?v=qvFjgksdqHs,100%,2 年前,0,https://www.youtube.com/watch?v=A5CUcQsHdDg,69000,【スカッとする話】事故で昏睡状態の夫を見舞いに来た愛人「この手紙、娘さんから預かったの。夫さんに隠れて見てって」手紙を確認した私は慌てて夫のシャツを脱がせると...
1,689,253,Свекровь обомлела,https://www.youtube.com/channel/UC6octh3HtO5jo8MdzSG-_tw,https://www.youtube.com/watch?v=wZlf_50FfUA,100%,2 年前,2,https://www.youtube.com/watch?v=DdmscVg2GO0,140000,【スカッと総集編】私が総資産19億と知らず子供の産めない私を捨て再婚した夫「子供も産めない欠陥品とは離婚ｗ家と車も俺が貰うからｗ」私「いいよ！はい、離婚届け！ 」→翌日、涙を流した夫から鬼電がw
1,690,253,Свекровь обомлела,https://www.youtube.com/channel/UC6octh3HtO5jo8MdzSG-_tw,https://www.youtube.com/watch?v=wZlf_50FfUA,89%,2 年前,2,https://www.youtube.com/watch?v=CNsn701Em6g,41000,【スカッと】私が総資産19億と知らず子供の産めない私を捨て再婚した夫「欠陥品とは離婚ｗ家と車も俺が貰うｗ」私「いいよ！ 」→翌日、涙を流した夫から鬼電がw
1,691,254,感動なみだ,https://www.youtube.com/channel/UCA9dNFBPNvKgXCklAUYGYWg,https://www.youtube.com/watch?v=ztuxu9aTiqw,100%,1 年前,5,https://www.youtube.com/watch?v=bI91wh-7IMg,190000,【スカッとする話】孫の七五三のお祝いに親戚一同と行くと私だけ席がない...長男嫁「他人の席は無いから立ってればw」私「じゃ帰るか」親戚一同「うん」全員で帰宅した結果w
1,692,254,感動なみだ,https://www.youtube.com/channel/UCA9dNFBPNvKgXCklAUYGYWg,https://www.youtube.com/watch?v=TbVca4Jqy8s,98%,1 年前,0,https://www.youtube.com/watch?v=UiZsY3yFtBw,110000,【スカッとする話】高熱で病院へ行く娘を降ろし義両親とのハワイ旅行に行った夫「病院は歩いて行けるだろw」2時間後、半狂乱の夫から鬼電→夫「た、助けて下さい！」
1,693,255, ИСТОРИИ для Вас,https://www.youtube.com/channel/UCoIz6ZmXWRv7GbQp2Tqsjsw,https://www.youtube.com/watch?v=trMqLBft4Vc,100%,2 年前,0,https://www.youtube.com/watch?v=FYqLYXwewes,69000,【スカッと総集編】起業した夫を支え続けた私を裏切り捨てた夫「20歳の愛人が妊娠してしまった！若い子が良いから離婚してくれ！」私「はーい、離婚届！仕事辞めるね！」夫「え？仕事は責任持ってやれよ！」
1,694,255, ИСТОРИИ для Вас,https://www.youtube.com/channel/UCoIz6ZmXWRv7GbQp2Tqsjsw,https://www.youtube.com/watch?v=nQbDO_sXG1U,100%,2 年前,0,https://www.youtube.com/watch?v=7BkfeUd5plU,76000,【スカッとする話】私が役員報酬で家計を支えていると知らず夫を略奪し引越した愛人。愛人「家政婦で良いなら住所教えるよw」私「じゃ時給780円の夫とは離婚で」愛人「寝言は寝て言えw」結果w
1,695,256,2chスカツイ【2chスカッと・2ch修羅場スレ・ゆっくり解説】,https://www.youtube.com/channel/UCUlFZ_7XbnI92laQPOcx_Ew,https://www.youtube.com/watch?v=6mriegEi-Xo,92%,3 年前,47109,https://www.youtube.com/watch?v=luo2hcOOZik,140000,【スカッとする話】私と夫の事が大嫌いな長男夫婦「俺達の結婚式は欠席しろ。嫌なら絶縁する」私「いいけど、アナタ達本当に大丈夫？後悔するよ？」長男「しねぇよw二度と連絡してくんなw」数ヶ月後w【修羅場】
1,696,256,2chスカツイ【2chスカッと・2ch修羅場スレ・ゆっくり解説】,https://www.youtube.com/channel/UCUlFZ_7XbnI92laQPOcx_Ew,https://www.youtube.com/watch?v=Ar_5IjuQBEc,73%,3 年前,11367,https://www.youtube.com/watch?v=pocIWS2hdis,74000,【スカッとする話】長男と長男嫁に1ヶ月無視され続けた私。ある日突然、長男嫁が私に高級寿司を買って来た。私（なんか怪しい...）こっそり長男の皿と入れ替えると、長男がガタガタ震え始め...【修羅場】
1,697,257,2ndchancemami,https://www.youtube.com/channel/UCkoo1uXapcq3mEdQhGx38kQ,https://www.youtube.com/watch?v=809FOjrB0gM,99%,1 年前,1,https://www.youtube.com/watch?v=bPcGySAd3gA,200000,【スカッと総集編】家のローン月18万を払ってると知らず同居の長男嫁に1年間無視された...ある日、私「あれ？なんで私の荷物が...」長男嫁「キレイにしておいてあげたw」私の荷物を勝手に捨てられた
1,698,257,2ndchancemami,https://www.youtube.com/channel/UCkoo1uXapcq3mEdQhGx38kQ,https://www.youtube.com/watch?v=bsPro4xZBUs,97%,1 年前,0,https://www.youtube.com/watch?v=jIAIebtJLxI,140000,【スカッとする話】ある日突然、激怒した夫が「毎月渡している仕送りの20万はどこだ！母さんボロボロだったぞ！」私「お義母さんの通帳見た？」夫「え？通帳？」夫が真実を知った結果ｗ【修羅場】【スカッと】
1,699,258,568 Dangbiung,https://www.youtube.com/channel/UCd3lCwDvc1YdbWH6cKlNq3A,https://www.youtube.com/watch?v=Iufq_ePfGi8,100%,1 年前,0,https://www.youtube.com/watch?v=GgVCrrU6ykU,30000,【スカッとする話】親族の集まりでエリート夫「うちのは家事も掃除もしない汚嫁ですw」私「は？一体誰の話してんの？あんたいつも社宅じゃない」義両親「は？」
1,700,258,568 Dangbiung,https://www.youtube.com/channel/UCd3lCwDvc1YdbWH6cKlNq3A,https://www.youtube.com/watch?v=eEgO-Kw4958,100%,1 年前,0,https://www.youtube.com/watch?v=X-XsOSVdcY8,29000,【スカッとする話】癌でボロボロの状態で姉夫婦に追い出された祖母。姉「コイツはお前が面倒見ろw」私「いいよ！」夫婦で高級中華を営む私が祖母を引き取った結果w
1,701,259,568 Khochiuvay,https://www.youtube.com/channel/UCmPRYn8UnUpRTHOkxuPwFrg,https://www.youtube.com/watch?v=9X6tj18qLhI,100%,1 年前,0,https://www.youtube.com/watch?v=AiWMa4gDdU4,100000,【スカッとする話】私名義の二世帯住宅と知らず子供5人を連れて出戻ってきた姉「アンタの部屋は私が使うからでてけw」姪「ババァは庭で暮らしてろｗ」キレた私が家を売り払った結果w
1,702,259,568 Khochiuvay,https://www.youtube.com/channel/UCmPRYn8UnUpRTHOkxuPwFrg,https://www.youtube.com/watch?v=0RvmiGY-qnA,100%,1 年前,0,https://www.youtube.com/watch?v=tIahGRXK2iQ,100000,【スカッとする話】元夫に招待された結婚式に行くと私を追い出す新婦「彼に捨てられた元嫁は帰れw」私「じゃあ帰りますね」5分後、半狂乱の新婦から鬼電がw
1,703,260,569 Notranhne,https://www.youtube.com/channel/UCL9O9afFvDUQeilvV2hVGuw,https://www.youtube.com/watch?v=vGiCoyO24J8,100%,1 年前,0,https://www.youtube.com/watch?v=-AlB7jMx9mg,57000,【スカッとする話】いとこの出産祝いで親族が集まると、夫「母親似で可愛いな〜！」私「そう？アンタにそっくりよ？パパになった感想はどう？」義父「は？」義両親がブチギレ...
1,704,260,569 Notranhne,https://www.youtube.com/channel/UCL9O9afFvDUQeilvV2hVGuw,https://www.youtube.com/watch?v=Xj5lKic3jDA,100%,1 年前,1,https://www.youtube.com/watch?v=9OBKOoyY_Mw,20000,【スカッとする話】超高級車をローンで購入すると、夫「この車は今から俺と彼女のモノ！」私「いいよ！（ローン30万だけど...）」ローン丸ごと車を渡した結果w
1,705,261,578 Nhieulamgi,https://www.youtube.com/channel/UCNu2kNiBoWpzWjgPdrdjElw,https://www.youtube.com/watch?v=VPj3fs92ji4,100%,1 年前,1,https://www.youtube.com/watch?v=htYBNxtUB58,34000,【スカッと】取引先の社員と不倫旅行する夫「出張中は絶対連絡するな！」会社・取引先・義実家に内容証明を送り、一切連絡しなかった結果w
1,706,261,578 Nhieulamgi,https://www.youtube.com/channel/UCNu2kNiBoWpzWjgPdrdjElw,https://www.youtube.com/watch?v=Ow-M9nVUwUc,100%,1 年前,2,https://www.youtube.com/watch?v=Zq9eORdDdX8,23000,【スカッとする話】天才外科女医である事を隠して生きてきた私。ある日、娘に連れられイチゴ狩りに行くとおばちゃんが倒れ緊急搬送！医者「この手術は私には無理だ…」緊急事態発生し…
1,707,262,578 Nhumotbong,https://www.youtube.com/channel/UC0biqKicwkA9gYrdBBgU1-w,https://www.youtube.com/watch?v=ZMKLsP9ebxU,100%,1 年前,1,https://www.youtube.com/watch?v=McNVTi5SXBU,95000,【スカッとする話】姑との同居を勝手に決めた夫「引越しは済んだか？」私「うん！私の荷物も全部実家に送り終わったとこ」夫「え？実家？」結果w【修羅場】
1,708,262,578 Nhumotbong,https://www.youtube.com/channel/UC0biqKicwkA9gYrdBBgU1-w,https://www.youtube.com/watch?v=Q8m76RMrRO4,97%,1 年前,1,https://www.youtube.com/watch?v=IS_B82-2KTU,53000,【スカッとする話】要介護の夫が他界し、全ての遺産を長男夫婦が相続するも、３年介護した私には1円も無い...。長男嫁「お義母さんの運命ゴミクズみたいw」→後日、屋敷に引っ越した長男嫁はある物を見て発狂ｗ
1,709,263,579 Dechuatri,https://www.youtube.com/channel/UCb21N9KV2e-3LMoR3Sf5NyA,https://www.youtube.com/watch?v=8IlLmMprao8,100%,1 年前,0,https://www.youtube.com/watch?v=riebfZ67nfw,30000,【スカッとする話】自称エリート弁護士の婚約者の自宅に招待されると、婚約者「母子家庭で中卒の貧乏人だけど奴隷として役立つからw」と私を両親に紹介した直後、両親が大爆笑。実は...
1,710,263,579 Dechuatri,https://www.youtube.com/channel/UCb21N9KV2e-3LMoR3Sf5NyA,https://www.youtube.com/watch?v=ic_ktWrOYoA,100%,1 年前,0,https://www.youtube.com/watch?v=rCNrL5SfFV8,20000,【スカッとする話】夫の連れ子の娘と結婚挨拶に連れてきた婚約者「他人は今後一切関りませんw」私「分かりました」当日、他人全員で欠席した結果w
1,711,264,679 Moicaitay,https://www.youtube.com/channel/UCbS2i6mY4rmoSoHWGu7uiYA,https://www.youtube.com/watch?v=G0AZjvjUXCQ,100%,1 年前,2,https://www.youtube.com/watch?v=BIKUC0RVYEA,55000,【スカッとする話】夫「今日から妹夫婦と同居する！」妹「他人は施設でも入ってろw」私（生活費33万誰が払うんだろ...）翌日、2億の高級施設に入所すると半狂乱の夫と姉から鬼電がw
1,712,264,679 Moicaitay,https://www.youtube.com/channel/UCbS2i6mY4rmoSoHWGu7uiYA,https://www.youtube.com/watch?v=XM51nQV3pRg,100%,1 年前,0,https://www.youtube.com/watch?v=2ytRePzCVrE,60000,【スカッとする話】私の出張中に勝手に姉と姪の引越し荷物を我が家に運び入れた夫「お前はずっと仕事してろw」私「はーい、こっちも勝手にするね」ハワイの豪邸に引越した結果w
1,713,265,679 Nguyenthuyru,https://www.youtube.com/channel/UCK6acZDKLKIliJXoNrWfA4A,https://www.youtube.com/watch?v=yVAFm0pygSk,100%,1 年前,0,https://www.youtube.com/watch?v=ULpnjx45zHg,31000,【スカッとする話】医者の婚約者を奪った妹「高収入の彼は私が貰うｗブサイクは庶民と合コンしてろw」直後、お腹を抱え大爆笑した私→私「病院の院長は私だけど？」
1,714,265,679 Nguyenthuyru,https://www.youtube.com/channel/UCK6acZDKLKIliJXoNrWfA4A,https://www.youtube.com/watch?v=6xaXphaCsi0,100%,1 年前,0,https://www.youtube.com/watch?v=UGuxTo2ugAg,120000,【スカッとする話】5歳の孫の誕生日のお祝いに行くと私と夫だけの食事がない。長男嫁「家族の分しかないわよｗ」夫「...帰るか」私「うん」速攻で帰宅した結果w
1,715,266,679 Nomanan,https://www.youtube.com/channel/UCtLQQIirG8t2Zu19OQ_rSGA,https://www.youtube.com/watch?v=XSH9bWzShVc,100%,1 年前,0,https://www.youtube.com/watch?v=TFeAtx0YLj0,100000,【スカッとする話】夫と姉が突然の土下座「お前の姉との隠し子がいる。黙って離婚してくれ」私「無理、離婚は絶対しない」夫「え？どうして？」私「当然よwだって…」【スカッと】【朗読】
1,716,266,679 Nomanan,https://www.youtube.com/channel/UCtLQQIirG8t2Zu19OQ_rSGA,https://www.youtube.com/watch?v=dfgjfnv0hwI,98%,1 年前,0,https://www.youtube.com/watch?v=1y9Fr_6bhs0,28000,【スカッとする話】医者の兄の結婚式でなぜか私だけ席がない…兄嫁「中卒の底辺専用のお席ですw」直後、兄の尊敬する名医が私に駆け寄り「ご無沙汰してます！お元気でした？」3秒後、兄嫁は全てを失う結果にw
1,717,267,Ainsley Nathanael,https://www.youtube.com/channel/UCc1EoIsZr1QIYRy9Tumz2cA,https://www.youtube.com/watch?v=fdCeGJBH4Io,100%,1 年前,0,https://www.youtube.com/watch?v=poGSdfKH9Og,92000,【スカッとする話】母の死の直後、中1の私を捨て愛人と再婚した父「子供はいらねぇよw」しかし1ヶ月後、半狂乱の父から鬼電→永久に無視してやった結果w
1,718,267,Ainsley Nathanael,https://www.youtube.com/channel/UCc1EoIsZr1QIYRy9Tumz2cA,https://www.youtube.com/watch?v=u8HDXYD450U,100%,1 年前,0,https://www.youtube.com/watch?v=jpA_PiL1qKA,31000,【スカッとする話】私「もう限界！実家に帰ります！」実家帰省した私が家に帰ると私「ただい...ま？」机の上に記入済みの離婚届が...私「出せっていうから提出しよw」大喜びで市役所へ行った結果w
1,719,268,Akari,https://www.youtube.com/channel/UCsbRaeGwyW76X3_9PQEvy3w,https://www.youtube.com/watch?v=2wnUU9QIo9A,100%,2 か月前,0,https://www.youtube.com/watch?v=RimGqJQ_Vi0,56000,【スカッとする話】年金生活で無一文の私。ある日、200万が入った封筒を拾い警察に届けると隣にいた会長夫人「あなたはもしかして…」夫人の一言で私は膝から崩れ落ち…【朗読】【スカッと】
1,720,268,Akari,https://www.youtube.com/channel/UCsbRaeGwyW76X3_9PQEvy3w,https://www.youtube.com/watch?v=rjmjZuPHULI,100%,2 か月前,0,https://www.youtube.com/watch?v=VzF9S7pgYKg,100000,【スカッとする話】エコ贔屓されている妹の代わりにブサ男と結婚させられた私。翌朝、銀行に行くと口座に4億が…夫「話がある、実は俺…」→妹と両親が急に慌て出し…w【朗読】【スカッと】
1,721,269,Anhssb Jsiws,https://www.youtube.com/channel/UCEjCyQbn3J57PKDJKKUj-rg,https://www.youtube.com/watch?v=ikcb9EDHEhM,100%,2 年前,0,https://www.youtube.com/watch?v=Tm9DKLFF30M,250000,【スカッとする話】私が余命半年と聞いて愛人と豪遊しはじめた夫「いつまで生きてるの？w」 私「余命なのはあなただよ？」後日、半狂乱の夫が...【修羅場】【スカッと】
1,722,269,Anhssb Jsiws,https://www.youtube.com/channel/UCEjCyQbn3J57PKDJKKUj-rg,https://www.youtube.com/watch?v=4ZacU06GmuQ,100%,2 年前,0,https://www.youtube.com/watch?v=Tm9DKLFF30M,250000,【スカッとする話】私が余命半年と聞いて愛人と豪遊しはじめた夫「いつまで生きてるの？w」 私「余命なのはあなただよ？」後日、半狂乱の夫が...【修羅場】【スカッと】
1,723,270,Anton Paul,https://www.youtube.com/channel/UCDPUfipjLILnrz7U-Pt5FYA,https://www.youtube.com/watch?v=GWPTv763ghw,100%,1 年前,0,https://www.youtube.com/watch?v=CT4phMN15AM,53000,【スカッとする話】つわりで苦しむ私の背中を蹴る夫「さっさと飯と風呂用意しろ奴隷！妊婦だからって甘えんなw」直後、「言いたいことはそれだけか？」振り向いた夫は顔面蒼白に...
1,724,270,Anton Paul,https://www.youtube.com/channel/UCDPUfipjLILnrz7U-Pt5FYA,https://www.youtube.com/watch?v=Vs4tbzDXJIc,100%,1 年前,1,https://www.youtube.com/watch?v=4gs5Zq6DMCY,86000,【スカッとする話】浮気した夫と離婚すると夫の連れ子「部屋はちゃんとキレイにしてねw」愛人「明日中に出てってねw」私「はーい」私の家具家電全てを捨て家をキレイにして引越した結果w
1,725,271,Camilla Miller,https://www.youtube.com/channel/UCPXH92PHCWKiZkU75PQZ5lQ,https://www.youtube.com/watch?v=QT2cIQHm_3U,100%,1 年前,0,https://www.youtube.com/watch?v=_-gF8Kae1yU,90000,【スカッとする話】姉の出産祝いに親戚一同と行くと、夫「出産祝い30万どうぞ！」私「え？なんで？その子はあんたの子供でしょ？」親戚一同「は？」全員がブチギレ...
1,726,271,Camilla Miller,https://www.youtube.com/channel/UCPXH92PHCWKiZkU75PQZ5lQ,https://www.youtube.com/watch?v=uRpFliq8hc8,100%,1 年前,1,https://www.youtube.com/watch?v=22HXuHlqWcQ,76000,【スカッとする話】 義父の遺産11億を手に入れた夫「離婚しよう！遺産入ったからATMのお前は用済みになったw」私「いいよ！はい、離婚届」家を売却し豪邸に引越すと夫は地獄を見ることにw
1,727,272,Camryn Ray,https://www.youtube.com/channel/UCIaMbMEQVfkdvk5rhHIlAWQ,https://www.youtube.com/watch?v=KWzBeXzOdxc,100%,1 年前,1,https://www.youtube.com/watch?v=9XyKB7KJxkg,44000,【スカッとする話】3年前に私の婚約者を奪った親友から出産連絡「赤ちゃん生まれた！出産祝い持って見に来てw」私「はーい、社長の夫と行くね」親友「え？」結果w
1,728,272,Camryn Ray,https://www.youtube.com/channel/UCIaMbMEQVfkdvk5rhHIlAWQ,https://www.youtube.com/watch?v=ABHEpJmEDWw,100%,1 年前,0,https://www.youtube.com/watch?v=jwP1fK1sfSY,50000,【スカっとする話】夫の浮気が発覚すると夫の連れ子「パパと新しいママと暮らす！偽物は離婚して出てけ！」1年後、笑顔で再会した娘に私「あんた誰？」娘「は？」
1,729,273,Charlotte Jair,https://www.youtube.com/channel/UCnztUUjbQI8AsoPcLIf78Sw,https://www.youtube.com/watch?v=DcpatuBoUms,100%,2 年前,0,https://www.youtube.com/watch?v=7gR3-5GCVtk,47000,【スカッとする話】熱で早退した息子を連れて帰ると葬儀に行ったはずの夫が姉と真っ最中…息子「大変！おばさんが襲われてる！」息子が２人の動画を撮影し義父と親戚一同に送った結果ｗ
1,730,273,Charlotte Jair,https://www.youtube.com/channel/UCnztUUjbQI8AsoPcLIf78Sw,https://www.youtube.com/watch?v=S1oyNcaEs6c,88%,1 年前,0,https://www.youtube.com/watch?v=G4O12jIGPfg,87000,【スカッとする話】夫が突然大量の荷物を持ってきて、夫「今日から俺の両親と姉を養う！嫌なら離婚だ！」私「え？もう離婚済みだけど？」夫「え？」結果w
1,731,274,Dau Conhoen,https://www.youtube.com/channel/UCbc3JRrwmaDW2_mYXitLGCg,https://www.youtube.com/watch?v=oACBvooESQ4,100%,2 年前,161,https://www.youtube.com/watch?v=FJiSauJbihQ,44000,【スカッとする話】我が家が火事で全焼すると夫の連れ子「女の人が火傷で重症と聞いたけど大丈夫だった？w」私「え？私は買い物中だけど？」連れ子「え？」全身火傷で搬送されたのは...
1,732,274,Dau Conhoen,https://www.youtube.com/channel/UCbc3JRrwmaDW2_mYXitLGCg,https://www.youtube.com/watch?v=gRDlO_YWtwA,99%,2 年前,353,https://www.youtube.com/watch?v=8Tm2R7t4MCc,140000,【スカッとする話】家事、育児、介護、パートをこなし10年。ある日、出張後に夫が突然の土下座「お前の親友を妊娠させた！」親友「旦那は貰うから出てけw」私「喜んで！」3日後、血相変えた親友から鬼電がw
1,733,275,Fakhra Almansoori,https://www.youtube.com/channel/UCJTikiCJs0ecMqkyyFTmLFw,https://www.youtube.com/watch?v=mDDNbxd7x_U,88%,4 か月前,30,https://www.youtube.com/watch?v=WHx8h3F0pU0,340000,【スカッとする話】長男夫婦との二世帯住宅ローンを月25万全額支払う私に長男嫁「小銭ぐらいで偉そうにｗ」長男「支払い止めてみろｗ」私「喜んで！」支払い止めた結果w【修羅場】【スカッと】
1,734,275,Fakhra Almansoori,https://www.youtube.com/channel/UCJTikiCJs0ecMqkyyFTmLFw,https://www.youtube.com/watch?v=FKr_ZrMZZS8,84%,4 か月前,3,https://www.youtube.com/watch?v=GnxC9hbl3M8,80000,【スカッとする話】年間7億円の家賃収入がある私をATM扱いする長男嫁「ババアは私達の財布！冠婚葬祭の時だけ連絡してｗ」私「わかりました」→次男夫婦に家をあげた結果ｗ【修羅場】【スカッと】
1,735,276,Gordon Joey,https://www.youtube.com/channel/UCvTVPXPMLuJNoyELR45FX2Q,https://www.youtube.com/watch?v=6BitmXibJwU,100%,2 年前,1,https://www.youtube.com/watch?v=FT6UKghkomY,140000,【スカッとする話】私が田舎に庭付き一軒家を購入すると、夫「母さん達も引っ越してくるってw」義母「嫌なら息子と離婚させるからw」引越し当日、義母から鬼電→私「もう気づいたかw」実は…
1,736,276,Gordon Joey,https://www.youtube.com/channel/UCvTVPXPMLuJNoyELR45FX2Q,https://www.youtube.com/watch?v=uECzNP5cNO0,93%,1 年前,0,https://www.youtube.com/watch?v=Wk9S9SoTHxU,92000,【スカッとする話】夫と義両親から13年間も嫌われ続けた私。ある日、離婚届を置いて引っ越すと、ボロボロの夫と義両親から鬼電が→私（やっと気づいたかw）実は...
1,737,277,Hadlee Davion,https://www.youtube.com/channel/UCIN7AfYRItpkSr2BxnU2ONQ,https://www.youtube.com/watch?v=SUYRynhBdCI,100%,2 年前,0,https://www.youtube.com/watch?v=ssgss5ggqNw,40000,【スカッとする話】16年前に私を捨て愛人を選んだ夫と再会「まだ不妊とか惨めだなw娘はスタイル抜群で天才だぞw」私「私も今年高１の娘紹介するね」夫「え、その子は...」結果w
1,738,277,Hadlee Davion,https://www.youtube.com/channel/UCIN7AfYRItpkSr2BxnU2ONQ,https://www.youtube.com/watch?v=gsD9e65McX8,98%,2 年前,0,https://www.youtube.com/watch?v=2RDxlE4gtqw,83000,【スカッとする話】出産した親友のお見舞いに行くと、赤ん坊の父親が夫だった。私「何があっても幸せになってね！」速攻で帰宅して家を売り払い夫の荷物を義実家に送り付た結果ｗ
1,739,278,Hammesxex Bernardoqba,https://www.youtube.com/channel/UCYdyYXWkzsgjWn38u7Hj2-w,https://www.youtube.com/watch?v=yo4Jdhjh0xI,100%,1 年前,0,https://www.youtube.com/watch?v=Eh0FIn_sub0,56000,【スカッとする話】8歳の姪「1日だけ泊めて下さい...」大雪の中、赤ちゃんを抱き抱えボロボロの姿で現れた姪...。夫「え？それは無理だよ？」姪「そんな…涙」→結果
1,740,278,Hammesxex Bernardoqba,https://www.youtube.com/channel/UCYdyYXWkzsgjWn38u7Hj2-w,https://www.youtube.com/watch?v=7WOt0AdMSdg,99%,1 年前,0,https://www.youtube.com/watch?v=APi08wHpBE0,65000,【スカッとする話】13億の資産を築いた母の葬儀後に夫が突然「義母さんの遺産いくらだった？w」私「1億くらいだったよ」翌日、離婚届けを置き通帳と印鑑を盗んだ夫から鬼電→私（やっと気づいたかw）実は...
1,741,279,Haylee Susan,https://www.youtube.com/channel/UCredgjqIO2e8_U4KAP1eBvQ,https://www.youtube.com/watch?v=W1cSau4qKag,100%,2 年前,0,https://www.youtube.com/watch?v=2lmuqrtMxKM,110000,【スカッと】長男夫婦が正月に帰省し、長男嫁「高級寿司買ってきたけど家族分なので義母さんにはあげないのでw」夫「じゃあ今日で会うのは最後だ」長男嫁「え？最後？」
1,742,279,Haylee Susan,https://www.youtube.com/channel/UCredgjqIO2e8_U4KAP1eBvQ,https://www.youtube.com/watch?v=uaxIdi_nTig,92%,1 年前,0,https://www.youtube.com/watch?v=Isn1R-6LWjk,90000,【スカッとする話】娘と18年間不倫していた夫「お前と離婚して娘と結婚するw」娘「パパのお嫁になるから出てけw」私「いいけど大丈夫？だってその人…」直後、2人は半狂乱にw
1,743,280,Helen Chaney,https://www.youtube.com/channel/UCknZc7rOLWhfFlVN8PKKzGQ,https://www.youtube.com/watch?v=VN4pcX92erg,100%,2 年前,62,https://www.youtube.com/watch?v=9x2mRPOpvjQ,70000,【スカッとする話】娘の結婚式当日に夫がいない…私「何してるの？式始まってるよ！」夫「悪い、緊急の仕事が入って！」私「…OK」1時間後、ある人物から電話を受けた夫が半狂乱にw
1,744,280,Helen Chaney,https://www.youtube.com/channel/UCknZc7rOLWhfFlVN8PKKzGQ,https://www.youtube.com/watch?v=_IAxrzRiK5o,90%,2 年前,0,https://www.youtube.com/watch?v=-fE68tebmjk,72000,【スカッとする話】夫の出張中に息子に誘われ高級ホテルへディナーに行くと女性にプロポーズする夫「亡き妻と息子の分まで幸せにする！」直後、静かに席を立ち上がり求婚に乱入→私と息子「死んだ全家族です」
1,745,281,Hughes Davies,https://www.youtube.com/channel/UCES9PKKThNIdlUZQoLCckiQ,https://www.youtube.com/watch?v=Qdui4CapWkw,100%,1 年前,0,https://www.youtube.com/watch?v=yefpSXnGZOg,150000,【スカッとする話】私名義の新築戸建と知らず里帰り出産で我が家に来た娘「母さんの部屋は私が使うw」夫「お前は車で寝てろw」私「わかりました...」→キレた私が家を売り払うと...w
1,746,281,Hughes Davies,https://www.youtube.com/channel/UCES9PKKThNIdlUZQoLCckiQ,https://www.youtube.com/watch?v=F2RhrBFXbkQ,99%,1 年前,1,https://www.youtube.com/watch?v=Tm9DKLFF30M,250000,【スカッとする話】私が余命半年と聞いて愛人と豪遊しはじめた夫「いつまで生きてるの？w」 私「余命なのはあなただよ？」後日、半狂乱の夫が...【修羅場】【スカッと】
1,747,282,Hung Quang,https://www.youtube.com/channel/UC5wM0zxEU-YsDx1NdpTnW1g,https://www.youtube.com/watch?v=ErUtWdZ_y7A,100%,1 年前,0,https://www.youtube.com/watch?v=2lmuqrtMxKM,110000,【スカッと】長男夫婦が正月に帰省し、長男嫁「高級寿司買ってきたけど家族分なので義母さんにはあげないのでw」夫「じゃあ今日で会うのは最後だ」長男嫁「え？最後？」
1,748,282,Hung Quang,https://www.youtube.com/channel/UC5wM0zxEU-YsDx1NdpTnW1g,https://www.youtube.com/watch?v=2dTRWIeLhIY,97%,2 年前,0,https://www.youtube.com/watch?v=mLYItA9m_XY,98000,【スカッとする話】婚約者を略奪した親友から結婚式の招待状が届くと、長男「嫁と2人で行ってくる」長男嫁「盛大に暴れてきます」普段温厚な長男夫婦が...w
1,749,283,Irene Murphy,https://www.youtube.com/channel/UC5JVl0EBLYR1bUruH4-y5ZQ,https://www.youtube.com/watch?v=NVqLAtJG4N4,98%,1 年前,0,https://www.youtube.com/watch?v=StScq4cRqfc,120000,【スカッとする話】家のローン毎月18万払い続けている私に夫「家と車は長男夫婦に相続する！」長男嫁「ババァは施設でも行けw」私「はーい（覚悟しろよ）」家を売却し更地にした結果w【スカッと】【朗読】
1,750,283,Irene Murphy,https://www.youtube.com/channel/UC5JVl0EBLYR1bUruH4-y5ZQ,https://www.youtube.com/watch?v=NVqLAtJG4N4,86%,1 年前,0,https://www.youtube.com/watch?v=zcG7NOTbO5U,25000,【スカッと総集編】家のローン毎月18万払い続けている私に夫「家と車は長男夫婦に相続する」長男嫁「ババァは施設行けw」私「はーい（覚悟しろよ）」【スカッと】【朗読】【シニア】
1,751,284,Jackson Campbell,https://www.youtube.com/channel/UC_PWzQFu6GkdO0Rafe9EZgw,https://www.youtube.com/watch?v=5PPMa_JFKvQ,100%,2 年前,0,https://www.youtube.com/watch?v=GZtalGoS6qE,110000,【スカッとする話】親族の集まりでエリート夫「嫁の飯はまずいんだよなw」私「え？私の料理食べた事ある？食事はいつも愛人宅じゃないの」義父「は？」義両親がブチギレ...
1,752,284,Jackson Campbell,https://www.youtube.com/channel/UC_PWzQFu6GkdO0Rafe9EZgw,https://www.youtube.com/watch?v=I-zS8aHf2vU,99%,2 年前,15,https://www.youtube.com/watch?v=bPcGySAd3gA,200000,【スカッと総集編】家のローン月18万を払ってると知らず同居の長男嫁に1年間無視された...ある日、私「あれ？なんで私の荷物が...」長男嫁「キレイにしておいてあげたw」私の荷物を勝手に捨てられた
1,753,285,Jaitai Btisto,https://www.youtube.com/channel/UCbO4rHwFOXVdYsKKbUHQmkg,https://www.youtube.com/watch?v=s0AzTkaB1bw,100%,1 年前,1,https://www.youtube.com/watch?v=CXYugbzMfW4,83000,【スカッと】夫が不倫し残された息子を育てて19年。息子が結婚し子供が生まれると息子「偽者の親が俺の子に触るなw」直後、息子嫁が血相を変え→息子嫁「あなた知らないの？」
1,754,285,Jaitai Btisto,https://www.youtube.com/channel/UCbO4rHwFOXVdYsKKbUHQmkg,https://www.youtube.com/watch?v=WlW75MRAHvc,100%,1 年前,0,https://www.youtube.com/watch?v=cnVie20jJ4w,48000,【スカッとする話】私の夫が亡くなった途端、家を勝手に解体した義両親「嫁は我が家で家政婦しなw」それを聞いた私は大爆笑→私「私は独身ですが？w」実は...
1,755,286,KAGE NO MISE,https://www.youtube.com/channel/UCtkP6jBvCd8AA8i1Q_YhEiA,https://www.youtube.com/watch?v=VJYmrUZZBMI,89%,1 か月前,2,https://www.youtube.com/watch?v=z0vZvZ-U3js,47000,【スカッとする話】私を毛嫌いする息子夫婦が私を無視。私「お弁当できたよ！」2人「…」3日後、息子嫁が高熱で倒れ、息子「助けてくれ！」私「…」無視して家を出た結果w【朗読】【スカッと】
1,756,286,KAGE NO MISE,https://www.youtube.com/channel/UCtkP6jBvCd8AA8i1Q_YhEiA,https://www.youtube.com/watch?v=h1enXZZT1qU,85%,1 か月前,5,https://www.youtube.com/watch?v=t9x4VmiCRI4,43000,【スカッとする話】親代わりで育てた妹の結婚式で、着物姿の妹が式場に1人ポツン…義家族「嘘に決まってるじゃんw」私「なら契約も嘘か！了解」義家族「え？」実はw【朗読】【スカッと】
1,757,287,Kailani Isaiah,https://www.youtube.com/channel/UCFuOZBBiOOX0fcfkVilk6GA,https://www.youtube.com/watch?v=dXL2sK7JPlA,100%,2 年前,0,https://www.youtube.com/watch?v=yefpSXnGZOg,150000,【スカッとする話】私名義の新築戸建と知らず里帰り出産で我が家に来た娘「母さんの部屋は私が使うw」夫「お前は車で寝てろw」私「わかりました...」→キレた私が家を売り払うと...w
1,758,287,Kailani Isaiah,https://www.youtube.com/channel/UCFuOZBBiOOX0fcfkVilk6GA,https://www.youtube.com/watch?v=xWIA9JHpd78,85%,2 年前,0,https://www.youtube.com/watch?v=My7bUq_jaIs,110000,【スカッとする話】姑の誕生会でも私を家政婦扱いする夫「バカ嫁さっさと料理出せ」義父「これ全部1人で！？」私「いつものことですから…」すると義父が豹変し…【修羅場】
1,759,288,Karole Baldridge,https://www.youtube.com/channel/UCZ35i4tiP0okzHY-iHg8JEg,https://www.youtube.com/watch?v=vDgESN-IU-A,99%,2 年前,0,https://www.youtube.com/watch?v=bPcGySAd3gA,200000,【スカッと総集編】家のローン月18万を払ってると知らず同居の長男嫁に1年間無視された...ある日、私「あれ？なんで私の荷物が...」長男嫁「キレイにしておいてあげたw」私の荷物を勝手に捨てられた
1,760,288,Karole Baldridge,https://www.youtube.com/channel/UCZ35i4tiP0okzHY-iHg8JEg,https://www.youtube.com/watch?v=JV7HstkIHU0,88%,1 年前,0,https://www.youtube.com/watch?v=G4O12jIGPfg,87000,【スカッとする話】夫が突然大量の荷物を持ってきて、夫「今日から俺の両親と姉を養う！嫌なら離婚だ！」私「え？もう離婚済みだけど？」夫「え？」結果w
1,761,289,Khloe Dollie,https://www.youtube.com/channel/UC0qyuyoGmlTjhcgifiYR3KQ,https://www.youtube.com/watch?v=tVGBSuWjl-4,100%,2 年前,2,https://www.youtube.com/watch?v=IaHdv7dT6Sc,120000,【スカッとする話】18年間家賃を払ってきた私を罵倒する夫と連れ子「月10万の家賃程度で偉そうにw」夫「支払い止めてみろw」私「喜んで」3ヶ月後w
1,762,289,Khloe Dollie,https://www.youtube.com/channel/UC0qyuyoGmlTjhcgifiYR3KQ,https://www.youtube.com/watch?v=Ebg52fMg0S0,100%,2 年前,273,https://www.youtube.com/watch?v=vyDCAcHPme8,86000,【スカッとする話】夫「来月ママが引っ越してくる！お前の部屋片付けておけw」私「はーい、キレイにしておくね」夫の出張中に不動産屋に連絡し家を売り払いキレイに更地にした結果w
1,763,290,LINE感情物語,https://www.youtube.com/channel/UCmCPsdt26NGQwolcoomPw0g,https://www.youtube.com/watch?v=lf2PUZEu-Po,100%,2 か月前,18,https://www.youtube.com/watch?v=iT0GjRHrB6w,260000,【スカッとする話】年末年始の親族の集まりで20人分のおせちをゴミ箱にぶちまけたエリート夫「親戚にマズイ飯を作るな！」私「私は何も作ってないよ？」夫「え？」実は...
1,764,290,LINE感情物語,https://www.youtube.com/channel/UCmCPsdt26NGQwolcoomPw0g,https://www.youtube.com/watch?v=66n9zvP-K2E,86%,2 週間前,32,https://www.youtube.com/watch?v=Tlkag3rVT5s,180000,【スカッとする話】30年連れ添った夫と離婚すると、義母「引っ越しはまだ？」夫「早く出てけ」私「30分後に消えます」荷物が運ばれ私が車に乗ると→義母「え？何なのこの高級車は？」
1,765,291,La primera dinastía,https://www.youtube.com/channel/UCcoNEsDFchbWKIhodPJpGeQ,https://www.youtube.com/watch?v=Fd0qmuXfNL4,97%,1 年前,705,https://www.youtube.com/watch?v=jcLkESG2h5U,47000,【スカッと】単身赴任の夫の家へサプライズで行くと記入済みの離婚届が...私「お望み通り提出するか」速攻で提出して携帯解約し家を売却して海外移住した結果w
1,766,291,La primera dinastía,https://www.youtube.com/channel/UCcoNEsDFchbWKIhodPJpGeQ,https://www.youtube.com/watch?v=oeF9zz1xxdk,97%,1 年前,702,https://www.youtube.com/watch?v=E6hGGRc68uY,150000,【スカッとする話】愛人と隠し子を連れ帰宅した夫「息子はお前にやる！離婚だ！」息子「母さんとは離婚出来ないよ？だって...」息子の衝撃の一言で夫と愛人が半狂乱にw
1,767,292,LeeHanson940552,https://www.youtube.com/channel/UCiFpfZ4zxQrKJWwuR5vCHpQ,https://www.youtube.com/watch?v=rQIgbkH3W5g,100%,1 年前,0,https://www.youtube.com/watch?v=VPQPhd_XW-o,110000,【スカッとする話】長男が娘を残して他界。長男嫁「金持ちの医者と再婚するw双子はババァが育てろw」私「いいの？喜んで！」60歳の私が工場の皆と育てると→15年後、まさかの展開に
1,768,292,LeeHanson940552,https://www.youtube.com/channel/UCiFpfZ4zxQrKJWwuR5vCHpQ,https://www.youtube.com/watch?v=jETuccVhfX8,100%,1 年前,0,https://www.youtube.com/watch?v=g4FVXeIsDTQ,140000,【スカッとする話】夫を略奪した姉から結婚式の招待状が届くと、父「母さんと2人で行くよ」母「地獄を見せてくるわね」普段温厚な両親がこの後...w
1,769,293,Lehner Karine,https://www.youtube.com/channel/UCA0SvKgidYZcjxppihuhV5A,https://www.youtube.com/watch?v=PW3h59CPtT0,100%,2 年前,0,https://www.youtube.com/watch?v=Y2dW4Y_TW6k,34000,【スカッとする話】夫が亡くなり1年後の法事にわざと結婚式をかぶせた親友「友人みんなこっちに来るってw弔いはあんた独りだねw」その言葉に私ニッコリ、実は...
1,770,293,Lehner Karine,https://www.youtube.com/channel/UCA0SvKgidYZcjxppihuhV5A,https://www.youtube.com/watch?v=DmJi1NAql6Y,100%,2 年前,0,https://www.youtube.com/watch?v=X-XsOSVdcY8,29000,【スカッとする話】癌でボロボロの状態で姉夫婦に追い出された祖母。姉「コイツはお前が面倒見ろw」私「いいよ！」夫婦で高級中華を営む私が祖母を引き取った結果w
1,771,294,Leoma Nora,https://www.youtube.com/channel/UC2gLuwqmbz63MW-40k4j78Q,https://www.youtube.com/watch?v=rv6Uzrlj0FA,100%,2 年前,0,https://www.youtube.com/watch?v=oTP6l6MCmBU,55000,【スカッとする話】父から相続した2億円の豪邸を勝手に自分名義に変更した夫「これで家は俺のw文句あるなら離婚ｗ」私「じゃあ離婚でいいけど、後悔しない？」夫「しねぇよw」3日後w
1,772,294,Leoma Nora,https://www.youtube.com/channel/UC2gLuwqmbz63MW-40k4j78Q,https://www.youtube.com/watch?v=cSrj4CwVfys,100%,2 年前,1,https://www.youtube.com/watch?v=SA1PcWksbus,38000,【スカッとする話】5歳の娘の病気が判明した途端、私と娘を捨て愛人と消えた夫。9年後、娘のある秘密を知ると夫「迎えに来たぞ！パパと帰ろう」娘「え？誰このおじさん」夫「え？」
1,773,295,Loreta Chiodino,https://www.youtube.com/channel/UCSs6WrsDTPM9nGoHTP01SFw,https://www.youtube.com/watch?v=v3ZJf3G1vao,99%,1 か月前,0,https://www.youtube.com/watch?v=JaGjTAkTfxQ,300000,【スカッとする話】私が夫の入院費を払ってると知らず私の荷物を全て捨てた夫の連れ子「もうパパに寄生するなw」連れ子を残し1億のタワマンに引越し入院費の支払いも止めた結果w
1,774,295,Loreta Chiodino,https://www.youtube.com/channel/UCSs6WrsDTPM9nGoHTP01SFw,https://www.youtube.com/watch?v=GU7G5dnZZ4Y,98%,1 か月前,0,https://www.youtube.com/watch?v=LXxfsTZeuZU,110000,【スカッと】長男夫婦がお盆に帰省し私が店を予約すると長男嫁「何この汚い店w年金生活の貧乏ババァじゃ仕方ないかw」直後、普段温厚な夫→夫「調子乗るなよガキが」長男嫁「え？」
1,775,296,Luciana Moises,https://www.youtube.com/channel/UCUiplhS7h-ESdVt3At79m6g,https://www.youtube.com/watch?v=s60XlJHkZB8,100%,2 年前,1,https://www.youtube.com/watch?v=7BkfeUd5plU,76000,【スカッとする話】私が役員報酬で家計を支えていると知らず夫を略奪し引越した愛人。愛人「家政婦で良いなら住所教えるよw」私「じゃ時給780円の夫とは離婚で」愛人「寝言は寝て言えw」結果w
1,776,296,Luciana Moises,https://www.youtube.com/channel/UCUiplhS7h-ESdVt3At79m6g,https://www.youtube.com/watch?v=280n9HHLgCA,100%,2 年前,0,https://www.youtube.com/watch?v=reFrC-La47k,60000,【スカッとする話】38歳の私と新生児を捨て若い女と再婚した夫と別れ3年後、義両親から突然の電話「旦那の葬式なのに喪主は早く来い！」私「元夫の葬儀は去年出ましたが？」義両親「はい？」
1,777,297,Lucio Arteaga,https://www.youtube.com/channel/UCHVHba8ZgBskJtgaB44gXLQ,https://www.youtube.com/watch?v=jKyeBzROlSU,99%,1 年前,0,https://www.youtube.com/watch?v=GZtalGoS6qE,110000,【スカッとする話】親族の集まりでエリート夫「嫁の飯はまずいんだよなw」私「え？私の料理食べた事ある？食事はいつも愛人宅じゃないの」義父「は？」義両親がブチギレ...
1,778,297,Lucio Arteaga,https://www.youtube.com/channel/UCHVHba8ZgBskJtgaB44gXLQ,https://www.youtube.com/watch?v=DtKiTd5pAvE,91%,1 年前,0,https://www.youtube.com/watch?v=bPcGySAd3gA,200000,【スカッと総集編】家のローン月18万を払ってると知らず同居の長男嫁に1年間無視された...ある日、私「あれ？なんで私の荷物が...」長男嫁「キレイにしておいてあげたw」私の荷物を勝手に捨てられた
1,779,298,Maci Abner,https://www.youtube.com/channel/UC_RzCxoVj1guzlsls0mTtaA,https://www.youtube.com/watch?v=Dp4pffWnT1Q,100%,1 年前,4,https://www.youtube.com/watch?v=fz32YDbWe1Q,53000,【スカッと】私が新築タワマンを購入した途端に夫「明日から愛人と同居する！」愛人「ババァは私の家から出てけw」私「え？私は独身ですが？」夫・愛人「は？」結果w
1,780,298,Maci Abner,https://www.youtube.com/channel/UC_RzCxoVj1guzlsls0mTtaA,https://www.youtube.com/watch?v=Dp4pffWnT1Q,100%,1 年前,4,https://www.youtube.com/watch?v=b7xMpCmS-ec,140000,【スカッと総集編】私が新築タワマンを購入した途端に夫「明日から愛人と同居する！」愛人「ババァは私の家から出てけw」私「え？私は独身ですが？」夫・愛人「は？」結果w
1,781,299,Mr Slugma,https://www.youtube.com/channel/UCqUVtjSCJrFMeOa7iOTDpGw,https://www.youtube.com/watch?v=L6XUBsdoCv8,100%,2 年前,0,https://www.youtube.com/watch?v=V38H9pAFLlk,68000,【スカッとする話】夫「俺の両親がこの家に来るからお前は実家に帰れw」私（生活費16万払ってるの私だけど）翌日、ゴミ回収業者に電話し家具家電全て捨て引越した結果w
1,782,299,Mr Slugma,https://www.youtube.com/channel/UCqUVtjSCJrFMeOa7iOTDpGw,https://www.youtube.com/watch?v=aDauIf_VIZU,100%,2 年前,1,https://www.youtube.com/watch?v=k6GWqtIXUlQ,42000,【スカッとする話】台風の夜、5歳の孫からSOS「ママに家を追い出された！助けて」私「パパは？」孫「知らない女の人と出て行った」私「え？」キレた私は...
1,783,300,MyrtleRice227285,https://www.youtube.com/channel/UCjjqSC4ZS6m68Zoo8gi2sgA,https://www.youtube.com/watch?v=YMgImhOqdt0,100%,1 年前,2,https://www.youtube.com/watch?v=Lhrb2i9uX0Q,28000,【スカッとする話】母のスーツを借りて夢だったアパレル会社の面接へ行くと、私の身なりを見下す面接官「古臭い格好w貧乏人は帰れw」母「これは私の仕立てたスーツだけど？」面接官「あ、あなたは！」結果w
1,784,300,MyrtleRice227285,https://www.youtube.com/channel/UCjjqSC4ZS6m68Zoo8gi2sgA,https://www.youtube.com/watch?v=_AcMbC4NYOw,100%,1 年前,0,https://www.youtube.com/watch?v=L3_h-v4eNTs,92000,【スカッとする話】親族の集まりで30人分の夕食を捨てた義母「親戚にマズい飯出すな」夫「走って高級寿司買ってこい！」私「私は盛り付けしかしてないよ？」義母・夫「え？」
1,785,301,Naya Johnny,https://www.youtube.com/channel/UCSYY27QMid6mwgyx6rchxgA,https://www.youtube.com/watch?v=UMaL9x-DSi4,100%,2 年前,1,https://www.youtube.com/watch?v=Llt6RtfGJC8,100000,【スカッとする話】幸せな日常を送ってた夫が急逝し1週間後、私宛に夫から手紙が届いた...手紙「絶対に子供達に見つからないよう読んでください」そこに記された住所に行き同封の鍵で金庫を開けると...
1,786,301,Naya Johnny,https://www.youtube.com/channel/UCSYY27QMid6mwgyx6rchxgA,https://www.youtube.com/watch?v=bmitCGyseL0,100%,2 年前,0,https://www.youtube.com/watch?v=OaIj_8vvCdo,28000,【スカッとする話】深夜に母が倒れ夫と病院へ...私「急いで車出して！」夫「...はーい」だが、なぜか道中の海岸で置き去りに、夫「俺様に命令した罰だw」3時間後、病院に着くと血だらけの夫がw
1,787,302,NgocTinh Nguyen,https://www.youtube.com/channel/UCtlSfJyc803RBEXz2C1pjWQ,https://www.youtube.com/watch?v=-l926qEGQkc,98%,2 年前,0,https://www.youtube.com/watch?v=BKC9CbFIESk,52000,【スカッとする話】夫の連れ子の娘と暮らし始めて1年。しかし、全くなつく気配がない…夫が海外出張に行った日に娘が初めて話しかけてきた。娘「お母さん、実は...」そう言って差し出された手には...
1,788,302,NgocTinh Nguyen,https://www.youtube.com/channel/UCtlSfJyc803RBEXz2C1pjWQ,https://www.youtube.com/watch?v=v_D4AoSIAw0,85%,2 年前,0,https://www.youtube.com/watch?v=My7bUq_jaIs,110000,【スカッとする話】姑の誕生会でも私を家政婦扱いする夫「バカ嫁さっさと料理出せ」義父「これ全部1人で！？」私「いつものことですから…」すると義父が豹変し…【修羅場】
1,789,303,Nguyệt Hà Thái,https://www.youtube.com/channel/UC0Fa-RST2mz9JyJdxeyA4Nw,https://www.youtube.com/watch?v=IPCSlnyRQs0,100%,2 年前,0,https://www.youtube.com/watch?v=IaHdv7dT6Sc,120000,【スカッとする話】18年間家賃を払ってきた私を罵倒する夫と連れ子「月10万の家賃程度で偉そうにw」夫「支払い止めてみろw」私「喜んで」3ヶ月後w
1,790,303,Nguyệt Hà Thái,https://www.youtube.com/channel/UC0Fa-RST2mz9JyJdxeyA4Nw,https://www.youtube.com/watch?v=baqP7IS_Oy4,98%,2 年前,0,https://www.youtube.com/watch?v=BKC9CbFIESk,52000,【スカッとする話】夫の連れ子の娘と暮らし始めて1年。しかし、全くなつく気配がない…夫が海外出張に行った日に娘が初めて話しかけてきた。娘「お母さん、実は...」そう言って差し出された手には...
1,791,304,Nhi Thanh,https://www.youtube.com/channel/UC7IbPIoUZ8QPCmq59clcdDA,https://www.youtube.com/watch?v=uRbUlIG0K9E,100%,7 か月前,1,https://www.youtube.com/watch?v=TFj28JG7kF0,50000,【スカッとする話】夫の出張中、義母と義妹が離婚届を持って家に来ると、義母「30分以内にサインして提出しろ！」義妹「年収3000万の兄の寄生虫がw」私「喜んで！」義妹「強がっちゃってw」3日後…
1,792,304,Nhi Thanh,https://www.youtube.com/channel/UC7IbPIoUZ8QPCmq59clcdDA,https://www.youtube.com/watch?v=iQmqKKxWL_I,82%,7 か月前,0,https://www.youtube.com/watch?v=hJ8jUcnVIG0,41000,【スカッとする話】夜勤明けで帰ると夫と親友が真っ最中…夫「娘と慰謝料やるから離婚でw」親友「あんた達用済みだってw」娘「パパそれは無理だよ？だって…」娘の一言で夫・親友は顔面蒼白w【朗読】【スカッと】
1,793,305,Song Lamcho,https://www.youtube.com/channel/UCyJyX83klsUe_oEnVe2jcKA,https://www.youtube.com/watch?v=ALEuc93STNg,100%,2 年前,2,https://www.youtube.com/watch?v=kxHIst_B2HY,32000,【スカッとする話】里帰り出産中で家にいない私の通帳と印鑑を持ち逃げした夫と愛人「彼女の為に全額使ったｗ」私「通帳の名義、確認した？」夫「え？」→実は...
1,794,305,Song Lamcho,https://www.youtube.com/channel/UCyJyX83klsUe_oEnVe2jcKA,https://www.youtube.com/watch?v=szN2N2J7_S8,100%,2 年前,1,https://www.youtube.com/watch?v=mQJTB_WsrDk,53000,【スカッとする話】突然友人5人を連れて来た夫「今日は友達とBBQだ！早く肉とビール買ってこいｗ」私「私も今から旅行なので無理です」夫「は？」全員無視して家を出ると夫は警察に連行された。実は...
1,795,306,Song Lukas,https://www.youtube.com/channel/UCfaOHU5Jbp5FjUEctfCsKUQ,https://www.youtube.com/watch?v=8KrsBy0AFqk,99%,2 年前,0,https://www.youtube.com/watch?v=VPQPhd_XW-o,110000,【スカッとする話】長男が娘を残して他界。長男嫁「金持ちの医者と再婚するw双子はババァが育てろw」私「いいの？喜んで！」60歳の私が工場の皆と育てると→15年後、まさかの展開に
1,796,306,Song Lukas,https://www.youtube.com/channel/UCfaOHU5Jbp5FjUEctfCsKUQ,https://www.youtube.com/watch?v=zjDT2KRVUAg,97%,2 年前,1,https://www.youtube.com/watch?v=Y2GawdK7Q9E,100000,【スカッとする話】長男夫婦に初孫が生まれ出産祝いに行くと長男嫁「二人は汚いので床でいいですか？w」長男「ジジババは段ボールの上でw」夫「...帰るか」私「うん」速帰宅し→永久に無視した結果w
1,797,307,Sonya P yaneira,https://www.youtube.com/channel/UC7A_-HTOkhwa_hNYJA0Ix3g,https://www.youtube.com/watch?v=24AfQxnebzc,100%,1 年前,1,https://www.youtube.com/watch?v=ePhhfbutCKw,39000,【スカッとする話】私が役員報酬で家計を支えていると知らず夫を略奪し引越した親友。親友「奴隷で良いなら新住所教えるw」私「じゃあ無職の夫とは離婚で」親友「負け犬がw」結果w
1,798,307,Sonya P yaneira,https://www.youtube.com/channel/UC7A_-HTOkhwa_hNYJA0Ix3g,https://www.youtube.com/watch?v=kHuEA2CdXs0,100%,1 年前,0,https://www.youtube.com/watch?v=od402_O8_4U,64000,【スカッとする話】夫のドナーとなり臓器提供した私が車いす生活になると、私を捨て23歳の愛人と駆け落ちした夫「介護とか嫌だし離婚でｗ」1週間後、半狂乱の夫から鬼電が来て永久に無視してやった結果w
1,799,308,Thanh Hoàng,https://www.youtube.com/channel/UCe0BR0pleSRKlrzDsZRzQng,https://www.youtube.com/watch?v=yDcRPobPZtk,100%,1 年前,0,https://www.youtube.com/watch?v=IaHdv7dT6Sc,120000,【スカッとする話】18年間家賃を払ってきた私を罵倒する夫と連れ子「月10万の家賃程度で偉そうにw」夫「支払い止めてみろw」私「喜んで」3ヶ月後w
1,800,308,Thanh Hoàng,https://www.youtube.com/channel/UCe0BR0pleSRKlrzDsZRzQng,https://www.youtube.com/watch?v=02vjHNTtfmQ,100%,1 年前,0,https://www.youtube.com/watch?v=IaHdv7dT6Sc,120000,【スカッとする話】18年間家賃を払ってきた私を罵倒する夫と連れ子「月10万の家賃程度で偉そうにw」夫「支払い止めてみろw」私「喜んで」3ヶ月後w
1,801,309,Thoi Andanh,https://www.youtube.com/channel/UCjGfmnjMicO4W2K6GyuoKPw,https://www.youtube.com/watch?v=WKYZTQBDClk,100%,1 年前,1,https://www.youtube.com/watch?v=Z7gS0PmgiuQ,26000,【スカッとする話】夫が突然ビールをぶっかけ、夫「俺のおかげで暮らせてる寄生虫が…文句あるなら離婚して出て行け！」私「わかりました…」3日後、夫からの鬼電を全無視した結果w
1,802,309,Thoi Andanh,https://www.youtube.com/channel/UCjGfmnjMicO4W2K6GyuoKPw,https://www.youtube.com/watch?v=TilFS0KexA0,98%,1 年前,8,https://www.youtube.com/watch?v=ZQpFSTa8aRk,130000,【スカッとする話】勝手に離婚届を提出した夫「離婚届出しておいたぞw」愛人「1週間で出て行けw」私「いや、今すぐ出てくわ」3秒で出ていくと夫から鬼電がw
1,803,310,Thompson Max,https://www.youtube.com/channel/UCi0KcZGu2IPPHUniuCIiOjA,https://www.youtube.com/watch?v=nnJoW_pe8n4,100%,1 年前,0,https://www.youtube.com/watch?v=Qr4xotQ_yg4,89000,【スカッとする話】仕事と子育てに疲れた私「実家に帰らせて頂きます」夫「はぁ？俺の飯は？掃除は？帰るなら離婚届書いて行け！」即提出して義父に報告すると涙を流した夫が家に来て...
1,804,310,Thompson Max,https://www.youtube.com/channel/UCi0KcZGu2IPPHUniuCIiOjA,https://www.youtube.com/watch?v=_-kEF_XgZTk,100%,1 年前,0,https://www.youtube.com/watch?v=2-KYbNOEFwA,39000,【スカッとする話】長男が永眠後も孫の世話をする私に長男嫁「なんでまだいるの？w他人ババァは消えろw」私「じゃあ出ていきます」永久に他人扱いしてやた結果w【修羅場】【スカッと】
1,805,311,Tran Nguyen,https://www.youtube.com/channel/UCkbLQFcmS_semy5V4yy7JCA,https://www.youtube.com/watch?v=1hmzqxms-hk,86%,7 か月前,0,https://www.youtube.com/watch?v=Inkt788oa7g,11000,【スカッとする話】毎週家族を置いて旅行に行く夫「休みは1人になりたいんだ」私「はーい、ご自由にどうぞ」息子＆娘「おじさんバイバーイ」徹底的に1人にしてやった結果w
1,806,311,Tran Nguyen,https://www.youtube.com/channel/UCkbLQFcmS_semy5V4yy7JCA,https://www.youtube.com/watch?v=-kohkhD9Fgk,83%,7 か月前,0,https://www.youtube.com/watch?v=aQpyR3G6AWI,58000,【スカッとする話】医者の長男の招待でハワイ旅行へ行くと、長男嫁「息子の金で贅沢するなw貧乏なジジババは帰れw」私「じゃ帰ろっか...」夫「だな」速攻で帰った結果w
1,807,312,Trinh Nguyen,https://www.youtube.com/channel/UCXU2J6ozl1uCSaj2Xz0MdTw,https://www.youtube.com/watch?v=9j2tRb9CF-M,95%,8 か月前,0,https://www.youtube.com/watch?v=D_8isHKZfYQ,27000,【スカッとする話】海外赴任中の夫の家にサプライズで行き料理をしてると記入済の離婚届が…私「お望み通り離婚してやるか」即提出して家を引越し携帯解約し永久に姿を消すと…w【スカッと】
1,808,312,Trinh Nguyen,https://www.youtube.com/channel/UCXU2J6ozl1uCSaj2Xz0MdTw,https://www.youtube.com/watch?v=9j2tRb9CF-M,95%,8 か月前,0,https://www.youtube.com/watch?v=oAXdFkKqxuk,60000,【スカッと総集編】海外赴任中の夫の家にサプライズで行き料理をしてると記入済の離婚届が…私「お望み通り離婚してやるか」即提出して家を引越し携帯解約し永久に姿を消すと…w
1,809,313,UnforgivenSmiley,https://www.youtube.com/channel/UC7X74plv5Qdz-X5NwsDZ2yA,https://www.youtube.com/watch?v=_m5Hz5LJjNI,100%,2 年前,28,https://www.youtube.com/watch?v=4gs5Zq6DMCY,86000,【スカッとする話】浮気した夫と離婚すると夫の連れ子「部屋はちゃんとキレイにしてねw」愛人「明日中に出てってねw」私「はーい」私の家具家電全てを捨て家をキレイにして引越した結果w
1,810,313,UnforgivenSmiley,https://www.youtube.com/channel/UC7X74plv5Qdz-X5NwsDZ2yA,https://www.youtube.com/watch?v=YbHAKfvintg,100%,2 年前,0,https://www.youtube.com/watch?v=FJiSauJbihQ,44000,【スカッとする話】我が家が火事で全焼すると夫の連れ子「女の人が火傷で重症と聞いたけど大丈夫だった？w」私「え？私は買い物中だけど？」連れ子「え？」全身火傷で搬送されたのは...
1,811,314,gceylon selenanf,https://www.youtube.com/channel/UCC0exR5uxAWEiC6o51l3K6w,https://www.youtube.com/watch?v=mnqWLIaPi6A,98%,2 年前,1,https://www.youtube.com/watch?v=St5t2rltjZE,96000,【スカッとする話】夫が突然、姉と姪の大量の荷物を送ってきて、夫「姉と姪の荷物は届いた？今日から二人は俺達が養う！」私「うん、荷物届いて私も今新居に引越した所！」夫「え？新居？」結果w
1,812,314,gceylon selenanf,https://www.youtube.com/channel/UCC0exR5uxAWEiC6o51l3K6w,https://www.youtube.com/watch?v=3NBBYHQBzHc,97%,2 年前,1,https://www.youtube.com/watch?v=dteWMwt6L4Y,32000,【スカッとする話】旦那の出世祝いに贈ったネクタイを即行で捨てた夫「安物のゴミはいらん！」私「ちゃんと中、確認した？」夫「え？」実は...
1,813,315,ngo ngoc,https://www.youtube.com/channel/UCHLDedkA2DnXJSOB3PK7PVg,https://www.youtube.com/watch?v=N0v7w4Hx-AE,100%,2 年前,0,https://www.youtube.com/watch?v=Qr4xotQ_yg4,89000,【スカッとする話】仕事と子育てに疲れた私「実家に帰らせて頂きます」夫「はぁ？俺の飯は？掃除は？帰るなら離婚届書いて行け！」即提出して義父に報告すると涙を流した夫が家に来て...
1,814,315,ngo ngoc,https://www.youtube.com/channel/UCHLDedkA2DnXJSOB3PK7PVg,https://www.youtube.com/watch?v=pT9EqSJ7xlI,90%,1 年前,0,https://www.youtube.com/watch?v=-fE68tebmjk,72000,【スカッとする話】夫の出張中に息子に誘われ高級ホテルへディナーに行くと女性にプロポーズする夫「亡き妻と息子の分まで幸せにする！」直後、静かに席を立ち上がり求婚に乱入→私と息子「死んだ全家族です」
1,815,316,rey999888777,https://www.youtube.com/channel/UCaCa_K2nipqabH6L6rN-pYA,https://www.youtube.com/watch?v=nU8W84Q22QY,100%,11 か月前,1,https://www.youtube.com/watch?v=C3gUsFfqx7s,81000,【スカッとする話】長男夫婦が私の持ち家をリフォームすることになり完成すると長男が「母さんは４畳の物置部屋なw」長男嫁「嫌なら出てけw」→私「じゃあ出ていく」家を売却し引っ越してやった結果【修羅場】
1,816,316,rey999888777,https://www.youtube.com/channel/UCaCa_K2nipqabH6L6rN-pYA,https://www.youtube.com/watch?v=_mqFS3oOSC0,100%,11 か月前,0,https://www.youtube.com/watch?v=SKo9NlLkMTQ,23000,【スカッとする話】母が海で大ケガし緊急搬送！夫に病院に行くと相談するも「お前の母親より仕事が大事！逆らうなら離婚だ！」と離婚届を突きつけられたので、即提出してやった結果...【修羅場】
1,817,317,sameera wigesinghe,https://www.youtube.com/channel/UCb9fNZiAlCNCS_XLYOFeiDg,https://www.youtube.com/watch?v=g5XuZlue7Lw,100%,2 年前,0,https://www.youtube.com/watch?v=IaHdv7dT6Sc,120000,【スカッとする話】18年間家賃を払ってきた私を罵倒する夫と連れ子「月10万の家賃程度で偉そうにw」夫「支払い止めてみろw」私「喜んで」3ヶ月後w
1,818,317,sameera wigesinghe,https://www.youtube.com/channel/UCb9fNZiAlCNCS_XLYOFeiDg,https://www.youtube.com/watch?v=daMPY_tnrOc,88%,2 年前,0,https://www.youtube.com/watch?v=G4O12jIGPfg,87000,【スカッとする話】夫が突然大量の荷物を持ってきて、夫「今日から俺の両親と姉を養う！嫌なら離婚だ！」私「え？もう離婚済みだけど？」夫「え？」結果w
1,819,318,vliquor dfescei,https://www.youtube.com/channel/UC3hKgXfvS8YoowIlWlcOq4A,https://www.youtube.com/watch?v=Gb_4cbh5OCQ,100%,2 年前,1894,https://www.youtube.com/watch?v=kxHIst_B2HY,32000,【スカッとする話】里帰り出産中で家にいない私の通帳と印鑑を持ち逃げした夫と愛人「彼女の為に全額使ったｗ」私「通帳の名義、確認した？」夫「え？」→実は...
1,820,318,vliquor dfescei,https://www.youtube.com/channel/UC3hKgXfvS8YoowIlWlcOq4A,https://www.youtube.com/watch?v=7FKd3RMjS2s,100%,2 年前,309,https://www.youtube.com/watch?v=Xd4dY1mjM78,57000,【スカッとする話】娘の1か月検診から帰宅すると家の鍵が開かない…夫「夜泣きうるさくて鍵換えたw」義両親「ガキとお前は野宿しろｗ」私「はーい、どこで寝ても文句言うなよ」夫・義両親「え？」
1,821,319,xd d,https://www.youtube.com/channel/UC57JfJ0qVAX0gLlaIFxzYbg,https://www.youtube.com/watch?v=cmgrfvfWytM,100%,2 年前,0,https://www.youtube.com/watch?v=vyDCAcHPme8,86000,【スカッとする話】夫「来月ママが引っ越してくる！お前の部屋片付けておけw」私「はーい、キレイにしておくね」夫の出張中に不動産屋に連絡し家を売り払いキレイに更地にした結果w
1,822,319,xd d,https://www.youtube.com/channel/UC57JfJ0qVAX0gLlaIFxzYbg,https://www.youtube.com/watch?v=kdImq88ckgM,100%,1 年前,0,https://www.youtube.com/watch?v=GZtalGoS6qE,110000,【スカッとする話】親族の集まりでエリート夫「嫁の飯はまずいんだよなw」私「え？私の料理食べた事ある？食事はいつも愛人宅じゃないの」義父「は？」義両親がブチギレ...
1,823,320,Айдын Сарсенбай,https://www.youtube.com/channel/UC62HBorJEHWEEvX5smGooqw,https://www.youtube.com/watch?v=Trc-xBRqAno,100%,2 年前,0,https://www.youtube.com/watch?v=zqzq4IUgEQI,29000,【スカッとする話】私が両足を骨折して入院した時も見舞いに来なかった夫が緊急搬送。夫「大変だ！今すぐ見舞いに来い！」私「いいけど、後悔するよ？」夫「しねぇよ！早くこいクズ！」結果w
1,824,320,Айдын Сарсенбай,https://www.youtube.com/channel/UC62HBorJEHWEEvX5smGooqw,https://www.youtube.com/watch?v=4swRmmhwlHY,100%,2 年前,3,https://www.youtube.com/watch?v=XeaG3k_O8iM,31000,【スカッとする話】夫「もう我慢できん！クズ嫁とは離婚！」夫婦喧嘩の翌日出張から帰ると私「この前はごめ...ん？」机の上に記入済みの離婚届が...速攻で提出してやった結果w
1,825,321,Александр Кислюк,https://www.youtube.com/channel/UCKyXsVO7U5skrf2rht7Mkfg,https://www.youtube.com/watch?v=B0VOks4CGH4,99%,9 日前,0,https://www.youtube.com/watch?v=JaGjTAkTfxQ,300000,【スカッとする話】私が夫の入院費を払ってると知らず私の荷物を全て捨てた夫の連れ子「もうパパに寄生するなw」連れ子を残し1億のタワマンに引越し入院費の支払いも止めた結果w
1,826,321,Александр Кислюк,https://www.youtube.com/channel/UCKyXsVO7U5skrf2rht7Mkfg,https://www.youtube.com/watch?v=jnZeyUDrwAk,98%,1 か月前,0,https://www.youtube.com/watch?v=LXxfsTZeuZU,110000,【スカッと】長男夫婦がお盆に帰省し私が店を予約すると長男嫁「何この汚い店w年金生活の貧乏ババァじゃ仕方ないかw」直後、普段温厚な夫→夫「調子乗るなよガキが」長男嫁「え？」
1,827,322,Илья Колесник,https://www.youtube.com/channel/UCZMtQmyl0TypS9AyrfjUDFA,https://www.youtube.com/watch?v=B6Murd9Ypws,100%,2 年前,0,https://www.youtube.com/watch?v=rY3O79-ZQI0,66000,【スカっとする話】13年間大事に育てた夫の連れ子（娘）の結婚式当日、娘「偽物の母親は今すぐ帰れ！」私が退席して泣いていると娘「ごめんね！実は...」
1,828,322,Илья Колесник,https://www.youtube.com/channel/UCZMtQmyl0TypS9AyrfjUDFA,https://www.youtube.com/watch?v=fkv2eCFPizE,97%,2 年前,0,https://www.youtube.com/watch?v=dAD2oL93V18,57000,【スカッとする話】一緒に起業した私を裏切った親友「アンタの旦那と会社やるw」夫「売上と社員は貰うねw」63歳のおばちゃん「私は残ります」残ったのはパートのおばちゃんのみ...→その後、まさかの展開にw
1,829,323,Истории про страсти ЛЮДСКИЕ,https://www.youtube.com/channel/UCR3QAdo6VohGeGNhamj2WWQ,https://www.youtube.com/watch?v=sOzfbxq3sRk,100%,2 年前,1,https://www.youtube.com/watch?v=td6d5s8qLow,140000,【スカッとする話】銀行員の夫を略奪した親友「双子の赤ちゃん産んだのw出産祝い180万お願いねw」私「うん、銀行頭取の旦那と行くね！」親友「え？」結果w
1,830,323,Истории про страсти ЛЮДСКИЕ,https://www.youtube.com/channel/UCR3QAdo6VohGeGNhamj2WWQ,https://www.youtube.com/watch?v=Tvf7K0g1mbI,98%,2 年前,0,https://www.youtube.com/watch?v=SeP0MZg5CRY,55000,【スカッとする話】私が資産190億の超資産家で夫が婿養子だと知らず夫を略奪した親友「タワマンと旦那は私が貰うw」直後、私はお腹を抱え大爆笑→私「家の名義は私wそれと…」夫の秘密を知った親友は半狂乱にw
1,831,324,Константин Гаврильчик,https://www.youtube.com/channel/UC0wxN9ZTx_FfjZhJ5y54ovg,https://www.youtube.com/watch?v=k1QRqRxgiDI,100%,2 年前,2,https://www.youtube.com/watch?v=Y2GawdK7Q9E,100000,【スカッとする話】長男夫婦に初孫が生まれ出産祝いに行くと長男嫁「二人は汚いので床でいいですか？w」長男「ジジババは段ボールの上でw」夫「...帰るか」私「うん」速帰宅し→永久に無視した結果w
1,832,324,Константин Гаврильчик,https://www.youtube.com/channel/UC0wxN9ZTx_FfjZhJ5y54ovg,https://www.youtube.com/watch?v=yq6m8u1L82Q,100%,2 年前,0,https://www.youtube.com/watch?v=y8ReyKKeUUQ,100000,【スカッとする話】私が資産170億の不動産王と知らず私から夫を奪った美人な姉「生活保護でも貰え貧乏人w」後日、示談交渉で弁護士が大爆笑→弁護士「生活保護はアナタでは？w」姉「え？」実は...
1,833,325,Миша Попов,https://www.youtube.com/channel/UCjX95A6FcjSVjAdzWN2lDDQ,https://www.youtube.com/watch?v=gnJIgT4ly5M,100%,2 年前,0,https://www.youtube.com/watch?v=MQId9AgFqwg,240000,【スカッとする話】作業着姿の夫と買い出し中、私の婚約者を奪った親友と再会。親友「私の旦那、医者なのwそれに比べてあんたの旦那は貧乏そうねw」→夫「え？彼は私の部下ですが？」親友「え？」
1,834,325,Миша Попов,https://www.youtube.com/channel/UCjX95A6FcjSVjAdzWN2lDDQ,https://www.youtube.com/watch?v=-dR-4_BicRs,100%,2 年前,0,https://www.youtube.com/watch?v=oU0HOzkHlYs,33000,【スカッとする話】高熱で早退して家に帰ると仕事に行ったはずの夫がママ友と真っ最中…私「うわ…キモすぎて無理…」コッソリ２人の動画を撮影し義両親と親戚一同に送った結果ｗ
1,835,326,【スカッと】168,https://www.youtube.com/channel/UCg_ZM3AOy8_CmBy5Txly_Nw,https://www.youtube.com/watch?v=bltYb_OL9V4,92%,3 年前,11,https://www.youtube.com/watch?v=COu6nxLbvh8,35000,【スカッとする話】温泉旅館で夫と食事中。隣の個室席になぜか息子夫婦が…。声をかけようとすると息子と息子嫁の恐ろしい会話が聞こえてきて…→慌てて警察に通報した結果【修羅場】
1,836,326,【スカッと】168,https://www.youtube.com/channel/UCg_ZM3AOy8_CmBy5Txly_Nw,https://www.youtube.com/watch?v=MuOYHGAp4dY,91%,3 年前,106,https://www.youtube.com/watch?v=c9IsJU5XUfo,53000,【スカッとする話】実家で長男と長男嫁に嫌われ続けた私が追い出され次男夫婦の家へ。私「ちょっと聞いてくれない？」私が抱え込んでいた悩みを伝えると、次男嫁｢実は私の正体は…｣【修羅場】
1,837,327,ある家族の秘密,https://www.youtube.com/channel/UCekgwPiAiq23_htxcpqphxg,https://www.youtube.com/watch?v=cGagyNv_Im4,97%,3 か月前,1274,https://www.youtube.com/watch?v=tfbycPtFjbg,170000,【スカッとする話】義母を10年介護している私に夫「離婚してくれ…老後もお前と一緒は無理…」私「じゃあ介護と嫁辞めるね」即離婚して沖縄に引越すと夫から鬼電→携帯解約し永久に無視した結果w【朗読】
1,838,327,ある家族の秘密,https://www.youtube.com/channel/UCekgwPiAiq23_htxcpqphxg,https://www.youtube.com/watch?v=bUpta2qPYqM,59%,1 か月前,438,https://www.youtube.com/watch?v=3WlCnGLe67U,550000,【スカッとする話】私の両親が亡くなった途端、実家を勝手に解体した夫「今日から俺の家で両親と同居だ！」それを聞いた私は大爆笑→私「あんた達、知らないの？」実は...
1,839,328,のび太の物語,https://www.youtube.com/channel/UCoLjCYF-OmR8GK_PNcCbSQw,https://www.youtube.com/watch?v=y2SvPfrB4Bc,95%,1 年前,5,https://www.youtube.com/watch?v=fWyDRlG3j-c,44000,【スカッとする話】私を猛烈に嫌う夫と義父が私を無視。私「朝ご飯出来てますよ」2人「…」3日後、夫と義父が事故で緊急搬送。夫「介護が必要になった…」私「…」無視して引越し姿を消した結果w
1,840,328,のび太の物語,https://www.youtube.com/channel/UCoLjCYF-OmR8GK_PNcCbSQw,https://www.youtube.com/watch?v=KSBKVY4fYd8,94%,1 年前,4,https://www.youtube.com/watch?v=z2MwsWSfxvA,60000,【スカッとする話】引越し祝いに来た義家族が居座り3ヶ月も出ていかない…義母「このまま家族5人住むわw」私「私は引越すのでご自由に！」義母「え？引越すの？」
1,841,329,よみかた,https://www.youtube.com/channel/UCUeEDBlEKnZtizIZrthr1IQ,https://www.youtube.com/watch?v=guG2UM4v4lE,100%,1 か月前,26,https://www.youtube.com/watch?v=uYt37nxwb0o,18000,【スカッとする話】私の資産が9億あると知らず社長令嬢の愛人と再婚した元夫と再会「生活保護の貧乏人じゃんw元気？w」私「は？誰と勘違いしてるの？」真実を伝えると元夫が半狂乱にw【スカッと】【朗読】
1,842,329,よみかた,https://www.youtube.com/channel/UCUeEDBlEKnZtizIZrthr1IQ,https://www.youtube.com/watch?v=guG2UM4v4lE,100%,1 か月前,26,https://www.youtube.com/watch?v=lVGupM23LsE,310000,【スカッと総集編】私の資産が9億あると知らず社長令嬢の愛人と再婚した元夫と再会「生活保護の貧乏人じゃんw元気？w」私「は？誰と勘違いしてるの？」真実を伝えると元夫が半狂乱にw
1,843,330,サレ妻スカッと朗読劇場,https://www.youtube.com/channel/UCJgoXHICCqfacxNrlNShnhA,https://www.youtube.com/watch?v=QchOYPl1r6w,100%,3 年前,14848,https://www.youtube.com/watch?v=Z7gS0PmgiuQ,26000,【スカッとする話】夫が突然ビールをぶっかけ、夫「俺のおかげで暮らせてる寄生虫が…文句あるなら離婚して出て行け！」私「わかりました…」3日後、夫からの鬼電を全無視した結果w
1,844,330,サレ妻スカッと朗読劇場,https://www.youtube.com/channel/UCJgoXHICCqfacxNrlNShnhA,https://www.youtube.com/watch?v=bxFKLbECBP0,83%,3 年前,2300,https://www.youtube.com/watch?v=U2S1py-2s34,85000,【スカッとする話】夫と娘に10年嫌われ続けた母親の私。娘の中学卒業式の日に姿を消すと、血相を変えた夫から鬼電がきて永久に無視した結果w【修羅場】【スカッと】
1,845,331,スカッとする話 5002,https://www.youtube.com/channel/UC9PRNuexgR1mFIe1EGQfWyQ,https://www.youtube.com/watch?v=m6DHEG42EQY,100%,1 か月前,2,https://www.youtube.com/watch?v=C6r_ataNQZU,180000,【スカッと総集編】起業した夫を支えてきた私を裏切った夫「21歳のバイトを妊娠させた！悪いが、離婚してくれ！」私「はーい、仕事も辞めるね！」夫「は？仕事は続けてくれよ」
1,846,331,スカッとする話 5002,https://www.youtube.com/channel/UC9PRNuexgR1mFIe1EGQfWyQ,https://www.youtube.com/watch?v=m6DHEG42EQY,86%,1 か月前,2,https://www.youtube.com/watch?v=n-_5T-nb0dg,37000,【スカッと】起業した夫を支えてきた私を裏切った夫「21歳のバイトを妊娠させた！離婚しで！」私「はーい、仕事も辞めるね！」夫「は？仕事は続けてくれよ」私「嫌よ。だってあのバイト...」
1,847,332,スカッとウーマン【スカッと朗読】,https://www.youtube.com/channel/UCRfn3Q7WtEra227Pt8YdjTg,https://www.youtube.com/watch?v=IDhKS8JHH0o,84%,3 年前,17058,https://www.youtube.com/watch?v=DEcFbb6Aov4,220000,【スカッと総集編】長男夫婦の結婚式でご祝儀300万用意した私を罵倒する長男嫁「そんな小銭で偉そうにされる覚えはありませんw」長男「ババァは帰れw」→私「喜んで！」本当に帰った結果w【スカッとする話】
1,848,332,スカッとウーマン【スカッと朗読】,https://www.youtube.com/channel/UCRfn3Q7WtEra227Pt8YdjTg,https://www.youtube.com/watch?v=FwtTPKNTtQ4,81%,3 年前,13420,https://www.youtube.com/watch?v=Ce9z2aQMNXE,260000,【スカッと総集編】私と夫の事が大嫌いな長男夫婦と高級寿司屋へ行くと私達の席がない。長男「予約間違えたw財布おいて帰れw」私「いいけどアナタ達本当に大丈夫？後悔するよ？」長男嫁「するかw」1時間後w
1,849,333,スカッとハイタッチ まとめ集,https://www.youtube.com/channel/UCn660aJMV48n7PpUocyDklA,https://www.youtube.com/watch?v=eEvTTJxjb-w,100%,1 年前,0,https://www.youtube.com/watch?v=_-gF8Kae1yU,90000,【スカッとする話】姉の出産祝いに親戚一同と行くと、夫「出産祝い30万どうぞ！」私「え？なんで？その子はあんたの子供でしょ？」親戚一同「は？」全員がブチギレ...
1,850,333,スカッとハイタッチ まとめ集,https://www.youtube.com/channel/UCn660aJMV48n7PpUocyDklA,https://www.youtube.com/watch?v=sR_-poEDlqY,93%,1 年前,1,https://www.youtube.com/watch?v=W5df5X3HAMk,26000,【スカッとする話】夫が突然姉と姪を連れきて、夫「今日から姉と姪は俺達が養う！嫌なら離婚だ！」私「じゃあ離婚して出ていく」夫「やってみろw」結果w
1,851,334,スカッと感動物語,https://www.youtube.com/channel/UCNgAGbz8Vv4P9AQgd9iNa-g,https://www.youtube.com/watch?v=xBwBL4iNsEA,100%,2 か月前,38663,https://www.youtube.com/watch?v=lRIrN83xkSc,62000,【スカッとする話】私の車のアクセルにこっそり手を加える夫。私（知らないふりしよw）翌日、車を義両親に貸し出すと、夫「ま、待ってくれ…」実はw【朗読】【スカッと】
1,852,334,スカッと感動物語,https://www.youtube.com/channel/UCNgAGbz8Vv4P9AQgd9iNa-g,https://www.youtube.com/watch?v=TM-lmiQNaI4,90%,1 か月前,3436,https://www.youtube.com/watch?v=70JSyEr3ztQ,340000,【スカッと総集編】夫が土下座「20歳の愛人が妊娠した！離婚してくれ！」私「はい離婚届け。じゃ娘以外は連れてくね」夫「は？娘も連れていけよ」私「無理、だってこの子は…」【スカッとする話】
1,853,335,トラブルバスターズ,https://www.youtube.com/channel/UC-6aa7WG4qz8PrsNBHGU1Iw,https://www.youtube.com/watch?v=YRuzk4jbWoM,74%,2 年前,517998,https://www.youtube.com/watch?v=3WlCnGLe67U,550000,【スカッとする話】私の両親が亡くなった途端、実家を勝手に解体した夫「今日から俺の家で両親と同居だ！」それを聞いた私は大爆笑→私「あんた達、知らないの？」実は...
1,854,335,トラブルバスターズ,https://www.youtube.com/channel/UC-6aa7WG4qz8PrsNBHGU1Iw,https://www.youtube.com/watch?v=KA3vHq40OSA,72%,3 年前,1274663,https://www.youtube.com/watch?v=dLHFLGIOs2s,12000,【スカッとする話】弁護士の長男が亡くなり葬儀後、長男嫁「遺産8000万とこの家は嫁である私が相続しますｗ」長男の部下一同が大爆笑ｗ→だって長男は…【修羅場】
1,855,336,ファディマツサ,https://www.youtube.com/channel/UCj3r1tjVo1LiRgsuwt_Zaww,https://www.youtube.com/watch?v=2D_zEte0Ouo,100%,2 年前,75,https://www.youtube.com/watch?v=Tm9DKLFF30M,250000,【スカッとする話】私が余命半年と聞いて愛人と豪遊しはじめた夫「いつまで生きてるの？w」 私「余命なのはあなただよ？」後日、半狂乱の夫が...【修羅場】【スカッと】
1,856,336,ファディマツサ,https://www.youtube.com/channel/UCj3r1tjVo1LiRgsuwt_Zaww,https://www.youtube.com/watch?v=Nf3Z7llU790,88%,2 年前,151,https://www.youtube.com/watch?v=G4O12jIGPfg,87000,【スカッとする話】夫が突然大量の荷物を持ってきて、夫「今日から俺の両親と姉を養う！嫌なら離婚だ！」私「え？もう離婚済みだけど？」夫「え？」結果w
1,857,337,中川 桃子,https://www.youtube.com/channel/UCdqeFVatxXq_5rSnyMLf0iA,https://www.youtube.com/watch?v=MnEOj39nl24,100%,2 年前,3,https://www.youtube.com/watch?v=UUTOHlp0M4c,22000,【スカッとする話】夫の海外出張前夜、ファミレスに行くと夫と長男嫁が。夫「今夜が日本での最後の食事だな」長男嫁「夫さんとの二人で海外暮らし楽しみｗ」→面白い会話が聞こえたので先手を打つと...ｗ
1,858,337,中川 桃子,https://www.youtube.com/channel/UCdqeFVatxXq_5rSnyMLf0iA,https://www.youtube.com/watch?v=y2fqUcKOwCs,100%,2 年前,0,https://www.youtube.com/watch?v=ZN2XDe1ICK4,80000,【スカッとする話】大好きな父が80歳で突然他界。葬儀中、長男嫁から鬼電「今日は息子のカットの日よ！今すぐ帰って送迎しろ！」私「はい...」泣きながら帰るとボコボコの長男嫁の姿がw【修羅場】【スカッと】
1,859,338,人情話 5689,https://www.youtube.com/channel/UCOxPE0pmE--cfCbGAsNKHZA,https://www.youtube.com/watch?v=cAcdnqi5CMc,100%,3 週間前,1,https://www.youtube.com/watch?v=9axBcEt-Tgs,22000,【スカッとする話】長男「老後は孤独に生きてw」私が900万援助した途端、息子夫婦に裏切られたが…私「別にいいよwだって…」嫁「え、嘘でしょ…」実はw【朗読】【スカッと】
1,860,338,人情話 5689,https://www.youtube.com/channel/UCOxPE0pmE--cfCbGAsNKHZA,https://www.youtube.com/watch?v=boVeZZN89H0,88%,3 週間前,27,https://www.youtube.com/watch?v=_I2FXjUJii0,69000,【スカッとする話】私が役員報酬で家計を支えていると知らず夫と引っ越した長男夫婦「父さん離婚したいってw」私「いいけど後悔しないでね？」長男「しねぇよw」1ヶ月後w【朗読】【スカッと】
1,861,339,人生の備忘録4575,https://www.youtube.com/channel/UCWEwjQsNQWnqcRooGj4XQfA,https://www.youtube.com/watch?v=2Z0wH03tYTA,100%,2 か月前,42,https://www.youtube.com/watch?v=uYt37nxwb0o,18000,【スカッとする話】私の資産が9億あると知らず社長令嬢の愛人と再婚した元夫と再会「生活保護の貧乏人じゃんw元気？w」私「は？誰と勘違いしてるの？」真実を伝えると元夫が半狂乱にw【スカッと】【朗読】
1,862,339,人生の備忘録4575,https://www.youtube.com/channel/UCWEwjQsNQWnqcRooGj4XQfA,https://www.youtube.com/watch?v=2Z0wH03tYTA,100%,2 か月前,42,https://www.youtube.com/watch?v=lVGupM23LsE,310000,【スカッと総集編】私の資産が9億あると知らず社長令嬢の愛人と再婚した元夫と再会「生活保護の貧乏人じゃんw元気？w」私「は？誰と勘違いしてるの？」真実を伝えると元夫が半狂乱にw
1,863,340,人生の小径,https://www.youtube.com/channel/UC78TzGOjf8frkE2jiE3lzGg,https://www.youtube.com/watch?v=fMIdEEXA9tQ,100%,1 か月前,1,https://www.youtube.com/watch?v=28rOAUunNPw,58000,【スカッとする話】夫から高級化粧品を貰った私。夫「あれ、もう使った？w」私「お義母さんが試してたよ」直後、なぜか夫が慌て出しw【朗読】【スカッと】
1,864,340,人生の小径,https://www.youtube.com/channel/UC78TzGOjf8frkE2jiE3lzGg,https://www.youtube.com/watch?v=V0_STlRgeQY,100%,1 か月前,2,https://www.youtube.com/watch?v=YrSY8KgMSy4,390000,【スカッと総集編】長男夫婦に母の保険金を奪われ実家を追い出されボロボロの父が我が家へ来て「10万円貸してくれ...」夫「え？そんなの無理ですよw」父「そんな…」実は…【スカッとする話】【修羅場】
1,865,341,人生の終着駅で見つけた愛,https://www.youtube.com/channel/UCXJ4hm2EZO7Qdri-r_-M4fw,https://www.youtube.com/watch?v=FdqaXlVZbjE,97%,3 週間前,1060,https://www.youtube.com/watch?v=tfbycPtFjbg,170000,【スカッとする話】義母を10年介護している私に夫「離婚してくれ…老後もお前と一緒は無理…」私「じゃあ介護と嫁辞めるね」即離婚して沖縄に引越すと夫から鬼電→携帯解約し永久に無視した結果w【朗読】
1,866,341,人生の終着駅で見つけた愛,https://www.youtube.com/channel/UCXJ4hm2EZO7Qdri-r_-M4fw,https://www.youtube.com/watch?v=3M55VOnd-dY,96%,2 週間前,11031,https://www.youtube.com/watch?v=AdhCK-BGvg4,130000,【スカッとする話】年末に息子夫婦が泊まりにくると、深夜に夫が突然私を裏口に…夫「今のうちに家から出よう」私「え？年越しそば食べないの？」夫「お前気づいてないのか？」【朗読】【スカッと】
1,867,342,人生噺5066,https://www.youtube.com/channel/UCZJ4Jg1kZ3q6nlBrQJdbQnQ,https://www.youtube.com/watch?v=lRW9mtCXNXM,100%,1 か月前,95,https://www.youtube.com/watch?v=EeQo49qzzTA,100000,【スカッとする話】結婚式当日に夫からブチギレ電話。夫「今何時だと思ってんだ！花嫁の立場でふざけるな！」父「お前こそふざけんなよ？」電話に出たのは私の父で…【朗読】【スカッと】
1,868,342,人生噺5066,https://www.youtube.com/channel/UCZJ4Jg1kZ3q6nlBrQJdbQnQ,https://www.youtube.com/watch?v=SO4DRPO1yXE,100%,1 か月前,1,https://www.youtube.com/watch?v=xZkf_P7X0BY,98000,【スカッとする話】兄夫婦の出産祝いで父親と家を訪ねると父「今すぐ帰る！車を出せ！」慌てる父に理由を訪ねると、父「バックミラー見てみろ」私「え？」【朗読】【スカッと】
1,869,343,人生逆転 4998,https://www.youtube.com/channel/UCGQybHqgxsQtHfsrgABLjAw,https://www.youtube.com/watch?v=m7NbdgGZFYg,100%,1 か月前,2,https://www.youtube.com/watch?v=uYt37nxwb0o,18000,【スカッとする話】私の資産が9億あると知らず社長令嬢の愛人と再婚した元夫と再会「生活保護の貧乏人じゃんw元気？w」私「は？誰と勘違いしてるの？」真実を伝えると元夫が半狂乱にw【スカッと】【朗読】
1,870,343,人生逆転 4998,https://www.youtube.com/channel/UCGQybHqgxsQtHfsrgABLjAw,https://www.youtube.com/watch?v=m7NbdgGZFYg,100%,1 か月前,2,https://www.youtube.com/watch?v=lVGupM23LsE,310000,【スカッと総集編】私の資産が9億あると知らず社長令嬢の愛人と再婚した元夫と再会「生活保護の貧乏人じゃんw元気？w」私「は？誰と勘違いしてるの？」真実を伝えると元夫が半狂乱にw
1,871,344,人生逆転劇,https://www.youtube.com/channel/UChQ1QPCoCPRXlD5aqltcP2Q,https://www.youtube.com/watch?v=iDMUfsZ73Bo,100%,1 か月前,26,https://www.youtube.com/watch?v=zb8EIRbjwZc,29000,【スカッと総集編】妊娠した私を捨て21歳の浮気相手と再婚した社長の夫「彼女が妊娠したから離婚w」20年後、公園で元夫と再会すると…【スカッと】【スカッとする話】【修羅場】
1,872,344,人生逆転劇,https://www.youtube.com/channel/UChQ1QPCoCPRXlD5aqltcP2Q,https://www.youtube.com/watch?v=rhnqi3S2fo0,86%,8 日前,0,https://www.youtube.com/watch?v=byOeJgVNDQo,60000,【スカッとする話】資産5億の父と食事中、離婚直後の元夫と愛人に遭遇。元夫「また金持ちに寄生かw」直後、父の一言で2人は青ざめw【朗読】【スカッと】
1,873,345,人生逆転噺5074,https://www.youtube.com/channel/UCSE8UrVc2WuisTfaKPVRjGA,https://www.youtube.com/watch?v=DFjWgItp_iI,100%,1 か月前,1,https://www.youtube.com/watch?v=DcIegdkPriU,65000,【スカッとする話】私を嫌う夫と息子が私を無視。私「ただいま」2人「…」息子の大学卒業式に消えると鬼電。私「私に息子はいませんが？」→息子「え？」【朗読】【スカッと】
1,874,345,人生逆転噺5074,https://www.youtube.com/channel/UCSE8UrVc2WuisTfaKPVRjGA,https://www.youtube.com/watch?v=nPSLaGnDiuQ,100%,1 か月前,1,https://www.youtube.com/watch?v=xZkf_P7X0BY,98000,【スカッとする話】兄夫婦の出産祝いで父親と家を訪ねると父「今すぐ帰る！車を出せ！」慌てる父に理由を訪ねると、父「バックミラー見てみろ」私「え？」【朗読】【スカッと】
1,875,346,今日の感動する話,https://www.youtube.com/channel/UCngA_dQ1VQpTicBa3d9RDxQ,https://www.youtube.com/watch?v=GxYOYjqAACo,100%,2 年前,80,https://www.youtube.com/watch?v=BKC9CbFIESk,52000,【スカッとする話】夫の連れ子の娘と暮らし始めて1年。しかし、全くなつく気配がない…夫が海外出張に行った日に娘が初めて話しかけてきた。娘「お母さん、実は...」そう言って差し出された手には...
1,876,346,今日の感動する話,https://www.youtube.com/channel/UCngA_dQ1VQpTicBa3d9RDxQ,https://www.youtube.com/watch?v=6FASdsrfp-g,90%,2 年前,64,https://www.youtube.com/watch?v=-fE68tebmjk,72000,【スカッとする話】夫の出張中に息子に誘われ高級ホテルへディナーに行くと女性にプロポーズする夫「亡き妻と息子の分まで幸せにする！」直後、静かに席を立ち上がり求婚に乱入→私と息子「死んだ全家族です」
1,877,347,仕事と恋愛,https://www.youtube.com/channel/UCJdDK3PzoGAbftkwZoDV7DQ,https://www.youtube.com/watch?v=IHxc2gpXtk4,88%,1 年前,0,https://www.youtube.com/watch?v=G4O12jIGPfg,87000,【スカッとする話】夫が突然大量の荷物を持ってきて、夫「今日から俺の両親と姉を養う！嫌なら離婚だ！」私「え？もう離婚済みだけど？」夫「え？」結果w
1,878,347,仕事と恋愛,https://www.youtube.com/channel/UCJdDK3PzoGAbftkwZoDV7DQ,https://www.youtube.com/watch?v=3zempY531O8,88%,1 年前,1,https://www.youtube.com/watch?v=G4O12jIGPfg,87000,【スカッとする話】夫が突然大量の荷物を持ってきて、夫「今日から俺の両親と姉を養う！嫌なら離婚だ！」私「え？もう離婚済みだけど？」夫「え？」結果w
1,879,348,何も知らない猫,https://www.youtube.com/channel/UCMFQ8OeB_K8-SLaJO87_tEA,https://www.youtube.com/watch?v=y2wJdTRtZNM,87%,13 日前,5722,https://www.youtube.com/watch?v=AdhCK-BGvg4,130000,【スカッとする話】年末に息子夫婦が泊まりにくると、深夜に夫が突然私を裏口に…夫「今のうちに家から出よう」私「え？年越しそば食べないの？」夫「お前気づいてないのか？」【朗読】【スカッと】
1,880,348,何も知らない猫,https://www.youtube.com/channel/UCMFQ8OeB_K8-SLaJO87_tEA,https://www.youtube.com/watch?v=OshHthWOVro,84%,1 か月前,2772,https://www.youtube.com/watch?v=tfbycPtFjbg,170000,【スカッとする話】義母を10年介護している私に夫「離婚してくれ…老後もお前と一緒は無理…」私「じゃあ介護と嫁辞めるね」即離婚して沖縄に引越すと夫から鬼電→携帯解約し永久に無視した結果w【朗読】
1,881,349,修羅場の女たち【スカッと漫画】,https://www.youtube.com/channel/UCj7Sd1pmMthkVVcTdi-poeg,https://www.youtube.com/watch?v=yTTwGVJ-1TM,100%,1 年前,0,https://www.youtube.com/watch?v=SKo9NlLkMTQ,23000,【スカッとする話】母が海で大ケガし緊急搬送！夫に病院に行くと相談するも「お前の母親より仕事が大事！逆らうなら離婚だ！」と離婚届を突きつけられたので、即提出してやった結果...【修羅場】
1,882,349,修羅場の女たち【スカッと漫画】,https://www.youtube.com/channel/UCj7Sd1pmMthkVVcTdi-poeg,https://www.youtube.com/watch?v=8JY4jNxDz0g,100%,1 年前,1,https://www.youtube.com/watch?v=ESVqacNH7Kw,32000,【スカッとする話】嫁いびり姑が大ケガで緊急搬送され救急隊員「家族の方ですか？」私「いえ、家族ではありません」他人扱いしてやった結果...【修羅場】
1,883,350,古時計が鳴る頃、古いアルバムから,,https://www.youtube.com/watch?v=DdVFFNJlxyo,97%,1 か月前,588,https://www.youtube.com/watch?v=tfbycPtFjbg,170000,【スカッとする話】義母を10年介護している私に夫「離婚してくれ…老後もお前と一緒は無理…」私「じゃあ介護と嫁辞めるね」即離婚して沖縄に引越すと夫から鬼電→携帯解約し永久に無視した結果w【朗読】
1,884,350,古時計が鳴る頃、古いアルバムから,,https://www.youtube.com/watch?v=UoCqwDzn_k4,96%,1 か月前,1493,https://www.youtube.com/watch?v=AdhCK-BGvg4,130000,【スカッとする話】年末に息子夫婦が泊まりにくると、深夜に夫が突然私を裏口に…夫「今のうちに家から出よう」私「え？年越しそば食べないの？」夫「お前気づいてないのか？」【朗読】【スカッと】
1,885,351,堀田 あやか,https://www.youtube.com/channel/UCA_Jou4B-xo7nsjrqftqHJQ,https://www.youtube.com/watch?v=UVuBeZfUQlk,100%,2 年前,0,https://www.youtube.com/watch?v=0AsFooilZ4k,120000,【スカッとする話】長男嫁から突然怒りの電話「お義父の介護費用、ちょっとはお義母さんも払ってください！」私「え？私に夫はいませんが」長男嫁「え？」実は…【修羅場】【スカッと】
1,886,351,堀田 あやか,https://www.youtube.com/channel/UCA_Jou4B-xo7nsjrqftqHJQ,https://www.youtube.com/watch?v=rdkxxODvtYc,93%,2 年前,1,https://www.youtube.com/watch?v=9o0MLK83Gwg,16000,【スカッとする話】長男嫁が新築祝いから帰ると、120万の時計が無くなった…。私「警察に通報しましょう！」夫「やめろ！長男嫁が疑われる！」→私「もう通報したよ」10分後ｗ【修羅場】
1,887,352,夜の物語 5627,https://www.youtube.com/channel/UC8GBqwMrS0kK0C5i25QbSWQ,https://www.youtube.com/watch?v=TbLZfwX2jvE,100%,3 週間前,124,https://www.youtube.com/watch?v=5m9QdFwINj8,19000,【スカッとする話】孫「ばあば、早く隠れて」正月に大掃除をしていると、屋根裏に隠れてと言う8歳の孫。下から聞こえる息子夫婦の会話に、私は恐怖で凍りつき…【朗読】【スカッと】
1,888,352,夜の物語 5627,https://www.youtube.com/channel/UC8GBqwMrS0kK0C5i25QbSWQ,https://www.youtube.com/watch?v=lb32SK7q-v8,100%,2 週間前,100,https://www.youtube.com/watch?v=zLdQYdWtNXw,37000,【スカッとする話】息子の婚約者と高級料亭に行くと彼女が席を外した瞬間に女将「今すぐ逃げて！あの女は…」明かされた衝撃の真実を知り私は慌てて料亭を飛び出し…【朗読】【スカッと】
1,889,353,夜明けのスカッと,https://www.youtube.com/channel/UCTP1y-gaDj--k57T3LiYdew,https://www.youtube.com/watch?v=N8D6zuDLmw0,85%,3 年前,162498,https://www.youtube.com/watch?v=D1FsrJfJtCs,150000,【スカッと総集編】車いす生活の私を海に置いていった夫「もう帰ってこなくてもいいぞw」私は必死に陸に上がろうとするも   →翌日ニュースに映る私を見た夫は焦りだし…
1,890,353,夜明けのスカッと,https://www.youtube.com/channel/UCTP1y-gaDj--k57T3LiYdew,https://www.youtube.com/watch?v=P_PY9rAJAks,79%,3 年前,75998,https://www.youtube.com/watch?v=faMNblUzAj0,47000,【スカッとする話】夫の社長退任祝いで、夫「好きな人ができた。離婚してくれ」私「いいよ！はい、離婚届」離婚後、夫と再婚した20歳の新入社員に私「あ、言い忘れてたけど…」ある事実を告げると2人は発狂し..
1,891,354,夜話 5706,https://www.youtube.com/channel/UC242SuEE2M4a7Hm1FkNy1dw,https://www.youtube.com/watch?v=VAHnb653ogc,100%,2 週間前,0,https://www.youtube.com/watch?v=ZvlVtWHosLc,30000,【スカッとする話】両親が他界した途端に難病の私と娘を捨て妹と再婚した夫「ガキは施設にでも送れw」13年後、豪邸を建てると元夫から電話→娘「私に父親はいませんが？」【朗読】【スカッと】
1,892,354,夜話 5706,https://www.youtube.com/channel/UC242SuEE2M4a7Hm1FkNy1dw,https://www.youtube.com/watch?v=xKK2fGBUGhE,100%,2 週間前,1498,https://www.youtube.com/watch?v=zb8EIRbjwZc,29000,【スカッと総集編】妊娠した私を捨て21歳の浮気相手と再婚した社長の夫「彼女が妊娠したから離婚w」20年後、公園で元夫と再会すると…【スカッと】【スカッとする話】【修羅場】
1,893,355,夫婦の裏事情,https://www.youtube.com/channel/UCXMVIjhIMWhXIhyIuifUnmg,https://www.youtube.com/watch?v=DZT-VJxfpns,100%,1 か月前,2,https://www.youtube.com/watch?v=9TulrMzmHr8,57000,【スカッとする話】毎日9時間義母の介護で倒れた私に夫「介護すらできないなら離婚wこれからは愛人に任せるw」私「いいけど後悔しない？」夫「しねぇよw」1週間後w【朗読】【スカッと】
1,894,355,夫婦の裏事情,https://www.youtube.com/channel/UCXMVIjhIMWhXIhyIuifUnmg,https://www.youtube.com/watch?v=Oe0hxZdWo1M,100%,1 か月前,8,https://www.youtube.com/watch?v=sd-a4XIE7jQ,360000,【スカッと総集編】私の年収が2000万と知らず入院中の私を捨て愛人と再婚した夫「離婚届け出しといたｗ慰謝料として家と車は貰うｗ」私「承知しました」→3日後、半狂乱の夫から200件の鬼電がw【修羅場】
1,895,356,夫婦・家族の物語 5513,https://www.youtube.com/channel/UCR5_W6Cg9HzQmu5MkQKRt8A,https://www.youtube.com/watch?v=nry3zKHr0Ws,100%,1 か月前,133,https://www.youtube.com/watch?v=GGaTXmhxd8I,37000,【スカッとする話】義妹に家を譲ると宣言した義母が、荷物を抱え家に転がり込んできた。義母「今日からここで暮らしますw」夫「それは無理。だって…」【朗読】【スカッと】
1,896,356,夫婦・家族の物語 5513,https://www.youtube.com/channel/UCR5_W6Cg9HzQmu5MkQKRt8A,https://www.youtube.com/watch?v=oA5yFONLUIw,100%,1 か月前,44,https://www.youtube.com/watch?v=D3l_V05NlkE,35000,【スカッとする話】息子の結婚式に行くと、100人の前で嫁にビンタされた。嫁「今すぐ私の財布を返して！」会場の皆が嫁に同情したが、1時間後、真実に会場が凍りつき…【朗読】【スカッと】
1,897,357,宝哥,https://www.youtube.com/channel/UCMMkTvNfuUk8VFt4BpTylYA,https://www.youtube.com/watch?v=hvWVwpqjwYw,100%,4 週間前,0,https://www.youtube.com/watch?v=9kcEIi88egw,230000,【スカッとする話】自ら命を絶った夫が亡くなり1週間後、私宛に夫から手紙が届いた...手紙「両親に見つからず読んでくれ」そこに記された場所に行き同封の鍵でコインロッカーを開けると...
1,898,357,宝哥,https://www.youtube.com/channel/UCMMkTvNfuUk8VFt4BpTylYA,https://www.youtube.com/watch?v=Lz4oas-0o2g,93%,3 週間前,0,https://www.youtube.com/watch?v=Wk9S9SoTHxU,92000,【スカッとする話】夫と義両親から13年間も嫌われ続けた私。ある日、離婚届を置いて引っ越すと、ボロボロの夫と義両親から鬼電が→私（やっと気づいたかw）実は...
1,899,358,宮下 結衣,https://www.youtube.com/channel/UCg8NyyF4jB-0L6WLKX_ZNpg,https://www.youtube.com/watch?v=kE60BQNyBsk,100%,1 か月前,2,https://www.youtube.com/watch?v=a5lS8StIZwA,170000,【スカッとする話】1億のピアノがある金持ち自慢の婚約者の実家へ結婚挨拶に行くと、婚約者「俺達の家政婦連れてきたよw」義父「貧乏な顔w親の顔が見たいw」父「どうも、家政婦の父です」
1,900,358,宮下 結衣,https://www.youtube.com/channel/UCg8NyyF4jB-0L6WLKX_ZNpg,https://www.youtube.com/watch?v=Tja2wt6YhoY,100%,1 か月前,18,https://www.youtube.com/watch?v=9kcEIi88egw,230000,【スカッとする話】自ら命を絶った夫が亡くなり1週間後、私宛に夫から手紙が届いた...手紙「両親に見つからず読んでくれ」そこに記された場所に行き同封の鍵でコインロッカーを開けると...
1,901,359,家族の絆 5694,https://www.youtube.com/channel/UCCC3BDahc-Xj07rzwgBflew,https://www.youtube.com/watch?v=o3NTbDrEdF0,100%,4 週間前,403,https://www.youtube.com/watch?v=gqjIGgB7rlA,40000,【スカッとする話】夫「俺の年金は1円もやらん」40年間夫を支えてきたのに、他人のように突き放された私（もう我慢しなくていっかw）→翌日、なぜか夫が泣き叫びw【朗読】【スカッと】
1,902,359,家族の絆 5694,https://www.youtube.com/channel/UCCC3BDahc-Xj07rzwgBflew,https://www.youtube.com/watch?v=R1qTtRDsJ4U,88%,3 週間前,347,https://www.youtube.com/watch?v=OTtXNVQfwMw,82000,【スカッとする話】夫を亡くし、女手一つで息子を医者に育て上げたのに、息子「結婚式には来ないで」バレないようこっそり会場に行くと、息子の実母が現れ…【朗読】【スカッと】
1,903,360,小さな奇跡,https://www.youtube.com/channel/UCmQMnJ_7zliW_Rcl0Vpkr7g,https://www.youtube.com/watch?v=z7UY9iN8Isg,93%,5 か月前,356,https://www.youtube.com/watch?v=DTzUdepPrks,43000,【スカッと総集編】息子夫婦の家へ行くと庭で孫が膝を抱え震えていた。私「パパとママは？」孫「姉と海外旅行に行くって」私「は？」【朗読】【スカッと】【スカッとする話】【総集編】
1,904,360,小さな奇跡,https://www.youtube.com/channel/UCmQMnJ_7zliW_Rcl0Vpkr7g,https://www.youtube.com/watch?v=z7UY9iN8Isg,92%,5 か月前,356,https://www.youtube.com/watch?v=o73p--gKGy0,510000,【スカッとする話】息子夫婦の家へ行くと、庭で孫が膝を抱え震えていた...私「あれ？パパとママは？」孫「姉と海外旅行に行くって」私「は？」キレた私は家を売却し更地にし...
1,905,361,心に響く話,https://www.youtube.com/channel/UCjxzsUysNF26bHK3cDdVGrg,https://www.youtube.com/watch?v=Qac4WSGiwms,96%,3 時間前,1,https://www.youtube.com/watch?v=AdhCK-BGvg4,130000,【スカッとする話】年末に息子夫婦が泊まりにくると、深夜に夫が突然私を裏口に…夫「今のうちに家から出よう」私「え？年越しそば食べないの？」夫「お前気づいてないのか？」【朗読】【スカッと】
1,906,361,心に響く話,https://www.youtube.com/channel/UCjxzsUysNF26bHK3cDdVGrg,https://www.youtube.com/watch?v=QLLu7RdA0Cg,96%,2 週間前,494,https://www.youtube.com/watch?v=AdhCK-BGvg4,130000,【スカッとする話】年末に息子夫婦が泊まりにくると、深夜に夫が突然私を裏口に…夫「今のうちに家から出よう」私「え？年越しそば食べないの？」夫「お前気づいてないのか？」【朗読】【スカッと】
1,907,362,心のラジオ 5704,https://www.youtube.com/channel/UCTYL3zm2mHCTixzhSZRtx0w,https://www.youtube.com/watch?v=-8bBUMQDi4A,100%,2 週間前,0,https://www.youtube.com/watch?v=9TulrMzmHr8,57000,【スカッとする話】毎日9時間義母の介護で倒れた私に夫「介護すらできないなら離婚wこれからは愛人に任せるw」私「いいけど後悔しない？」夫「しねぇよw」1週間後w【朗読】【スカッと】
1,908,362,心のラジオ 5704,https://www.youtube.com/channel/UCTYL3zm2mHCTixzhSZRtx0w,https://www.youtube.com/watch?v=Rwh6U-NjqG4,100%,2 週間前,1,https://www.youtube.com/watch?v=-rCnVoxQEpM,62000,【スカッとする話】病院から突然の電話で看護師「夫さん倒れて緊急入院です！病院代支払いに来て下さい！」私「もう支払い済ですよ？」看護師「え？」実は…【朗読】【スカッと】
1,909,363,心の声を聴く4568,https://www.youtube.com/channel/UCNNY9vU8bd79P7eJQhYGkSQ,https://www.youtube.com/watch?v=jhrm5E0xQJI,100%,1 か月前,1,https://www.youtube.com/watch?v=uYt37nxwb0o,18000,【スカッとする話】私の資産が9億あると知らず社長令嬢の愛人と再婚した元夫と再会「生活保護の貧乏人じゃんw元気？w」私「は？誰と勘違いしてるの？」真実を伝えると元夫が半狂乱にw【スカッと】【朗読】
1,910,363,心の声を聴く4568,https://www.youtube.com/channel/UCNNY9vU8bd79P7eJQhYGkSQ,https://www.youtube.com/watch?v=jhrm5E0xQJI,100%,1 か月前,1,https://www.youtube.com/watch?v=lVGupM23LsE,310000,【スカッと総集編】私の資産が9億あると知らず社長令嬢の愛人と再婚した元夫と再会「生活保護の貧乏人じゃんw元気？w」私「は？誰と勘違いしてるの？」真実を伝えると元夫が半狂乱にw
1,911,364,心揺さぶる話 5735,https://www.youtube.com/channel/UCGVDmsxDHe2jg4Pi9MkOmRQ,https://www.youtube.com/watch?v=Li6HYi1q724,100%,2 週間前,0,https://www.youtube.com/watch?v=hJ8jUcnVIG0,41000,【スカッとする話】夜勤明けで帰ると夫と親友が真っ最中…夫「娘と慰謝料やるから離婚でw」親友「あんた達用済みだってw」娘「パパそれは無理だよ？だって…」娘の一言で夫・親友は顔面蒼白w【朗読】【スカッと】
1,912,364,心揺さぶる話 5735,https://www.youtube.com/channel/UCGVDmsxDHe2jg4Pi9MkOmRQ,https://www.youtube.com/watch?v=5whfEVXWBTA,100%,2 週間前,1,https://www.youtube.com/watch?v=DYfDC7tM1-8,39000,【スカッとする話】定年退職後30年連れ添った私を捨てる夫「老後は第二の人生歩むから離婚w」私「いいけど後悔しない？」夫「するかw」3ヶ月後w【朗読】【スカッと】
1,913,365,感動する話  026,https://www.youtube.com/channel/UCqHEaSgEBh5CGxnv61bbyvQ,https://www.youtube.com/watch?v=Ug2lri-knYg,100%,3 年前,3,https://www.youtube.com/watch?v=a4R11NoEbg0,86000,【スカッとする話】義母の介護放棄した夫と義姉「ウチに老いぼれ貧乏神は不要ｗ」ブチ切れた私が義母を引き取ると「ごめんねぇ。家と車とバリアフリー代、1億で足りるかねぇ～？」夫「え？」【修羅場】
1,914,365,感動する話  026,https://www.youtube.com/channel/UCqHEaSgEBh5CGxnv61bbyvQ,https://www.youtube.com/watch?v=i287iWPogAM,91%,3 年前,2,https://www.youtube.com/watch?v=luo2hcOOZik,140000,【スカッとする話】私と夫の事が大嫌いな長男夫婦「俺達の結婚式は欠席しろ。嫌なら絶縁する」私「いいけど、アナタ達本当に大丈夫？後悔するよ？」長男「しねぇよw二度と連絡してくんなw」数ヶ月後w【修羅場】
1,915,366,感動たいりく,https://www.youtube.com/channel/UC-EtEUynGHdjnaxH-WNLqEw,https://www.youtube.com/watch?v=TPhjpseTUlY,56%,3 年前,112738,https://www.youtube.com/watch?v=5sMOrNQuYL4,150000,【スカッと総集編】有名ピアニストであることを隠して生きてきた私。ある日、夫に連れられコンサートへ。すると、演奏者「メンバーが...」非常事態発生し私が手伝うとまさかの展開に…【スカッとする話】
1,916,366,感動たいりく,https://www.youtube.com/channel/UC-EtEUynGHdjnaxH-WNLqEw,https://www.youtube.com/watch?v=TPhjpseTUlY,51%,3 年前,112738,https://www.youtube.com/watch?v=nhb1eCwozaM,160000,【スカッとする話】有名ピアニストであることを隠して生きてきた私。ある日、夫に連れられジャズバーへ。すると、店員「演奏者が...」非常事態発生し私と夫が手伝うとまさかの展開に…【スカッと】
1,917,367,感動のちスマイル【感スマ】 ,https://www.youtube.com/channel/UCw84ryGbavCPUP0mj5JAMBw,https://www.youtube.com/watch?v=Xp1wkM0trsA,100%,1 年前,0,https://www.youtube.com/watch?v=zYKZGmqOArA,82000,【スカッとする話】年金暮らしの父から電話「毎月3000円仕送りありがと。猫の餌代が浮いてるよ」私「は？月10万送ってるのに？」父「はい？」実は...
1,918,367,感動のちスマイル【感スマ】 ,https://www.youtube.com/channel/UCw84ryGbavCPUP0mj5JAMBw,https://www.youtube.com/watch?v=oh-lunjGE1s,100%,1 年前,0,https://www.youtube.com/watch?v=-AlB7jMx9mg,57000,【スカッとする話】いとこの出産祝いで親族が集まると、夫「母親似で可愛いな〜！」私「そう？アンタにそっくりよ？パパになった感想はどう？」義父「は？」義両親がブチギレ...
1,919,368,感動のスカッと話,https://www.youtube.com/channel/UCig3DRv62Ler8-gTCLRzkhg,https://www.youtube.com/watch?v=DG_nKBFP7HY,100%,1 か月前,76,https://www.youtube.com/watch?v=lRIrN83xkSc,62000,【スカッとする話】私の車のアクセルにこっそり手を加える夫。私（知らないふりしよw）翌日、車を義両親に貸し出すと、夫「ま、待ってくれ…」実はw【朗読】【スカッと】
1,920,368,感動のスカッと話,https://www.youtube.com/channel/UCig3DRv62Ler8-gTCLRzkhg,https://www.youtube.com/watch?v=Vn6JECZpJ_A,90%,3 週間前,526,https://www.youtube.com/watch?v=70JSyEr3ztQ,340000,【スカッと総集編】夫が土下座「20歳の愛人が妊娠した！離婚してくれ！」私「はい離婚届け。じゃ娘以外は連れてくね」夫「は？娘も連れていけよ」私「無理、だってこの子は…」【スカッとする話】
1,921,369,感動の話,https://www.youtube.com/channel/UCZE_yArcdxL_mMeMGYBVO8A,https://www.youtube.com/watch?v=msusD7MaUzo,97%,6 か月前,354,https://www.youtube.com/watch?v=tfbycPtFjbg,170000,【スカッとする話】義母を10年介護している私に夫「離婚してくれ…老後もお前と一緒は無理…」私「じゃあ介護と嫁辞めるね」即離婚して沖縄に引越すと夫から鬼電→携帯解約し永久に無視した結果w【朗読】
1,922,369,感動の話,https://www.youtube.com/channel/UCZE_yArcdxL_mMeMGYBVO8A,https://www.youtube.com/watch?v=AZrjr_7eDtU,96%,5 か月前,273,https://www.youtube.com/watch?v=AdhCK-BGvg4,130000,【スカッとする話】年末に息子夫婦が泊まりにくると、深夜に夫が突然私を裏口に…夫「今のうちに家から出よう」私「え？年越しそば食べないの？」夫「お前気づいてないのか？」【朗読】【スカッと】
1,923,370,感動ストーリー 5010,https://www.youtube.com/channel/UCriNaSbZlEWQfHB1NymXGcw,https://www.youtube.com/watch?v=vpRM1qcPAMo,88%,1 か月前,19,https://www.youtube.com/watch?v=jAMMNpg5_S0,41000,【スカッとする話】41歳で妊娠した私と娘を捨て新人女医と再婚したエリート医師の夫「老いたババァより若い女w」30年後、病院で元夫と再会すると娘を見た夫が…【総集編】【スカッと】【朗読】
1,924,370,感動ストーリー 5010,https://www.youtube.com/channel/UCriNaSbZlEWQfHB1NymXGcw,https://www.youtube.com/watch?v=vpRM1qcPAMo,86%,1 か月前,19,https://www.youtube.com/watch?v=g_SuFj7M8gs,180000,【スカッとする話】41歳で妊娠した私と娘を捨て新人女医と再婚したエリート医師の夫「老いたババァより若い女w」30年後、病院で元夫と再会すると娘を見た夫が震え出し…【朗読】【スカッと】
1,925,371,感動ノート,https://www.youtube.com/channel/UCgyrqKgieACUvEqe910r_jQ,https://www.youtube.com/watch?v=qDOm-nZB3sY,87%,1 年前,11,https://www.youtube.com/watch?v=G4O12jIGPfg,87000,【スカッとする話】夫が突然大量の荷物を持ってきて、夫「今日から俺の両親と姉を養う！嫌なら離婚だ！」私「え？もう離婚済みだけど？」夫「え？」結果w
1,926,371,感動ノート,https://www.youtube.com/channel/UCgyrqKgieACUvEqe910r_jQ,https://www.youtube.com/watch?v=wtONRjWqkNY,83%,3 年前,84,https://www.youtube.com/watch?v=My7bUq_jaIs,110000,【スカッとする話】姑の誕生会でも私を家政婦扱いする夫「バカ嫁さっさと料理出せ」義父「これ全部1人で！？」私「いつものことですから…」すると義父が豹変し…【修羅場】
1,927,372,日々の物語,https://www.youtube.com/channel/UCtU7BenpYi_wiedlr2E7ynQ,https://www.youtube.com/watch?v=pgXEyS8VCoA,100%,2 年前,26,https://www.youtube.com/watch?v=bI91wh-7IMg,190000,【スカッとする話】孫の七五三のお祝いに親戚一同と行くと私だけ席がない...長男嫁「他人の席は無いから立ってればw」私「じゃ帰るか」親戚一同「うん」全員で帰宅した結果w
1,928,372,日々の物語,https://www.youtube.com/channel/UCtU7BenpYi_wiedlr2E7ynQ,https://www.youtube.com/watch?v=POwABdwbnCY,100%,2 年前,37,https://www.youtube.com/watch?v=sZ-7vd9fMOM,67000,【スカッとする話】夫の連れ子の娘の為、毎月米20kgを送る私に連れ子「偽物の母親の米は要らない！もっと役立つ物を送れよw」私「…あ、そういう事ね！」→翌月、連れ子は全てを失う結果にw
1,929,373,星のしずく,https://www.youtube.com/channel/UCpbuKalkV_CouIpjgqI_2Zw,https://www.youtube.com/watch?v=uJYJ3FY8nn0,98%,1 か月前,42,https://www.youtube.com/watch?v=LXxfsTZeuZU,110000,【スカッと】長男夫婦がお盆に帰省し私が店を予約すると長男嫁「何この汚い店w年金生活の貧乏ババァじゃ仕方ないかw」直後、普段温厚な夫→夫「調子乗るなよガキが」長男嫁「え？」
1,930,373,星のしずく,https://www.youtube.com/channel/UCpbuKalkV_CouIpjgqI_2Zw,https://www.youtube.com/watch?v=459v_KStW6k,86%,7 日前,80,https://www.youtube.com/watch?v=B-nqblWpeIE,54000,【スカッとする話】医者の夫を奪ったママ友「年収3千万の医者の旦那くんの子供出来たw3ヶ月後の結婚式来てねw」私「わかった」（年収3千万の医者は私なんだけど黙っとこw）3ヶ月後w【スカッと】【朗読】
1,931,374,時を越える話、Love in later life,,https://www.youtube.com/watch?v=dpc_-mW4B4w,100%,3 週間前,31697,https://www.youtube.com/watch?v=IOzGqAeYdYQ,48000,【スカッとする話】私がビル100棟のオーナーと知らず、私を捨て社長令嬢と再婚した夫「俺だけ金持ちなってごめんw」私「本当にそう思ってるの？」夫「嫉妬すんなってw」→翌日w【朗読】【スカッと】
1,932,374,時を越える話、Love in later life,,https://www.youtube.com/watch?v=E59o5mi5AKY,100%,1 か月前,1178,https://www.youtube.com/watch?v=GOMCsavsWrM,57000,【スカッとする話】夫から突然電話でブチ切れられた私。夫「今日は母さんの誕生祝いだろ！何で来ないんだ！」隣で義母と目を合わせ私「え？来てないのはお前だよ？w」夫「は？」【朗読】【スカッと】
1,933,375,暴雪田园,https://www.youtube.com/channel/UCDAe6YuAiAwnIrccpWX6uMg,https://www.youtube.com/watch?v=xGwoZN_JvUw,93%,1 日前,0,https://www.youtube.com/watch?v=Wk9S9SoTHxU,92000,【スカッとする話】夫と義両親から13年間も嫌われ続けた私。ある日、離婚届を置いて引っ越すと、ボロボロの夫と義両親から鬼電が→私（やっと気づいたかw）実は...
1,934,375,暴雪田园,https://www.youtube.com/channel/UCDAe6YuAiAwnIrccpWX6uMg,https://www.youtube.com/watch?v=d-ljXFVj9ew,89%,2 日前,1,https://www.youtube.com/watch?v=4cntzQ0KsAA,130000,【スカッとする話】妹の出産祝いに義両親と行くと、夫「俺も自分の子供欲しいな」私「え？何言ってるの？目の前にいるじゃない」義母と義父「は？」二人がブチギレ
1,935,376,朗読物語【スカッと話】,https://www.youtube.com/channel/UCqZNQ0_Z28wiBIlvX3B-Q2A,https://www.youtube.com/watch?v=NraYOpc5LbY,90%,3 年前,42168,https://www.youtube.com/watch?v=itElIhRkyM0,74000,【スカッとする話】海外出張から戻ると家が勝手に3世帯住宅に増築されていた。長男嫁「900万支払っておいてw」私「来月からアメリカに住みます」長男嫁「え？」結果w
1,936,376,朗読物語【スカッと話】,https://www.youtube.com/channel/UCqZNQ0_Z28wiBIlvX3B-Q2A,https://www.youtube.com/watch?v=eFFVsa_wRGI,90%,3 年前,122900,https://www.youtube.com/watch?v=itElIhRkyM0,74000,【スカッとする話】海外出張から戻ると家が勝手に3世帯住宅に増築されていた。長男嫁「900万支払っておいてw」私「来月からアメリカに住みます」長男嫁「え？」結果w
1,937,377,本当にあったスカッとする話,https://www.youtube.com/channel/UCDBhTu29LAMZ9Hn0WVwuA6g,https://www.youtube.com/watch?v=-02aW5RnPLw,95%,3 年前,145817,https://www.youtube.com/watch?v=MTySh2E0WIk,28000,【スカッとする話】父の遺産を全て奪った長男夫婦「金無しババアは邪魔」母すらも家から追い出し怒り心頭の私に母が一言「あの子達、人生終わったわね」私「え？」実は…【修羅場】
1,938,377,本当にあったスカッとする話,https://www.youtube.com/channel/UCDBhTu29LAMZ9Hn0WVwuA6g,https://www.youtube.com/watch?v=HBSLrl65nzI,82%,3 年前,118095,https://www.youtube.com/watch?v=a14Uvt5re2g,320000,【スカッとする話】年末に義実家へ帰省するといつものように奴隷扱いの私に、久しぶりに帰省した義父「なんでご飯食べないんだ？」私「いつもの事なので」義父「は？」激怒した義父が義実家を売却し更地に【修羅場】
1,939,378,東京シークレット話,https://www.youtube.com/channel/UC5WFSQe8b0Nu_r8r9xdnTYQ,https://www.youtube.com/watch?v=7mbPRV5dIaY,86%,2 か月前,18,https://www.youtube.com/watch?v=B-nqblWpeIE,54000,【スカッとする話】医者の夫を奪ったママ友「年収3千万の医者の旦那くんの子供出来たw3ヶ月後の結婚式来てねw」私「わかった」（年収3千万の医者は私なんだけど黙っとこw）3ヶ月後w【スカッと】【朗読】
1,940,378,東京シークレット話,https://www.youtube.com/channel/UC5WFSQe8b0Nu_r8r9xdnTYQ,https://www.youtube.com/watch?v=Guu_Ggho_Lo,86%,2 か月前,15,https://www.youtube.com/watch?v=Tlkag3rVT5s,180000,【スカッとする話】30年連れ添った夫と離婚すると、義母「引っ越しはまだ？」夫「早く出てけ」私「30分後に消えます」荷物が運ばれ私が車に乗ると→義母「え？何なのこの高級車は？」
1,941,379,東京ストーリー 5628,https://www.youtube.com/channel/UCyzVbhYryrro4wmmNIAj8rw,https://www.youtube.com/watch?v=G4pYNVe_pnY,100%,4 週間前,15309,https://www.youtube.com/watch?v=-OBtTS0tdec,37000,【スカッとする話】私の実家へ連れていくたび、いつも体調不良になる夫。私「両親に何かされた？」夫「…」怪しく思い、親にバレないよう夫を病院へ連れていくと…【朗読】【スカッと】
1,942,379,東京ストーリー 5628,https://www.youtube.com/channel/UCyzVbhYryrro4wmmNIAj8rw,https://www.youtube.com/watch?v=6ifYajTDuKQ,100%,3 週間前,14989,https://www.youtube.com/watch?v=WnUYp2hdwrs,14000,【スカッとする話】体調を崩し病院に行くと、夫と看護師を外に出しドアに鍵をかけた医者「すぐ家を出てください」理由を聞いた私は戦慄し…【朗読】【スカッと】
1,943,380,柚子茶と回想,https://www.youtube.com/channel/UCsSsbPhLxU5hpXwmCpIG6og,https://www.youtube.com/watch?v=74VND3JY1KM,97%,5 か月前,541,https://www.youtube.com/watch?v=tfbycPtFjbg,170000,【スカッとする話】義母を10年介護している私に夫「離婚してくれ…老後もお前と一緒は無理…」私「じゃあ介護と嫁辞めるね」即離婚して沖縄に引越すと夫から鬼電→携帯解約し永久に無視した結果w【朗読】
1,944,380,柚子茶と回想,https://www.youtube.com/channel/UCsSsbPhLxU5hpXwmCpIG6og,https://www.youtube.com/watch?v=WRO_9UFlEqg,96%,6 か月前,3512,https://www.youtube.com/watch?v=AdhCK-BGvg4,130000,【スカッとする話】年末に息子夫婦が泊まりにくると、深夜に夫が突然私を裏口に…夫「今のうちに家から出よう」私「え？年越しそば食べないの？」夫「お前気づいてないのか？」【朗読】【スカッと】
1,945,381,毎日新しい物語,https://www.youtube.com/channel/UCPQauCR7i_WSrZhft4ORBbg,https://www.youtube.com/watch?v=kcvkSGcWDwM,100%,2 年前,227,https://www.youtube.com/watch?v=nN0MMqPfpd0,40000,【スカッとする話】私の両親が亡くなった途端、実家を勝手に建て替えた夫「愛人と隠し子と住む家建てるw」私「アンタら終わったね」3日後、夫と愛人が半狂乱にw
1,946,381,毎日新しい物語,https://www.youtube.com/channel/UCPQauCR7i_WSrZhft4ORBbg,https://www.youtube.com/watch?v=3xgPHHR0dJc,100%,2 年前,146,https://www.youtube.com/watch?v=vySwB9srcCQ,52000,【スカッとする話】単身赴任中の夫の家へ行くと愛人と隠し子と遭遇…私「幸せ邪魔してすみません」夫「違う！これには深い訳が…！」即離婚届を提出し引越すと→涙を流した夫が家に来て…w
1,947,382,涙が止まらない本当の話、感動する話,,https://www.youtube.com/watch?v=E-JA0R_pPeg,100%,4 か月前,23390,https://www.youtube.com/watch?v=RJPt-C3fItM,13000,【スカッとする話】息子の七五三のお参りに行くと、医者の夫を奪った姉に遭遇。姉「旦那の金で生活楽しい？w」私「逆に借金生活楽しい？」姉「は？」実はw【朗読】【スカッと】
1,948,382,涙が止まらない本当の話、感動する話,,https://www.youtube.com/watch?v=s3X6-jmBe9Y,100%,4 か月前,1935,https://www.youtube.com/watch?v=3WlCnGLe67U,550000,【スカッとする話】私の両親が亡くなった途端、実家を勝手に解体した夫「今日から俺の家で両親と同居だ！」それを聞いた私は大爆笑→私「あんた達、知らないの？」実は...
1,949,383,涙涙の感動秘話#020,https://www.youtube.com/channel/UCcgsuy8cRj4Bu6uKrSw4Bsw,https://www.youtube.com/watch?v=Aemc8JiXyfo,100%,2 年前,120,https://www.youtube.com/watch?v=z-k8D-43D14,60000,【スカッとする話】ハネムーン先で目覚めると夫と社長令嬢の浮気相手が真っ最中...夫の財布とパスポートを持って勝手に帰国し海外に閉じ込めてやった結果w
1,950,383,涙涙の感動秘話#020,https://www.youtube.com/channel/UCcgsuy8cRj4Bu6uKrSw4Bsw,https://www.youtube.com/watch?v=LjzyKDSGN7E,100%,2 年前,108,https://www.youtube.com/watch?v=H2raB2wCmFg,30000,【スカッとする話】病気の夫を支え続けた私に離婚届を突きつけてきた夫「20歳年下の彼女が出来たから離婚でw」私「いいよ、はい離婚届け！」家を売却し引っ越すと、夫は一生後悔する結果に...【修羅場】
1,951,384,涙涙の感動秘話#05,https://www.youtube.com/channel/UCvUC3KFaC3FGcSc6je-74gg,https://www.youtube.com/watch?v=7RDylc6auDw,100%,1 年前,61,https://www.youtube.com/watch?v=Deoah-2sQHA,110000,【スカッとする話】顔に火傷を負った私に夫「バケモノは娘の結婚式来んな」私「分かった（後悔するなよ？）」式当日、半狂乱の夫から鬼電がw
1,952,384,涙涙の感動秘話#05,https://www.youtube.com/channel/UCvUC3KFaC3FGcSc6je-74gg,https://www.youtube.com/watch?v=n6KGbDFKx8Y,100%,1 年前,0,https://www.youtube.com/watch?v=U8BiBLEX_BE,64000,【スカッとする話】私が資産200億の不動産王と知らず夫を奪った妹「高級タワマンと金持ち夫頂きw貧乏人は一生パートしてろw」直後、お腹を抱え爆笑した夫→夫「家は全て嫁子のだぞ？」
1,953,385,潮汕鱼小庄,https://www.youtube.com/channel/UC8raI5CKlVfy9JxZhQb2gGA,https://www.youtube.com/watch?v=paLwWEepddQ,99%,1 日前,30,https://www.youtube.com/watch?v=Y2GawdK7Q9E,100000,【スカッとする話】長男夫婦に初孫が生まれ出産祝いに行くと長男嫁「二人は汚いので床でいいですか？w」長男「ジジババは段ボールの上でw」夫「...帰るか」私「うん」速帰宅し→永久に無視した結果w
1,954,385,潮汕鱼小庄,https://www.youtube.com/channel/UC8raI5CKlVfy9JxZhQb2gGA,https://www.youtube.com/watch?v=LuBq1bTLz44,97%,2 日前,132,https://www.youtube.com/watch?v=jcLkESG2h5U,47000,【スカッと】単身赴任の夫の家へサプライズで行くと記入済みの離婚届が...私「お望み通り提出するか」速攻で提出して携帯解約し家を売却して海外移住した結果w
1,955,386,物語の種4790,https://www.youtube.com/channel/UCXZhzByjURSWdDif9npDpSg,https://www.youtube.com/watch?v=DeXfExBbd1Y,100%,1 か月前,71,https://www.youtube.com/watch?v=p4pyD9SD1Tk,81000,【スカッとする話】義両親に蹴られ骨折した私に夫「寝かせとけば治るw」翌日、病室に嘲笑いに来た義家族「あれ、嫁は？w」医師「警察署です」義家族「え？」【朗読】【スカッと】
1,956,386,物語の種4790,https://www.youtube.com/channel/UCXZhzByjURSWdDif9npDpSg,https://www.youtube.com/watch?v=CEwBoH_R_Ns,100%,2 か月前,350,https://www.youtube.com/watch?v=9TulrMzmHr8,57000,【スカッとする話】毎日9時間義母の介護で倒れた私に夫「介護すらできないなら離婚wこれからは愛人に任せるw」私「いいけど後悔しない？」夫「しねぇよw」1週間後w【朗読】【スカッと】
1,957,387,物語の種4935,https://www.youtube.com/channel/UC_xUSyO8msUP5jQSdc2-D1g,https://www.youtube.com/watch?v=cMspdKyidWI,100%,2 か月前,2,https://www.youtube.com/watch?v=p4pyD9SD1Tk,81000,【スカッとする話】義両親に蹴られ骨折した私に夫「寝かせとけば治るw」翌日、病室に嘲笑いに来た義家族「あれ、嫁は？w」医師「警察署です」義家族「え？」【朗読】【スカッと】
1,958,387,物語の種4935,https://www.youtube.com/channel/UC_xUSyO8msUP5jQSdc2-D1g,https://www.youtube.com/watch?v=P8VqKzucFT4,100%,2 か月前,1,https://www.youtube.com/watch?v=cVe3XmXeRuE,140000,【スカッとする話】私が離婚届に署名すると、満面の笑みで大喜びする義家族。新しい嫁を迎えた1週間後、電気・ガス・水道が止まると急に義家族が焦り出しw【朗読】【スカッと】
1,959,388,社内,https://www.youtube.com/channel/UCILh-bsoUcf7VfLLt05RTqg,https://www.youtube.com/watch?v=7PBMTzE53Kg,98%,11 日前,1,https://www.youtube.com/watch?v=LXxfsTZeuZU,110000,【スカッと】長男夫婦がお盆に帰省し私が店を予約すると長男嫁「何この汚い店w年金生活の貧乏ババァじゃ仕方ないかw」直後、普段温厚な夫→夫「調子乗るなよガキが」長男嫁「え？」
1,960,388,社内,https://www.youtube.com/channel/UCILh-bsoUcf7VfLLt05RTqg,https://www.youtube.com/watch?v=f-bRH-VKdRE,86%,5 日前,0,https://www.youtube.com/watch?v=B-nqblWpeIE,54000,【スカッとする話】医者の夫を奪ったママ友「年収3千万の医者の旦那くんの子供出来たw3ヶ月後の結婚式来てねw」私「わかった」（年収3千万の医者は私なんだけど黙っとこw）3ヶ月後w【スカッと】【朗読】
1,961,389,笑い話,https://www.youtube.com/channel/UC6YclV1iy4r50x8Ie45J4UA,https://www.youtube.com/watch?v=BexxPPKkRVo,100%,1 年前,1,https://www.youtube.com/watch?v=bPcGySAd3gA,200000,【スカッと総集編】家のローン月18万を払ってると知らず同居の長男嫁に1年間無視された...ある日、私「あれ？なんで私の荷物が...」長男嫁「キレイにしておいてあげたw」私の荷物を勝手に捨てられた
1,962,389,笑い話,https://www.youtube.com/channel/UC6YclV1iy4r50x8Ie45J4UA,https://www.youtube.com/watch?v=cegnc-WF15U,98%,2 年前,0,https://www.youtube.com/watch?v=eb8s4DgkJ3o,140000,【スカッとする話】孫の100日祝いに親戚一同と行くと私だけ席がなかった…長男嫁「家族の席しかありませんw」私「…帰りますか」親戚一同「うん」3分後、長男嫁に悲劇がw
1,963,390,結婚の仮面 5511,https://www.youtube.com/channel/UCf-k8ybRo6PhVcVCwTKfrhQ,https://www.youtube.com/watch?v=U3GdcWL5kbQ,100%,1 か月前,17,https://www.youtube.com/watch?v=UMALXNxEZ8g,46000,【スカッとする話】息子のために貯めた800万の進学資金を勝手に義母に渡した夫「ママが家買うから渡したw文句あるなら離婚！」私「OK」息子「今までありがとう！」夫「え？」【朗読】【スカッと】
1,964,390,結婚の仮面 5511,https://www.youtube.com/channel/UCf-k8ybRo6PhVcVCwTKfrhQ,https://www.youtube.com/watch?v=8aO97dMj3xU,100%,1 か月前,269,https://www.youtube.com/watch?v=bWY2HnBLJB0,34000,【スカッとする話】女手一つで育てた娘の結婚挨拶で、私の手料理を投げ捨てた義父「こんなの犬でも食わんw」娘（終わらせていい？）私（うん）3秒後、義家族全員が震え出しw【朗読】【スカッと】
1,965,391,結婚後の生活,https://www.youtube.com/channel/UC9Nq5Tyz6qzWqrXjucfmm_A,https://www.youtube.com/watch?v=aEO_t5Wa_bY,100%,3 か月前,266,https://www.youtube.com/watch?v=apu3YCoBeec,15000,【スカッとする話】私が早朝シフトに切り替え10年義母を介護し続けたのに、義母「別に頼んでないしwお前には遺産渡さないw」私「では明日から施設入れますね」【朗読】【スカッと】
1,966,391,結婚後の生活,https://www.youtube.com/channel/UC9Nq5Tyz6qzWqrXjucfmm_A,https://www.youtube.com/watch?v=F8fUGxI65ic,100%,4 か月前,22,https://www.youtube.com/watch?v=NTuf2k99EWQ,270000,【スカッとする話】体調不良でパートを早退し家に帰ると夫が親友と真っ最中...コッソリ二人の動画を撮影し親友の夫に送ってやった結果w
1,967,392,美人渔小宇,https://www.youtube.com/channel/UCC81AeM_JRWHLTwr66SlKKQ,https://www.youtube.com/watch?v=YEuxaDDc_cQ,98%,3 週間前,5,https://www.youtube.com/watch?v=tXIMpyt5JaA,38000,【スカッと】長男の葬儀後、長男嫁と孫5人との同居を勝手に決めた夫「嫁さん達の引越しは済んだか？」私「うん、終わった！私の方も今海外に引越し完了した！」夫「は？海外？」
1,968,392,美人渔小宇,https://www.youtube.com/channel/UCC81AeM_JRWHLTwr66SlKKQ,https://www.youtube.com/watch?v=YEuxaDDc_cQ,98%,3 週間前,5,https://www.youtube.com/watch?v=5xGpkFy0w44,120000,【スカッと総集編】長男の葬儀後、長男嫁と孫5人との同居を勝手に決めた夫「嫁さん達の引越しは済んだか？」私「うん、終わった！私の方も今海外に引越し完了した！」夫「は？海外？」
1,969,393,美咲のスカッと朗読劇場【スカッとする話】,https://www.youtube.com/channel/UC-JxPanYZ5n8p227nYksdPw,https://www.youtube.com/watch?v=jHvDmNMODpg,100%,10 時間前,0,https://www.youtube.com/watch?v=C3gUsFfqx7s,81000,【スカッとする話】長男夫婦が私の持ち家をリフォームすることになり完成すると長男が「母さんは４畳の物置部屋なw」長男嫁「嫌なら出てけw」→私「じゃあ出ていく」家を売却し引っ越してやった結果【修羅場】
1,970,393,美咲のスカッと朗読劇場【スカッとする話】,https://www.youtube.com/channel/UC-JxPanYZ5n8p227nYksdPw,https://www.youtube.com/watch?v=9GCPlkyVeMc,100%,19 時間前,0,https://www.youtube.com/watch?v=hoG9_pfUDr4,56000,【スカッとする話】母の還暦祝いから帰宅すると私の120万の時計が無い…私「警察呼んで！泥棒よ！」夫「辞めろ！絶対家にある」私「もう警察呼んだよ？」30分後w【修羅場】
1,971,394,老後逆転人生,https://www.youtube.com/channel/UCsLweCVD3Y34akhcIjCnANw,https://www.youtube.com/watch?v=oFsmjnL0WdY,93%,9 か月前,125,https://www.youtube.com/watch?v=DTzUdepPrks,43000,【スカッと総集編】息子夫婦の家へ行くと庭で孫が膝を抱え震えていた。私「パパとママは？」孫「姉と海外旅行に行くって」私「は？」【朗読】【スカッと】【スカッとする話】【総集編】
1,972,394,老後逆転人生,https://www.youtube.com/channel/UCsLweCVD3Y34akhcIjCnANw,https://www.youtube.com/watch?v=oFsmjnL0WdY,92%,9 か月前,125,https://www.youtube.com/watch?v=o73p--gKGy0,510000,【スカッとする話】息子夫婦の家へ行くと、庭で孫が膝を抱え震えていた...私「あれ？パパとママは？」孫「姉と海外旅行に行くって」私「は？」キレた私は家を売却し更地にし...
1,973,395,読み語る,https://www.youtube.com/channel/UCmPYJvWi6YE6JAkeSPdRZhw,https://www.youtube.com/watch?v=gT5YW0EH1Gw,100%,1 か月前,2,https://www.youtube.com/watch?v=p4pyD9SD1Tk,81000,【スカッとする話】義両親に蹴られ骨折した私に夫「寝かせとけば治るw」翌日、病室に嘲笑いに来た義家族「あれ、嫁は？w」医師「警察署です」義家族「え？」【朗読】【スカッと】
1,974,395,読み語る,https://www.youtube.com/channel/UCmPYJvWi6YE6JAkeSPdRZhw,https://www.youtube.com/watch?v=ss3ylc0FK_g,100%,1 か月前,1,https://www.youtube.com/watch?v=YXQf7LoG2gE,55000,【スカッとする話】夫の会社に身分を隠して入社した私。昼休み、夫のコップでお茶を飲むと女性秘書「私の夫のコップよ！言いつけてクビにする」呼び出された夫を待ち受けるとw【朗読】【スカッと】
1,975,396,運命の恋物語,https://www.youtube.com/channel/UCBJJIcxiO6nQ0ukyNmHIHyQ,https://www.youtube.com/watch?v=-QUkzTxLwcY,100%,3 週間前,24,https://www.youtube.com/watch?v=Rt9GxXvlbY8,110000,【スカッとする話】夫の会社に弁当を届けると、夫「今日も忙しいから助かる！」直後、夫の鞄を見た瞬間、私「さようなら」夫「え？」【朗読】【スカッと】
1,976,396,運命の恋物語,https://www.youtube.com/channel/UCBJJIcxiO6nQ0ukyNmHIHyQ,https://www.youtube.com/watch?v=fHgveGPae0U,100%,3 週間前,488,https://www.youtube.com/watch?v=blo_a56_T1U,370000,【スカッとする話】愛人に夫を奪われた私。2人「すまん、離婚してくれ…」離婚届が置かれた瞬間、即サインし夫を譲ると、相手弁護士がガタガタ震え出しw【朗読】【スカッと】
1,977,397,遺産相続の陰謀,https://www.youtube.com/channel/UCkMFzQQGu09YViEYU1KFC0A,https://www.youtube.com/watch?v=LADQyq_3Ibk,86%,4 週間前,6,https://www.youtube.com/watch?v=B-nqblWpeIE,54000,【スカッとする話】医者の夫を奪ったママ友「年収3千万の医者の旦那くんの子供出来たw3ヶ月後の結婚式来てねw」私「わかった」（年収3千万の医者は私なんだけど黙っとこw）3ヶ月後w【スカッと】【朗読】
1,978,397,遺産相続の陰謀,https://www.youtube.com/channel/UCkMFzQQGu09YViEYU1KFC0A,https://www.youtube.com/watch?v=ny33ngq8dGo,86%,3 週間前,2,https://www.youtube.com/watch?v=Tlkag3rVT5s,180000,【スカッとする話】30年連れ添った夫と離婚すると、義母「引っ越しはまだ？」夫「早く出てけ」私「30分後に消えます」荷物が運ばれ私が車に乗ると→義母「え？何なのこの高級車は？」
1,979,398,野崎 美月,https://www.youtube.com/channel/UC1LoBls_ltR0pdiuoanqmzw,https://www.youtube.com/watch?v=8aLC4BzFh-8,86%,1 か月前,9,https://www.youtube.com/watch?v=Tlkag3rVT5s,180000,【スカッとする話】30年連れ添った夫と離婚すると、義母「引っ越しはまだ？」夫「早く出てけ」私「30分後に消えます」荷物が運ばれ私が車に乗ると→義母「え？何なのこの高級車は？」
1,980,398,野崎 美月,https://www.youtube.com/channel/UC1LoBls_ltR0pdiuoanqmzw,https://www.youtube.com/watch?v=3SiUr9zSVCo,86%,1 か月前,7,https://www.youtube.com/watch?v=Tlkag3rVT5s,180000,【スカッとする話】30年連れ添った夫と離婚すると、義母「引っ越しはまだ？」夫「早く出てけ」私「30分後に消えます」荷物が運ばれ私が車に乗ると→義母「え？何なのこの高級車は？」
1,981,399,隠された物語、心に響く感動ストーリー,,https://www.youtube.com/watch?v=pbWuX8Qm43g,100%,4 日前,43,https://www.youtube.com/watch?v=6_DWl928MOQ,50000,【スカッとする話】私と離婚し愛人を選んだ元夫「ローン完済したよな？今日から俺たちが住むからw」私「何か勘違いしてない？」元夫「え？」実はw【朗読】【スカッと】
1,982,399,隠された物語、心に響く感動ストーリー,,https://www.youtube.com/watch?v=tv5hP1kBu3U,100%,3 日前,62,https://www.youtube.com/watch?v=qNSSnNaMxrs,80000,【スカッとする話】私1人で育てた息子の顔合わせで、なぜか私たちだけお茶漬け…義家族「貧乏人は好きだろ？w」直後、私の存在に気づいた義兄「俺たちの人生終了だ…」【朗読】【スカッと】
1,983,400,静かな反撃,https://www.youtube.com/channel/UCZFbJtgSdI980x8wkD3emcg,https://www.youtube.com/watch?v=FS5w2epcnpA,96%,2 週間前,1467,https://www.youtube.com/watch?v=AdhCK-BGvg4,130000,【スカッとする話】年末に息子夫婦が泊まりにくると、深夜に夫が突然私を裏口に…夫「今のうちに家から出よう」私「え？年越しそば食べないの？」夫「お前気づいてないのか？」【朗読】【スカッと】
1,984,400,静かな反撃,https://www.youtube.com/channel/UCZFbJtgSdI980x8wkD3emcg,https://www.youtube.com/watch?v=xmx01EcS5Tw,96%,2 週間前,59,https://www.youtube.com/watch?v=AdhCK-BGvg4,130000,【スカッとする話】年末に息子夫婦が泊まりにくると、深夜に夫が突然私を裏口に…夫「今のうちに家から出よう」私「え？年越しそば食べないの？」夫「お前気づいてないのか？」【朗読】【スカッと】
1,985,401,静かな日々,https://www.youtube.com/channel/UCLr-g5Xt6j8s4AL7iBOvmrg,https://www.youtube.com/watch?v=J60EiJjlfiw,100%,1 か月前,3,https://www.youtube.com/watch?v=PWHztx9-bjo,78000,【スカッとする話】姉の結婚式に行くと私を見下す京大卒の義父「中卒の英語聞かせろw」私（アメリカの大学教授だけど、今は黙っとくかw）1時間後w【朗読】【スカッと】
1,986,401,静かな日々,https://www.youtube.com/channel/UCLr-g5Xt6j8s4AL7iBOvmrg,https://www.youtube.com/watch?v=9HYirXYxXWc,100%,1 か月前,9,https://www.youtube.com/watch?v=Tpbu9uHiFPg,110000,【スカッとする話】結婚10年目に銀行員の夫が突然の暴露「お前の親友と結婚するw籍入れてないし財産分与は無しw」私「あれ？あんた知らないの？」夫「何がだよw」実は…
1,987,402,高山美津世【感動★総集編】,https://www.youtube.com/channel/UC5H2HIMfOu-JA_xGcjAf5xA,https://www.youtube.com/watch?v=LaQSOyXPwTY,98%,3 年前,21728,https://www.youtube.com/watch?v=i8zqcOBxHyo,37000,【スカッとする話】長男の海外主張中、癌で余命半年の私を奴隷扱いする長男嫁「家事も役立たずは出てけ！」私「はい...」泣きながら出て行くと長男とある人物がやってきて…【修羅場】【スカッと】
1,988,402,高山美津世【感動★総集編】,https://www.youtube.com/channel/UC5H2HIMfOu-JA_xGcjAf5xA,https://www.youtube.com/watch?v=nBO5fKa7XKY,82%,1 年前,725,https://www.youtube.com/watch?v=IjcqpMyHjf0,95000,【スカッとする話】次男の葬儀中にペットカメラを確認すると、誰もいないはずの私の部屋で夫と長男嫁が真っ最中…音量を最大にして親戚中に実況中継してやった結果w【修羅場】
1,989,403,憂鬱よりスカッと,https://www.youtube.com/channel/UCLSSpzRy_5TGRt0hpyQEytg,https://www.youtube.com/watch?v=4pZcpUuV0g0,90%,1 年前,317,https://www.youtube.com/watch?v=-fE68tebmjk,72000,【スカッとする話】夫の出張中に息子に誘われ高級ホテルへディナーに行くと女性にプロポーズする夫「亡き妻と息子の分まで幸せにする！」直後、静かに席を立ち上がり求婚に乱入→私と息子「死んだ全家族です」
1,990,404,感動こまち ,https://www.youtube.com/channel/UCvF8fYg6w5hk60kbFLPmdcw,https://www.youtube.com/watch?v=wG2Qu3ZLjXk,100%,2 年前,204,https://www.youtube.com/watch?v=GZtalGoS6qE,110000,【スカッとする話】親族の集まりでエリート夫「嫁の飯はまずいんだよなw」私「え？私の料理食べた事ある？食事はいつも愛人宅じゃないの」義父「は？」義両親がブチギレ...
1,991,405,感動こまち ,https://www.youtube.com/channel/UCWbLCf1LFQmbDvkf9byrU6w,https://www.youtube.com/watch?v=FHh6L-T4r1w,91%,1 年前,31,https://www.youtube.com/watch?v=Wk9S9SoTHxU,92000,【スカッとする話】夫と義両親から13年間も嫌われ続けた私。ある日、離婚届を置いて引っ越すと、ボロボロの夫と義両親から鬼電が→私（やっと気づいたかw）実は...
1,992,406,Истории Рядом,https://www.youtube.com/channel/UCehjiyNr9Nh5xF7loC95GpQ,https://www.youtube.com/watch?v=4GYayVrUloQ,100%,2 年前,0,https://www.youtube.com/watch?v=RTO0Ty4liC0,54000,【スカッとする話】長男夫婦の家へ行くと孫が膝を抱え泣いていた...私「あれ？お父さんとお母さんは？」孫「家族だけでハワイ行くって」私「そう、それなら...」本当の家族を呼び出した結果
1,993,407,Истории из жизни,https://www.youtube.com/channel/UCfhUflmRbpXMrSBQ9bIxWTQ,https://www.youtube.com/watch?v=acM4uBaD8tY,100%,2 年前,0,https://www.youtube.com/watch?v=7gR3-5GCVtk,47000,【スカッとする話】熱で早退した息子を連れて帰ると葬儀に行ったはずの夫が姉と真っ最中…息子「大変！おばさんが襲われてる！」息子が２人の動画を撮影し義父と親戚一同に送った結果ｗ
1,994,408,Свекровь обомлела,https://www.youtube.com/channel/UCUWAiwVVY-XC0yA26i94Asg,https://www.youtube.com/watch?v=JYVuBq-M0xE,100%,2 年前,0,https://www.youtube.com/watch?v=iWpWDCY4L5o,100000,【スカッとする話】夫の連れ子の出産祝いに行くと、連れ子「ババァは戸籍上は他人w赤ちゃん触るなら1回30万払えw」夫「...帰るか」私「うん」速攻で帰宅→永遠に他人扱いした結果w
1,995,409,感動なみだ,https://www.youtube.com/channel/UCQGG42RkRZb1piU0_rUnpDw,https://www.youtube.com/watch?v=-Ee7ywXOHyQ,100%,2 年前,242,https://www.youtube.com/watch?v=Tm9DKLFF30M,250000,【スカッとする話】私が余命半年と聞いて愛人と豪遊しはじめた夫「いつまで生きてるの？w」 私「余命なのはあなただよ？」後日、半狂乱の夫が...【修羅場】【スカッと】
1,996,410,Жизненные истории,https://www.youtube.com/channel/UC1DJYzOAPjLavgEYT1SMo9g,https://www.youtube.com/watch?v=e8TwJTFNmQU,100%,1 年前,0,https://www.youtube.com/watch?v=hRCh_bWpcgg,100000,【スカッとする話】私が義母の入院費を払ってると知らず新居に引っ越した夫「寄生虫は施設でもいけw」1億の高級施設に引越し入院費の支払も止めた結果w
1,997,411,Жизненные истории,https://www.youtube.com/channel/UCdtnnK2FWo-sPMpkGvfEdzQ,https://www.youtube.com/watch?v=SEk-futo7C8,100%,2 年前,0,https://www.youtube.com/watch?v=TsjwefVLp7c,100000,【スカッとする話】3年前、私から医者の夫を奪った親友「元気な女の子産んだよ！出産祝い30万ちょうだいｗ」私「はーい！弁護士の夫と行くね！」親友「え？」結果ｗ
1,998,412,中島 絵里,https://www.youtube.com/channel/UC3rUPNZtX88POjmWKLyomVQ,https://www.youtube.com/watch?v=nVX-OnT8MpE,86%,1 か月前,60,https://www.youtube.com/watch?v=Tlkag3rVT5s,180000,【スカッとする話】30年連れ添った夫と離婚すると、義母「引っ越しはまだ？」夫「早く出てけ」私「30分後に消えます」荷物が運ばれ私が車に乗ると→義母「え？何なのこの高級車は？」
1,999,413,今日の物語,https://www.youtube.com/channel/UCPXh5v9VEouZRWDFnMm2RNg,https://www.youtube.com/watch?v=41IKF-y9FF4,100%,3 か月前,150,https://www.youtube.com/watch?v=Mpi2bhYFSsQ,140000,【スカッとする話】私が毎日12時間、義父の介護をしていると知らない夫「離婚しよう…お前と一緒はもう限界…」私「本当にいいの？」夫「当然w」→介護負担を伝えず即離婚して姿を消すと…w【朗読】【スカッと】
1,1000,414,今日の物語,https://www.youtube.com/channel/UC_S7c-tions1Eb5-YCxmvqw,https://www.youtube.com/watch?v=BCUqrhfl0EA,89%,6 か月前,102,https://www.youtube.com/watch?v=79m-CwHxGq8,110000,【スカッとする話】夫と義実家までバスで向かうと降車直前、私の腕をつかんだ運転手「ここで降りたら終わるよ。次のバス停で逃げなさい」理由を知った私は血の気が引いて…【朗読】【スカッと】
1,1001,415,感動フクロウ便,https://www.youtube.com/channel/UCxWtdEfVHTA9a01YTYtA38w,https://www.youtube.com/watch?v=-Fgb4XhF7f8,97%,1 年前,0,https://www.youtube.com/watch?v=E6hGGRc68uY,150000,【スカッとする話】愛人と隠し子を連れ帰宅した夫「息子はお前にやる！離婚だ！」息子「母さんとは離婚出来ないよ？だって...」息子の衝撃の一言で夫と愛人が半狂乱にw
1,1002,416,感動フクロウ便,https://www.youtube.com/channel/UCLHcUYNoGVXw-b262rHScWA,https://www.youtube.com/watch?v=9zbOqhE3p50,89%,3 年前,299895,https://www.youtube.com/watch?v=nhb1eCwozaM,160000,【スカッとする話】有名ピアニストであることを隠して生きてきた私。ある日、夫に連れられジャズバーへ。すると、店員「演奏者が...」非常事態発生し私と夫が手伝うとまさかの展開に…【スカッと】
1,1003,417,涙涙の感動秘話,https://www.youtube.com/channel/UCw8V3AM_HqmSsQ8pzANLt8Q,https://www.youtube.com/watch?v=fFK3vpzHhww,98%,1 年前,0,https://www.youtube.com/watch?v=faMNblUzAj0,47000,【スカッとする話】夫の社長退任祝いで、夫「好きな人ができた。離婚してくれ」私「いいよ！はい、離婚届」離婚後、夫と再婚した20歳の新入社員に私「あ、言い忘れてたけど…」ある事実を告げると2人は発狂し..
1,1004,418,涙涙の感動秘話,https://www.youtube.com/channel/UCGTxWHaduYyuXCUYoCwYWcw,https://www.youtube.com/watch?v=ZoNAEn9gaFw,93%,1 年前,0,https://www.youtube.com/watch?v=Wk9S9SoTHxU,92000,【スカッとする話】夫と義両親から13年間も嫌われ続けた私。ある日、離婚届を置いて引っ越すと、ボロボロの夫と義両親から鬼電が→私（やっと気づいたかw）実は...
1,1005,419, Ирина Анатольевна,https://www.youtube.com/channel/UCG2zWrAFwX5Xcj5AY5tAJqg,https://www.youtube.com/watch?v=P6hd8tPzNjI,93%,1 年前,0,https://www.youtube.com/watch?v=Wk9S9SoTHxU,92000,【スカッとする話】夫と義両親から13年間も嫌われ続けた私。ある日、離婚届を置いて引っ越すと、ボロボロの夫と義両親から鬼電が→私（やっと気づいたかw）実は...
1,1006,420, Просто Истории,https://www.youtube.com/channel/UCHMuYD9Inb_58Ia9nbMSKjw,https://www.youtube.com/watch?v=K-lXlLutxso,100%,2 年前,0,https://www.youtube.com/watch?v=kpGjizf6mpc,170000,【スカッとする話】私が社員3000人の夫の会社の社長と知らず新築を購入した途端に豹変した夫「今日から両親と同居する！嫌なら離婚して出てけw」→私「じゃお前は解雇で会社出てけ」
1,1007,421,420PotSmoker1,https://www.youtube.com/channel/UCjHZt-SBngt5Wrzuu1XGVZw,https://www.youtube.com/watch?v=rbK3uBTt5fM,100%,2 年前,477,https://www.youtube.com/watch?v=YWd1vzAgHB8,80000,【スカッとする話】13年前に医者の婚約者を奪った親友と再会「36歳で独身とか賞味期限切れねw私の旦那はイケメンで天才よw」→私「じゃうちの夫も紹介するね」夫を呼ぶと親友が半狂乱にw
1,1008,422,468 Hopgiaykho,https://www.youtube.com/channel/UCrm5iwH2pv-QU9omTJpkqlw,https://www.youtube.com/watch?v=F-KA7qv1lJw,100%,2 年前,0,https://www.youtube.com/watch?v=oTP6l6MCmBU,55000,【スカッとする話】父から相続した2億円の豪邸を勝手に自分名義に変更した夫「これで家は俺のw文句あるなら離婚ｗ」私「じゃあ離婚でいいけど、後悔しない？」夫「しねぇよw」3日後w
1,1009,423,568 Thieutientra,https://www.youtube.com/channel/UCbpPLSLdxwPUECcpBAHn7Wg,https://www.youtube.com/watch?v=djL_cfmMaMc,86%,2 年前,306,https://www.youtube.com/watch?v=gsnipzQV4fk,98000,【スカッとする話】私の年収が5000万と知らず入院中の私を捨て私の幼馴染と再婚した夫「働かない嫁とは離婚だw慰謝料として毎月10万払えよｗ」私「分かった！はい、離婚届け」1週間後、夫から30件の鬼電が
1,1010,424,579 Nhinbangnua,https://www.youtube.com/channel/UCSNDi3EcAzewFC2kpk4MeTA,https://www.youtube.com/watch?v=hMj_XDpY_lo,100%,1 年前,0,https://www.youtube.com/watch?v=Dpj92Zm-QZ4,20000,【スカッと】  妹と18年間不倫していた夫「お前と離婚して妹と結婚する！」結婚式に招待されたので親族全員で徹底的に無視してやった結果ｗ
1,1011,425,579 Nhintroimua,https://www.youtube.com/channel/UCTXeu6cmt6ymbBw2QSe1YSQ,https://www.youtube.com/watch?v=60kDwVVYfno,100%,2 年前,0,https://www.youtube.com/watch?v=86aMjG9EbpY,44000,【スカッとする話】夫と義両親に招待されハワイ旅行に行くと、なぜか私だけ別のホテルに案内。受付「今すぐ逃げて下さい！」明かされた真実を知り私は慌ててホテルを飛び出し...
1,1012,426,585 Miengcomthem,https://www.youtube.com/channel/UCNViz-MIenwe3ooIvq7psww,https://www.youtube.com/watch?v=K4N34o0Ng1k,100%,1 年前,0,https://www.youtube.com/watch?v=2bSmbmDKYEg,72000,【スカッとする話】私が義家族全員のクレカ代を支払ってるとは知らず私を追い出す夫「うちの家族は5人だけ！寄生虫の役立たずは出てけ！」私「分かりました」→全てのクレカを即解約し引越した結果w
1,1013,427,751 Laycairoi,https://www.youtube.com/channel/UCgD6pnsJ2WTE_O33ZrMOw-w,https://www.youtube.com/watch?v=ikQNKTplkyw,76%,2 年前,1050,https://www.youtube.com/watch?v=m6PL4_0i4yI,67000,【スカッと総集編】夫と義両親に招待され高級寿司屋へ行くと、なぜか私だけ強制的に別室に案内。大将「今すぐ裏口からお逃げください！」明かされた衝撃の事実を知り、私は慌てて寿司屋を飛び出し【スカッとする話】
1,1014,428,ANHVIMHOI,https://www.youtube.com/channel/UCVHJWq3QcZVByjzWRiQahBw,https://www.youtube.com/watch?v=mKpzyYET-E8,100%,2 年前,0,https://www.youtube.com/watch?v=IaHdv7dT6Sc,120000,【スカッとする話】18年間家賃を払ってきた私を罵倒する夫と連れ子「月10万の家賃程度で偉そうにw」夫「支払い止めてみろw」私「喜んで」3ヶ月後w
1,1015,429,Adley Luciano,https://www.youtube.com/channel/UCgLBkk_JTCaE08_6bW7f6Ww,https://www.youtube.com/watch?v=nBoayUpMZIE,100%,1 年前,0,https://www.youtube.com/watch?v=Tm9DKLFF30M,250000,【スカッとする話】私が余命半年と聞いて愛人と豪遊しはじめた夫「いつまで生きてるの？w」 私「余命なのはあなただよ？」後日、半狂乱の夫が...【修羅場】【スカッと】
1,1016,430,Ahmed Lateefat,https://www.youtube.com/channel/UCD-KNpnHJODuzEBECfTvaZw,https://www.youtube.com/watch?v=fhEikCkjC7w,98%,4 か月前,26,https://www.youtube.com/watch?v=LXxfsTZeuZU,110000,【スカッと】長男夫婦がお盆に帰省し私が店を予約すると長男嫁「何この汚い店w年金生活の貧乏ババァじゃ仕方ないかw」直後、普段温厚な夫→夫「調子乗るなよガキが」長男嫁「え？」
1,1017,431,Alayna Maddox,https://www.youtube.com/channel/UCh8W4L9nTLSeKEdSrSpT_vw,https://www.youtube.com/watch?v=8UUHh8R-vcI,100%,2 年前,0,https://www.youtube.com/watch?v=vyDCAcHPme8,86000,【スカッとする話】夫「来月ママが引っ越してくる！お前の部屋片付けておけw」私「はーい、キレイにしておくね」夫の出張中に不動産屋に連絡し家を売り払いキレイに更地にした結果w
1,1018,432,Aleah Brixton,https://www.youtube.com/channel/UCT42maTMBmgXsrp7qy_oMhA,https://www.youtube.com/watch?v=Jad7SrBdMeU,99%,2 年前,0,https://www.youtube.com/watch?v=dW-opdxTbYQ,110000,【スカッとする話】亡くなった元夫の保険金3000万で新築一軒屋を建てた夫「母さんに家買ったｗ逆らうなら離婚だw」私「わかりました。いいけど後悔するよ？」夫「しねぇよw」→1ヶ月後...【修羅場】
1,1019,433,Aliana Everett,https://www.youtube.com/channel/UCo4Ru2aRbrTyujtLhNqcJZg,https://www.youtube.com/watch?v=Zs_vAYd_iKM,94%,2 年前,0,https://www.youtube.com/watch?v=BKC9CbFIESk,52000,【スカッとする話】夫の連れ子の娘と暮らし始めて1年。しかし、全くなつく気配がない…夫が海外出張に行った日に娘が初めて話しかけてきた。娘「お母さん、実は...」そう言って差し出された手には...
1,1020,434,Aliza Jerry,https://www.youtube.com/channel/UCDsHtj8rLWtfh1z9Zf4P8sQ,https://www.youtube.com/watch?v=eFf41qxSEtI,85%,1 年前,1,https://www.youtube.com/watch?v=My7bUq_jaIs,110000,【スカッとする話】姑の誕生会でも私を家政婦扱いする夫「バカ嫁さっさと料理出せ」義父「これ全部1人で！？」私「いつものことですから…」すると義父が豹変し…【修羅場】
1,1021,435,Allie Leonardo,https://www.youtube.com/channel/UCLXWJz4sPxTMelgldBE7fJA,https://www.youtube.com/watch?v=989lmPJ0BEU,100%,1 年前,0,https://www.youtube.com/watch?v=Tm9DKLFF30M,250000,【スカッとする話】私が余命半年と聞いて愛人と豪遊しはじめた夫「いつまで生きてるの？w」 私「余命なのはあなただよ？」後日、半狂乱の夫が...【修羅場】【スカッと】
1,1022,436,Amy Bryan,https://www.youtube.com/channel/UC2jpVM1QiSigZdPN5k5X69Q,https://www.youtube.com/watch?v=PqQX7jfr-oc,100%,2 年前,0,https://www.youtube.com/watch?v=n-6PsuXWlY4,110000,【スカッとする話】1歳姪の初めての誕生日会に行くと私の席だけない...長男嫁「他人の席は用意してないw」夫「...帰るか」私「そうね」3分後、長男夫婦に大惨事がw
1,1023,437,Amy Marsh,https://www.youtube.com/channel/UCD819w2hsYZwV0tfNi3oixA,https://www.youtube.com/watch?v=dhSoZuKijBo,74%,2 年前,1,https://www.youtube.com/watch?v=g6Y6qpQoq3k,51000,【スカッとする話】中卒で年金生活の私を見下す高学歴エリートの長男嫁「年金暮らしの貧乏人とは絶縁でw」直後、それを聞いた長男が顔面蒼白で「お、お前知らないのか？」【スカッと】
1,1024,438,Anival Mencia Flores,https://www.youtube.com/channel/UCCgA-c9UyvuNOkt0qdQqWgQ,https://www.youtube.com/watch?v=DQg9IQeQLn8,100%,2 年前,0,https://www.youtube.com/watch?v=GZtalGoS6qE,110000,【スカッとする話】親族の集まりでエリート夫「嫁の飯はまずいんだよなw」私「え？私の料理食べた事ある？食事はいつも愛人宅じゃないの」義父「は？」義両親がブチギレ...
1,1025,439,Arnold Marguerite,https://www.youtube.com/channel/UC6MSAaOJ-9xnUlZE6UwvfPA,https://www.youtube.com/watch?v=F6PKJgIJ4yg,100%,1 年前,0,https://www.youtube.com/watch?v=IaHdv7dT6Sc,120000,【スカッとする話】18年間家賃を払ってきた私を罵倒する夫と連れ子「月10万の家賃程度で偉そうにw」夫「支払い止めてみろw」私「喜んで」3ヶ月後w
1,1026,440,Arsen Babikyan,https://www.youtube.com/channel/UCVmPv61VMZNCedecoZ2ljnQ,https://www.youtube.com/watch?v=E46x1erP5RQ,99%,2 年前,0,https://www.youtube.com/watch?v=80yZvlQ7GXs,62000,【スカッとする話】妊娠10ヶ月で破水し病院へ行く私を車外へ追い出し姉をライブ会場に送る夫「病院は自分でいけるだろ！」5時間後、緊急搬送された私に夫から鬼電「助けてくれ！」私「おかけになった番号は…」
1,1027,441,Audio Anna,https://www.youtube.com/channel/UC_vgu3XXRZOcSp9fkogJpqA,https://www.youtube.com/watch?v=VwAf6tdC_Vs,93%,4 か月前,0,https://www.youtube.com/watch?v=Mi69PEXjWFc,35000,【スカッと】365日間、私を無視し続けた年収1000万の夫「誰のおかげで生きてると思ってる！文句あるなら離婚して出てけw」私「後悔しない？」夫「しねぇよw」3日後、夫は会社をクビにw
1,1028,442,Aurelia Keenan,https://www.youtube.com/channel/UClsAqAe4BznVouCsy3Mw8CQ,https://www.youtube.com/watch?v=u8WOJsEHUSk,100%,2 年前,2,https://www.youtube.com/watch?v=Z7gS0PmgiuQ,26000,【スカッとする話】夫が突然ビールをぶっかけ、夫「俺のおかげで暮らせてる寄生虫が…文句あるなら離婚して出て行け！」私「わかりました…」3日後、夫からの鬼電を全無視した結果w
1,1029,443,Aureliano Ogrodnik,https://www.youtube.com/channel/UCNB3AtKkJu2DhD4LClJNy_w,https://www.youtube.com/watch?v=3fPmvHznRAg,93%,1 年前,0,https://www.youtube.com/watch?v=Wk9S9SoTHxU,92000,【スカッとする話】夫と義両親から13年間も嫌われ続けた私。ある日、離婚届を置いて引っ越すと、ボロボロの夫と義両親から鬼電が→私（やっと気づいたかw）実は...
1,1030,444,Avah Bronson,https://www.youtube.com/channel/UCUTeA2RI-7tpED-Xk29g_Vw,https://www.youtube.com/watch?v=Rf0wmBLXD8Q,95%,2 年前,2,https://www.youtube.com/watch?v=xyoQNySkFhc,100000,【スカッとする話】私の事が大嫌いな長男嫁「ウチの冠婚葬祭に義両親は絶対来ないで。嫌なら離婚する」私「いいけど、アナタ本当に大丈夫？後悔するよ？」長男嫁「しねぇよw二度と連絡してくんなw」→数ヶ月後w
1,1031,445,Bailey Luca,https://www.youtube.com/channel/UCCQc08DIe6LQuewpMQ24PSA,https://www.youtube.com/watch?v=rZiptlf8tvs,100%,1 年前,0,https://www.youtube.com/watch?v=5g57IhR1lIE,36000,【スカッと】知らない女に突然殴られ夫が経営する会社へ…私「社長を呼んで下さい…」社員「そんな人いませんが？」私「え？」実は…
1,1032,446,Bergstromthc Justinehkx,https://www.youtube.com/channel/UCMCHiuuU8g_OacJgtA_Bhuw,https://www.youtube.com/watch?v=GyhnbL1SApk,100%,2 年前,0,https://www.youtube.com/watch?v=BKC9CbFIESk,52000,【スカッとする話】夫の連れ子の娘と暮らし始めて1年。しかし、全くなつく気配がない…夫が海外出張に行った日に娘が初めて話しかけてきた。娘「お母さん、実は...」そう言って差し出された手には...
1,1033,447,Bethel Patrick,https://www.youtube.com/channel/UCyl5lZvExPQkWtvLl3ial1g,https://www.youtube.com/watch?v=445EQaopjL0,100%,1 年前,0,https://www.youtube.com/watch?v=hqr0NHF9CVU,70000,【スカッとする話】夜勤明けで日中寝てると激怒するエリート夫「家事も出来ないクズは出てけ！」私「じゃあ片付けて出て行きます」全ての家具家電を売却し引越すと大慌ての夫から大量着信がw
1,1034,448,Bradley Gallagher,https://www.youtube.com/channel/UC4Q2OU5TJ2nLcdq0K4hiq5A,https://www.youtube.com/watch?v=MJQTpwWSf2w,90%,2 年前,1,https://www.youtube.com/watch?v=-fE68tebmjk,72000,【スカッとする話】夫の出張中に息子に誘われ高級ホテルへディナーに行くと女性にプロポーズする夫「亡き妻と息子の分まで幸せにする！」直後、静かに席を立ち上がり求婚に乱入→私と息子「死んだ全家族です」
1,1035,449,Brielle Kabir,https://www.youtube.com/channel/UCnDxsxXaGZuJrGl5CFadyzw,https://www.youtube.com/watch?v=5sCGs1ikWBs,100%,2 年前,3,https://www.youtube.com/watch?v=BKC9CbFIESk,52000,【スカッとする話】夫の連れ子の娘と暮らし始めて1年。しかし、全くなつく気配がない…夫が海外出張に行った日に娘が初めて話しかけてきた。娘「お母さん、実は...」そう言って差し出された手には...
1,1036,450,Bristol Oakley,https://www.youtube.com/channel/UCIT68qL7yuTf1H1vO474nqA,https://www.youtube.com/watch?v=_KRUpYHSvAA,100%,1 年前,0,https://www.youtube.com/watch?v=BEKjWcB_3Mk,56000,【スカッと】孫の結婚式に行くと私達夫婦を嫌う新婦「中卒の貧乏ジジババは祝儀置いて田舎に帰れw」夫「…帰るか」私「…うん」30分後、半狂乱の新婦がw
1,1037,451,Brooke Ashley,https://www.youtube.com/channel/UCeSDNLbFauVc69Ga0IYCj-A,https://www.youtube.com/watch?v=17bcHPbk8dM,90%,1 年前,0,https://www.youtube.com/watch?v=bPcGySAd3gA,200000,【スカッと総集編】家のローン月18万を払ってると知らず同居の長男嫁に1年間無視された...ある日、私「あれ？なんで私の荷物が...」長男嫁「キレイにしておいてあげたw」私の荷物を勝手に捨てられた
1,1038,452,Brynlee Noe,https://www.youtube.com/channel/UCLV_HZ7xdU8gqbFFK5ekA7g,https://www.youtube.com/watch?v=MDFbt8FcwHA,85%,2 年前,0,https://www.youtube.com/watch?v=My7bUq_jaIs,110000,【スカッとする話】姑の誕生会でも私を家政婦扱いする夫「バカ嫁さっさと料理出せ」義父「これ全部1人で！？」私「いつものことですから…」すると義父が豹変し…【修羅場】
1,1039,453,Bà Khánh Vlog,https://www.youtube.com/channel/UCdz5y9NRKN2FiKpiFkHoiGg,https://www.youtube.com/watch?v=XkZcMrJ5O0M,73%,2 年前,42,https://www.youtube.com/watch?v=4GDjLfbv5Kc,200000,【スカッと総集編】正月に義実家へ帰省するといつものように奴隷扱いの私に、久しぶり帰省した義母「なんでご飯食べないの？」私「いつもの事なので」義母「は？」激怒した義母が家を売却し更地に【スカッとする話】
1,1040,454,Camryn Manning,https://www.youtube.com/channel/UCv4i-gVXrnC09dbj0RqCV_g,https://www.youtube.com/watch?v=Pp4W0Z4hp0c,97%,1 年前,0,https://www.youtube.com/watch?v=bNhJjY16fpA,80000,【スカッとする話】高級寿司屋へ行くと私はガリだけ。長男嫁「お義母さんは他人だから料理はなし！ガリ代10万は払ってねw」私「はい、会計してきます」会計でしっかりガリ代だけ払って帰った結果w【スカッと】
1,1041,455,Charley Remy,https://www.youtube.com/channel/UCaX-mL7XMZyWDWIcRiXzESw,https://www.youtube.com/watch?v=8Jo-XVBzWKM,100%,1 年前,1,https://www.youtube.com/watch?v=jY2B44GTtr8,67000,【スカッと】緊急入院した夫の見舞いに母と行くと23歳の愛人と隠し子に出迎えられた…夫「待ってたw離婚届記入しとけw」母「あれ？あの事知らないの？」真実を知った2人は半狂乱にw
1,1042,456,Damon Salvatore,https://www.youtube.com/channel/UCl5jG7tF4QZHcM7cjPdny5A,https://www.youtube.com/watch?v=eYIk3G6iXXU,100%,2 年前,1,https://www.youtube.com/watch?v=iWpWDCY4L5o,100000,【スカッとする話】夫の連れ子の出産祝いに行くと、連れ子「ババァは戸籍上は他人w赤ちゃん触るなら1回30万払えw」夫「...帰るか」私「うん」速攻で帰宅→永遠に他人扱いした結果w
1,1043,457,Darell Dowling,https://www.youtube.com/channel/UC1HGMFLV45hYBgQD965CdDg,https://www.youtube.com/watch?v=BkhksD58kw0,88%,2 年前,376,https://www.youtube.com/watch?v=-fE68tebmjk,72000,【スカッとする話】夫の出張中に息子に誘われ高級ホテルへディナーに行くと女性にプロポーズする夫「亡き妻と息子の分まで幸せにする！」直後、静かに席を立ち上がり求婚に乱入→私と息子「死んだ全家族です」
1,1044,458,Davina Claude,https://www.youtube.com/channel/UCOrbtNmmNjOIxTBvK8TW2Lg,https://www.youtube.com/watch?v=58Ms81RHLEA,100%,2 年前,0,https://www.youtube.com/watch?v=GZtalGoS6qE,110000,【スカッとする話】親族の集まりでエリート夫「嫁の飯はまずいんだよなw」私「え？私の料理食べた事ある？食事はいつも愛人宅じゃないの」義父「は？」義両親がブチギレ...
1,1045,459,Daxoxebib Nogamxxon,https://www.youtube.com/channel/UCVZRAkKE0O3MWfsVYEl0BdA,https://www.youtube.com/watch?v=0ou3yjs61L4,90%,2 年前,0,https://www.youtube.com/watch?v=-fE68tebmjk,72000,【スカッとする話】夫の出張中に息子に誘われ高級ホテルへディナーに行くと女性にプロポーズする夫「亡き妻と息子の分まで幸せにする！」直後、静かに席を立ち上がり求婚に乱入→私と息子「死んだ全家族です」
1,1046,460,Di Chungduowng,https://www.youtube.com/channel/UCMofMJhJ6dyaY8_MaPGllpQ,https://www.youtube.com/watch?v=-KzLDza9S5A,97%,1 年前,0,https://www.youtube.com/watch?v=mRlS0rHQ-lY,120000,【スカッとする話】夫「引越しは済んだか？」私「今日中に出ていくわ」ATM扱いされ家を追い出された私。1ヶ月後、夫が血相を変えて鬼電してきて...【修羅場】
1,1047,461,Dinh Hien,https://www.youtube.com/channel/UCY4oupRAVSFTBXCSmiQdYQA,https://www.youtube.com/watch?v=FpNkKT4euAY,90%,2 年前,9,https://www.youtube.com/watch?v=-fE68tebmjk,72000,【スカッとする話】夫の出張中に息子に誘われ高級ホテルへディナーに行くと女性にプロポーズする夫「亡き妻と息子の分まで幸せにする！」直後、静かに席を立ち上がり求婚に乱入→私と息子「死んだ全家族です」
1,1048,462,Dominic Daniels,https://www.youtube.com/channel/UCN6jXNvVbIWCDD5y08oSuig,https://www.youtube.com/watch?v=3m1OuEtWEKA,99%,2 年前,2,https://www.youtube.com/watch?v=VPQPhd_XW-o,110000,【スカッとする話】長男が娘を残して他界。長男嫁「金持ちの医者と再婚するw双子はババァが育てろw」私「いいの？喜んで！」60歳の私が工場の皆と育てると→15年後、まさかの展開に
1,1049,463,Earnest Rice,https://www.youtube.com/channel/UCcajjbSWq8Ssk2-6JKsaCrA,https://www.youtube.com/watch?v=5pmVqWjP_I0,88%,1 年前,2,https://www.youtube.com/watch?v=-fE68tebmjk,72000,【スカッとする話】夫の出張中に息子に誘われ高級ホテルへディナーに行くと女性にプロポーズする夫「亡き妻と息子の分まで幸せにする！」直後、静かに席を立ち上がり求婚に乱入→私と息子「死んだ全家族です」
1,1050,464,Ella,https://www.youtube.com/channel/UCf789b_-h7URV0K1O7VSbYg,https://www.youtube.com/watch?v=_V1B47r9TQE,100%,1 年前,0,https://www.youtube.com/watch?v=IaHdv7dT6Sc,120000,【スカッとする話】18年間家賃を払ってきた私を罵倒する夫と連れ子「月10万の家賃程度で偉そうにw」夫「支払い止めてみろw」私「喜んで」3ヶ月後w
1,1051,465,Elliot Fox,https://www.youtube.com/channel/UC2oMJhfszretZ5tJIUdx51A,https://www.youtube.com/watch?v=9t9mFauRmD4,97%,1 年前,0,https://www.youtube.com/watch?v=g9b-y4iFR5M,120000,【スカッとする話】長男夫婦と同居中、毎月家に30万入れる私と夫に長男嫁「家事もしない老害は出ていけw」夫「じゃあ今から引っ越すか」私「うん」→翌日、長男嫁から鬼電が来て、永久に無視した結果w【修羅場】
1,1052,466,Elmer Andrew,https://www.youtube.com/channel/UCvDLcMYCKd0cUqMzjdhuCqQ,https://www.youtube.com/watch?v=TG_5-6i1ygg,100%,2 年前,0,https://www.youtube.com/watch?v=IaHdv7dT6Sc,120000,【スカッとする話】18年間家賃を払ってきた私を罵倒する夫と連れ子「月10万の家賃程度で偉そうにw」夫「支払い止めてみろw」私「喜んで」3ヶ月後w
1,1053,467,Emmie Major,https://www.youtube.com/channel/UCp5E4I6sIMeRmbQ0bKDY9FA,https://www.youtube.com/watch?v=zFDAdHA5r4Y,100%,1 年前,0,https://www.youtube.com/watch?v=IaHdv7dT6Sc,120000,【スカッとする話】18年間家賃を払ってきた私を罵倒する夫と連れ子「月10万の家賃程度で偉そうにw」夫「支払い止めてみろw」私「喜んで」3ヶ月後w
1,1054,468,Estefani Vanesa Ramos,https://www.youtube.com/channel/UC3yIsglOVnvLMw5T1EqGaRQ,https://www.youtube.com/watch?v=-aLaeneu-6A,100%,2 年前,0,https://www.youtube.com/watch?v=yefpSXnGZOg,150000,【スカッとする話】私名義の新築戸建と知らず里帰り出産で我が家に来た娘「母さんの部屋は私が使うw」夫「お前は車で寝てろw」私「わかりました...」→キレた私が家を売り払うと...w
1,1055,469,Fyhis Gysoa,https://www.youtube.com/channel/UC_ij0K82sQ5mMj-NbK9n5xQ,https://www.youtube.com/watch?v=yRRy2cAG4Es,100%,2 年前,1,https://www.youtube.com/watch?v=yefpSXnGZOg,150000,【スカッとする話】私名義の新築戸建と知らず里帰り出産で我が家に来た娘「母さんの部屋は私が使うw」夫「お前は車で寝てろw」私「わかりました...」→キレた私が家を売り払うと...w
1,1056,470,Gabriel Rosal,https://www.youtube.com/channel/UCaDAL5l0S86MuukWBi-Gv9Q,https://www.youtube.com/watch?v=ADccuqOnr20,100%,2 年前,3834,https://www.youtube.com/watch?v=GZtalGoS6qE,110000,【スカッとする話】親族の集まりでエリート夫「嫁の飯はまずいんだよなw」私「え？私の料理食べた事ある？食事はいつも愛人宅じゃないの」義父「は？」義両親がブチギレ...
1,1057,471,Gabriela Holden,https://www.youtube.com/channel/UC_6JZzaI85QHdxCHO359yJg,https://www.youtube.com/watch?v=ZHTFFCyhXXU,100%,1 年前,0,https://www.youtube.com/watch?v=IaHdv7dT6Sc,120000,【スカッとする話】18年間家賃を払ってきた私を罵倒する夫と連れ子「月10万の家賃程度で偉そうにw」夫「支払い止めてみろw」私「喜んで」3ヶ月後w
1,1058,472,Gaona Christy,https://www.youtube.com/channel/UC_PehoOExy78_YV_ZCRJ0TA,https://www.youtube.com/watch?v=N1LueKqDbNw,85%,2 年前,0,https://www.youtube.com/watch?v=My7bUq_jaIs,110000,【スカッとする話】姑の誕生会でも私を家政婦扱いする夫「バカ嫁さっさと料理出せ」義父「これ全部1人で！？」私「いつものことですから…」すると義父が豹変し…【修羅場】
1,1059,473,Ghsjdjd Cvsbhss,https://www.youtube.com/channel/UCZQA1MaKYUZYK9i475Uv_7Q,https://www.youtube.com/watch?v=keINS--TmO0,100%,1 年前,0,https://www.youtube.com/watch?v=a207sJNOihM,87000,【スカッとする話】浮気中の夫が意識不明で運ばれ、救急隊員「意識不明の重体です！」私「旦那じゃありません」無視して夫の人生終了させた結果w
1,1060,474,Ginger Hamblin,https://www.youtube.com/channel/UCbuK5EyAABk4NgoHcBVHDqg,https://www.youtube.com/watch?v=vRTTG8PDqP0,88%,2 年前,0,https://www.youtube.com/watch?v=G4O12jIGPfg,87000,【スカッとする話】夫が突然大量の荷物を持ってきて、夫「今日から俺の両親と姉を養う！嫌なら離婚だ！」私「え？もう離婚済みだけど？」夫「え？」結果w
1,1061,475,Glasgow Branson,https://www.youtube.com/channel/UCQWSFMSAYrBIDwXy8fBrPwA,https://www.youtube.com/watch?v=e5oMsiGl8H4,89%,2 年前,0,https://www.youtube.com/watch?v=-fE68tebmjk,72000,【スカッとする話】夫の出張中に息子に誘われ高級ホテルへディナーに行くと女性にプロポーズする夫「亡き妻と息子の分まで幸せにする！」直後、静かに席を立ち上がり求婚に乱入→私と息子「死んだ全家族です」
1,1062,476,Grace Forest,https://www.youtube.com/channel/UCfM7O2Ja6Pr4TGtc0o0NejA,https://www.youtube.com/watch?v=zCmi5CIzIag,100%,2 年前,8,https://www.youtube.com/watch?v=Tm9DKLFF30M,250000,【スカッとする話】私が余命半年と聞いて愛人と豪遊しはじめた夫「いつまで生きてるの？w」 私「余命なのはあなただよ？」後日、半狂乱の夫が...【修羅場】【スカッと】
1,1063,477,Gsiraossi Vruaeudai,https://www.youtube.com/channel/UC8gHfjoV9kPRHkUwmeLA5XA,https://www.youtube.com/watch?v=3YG6zBZqd8k,100%,2 年前,0,https://www.youtube.com/watch?v=Fh364ViwyOM,28000,【スカッとする話】私の母と暮らす新築戸建が完成した途端、私を追い出した夫「やっぱこの家は俺のお袋と暮らすwお前は離婚して出てけｗ」私「はーい」3日後、銀行から夫の元へ鬼電がw
1,1064,478,Haneieu Clinthbj,https://www.youtube.com/channel/UCn8HAGL-EYDeyURkmYZXgYw,https://www.youtube.com/watch?v=behKihw57bM,100%,1 年前,3,https://www.youtube.com/watch?v=QYxlZ4M3Tcs,81000,【スカッとする話】注文した料理に一切手をつけない夫。私「食べないの？」夫「...」会計時、店員の手の動きを見た瞬間、私はガクガク震えだし...
1,1065,479,Hbaban Nhabah habba,https://www.youtube.com/channel/UCfnTcUh0O5AzBBq4SK1XvOQ,https://www.youtube.com/watch?v=rOKkhwEKVAA,100%,2 年前,1,https://www.youtube.com/watch?v=Z7gS0PmgiuQ,26000,【スカッとする話】夫が突然ビールをぶっかけ、夫「俺のおかげで暮らせてる寄生虫が…文句あるなら離婚して出て行け！」私「わかりました…」3日後、夫からの鬼電を全無視した結果w
1,1066,480,Huelsdhq Deborawpr,https://www.youtube.com/channel/UChV202JJ5uNR-YfEG8kqqsA,https://www.youtube.com/watch?v=GjNBppm5Fg4,100%,1 年前,1,https://www.youtube.com/watch?v=patHNGtYPXQ,87000,【スカッとする話】私を捨て金持ちの愛人と再婚した元夫と再会すると、元夫「お前ら2人貧乏臭いぞw」愛人「年収500万の貧乏人は消えてw」→夫「500万は月収ですが？」元夫・愛人「は？」
1,1067,481,Huong Nguyen,https://www.youtube.com/channel/UC_Apu0cy8FkXKDbBjFR3B0A,https://www.youtube.com/watch?v=5WOqiBpGKQw,75%,7 か月前,1,https://www.youtube.com/watch?v=uja6sG8362w,24000,【スカッとする話】11年育てた連れ子の息子が医大に合格すると、連れ子「他人のくせに母親ぶるなw」私「は？お前こそ息子ぶるなよ…」入学費と仕送りを即停止し永久に他人扱いした結果w
1,1068,482,Hutamaru Channel,https://www.youtube.com/channel/UC3ql7nj448YetYa6AvQ-_CQ,https://www.youtube.com/watch?v=65IyEZhLqOQ,100%,6 か月前,14199,https://www.youtube.com/watch?v=-TmKVAFTUIo,38000,【スカッとする話】産婦人科で再会した元夫「俺の子？認知の子はしねぇよw」元義母「復縁要求はやめてねw」私「そんなことしないwだって…」直後、2人は震えだし…w【朗読】【スカッと】
1,1069,483,Hưng Nguyễn,https://www.youtube.com/channel/UCwc17qijn-2UxFMDeJw0ZyA,https://www.youtube.com/watch?v=c_JveHYjrAY,100%,1 年前,0,https://www.youtube.com/watch?v=9kcEIi88egw,230000,【スカッとする話】自ら命を絶った夫が亡くなり1週間後、私宛に夫から手紙が届いた...手紙「両親に見つからず読んでくれ」そこに記された場所に行き同封の鍵でコインロッカーを開けると...
1,1070,484,IMNOTAf888INGGOODBOY,https://www.youtube.com/channel/UCsyx4KopGhzGibj2qgsi_og,https://www.youtube.com/watch?v=OAQ5RmDf6OE,100%,2 年前,1473,https://www.youtube.com/watch?v=OaIj_8vvCdo,28000,【スカッとする話】深夜に母が倒れ夫と病院へ...私「急いで車出して！」夫「...はーい」だが、なぜか道中の海岸で置き去りに、夫「俺様に命令した罰だw」3時間後、病院に着くと血だらけの夫がw
1,1071,485,Jaeden Reese,https://www.youtube.com/channel/UCemzpqyF3E2deF1Dm-8PEYA,https://www.youtube.com/watch?v=5QCeGKn6rik,100%,1 年前,0,https://www.youtube.com/watch?v=vyDCAcHPme8,86000,【スカッとする話】夫「来月ママが引っ越してくる！お前の部屋片付けておけw」私「はーい、キレイにしておくね」夫の出張中に不動産屋に連絡し家を売り払いキレイに更地にした結果w
1,1072,486,JakubSarna,https://www.youtube.com/channel/UC6wXk_AiXfdRVdkdi5aNGgw,https://www.youtube.com/watch?v=1VOME_eHNt8,99%,9 か月前,1,https://www.youtube.com/watch?v=JaGjTAkTfxQ,300000,【スカッとする話】私が夫の入院費を払ってると知らず私の荷物を全て捨てた夫の連れ子「もうパパに寄生するなw」連れ子を残し1億のタワマンに引越し入院費の支払いも止めた結果w
1,1073,487,Jodie Mcdowell,https://www.youtube.com/channel/UCzWXB2jIc12Zjemu59x5Y1A,https://www.youtube.com/watch?v=9UfC6qfOAJg,98%,1 年前,0,https://www.youtube.com/watch?v=BKC9CbFIESk,52000,【スカッとする話】夫の連れ子の娘と暮らし始めて1年。しかし、全くなつく気配がない…夫が海外出張に行った日に娘が初めて話しかけてきた。娘「お母さん、実は...」そう言って差し出された手には...
1,1074,488,Juire Danton,https://www.youtube.com/channel/UC7-EH8b52VBucWj4cIIvOgg,https://www.youtube.com/watch?v=atJaaofNes4,100%,2 年前,0,https://www.youtube.com/watch?v=GZtalGoS6qE,110000,【スカッとする話】親族の集まりでエリート夫「嫁の飯はまずいんだよなw」私「え？私の料理食べた事ある？食事はいつも愛人宅じゃないの」義父「は？」義両親がブチギレ...
1,1075,489,Julia Baturin,https://www.youtube.com/channel/UCc_D9dXz9N4TBoWURdRZ9Lg,https://www.youtube.com/watch?v=xto1lEkbOl4,98%,1 か月前,24,https://www.youtube.com/watch?v=LXxfsTZeuZU,110000,【スカッと】長男夫婦がお盆に帰省し私が店を予約すると長男嫁「何この汚い店w年金生活の貧乏ババァじゃ仕方ないかw」直後、普段温厚な夫→夫「調子乗るなよガキが」長男嫁「え？」
1,1076,490,Justice Gibson,https://www.youtube.com/channel/UCB_S_Dk5yPlmw43S7RpQxDw,https://www.youtube.com/watch?v=aZwlCyPOXQ8,100%,1 年前,0,https://www.youtube.com/watch?v=vyDCAcHPme8,86000,【スカッとする話】夫「来月ママが引っ越してくる！お前の部屋片付けておけw」私「はーい、キレイにしておくね」夫の出張中に不動産屋に連絡し家を売り払いキレイに更地にした結果w
1,1077,491,Kaiser,https://www.youtube.com/channel/UCZgQ6DZPJTikcw9LJikxP5w,https://www.youtube.com/watch?v=Fw4OiWtBu1Y,100%,1 年前,0,https://www.youtube.com/watch?v=vyDCAcHPme8,86000,【スカッとする話】夫「来月ママが引っ越してくる！お前の部屋片付けておけw」私「はーい、キレイにしておくね」夫の出張中に不動産屋に連絡し家を売り払いキレイに更地にした結果w
1,1078,492,Ketut Kerner,https://www.youtube.com/channel/UC6Y1K-VnCQY6HjM43zAbtVA,https://www.youtube.com/watch?v=9Hu-Vzj5k3k,100%,1 年前,0,https://www.youtube.com/watch?v=Tm9DKLFF30M,250000,【スカッとする話】私が余命半年と聞いて愛人と豪遊しはじめた夫「いつまで生きてるの？w」 私「余命なのはあなただよ？」後日、半狂乱の夫が...【修羅場】【スカッと】
1,1079,493,Kieutien Nguyen,https://www.youtube.com/channel/UCY3qa75ZZLlAjHUpEqXD4Ag,https://www.youtube.com/watch?v=8hNOcfhSM5Q,75%,7 か月前,3,https://www.youtube.com/watch?v=HRvVDFnN1Y0,49000,【スカッとする話】夫と車を返しに行くと5歳の姪「夫さんなんで赤ちゃん山に埋めたの？」私「え？」不思議な力を持つ姪の言葉に夫が顔面蒼白になり...
1,1080,494,Kli Omed,https://www.youtube.com/channel/UChxNiqWLSabAYRJXQZOuc9Q,https://www.youtube.com/watch?v=FuuDREJk6Oc,99%,3 年前,7,https://www.youtube.com/watch?v=dW-opdxTbYQ,110000,【スカッとする話】亡くなった元夫の保険金3000万で新築一軒屋を建てた夫「母さんに家買ったｗ逆らうなら離婚だw」私「わかりました。いいけど後悔するよ？」夫「しねぇよw」→1ヶ月後...【修羅場】
1,1081,495,LINE秘,https://www.youtube.com/channel/UC_Q9oIkKYp5wCnKvzLdeIrw,https://www.youtube.com/watch?v=duu-MgWOatI,86%,1 か月前,1,https://www.youtube.com/watch?v=B-nqblWpeIE,54000,【スカッとする話】医者の夫を奪ったママ友「年収3千万の医者の旦那くんの子供出来たw3ヶ月後の結婚式来てねw」私「わかった」（年収3千万の医者は私なんだけど黙っとこw）3ヶ月後w【スカッと】【朗読】
1,1082,496,La Última Verdad、思わず涙する感動物語,,https://www.youtube.com/watch?v=zw4MbBvsh0g,100%,1 か月前,4,https://www.youtube.com/watch?v=70JSyEr3ztQ,340000,【スカッと総集編】夫が土下座「20歳の愛人が妊娠した！離婚してくれ！」私「はい離婚届け。じゃ娘以外は連れてくね」夫「は？娘も連れていけよ」私「無理、だってこの子は…」【スカッとする話】
1,1083,497,Laurentina Bertelle,https://www.youtube.com/channel/UCxBLVRbeuoxJFng1exAV29A,https://www.youtube.com/watch?v=3mxPE8FcD0Q,99%,1 年前,3,https://www.youtube.com/watch?v=Tm9DKLFF30M,250000,【スカッとする話】私が余命半年と聞いて愛人と豪遊しはじめた夫「いつまで生きてるの？w」 私「余命なのはあなただよ？」後日、半狂乱の夫が...【修羅場】【スカッと】
1,1084,498,Leo Ashley,https://www.youtube.com/channel/UC0_exr8Mbdhx2c_GKxI4BsA,https://www.youtube.com/watch?v=ph9DM3Dvf_w,100%,2 年前,0,https://www.youtube.com/watch?v=vyDCAcHPme8,86000,【スカッとする話】夫「来月ママが引っ越してくる！お前の部屋片付けておけw」私「はーい、キレイにしておくね」夫の出張中に不動産屋に連絡し家を売り払いキレイに更地にした結果w
1,1085,499,Linh Hung,https://www.youtube.com/channel/UCxkNSDwcVwK6VUDS-ml1CMA,https://www.youtube.com/watch?v=eAsCePTw4Ww,100%,1 年前,1,https://www.youtube.com/watch?v=xIwpDyPA1ng,53000,【スカッと】2年間、義母と義姉にいびられ続け離婚を決めた私に義父「出来損ないはとっとと失せろw」夫「やっと寄生虫が消えるぜw」迎えに来た両親が玄関に車を回すと義父が真っ青になり…
1,1086,500,Lorenzo Lander,https://www.youtube.com/channel/UCGgHMZzhTAtyHP-dA0eVITQ,https://www.youtube.com/watch?v=-9F2VzF-Jdc,100%,2 年前,2069,https://www.youtube.com/watch?v=BKC9CbFIESk,52000,【スカッとする話】夫の連れ子の娘と暮らし始めて1年。しかし、全くなつく気配がない…夫が海外出張に行った日に娘が初めて話しかけてきた。娘「お母さん、実は...」そう言って差し出された手には...
1,1087,501,Lân Nguyễn,https://www.youtube.com/channel/UCz1LoLpbgZe9zf0J7YeLm8g,https://www.youtube.com/watch?v=2atoO7P0Al4,89%,7 か月前,0,https://www.youtube.com/watch?v=G5EW79OqTe8,43000,【スカッとする話】息子のために買った200万のミニバンを勝手に義母に売った夫「母さんが欲しがってたから売ったw」私「はい離婚届。お世話になりました」息子「おっさんバイバーイ」結果w
1,1088,502,M Kelley,https://www.youtube.com/channel/UCaPMn8p5elXnsSTDAwCN1vg,https://www.youtube.com/watch?v=C6SUPeP05J8,85%,2 年前,0,https://www.youtube.com/watch?v=My7bUq_jaIs,110000,【スカッとする話】姑の誕生会でも私を家政婦扱いする夫「バカ嫁さっさと料理出せ」義父「これ全部1人で！？」私「いつものことですから…」すると義父が豹変し…【修羅場】
1,1089,503,Macie Sylas,https://www.youtube.com/channel/UCY_Wl-VWrOoEA1KYvNoz4Jg,https://www.youtube.com/watch?v=bpfnjmCr7WY,90%,2 年前,0,https://www.youtube.com/watch?v=-fE68tebmjk,72000,【スカッとする話】夫の出張中に息子に誘われ高級ホテルへディナーに行くと女性にプロポーズする夫「亡き妻と息子の分まで幸せにする！」直後、静かに席を立ち上がり求婚に乱入→私と息子「死んだ全家族です」
1,1090,504,Madisyn Remington,https://www.youtube.com/channel/UC5SAa5zLq3oso9V2i7av9gw,https://www.youtube.com/watch?v=uGQfkcBijUQ,99%,1 年前,0,https://www.youtube.com/watch?v=Tm9DKLFF30M,250000,【スカッとする話】私が余命半年と聞いて愛人と豪遊しはじめた夫「いつまで生きてるの？w」 私「余命なのはあなただよ？」後日、半狂乱の夫が...【修羅場】【スカッと】
1,1091,505,Mai Ho,https://www.youtube.com/channel/UCiiq4SeNAzJyjKqG7kr0j8A,https://www.youtube.com/watch?v=-MblJUS2lCg,94%,1 年前,2,https://www.youtube.com/watch?v=WHx8h3F0pU0,340000,【スカッとする話】長男夫婦との二世帯住宅ローンを月25万全額支払う私に長男嫁「小銭ぐらいで偉そうにｗ」長男「支払い止めてみろｗ」私「喜んで！」支払い止めた結果w【修羅場】【スカッと】
1,1092,506,Malaki Parry,https://www.youtube.com/channel/UCYKTgNySPpHB4nSql-ZtrWQ,https://www.youtube.com/watch?v=UBpd3d39qyw,100%,1 年前,0,https://www.youtube.com/watch?v=bPcGySAd3gA,200000,【スカッと総集編】家のローン月18万を払ってると知らず同居の長男嫁に1年間無視された...ある日、私「あれ？なんで私の荷物が...」長男嫁「キレイにしておいてあげたw」私の荷物を勝手に捨てられた
1,1093,507,Maria Karlie,https://www.youtube.com/channel/UCOoffl3aoCpYtmh1HZZUMJA,https://www.youtube.com/watch?v=CPMIhW2L1dg,100%,2 年前,0,https://www.youtube.com/watch?v=BKC9CbFIESk,52000,【スカッとする話】夫の連れ子の娘と暮らし始めて1年。しかし、全くなつく気配がない…夫が海外出張に行った日に娘が初めて話しかけてきた。娘「お母さん、実は...」そう言って差し出された手には...
1,1094,508,Maya Dorian,https://www.youtube.com/channel/UCXhh7tkOEVs3GfJdiuLODRQ,https://www.youtube.com/watch?v=kE3qpOlcYQk,98%,1 年前,0,https://www.youtube.com/watch?v=BKC9CbFIESk,52000,【スカッとする話】夫の連れ子の娘と暮らし始めて1年。しかし、全くなつく気配がない…夫が海外出張に行った日に娘が初めて話しかけてきた。娘「お母さん、実は...」そう言って差し出された手には...
1,1095,509,McIntosh Elizabeth,https://www.youtube.com/channel/UCy-uK2Jf97mj12koZ2hekBw,https://www.youtube.com/watch?v=wWQvK0C8uYU,88%,1 年前,0,https://www.youtube.com/watch?v=-fE68tebmjk,72000,【スカッとする話】夫の出張中に息子に誘われ高級ホテルへディナーに行くと女性にプロポーズする夫「亡き妻と息子の分まで幸せにする！」直後、静かに席を立ち上がり求婚に乱入→私と息子「死んだ全家族です」
1,1096,510,Mckenna Taylor,https://www.youtube.com/channel/UCiOkxyuw3ooIVLGqdy7TLPg,https://www.youtube.com/watch?v=i5UQ0DknKR0,99%,2 年前,0,https://www.youtube.com/watch?v=qMhTN_bkSgg,16000,【スカッとする話】夫「来週から両親と姉夫婦が引越してくるからお前の部屋片付けておけ！」私「じゃあ、家ごと片付けとく」夫の出勤中にリサイクル業者に連絡→私の家具家電を全て売り払いキレイに片付けた結果w
1,1097,511,Meyers Kaleb,https://www.youtube.com/channel/UCw8yxZFROW81IviFtSfQqjQ,https://www.youtube.com/watch?v=54JY_9kJflU,90%,1 年前,0,https://www.youtube.com/watch?v=-fE68tebmjk,72000,【スカッとする話】夫の出張中に息子に誘われ高級ホテルへディナーに行くと女性にプロポーズする夫「亡き妻と息子の分まで幸せにする！」直後、静かに席を立ち上がり求婚に乱入→私と息子「死んだ全家族です」
1,1098,512,Minh Ly,https://www.youtube.com/channel/UC91HrwI53FksOoiFHWlBnpw,https://www.youtube.com/watch?v=P58JUchwvHw,98%,1 年前,0,https://www.youtube.com/watch?v=BKC9CbFIESk,52000,【スカッとする話】夫の連れ子の娘と暮らし始めて1年。しかし、全くなつく気配がない…夫が海外出張に行った日に娘が初めて話しかけてきた。娘「お母さん、実は...」そう言って差し出された手には...
1,1099,513,Mirai Sho - 繁栄のビジョン ,https://www.youtube.com/channel/UCTjoCcEdlhBRfL_rp551TSA,https://www.youtube.com/watch?v=eKIPqww2nfc,84%,4 日前,1638,https://www.youtube.com/watch?v=IsPanDg1vH0,28000,【スカッとする話】娘の葬儀に愛人を連れてきた婿「最期に間に合わなくて残念w」愛人「遺産2億は私達が相続ねw」私「…ですってw」夫「助かるなw」愛人「え？」実はw【朗読ドラマ】【朗読】【スカッと】
1,1100,514,Myla Jaxen,https://www.youtube.com/channel/UC1vl_acJtZbDV0iYzv0_9KQ,https://www.youtube.com/watch?v=vAc4c5yAnKI,99%,1 年前,0,https://www.youtube.com/watch?v=yefpSXnGZOg,150000,【スカッとする話】私名義の新築戸建と知らず里帰り出産で我が家に来た娘「母さんの部屋は私が使うw」夫「お前は車で寝てろw」私「わかりました...」→キレた私が家を売り払うと...w
1,1101,515,Mái đìnhMa Maidin,https://www.youtube.com/channel/UCgQnVsk093pLzBiutDFFa1A,https://www.youtube.com/watch?v=Lqzc5bez7sk,100%,1 年前,0,https://www.youtube.com/watch?v=pZ4iyUzji4k,27000,【スカッと】義母との同居を勝手に決めた夫「離婚か介護どっちが良い？ｗ」私「今日で引越すから離婚で。介護は23歳の愛人に頼めば？」夫「え？」結果w
1,1102,516,Mạnh Văn,https://www.youtube.com/channel/UCDMYI9lfqVlMFzglwjAJuOQ,https://www.youtube.com/watch?v=uXPRQUnwHyU,85%,2 年前,0,https://www.youtube.com/watch?v=My7bUq_jaIs,110000,【スカッとする話】姑の誕生会でも私を家政婦扱いする夫「バカ嫁さっさと料理出せ」義父「これ全部1人で！？」私「いつものことですから…」すると義父が豹変し…【修羅場】
1,1103,517,Nate Nygaro,https://www.youtube.com/channel/UC-Qm-LX1B5SC4xjzo2tPBBw,https://www.youtube.com/watch?v=bPcOYT1ehYU,85%,2 年前,0,https://www.youtube.com/watch?v=My7bUq_jaIs,110000,【スカッとする話】姑の誕生会でも私を家政婦扱いする夫「バカ嫁さっさと料理出せ」義父「これ全部1人で！？」私「いつものことですから…」すると義父が豹変し…【修羅場】
1,1104,518,Neil Perry,https://www.youtube.com/channel/UC7QxE0r3cadbxIE3JwnAUmA,https://www.youtube.com/watch?v=4HbqXFVXWGw,88%,1 年前,1,https://www.youtube.com/watch?v=G4O12jIGPfg,87000,【スカッとする話】夫が突然大量の荷物を持ってきて、夫「今日から俺の両親と姉を養う！嫌なら離婚だ！」私「え？もう離婚済みだけど？」夫「え？」結果w
1,1105,519,Nga Trần Thị,https://www.youtube.com/channel/UCks_GS1IChnFCQkT88UmMJQ,https://www.youtube.com/watch?v=02VuuzmbYE8,100%,2 年前,0,https://www.youtube.com/watch?v=GZtalGoS6qE,110000,【スカッとする話】親族の集まりでエリート夫「嫁の飯はまずいんだよなw」私「え？私の料理食べた事ある？食事はいつも愛人宅じゃないの」義父「は？」義両親がブチギレ...
1,1106,520,Ngoc Binh,https://www.youtube.com/channel/UC2o0ydwTFxAPQfVReVz8v_g,https://www.youtube.com/watch?v=03ebclP446A,99%,1 年前,0,https://www.youtube.com/watch?v=BVMMbJF1Yyg,14000,【スカッとする話】3年間、生活苦の長男夫婦に月10万仕送りする私に長男「年金暮らしババァが10万程度で偉そうに！」長男嫁「孫も見せたし逆に感謝しろｗ」私「では返金してもらいますね」長男嫁「え？」
1,1107,521,Nguyết Ánh Đồng,https://www.youtube.com/channel/UChLe7gFG0TnTDbGbx3LftFw,https://www.youtube.com/watch?v=9-a4k6or4SE,88%,2 年前,0,https://www.youtube.com/watch?v=-fE68tebmjk,72000,【スカッとする話】夫の出張中に息子に誘われ高級ホテルへディナーに行くと女性にプロポーズする夫「亡き妻と息子の分まで幸せにする！」直後、静かに席を立ち上がり求婚に乱入→私と息子「死んだ全家族です」
1,1108,522,Nha Doula I,https://www.youtube.com/channel/UCuYYh7_ts2LjtWAmJTQVrxQ,https://www.youtube.com/watch?v=y9XMHsYyPro,88%,2 年前,0,https://www.youtube.com/watch?v=-fE68tebmjk,72000,【スカッとする話】夫の出張中に息子に誘われ高級ホテルへディナーに行くと女性にプロポーズする夫「亡き妻と息子の分まで幸せにする！」直後、静かに席を立ち上がり求婚に乱入→私と息子「死んだ全家族です」
1,1109,523,Nhung Bùi,https://www.youtube.com/channel/UC8L6vl51IXg1BX1PwKZGg0w,https://www.youtube.com/watch?v=8NVHYWi0Am0,100%,2 年前,0,https://www.youtube.com/watch?v=vyDCAcHPme8,86000,【スカッとする話】夫「来月ママが引っ越してくる！お前の部屋片付けておけw」私「はーい、キレイにしておくね」夫の出張中に不動産屋に連絡し家を売り払いキレイに更地にした結果w
1,1110,524,Nhã Hồng Khang,https://www.youtube.com/channel/UCuz48lWFRNOYx-N-1rfqVwg,https://www.youtube.com/watch?v=s1-VUjy0980,90%,2 年前,0,https://www.youtube.com/watch?v=-fE68tebmjk,72000,【スカッとする話】夫の出張中に息子に誘われ高級ホテルへディナーに行くと女性にプロポーズする夫「亡き妻と息子の分まで幸せにする！」直後、静かに席を立ち上がり求婚に乱入→私と息子「死んだ全家族です」
1,1111,525,Nhã Mai Cái,https://www.youtube.com/channel/UCDox7tIGtKuRo-7ywGQ-11w,https://www.youtube.com/watch?v=m3tC_BgTcuc,100%,2 年前,0,https://www.youtube.com/watch?v=vyDCAcHPme8,86000,【スカッとする話】夫「来月ママが引っ越してくる！お前の部屋片付けておけw」私「はーい、キレイにしておくね」夫の出張中に不動産屋に連絡し家を売り払いキレイに更地にした結果w
1,1112,526,Norah Atencio,https://www.youtube.com/channel/UC44u7YZWnkdU5Dgzzyycv8g,https://www.youtube.com/watch?v=dy1Zk2IVEv8,85%,1 年前,1,https://www.youtube.com/watch?v=My7bUq_jaIs,110000,【スカッとする話】姑の誕生会でも私を家政婦扱いする夫「バカ嫁さっさと料理出せ」義父「これ全部1人で！？」私「いつものことですから…」すると義父が豹変し…【修羅場】
1,1113,527,Phabab Nhaban habba,https://www.youtube.com/channel/UC2I_csm2dYiRlSvWeFDMr7A,https://www.youtube.com/watch?v=sB4bUEZfSc4,93%,2 年前,0,https://www.youtube.com/watch?v=BxbIB3mhgsg,110000,【スカッとする話】農家の私だけ引っ越し祝いに呼ばなかった長男嫁「新築に汚いババアは困りますw今後も関わらないで下さいw」私「汚くてごめんなさいね」翌日、慌てた嫁から鬼電が...w【修羅場】【スカッと】
1,1114,528,Polina Shetinkina,https://www.youtube.com/channel/UCt_VEeJdhjBe1InwJgwjYDw,https://www.youtube.com/watch?v=ffOlB2oJIs0,100%,2 年前,0,https://www.youtube.com/watch?v=vyDCAcHPme8,86000,【スカッとする話】夫「来月ママが引っ越してくる！お前の部屋片付けておけw」私「はーい、キレイにしておくね」夫の出張中に不動産屋に連絡し家を売り払いキレイに更地にした結果w
1,1115,529,Quang Nguyễn Minh,https://www.youtube.com/channel/UCcqacqBK6ivIzVdiDuAZxoQ,https://www.youtube.com/watch?v=REsool_fZUc,99%,1 年前,5,https://www.youtube.com/watch?v=dW-opdxTbYQ,110000,【スカッとする話】亡くなった元夫の保険金3000万で新築一軒屋を建てた夫「母さんに家買ったｗ逆らうなら離婚だw」私「わかりました。いいけど後悔するよ？」夫「しねぇよw」→1ヶ月後...【修羅場】
1,1116,530,Quế Chi Thạch,https://www.youtube.com/channel/UCUOs-MxG8si0ICMK76sHhGg,https://www.youtube.com/watch?v=5faezKMRyL8,84%,2 年前,0,https://www.youtube.com/watch?v=My7bUq_jaIs,110000,【スカッとする話】姑の誕生会でも私を家政婦扱いする夫「バカ嫁さっさと料理出せ」義父「これ全部1人で！？」私「いつものことですから…」すると義父が豹変し…【修羅場】
1,1117,531,Ragna Whitby,https://www.youtube.com/channel/UCd_tUic081oRY0jx7_CvHhw,https://www.youtube.com/watch?v=nr2yhePUBok,88%,1 年前,0,https://www.youtube.com/watch?v=G4O12jIGPfg,87000,【スカッとする話】夫が突然大量の荷物を持ってきて、夫「今日から俺の両親と姉を養う！嫌なら離婚だ！」私「え？もう離婚済みだけど？」夫「え？」結果w
1,1118,532,Rogers Canaan,https://www.youtube.com/channel/UCe6evHOAj-OyuG2_7HuwkWA,https://www.youtube.com/watch?v=W5gO4Amh9as,100%,1 年前,1,https://www.youtube.com/watch?v=Y6QCc-iUUxc,65000,【スカッとする話】延期された結婚式前日、式場に行くと夫が愛人と挙式の真っ最中...私「始まってますので急いで！」急遽、参列者と親戚一同を呼ぶと二人は地獄にw
1,1119,533,Roi Lucnghe,https://www.youtube.com/channel/UCfe3NoSoVpZVvDqeSP1GxQw,https://www.youtube.com/watch?v=KPZMSZARAng,94%,1 年前,0,https://www.youtube.com/watch?v=X-4klsI7p0M,68000,【スカッとする話】義母に車を貸した翌日、事故で入院した私。義母「タイヤがパンクなんて不運w車椅子生活とか可哀想にw」私「車椅子は夫ですけど？」義母「え？」結果w
1,1120,534,Roosmsbs Qoakambs,https://www.youtube.com/channel/UC2nOEGy__uf1Jhs8s4UvUhw,https://www.youtube.com/watch?v=GYPANTvtKu8,100%,1 年前,1,https://www.youtube.com/watch?v=vyDCAcHPme8,86000,【スカッとする話】夫「来月ママが引っ越してくる！お前の部屋片付けておけw」私「はーい、キレイにしておくね」夫の出張中に不動産屋に連絡し家を売り払いキレイに更地にした結果w
1,1121,535,Rosana Better,https://www.youtube.com/channel/UCuCMo3Ak903sOT3eN-HSqHw,https://www.youtube.com/watch?v=BzoAMZU73C0,99%,2 年前,0,https://www.youtube.com/watch?v=bPcGySAd3gA,200000,【スカッと総集編】家のローン月18万を払ってると知らず同居の長男嫁に1年間無視された...ある日、私「あれ？なんで私の荷物が...」長男嫁「キレイにしておいてあげたw」私の荷物を勝手に捨てられた
1,1122,536,Royalty John,https://www.youtube.com/channel/UCgd06sKG4oxWb-XCO0h4BTA,https://www.youtube.com/watch?v=RPcTlMqYfpA,100%,1 年前,1,https://www.youtube.com/watch?v=bI91wh-7IMg,190000,【スカッとする話】孫の七五三のお祝いに親戚一同と行くと私だけ席がない...長男嫁「他人の席は無いから立ってればw」私「じゃ帰るか」親戚一同「うん」全員で帰宅した結果w
1,1123,537,Ruth Aller,https://www.youtube.com/channel/UCagnK-FOQG2Sxj9-ytSdIfw,https://www.youtube.com/watch?v=CNKtLz62EV8,87%,1 年前,856,https://www.youtube.com/watch?v=luo2hcOOZik,140000,【スカッとする話】私と夫の事が大嫌いな長男夫婦「俺達の結婚式は欠席しろ。嫌なら絶縁する」私「いいけど、アナタ達本当に大丈夫？後悔するよ？」長男「しねぇよw二度と連絡してくんなw」数ヶ月後w【修羅場】
1,1124,538,Salvatore Fortune,https://www.youtube.com/channel/UCjS9Y9RvFnUlN3YqtLcGv1w,https://www.youtube.com/watch?v=WkOFVSrTJt0,100%,2 年前,0,https://www.youtube.com/watch?v=z-k8D-43D14,60000,【スカッとする話】ハネムーン先で目覚めると夫と社長令嬢の浮気相手が真っ最中...夫の財布とパスポートを持って勝手に帰国し海外に閉じ込めてやった結果w
1,1125,539,Sandy Harris,https://www.youtube.com/channel/UCb9_xOkhb67lfOngQZdJqyA,https://www.youtube.com/watch?v=38_8NM6a_uc,95%,2 年前,1,https://www.youtube.com/watch?v=dW-opdxTbYQ,110000,【スカッとする話】亡くなった元夫の保険金3000万で新築一軒屋を建てた夫「母さんに家買ったｗ逆らうなら離婚だw」私「わかりました。いいけど後悔するよ？」夫「しねぇよw」→1ヶ月後...【修羅場】
1,1126,540,Sawyer Eden,https://www.youtube.com/channel/UCwMb3fipva8XO4AWu3kExUg,https://www.youtube.com/watch?v=5-D_cd9Bc5w,88%,2 年前,0,https://www.youtube.com/watch?v=-fE68tebmjk,72000,【スカッとする話】夫の出張中に息子に誘われ高級ホテルへディナーに行くと女性にプロポーズする夫「亡き妻と息子の分まで幸せにする！」直後、静かに席を立ち上がり求婚に乱入→私と息子「死んだ全家族です」
1,1127,541,Selina Schwinghammer,https://www.youtube.com/channel/UChCQdD4jfpxBAot3eswHK5g,https://www.youtube.com/watch?v=LfFpvvS0gNM,95%,1 年前,3,https://www.youtube.com/watch?v=xyoQNySkFhc,100000,【スカッとする話】私の事が大嫌いな長男嫁「ウチの冠婚葬祭に義両親は絶対来ないで。嫌なら離婚する」私「いいけど、アナタ本当に大丈夫？後悔するよ？」長男嫁「しねぇよw二度と連絡してくんなw」→数ヶ月後w
1,1128,542,Seth Louie,https://www.youtube.com/channel/UCxnr_rgyYXC9AK3H7v3KYHA,https://www.youtube.com/watch?v=NW9oAsbl-z8,100%,1 年前,0,https://www.youtube.com/watch?v=Tm9DKLFF30M,250000,【スカッとする話】私が余命半年と聞いて愛人と豪遊しはじめた夫「いつまで生きてるの？w」 私「余命なのはあなただよ？」後日、半狂乱の夫が...【修羅場】【スカッと】
1,1129,543,Sevelyn Yuro,https://www.youtube.com/channel/UCTB976mkRm0RogVyBwiNQ4A,https://www.youtube.com/watch?v=22ziY8Behfg,90%,1 年前,0,https://www.youtube.com/watch?v=bPcGySAd3gA,200000,【スカッと総集編】家のローン月18万を払ってると知らず同居の長男嫁に1年間無視された...ある日、私「あれ？なんで私の荷物が...」長男嫁「キレイにしておいてあげたw」私の荷物を勝手に捨てられた
1,1130,544,Shemarr Jones,https://www.youtube.com/channel/UCVD4byKCO45GTTf9bIZBU6w,https://www.youtube.com/watch?v=WjhzA6VKrAM,91%,2 年前,0,https://www.youtube.com/watch?v=aRLV6JyQhS4,85000,【スカッとする話】私名義の新築とは知らず私を追い出す長男嫁「義母さんの全てが大嫌い！家族だけで住むから出てけ！」稼ぎ頭の私「分かりました」引っ越し業者を手配し家賃20万残して出ていった結果w
1,1131,545,Sikana Nkc,https://www.youtube.com/channel/UCVhv7UYDXednIBcOxnH8WLA,https://www.youtube.com/watch?v=4sEje0NL8mo,73%,5 か月前,29,https://www.youtube.com/watch?v=3WlCnGLe67U,550000,【スカッとする話】私の両親が亡くなった途端、実家を勝手に解体した夫「今日から俺の家で両親と同居だ！」それを聞いた私は大爆笑→私「あんた達、知らないの？」実は...
1,1132,546,Slava Molozin,https://www.youtube.com/channel/UC_SaaXepZrECoA9B68jRtEw,https://www.youtube.com/watch?v=mzrx0-weyyo,73%,5 か月前,43,https://www.youtube.com/watch?v=3WlCnGLe67U,550000,【スカッとする話】私の両親が亡くなった途端、実家を勝手に解体した夫「今日から俺の家で両親と同居だ！」それを聞いた私は大爆笑→私「あんた達、知らないの？」実は...
1,1133,547,Slipleaf13,https://www.youtube.com/channel/UCpTchICAhhs5PrtXaqFAsDA,https://www.youtube.com/watch?v=MmTr66-HP7M,100%,1 年前,0,https://www.youtube.com/watch?v=y8ReyKKeUUQ,100000,【スカッとする話】私が資産170億の不動産王と知らず私から夫を奪った美人な姉「生活保護でも貰え貧乏人w」後日、示談交渉で弁護士が大爆笑→弁護士「生活保護はアナタでは？w」姉「え？」実は...
1,1134,548,Sương Sương Hoàng,https://www.youtube.com/channel/UCJpPaQTKAxla148XKTBFhwg,https://www.youtube.com/watch?v=MD8hLXSRvLU,100%,2 年前,0,https://www.youtube.com/watch?v=vyDCAcHPme8,86000,【スカッとする話】夫「来月ママが引っ越してくる！お前の部屋片付けておけw」私「はーい、キレイにしておくね」夫の出張中に不動産屋に連絡し家を売り払いキレイに更地にした結果w
1,1135,549,T22carr,https://www.youtube.com/channel/UCf4_u2UPxKvUzzeplvQoz0Q,https://www.youtube.com/watch?v=ie2fnnhAFRg,99%,1 年前,2,https://www.youtube.com/watch?v=JaGjTAkTfxQ,300000,【スカッとする話】私が夫の入院費を払ってると知らず私の荷物を全て捨てた夫の連れ子「もうパパに寄生するなw」連れ子を残し1億のタワマンに引越し入院費の支払いも止めた結果w
1,1136,550,Tan og Khuc,https://www.youtube.com/channel/UCP3a8E8PVIYycHM9GZcyBtw,https://www.youtube.com/watch?v=NulZf8ZrJe4,73%,2 年前,1325,https://www.youtube.com/watch?v=My7bUq_jaIs,110000,【スカッとする話】姑の誕生会でも私を家政婦扱いする夫「バカ嫁さっさと料理出せ」義父「これ全部1人で！？」私「いつものことですから…」すると義父が豹変し…【修羅場】
1,1137,551,Thoi Làm việc,https://www.youtube.com/channel/UCBquJ8sc6ZNToBbow0sQ8PQ,https://www.youtube.com/watch?v=c2FqAQHTHJ0,88%,1 年前,0,https://www.youtube.com/watch?v=bPcGySAd3gA,200000,【スカッと総集編】家のローン月18万を払ってると知らず同居の長男嫁に1年間無視された...ある日、私「あれ？なんで私の荷物が...」長男嫁「キレイにしておいてあげたw」私の荷物を勝手に捨てられた
1,1138,552,Thpt.mk.12c8.2019 VNA.,https://www.youtube.com/channel/UCpLaYj_SIm0SbDW44jarrhA,https://www.youtube.com/watch?v=f-884K7KqcE,100%,2 年前,0,https://www.youtube.com/watch?v=GZtalGoS6qE,110000,【スカッとする話】親族の集まりでエリート夫「嫁の飯はまずいんだよなw」私「え？私の料理食べた事ある？食事はいつも愛人宅じゃないの」義父「は？」義両親がブチギレ...
1,1139,553,Thy Oanh Viên,https://www.youtube.com/channel/UC7dBy4JO4yQ_HhVItLOnfAw,https://www.youtube.com/watch?v=ZrIrgRng2_U,98%,1 年前,0,https://www.youtube.com/watch?v=iWpWDCY4L5o,100000,【スカッとする話】夫の連れ子の出産祝いに行くと、連れ子「ババァは戸籍上は他人w赤ちゃん触るなら1回30万払えw」夫「...帰るか」私「うん」速攻で帰宅→永遠に他人扱いした結果w
1,1140,554,Thảo Quyên Chung,https://www.youtube.com/channel/UCK5EDA7YkT7FlmA8xR1wEHg,https://www.youtube.com/watch?v=q9C8-B2-nuw,100%,2 年前,0,https://www.youtube.com/watch?v=IaHdv7dT6Sc,120000,【スカッとする話】18年間家賃を払ってきた私を罵倒する夫と連れ子「月10万の家賃程度で偉そうにw」夫「支払い止めてみろw」私「喜んで」3ヶ月後w
1,1141,555,Thảo Vy Đèo,https://www.youtube.com/channel/UCUAKQ64W_0A4l4EKASG1oJg,https://www.youtube.com/watch?v=NR7R9ZTotJk,99%,2 年前,0,https://www.youtube.com/watch?v=IaHdv7dT6Sc,120000,【スカッとする話】18年間家賃を払ってきた私を罵倒する夫と連れ子「月10万の家賃程度で偉そうにw」夫「支払い止めてみろw」私「喜んで」3ヶ月後w
1,1142,556,Thủy Đoàn,https://www.youtube.com/channel/UCIPOfUGIbzFYlvAFFt7ZlxQ,https://www.youtube.com/watch?v=pEMk3cdZwdc,100%,2 年前,0,https://www.youtube.com/watch?v=GZtalGoS6qE,110000,【スカッとする話】親族の集まりでエリート夫「嫁の飯はまずいんだよなw」私「え？私の料理食べた事ある？食事はいつも愛人宅じゃないの」義父「は？」義両親がブチギレ...
1,1143,557,Tin Nguyen,https://www.youtube.com/channel/UCyvjLL92T0ynJEvGUsZcocw,https://www.youtube.com/watch?v=iL0hPj92W2Y,73%,1 年前,0,https://www.youtube.com/watch?v=My7bUq_jaIs,110000,【スカッとする話】姑の誕生会でも私を家政婦扱いする夫「バカ嫁さっさと料理出せ」義父「これ全部1人で！？」私「いつものことですから…」すると義父が豹変し…【修羅場】
1,1144,558,Toan Nguyen,https://www.youtube.com/channel/UC5YD-PjsH6QglL4YiVgDdzg,https://www.youtube.com/watch?v=R2E8S3CntDo,88%,2 年前,0,https://www.youtube.com/watch?v=G4O12jIGPfg,87000,【スカッとする話】夫が突然大量の荷物を持ってきて、夫「今日から俺の両親と姉を養う！嫌なら離婚だ！」私「え？もう離婚済みだけど？」夫「え？」結果w
1,1145,559,Trull Holden,https://www.youtube.com/channel/UCgH3P5DbmrtpotA7-8Fk1fA,https://www.youtube.com/watch?v=--nm2eqooA8,100%,2 年前,0,https://www.youtube.com/watch?v=GZtalGoS6qE,110000,【スカッとする話】親族の集まりでエリート夫「嫁の飯はまずいんだよなw」私「え？私の料理食べた事ある？食事はいつも愛人宅じゃないの」義父「は？」義両親がブチギレ...
1,1146,560,Trân Nguyên,https://www.youtube.com/channel/UC7ZJWnHmDswUmLcwFRf8gYg,https://www.youtube.com/watch?v=n4Bhbr3bSTE,100%,7 か月前,0,https://www.youtube.com/watch?v=NTJU7H3ItQI,39000,【スカッとする話】実家帰省すると寝たきりの母「少し痩せたみたいだけど毎月11万の仕送りで足りてる？」息子「え？俺も10万振り込んでるよ？」私・母「はい？」実は…【朗読】【スカッと】
1,1147,561,Tuyen Nguyen,https://www.youtube.com/channel/UCuKb8fABJezcvEkvABp-ifw,https://www.youtube.com/watch?v=fERtt2cX1mM,76%,7 か月前,0,https://www.youtube.com/watch?v=oPFYTqZMLxg,40000,【スカッとする話】私が資産180億の不動産王と知らず夫を奪った幼馴染「タワマンと金持ち旦那頂きwお礼に一部屋三倍で貸すよw」直後、大爆笑した私と弁護士→弁護士「名義は
1,1148,562,Vathana Kh,https://www.youtube.com/channel/UC8FrYd0Tcz-p0HIg8l0J9ww,https://www.youtube.com/watch?v=xoN8z37kzY0,59%,6 か月前,20,https://www.youtube.com/watch?v=3WlCnGLe67U,550000,【スカッとする話】私の両親が亡くなった途端、実家を勝手に解体した夫「今日から俺の家で両親と同居だ！」それを聞いた私は大爆笑→私「あんた達、知らないの？」実は...
1,1149,563,Vay Sao ăn,https://www.youtube.com/channel/UCohIjwQZPWq1DHBc69XcfoA,https://www.youtube.com/watch?v=ylPzSPGxTuc,100%,1 年前,0,https://www.youtube.com/watch?v=Tm9DKLFF30M,250000,【スカッとする話】私が余命半年と聞いて愛人と豪遊しはじめた夫「いつまで生きてるの？w」 私「余命なのはあなただよ？」後日、半狂乱の夫が...【修羅場】【スカッと】
1,1150,564,Vflover29,https://www.youtube.com/channel/UCzayI-qu-jcXDQUegF8vXUw,https://www.youtube.com/watch?v=cctpkyj75DY,94%,1 年前,0,https://www.youtube.com/watch?v=I6qp6e_WxnE,24000,【スカッとする話】3000万の新築一戸建てを建てて6ヶ月。義父「もう家政婦の部屋はないぞw」月収9万の夫「離婚して失せろw」私「いいの！？はい離婚届！」即引越して着信拒否した結果w
1,1151,565,Vân Vũ,https://www.youtube.com/channel/UCW1WFGBTXKApa9R1KDpaaPw,https://www.youtube.com/watch?v=Ueyu21N4cOs,93%,1 年前,0,https://www.youtube.com/watch?v=Wk9S9SoTHxU,92000,【スカッとする話】夫と義両親から13年間も嫌われ続けた私。ある日、離婚届を置いて引っ越すと、ボロボロの夫と義両親から鬼電が→私（やっと気づいたかw）実は...
1,1152,566,Vân Đinh,https://www.youtube.com/channel/UCC8Yu9To3ec1550XuRRpRdg,https://www.youtube.com/watch?v=iyWPv7mS_X8,99%,1 年前,148,https://www.youtube.com/watch?v=mRlS0rHQ-lY,120000,【スカッとする話】夫「引越しは済んだか？」私「今日中に出ていくわ」ATM扱いされ家を追い出された私。1ヶ月後、夫が血相を変えて鬼電してきて...【修羅場】
1,1153,567,Willa Foster,https://www.youtube.com/channel/UC7nkCg1JMAHSogXTPbb6taQ,https://www.youtube.com/watch?v=SPKevPybhhY,100%,1 年前,0,https://www.youtube.com/watch?v=uBvDuF4U2Aw,48000,【スカッとする話】がん末期の母を置いて海外旅行に行った長男夫婦「ババァの介護は頼んだわｗ」翌日、母が笑顔で行動開始すると長男夫婦は帰らぬ人に...【修羅場】
1,1154,568,XUÂN TRÌNH ĐỖ,https://www.youtube.com/channel/UCiXEtk9L9KiZw50o_ay26jA,https://www.youtube.com/watch?v=YlNLukQGxTM,91%,1 年前,0,https://www.youtube.com/watch?v=Wk9S9SoTHxU,92000,【スカッとする話】夫と義両親から13年間も嫌われ続けた私。ある日、離婚届を置いて引っ越すと、ボロボロの夫と義両親から鬼電が→私（やっと気づいたかw）実は...
1,1155,569,Yannalys Valera,https://www.youtube.com/channel/UCMQLZAfaz3Mhcv5y_UgblpA,https://www.youtube.com/watch?v=txg56dzBa2o,100%,2 年前,0,https://www.youtube.com/watch?v=yefpSXnGZOg,150000,【スカッとする話】私名義の新築戸建と知らず里帰り出産で我が家に来た娘「母さんの部屋は私が使うw」夫「お前は車で寝てろw」私「わかりました...」→キレた私が家を売り払うと...w
1,1156,570,Zariah Jacoby,https://www.youtube.com/channel/UCL2Nlv5oIjJ9cXx-Ttcg4RA,https://www.youtube.com/watch?v=jZMFFqBZRak,100%,1 年前,1,https://www.youtube.com/watch?v=GZtalGoS6qE,110000,【スカッとする話】親族の集まりでエリート夫「嫁の飯はまずいんだよなw」私「え？私の料理食べた事ある？食事はいつも愛人宅じゃないの」義父「は？」義両親がブチギレ...
1,1157,571,Zechariah Fritz,https://www.youtube.com/channel/UCb9LcYcLF3rYq8aB-X06I3A,https://www.youtube.com/watch?v=1kmwdK59vxY,98%,1 年前,0,https://www.youtube.com/watch?v=BKC9CbFIESk,52000,【スカッとする話】夫の連れ子の娘と暮らし始めて1年。しかし、全くなつく気配がない…夫が海外出張に行った日に娘が初めて話しかけてきた。娘「お母さん、実は...」そう言って差し出された手には...
1,1158,572,abdo mahmoud,https://www.youtube.com/channel/UCrxa_WY68BFnORAzSv_jnVw,https://www.youtube.com/watch?v=tkwX1L6u61E,96%,4 か月前,85,https://www.youtube.com/watch?v=AdhCK-BGvg4,130000,【スカッとする話】年末に息子夫婦が泊まりにくると、深夜に夫が突然私を裏口に…夫「今のうちに家から出よう」私「え？年越しそば食べないの？」夫「お前気づいてないのか？」【朗読】【スカッと】
1,1159,573,baldwin horne,https://www.youtube.com/channel/UCO43eAIiTIAeUy99gMhxIsA,https://www.youtube.com/watch?v=gS_1a7wV1g0,99%,2 年前,0,https://www.youtube.com/watch?v=bPcGySAd3gA,200000,【スカッと総集編】家のローン月18万を払ってると知らず同居の長男嫁に1年間無視された...ある日、私「あれ？なんで私の荷物が...」長男嫁「キレイにしておいてあげたw」私の荷物を勝手に捨てられた
1,1160,574,cheetos20011,https://www.youtube.com/channel/UCCtlc3_75eUZr79WgtPS65A,https://www.youtube.com/watch?v=iRYIkf66LwY,99%,9 か月前,6,https://www.youtube.com/watch?v=JaGjTAkTfxQ,300000,【スカッとする話】私が夫の入院費を払ってると知らず私の荷物を全て捨てた夫の連れ子「もうパパに寄生するなw」連れ子を残し1億のタワマンに引越し入院費の支払いも止めた結果w
1,1161,575,duyen nguyen,https://www.youtube.com/channel/UClIVIVm31CuApuvRJzYC4ng,https://www.youtube.com/watch?v=RN9FpoecIoc,100%,1 年前,48,https://www.youtube.com/watch?v=BKC9CbFIESk,52000,【スカッとする話】夫の連れ子の娘と暮らし始めて1年。しかし、全くなつく気配がない…夫が海外出張に行った日に娘が初めて話しかけてきた。娘「お母さん、実は...」そう言って差し出された手には...
1,1162,576,emerfpa dcandid,https://www.youtube.com/channel/UCSNh7sQCnANvFKcVxjvmvnA,https://www.youtube.com/watch?v=5aAVNwytuVE,100%,2 年前,1,https://www.youtube.com/watch?v=jwP1fK1sfSY,50000,【スカっとする話】夫の浮気が発覚すると夫の連れ子「パパと新しいママと暮らす！偽物は離婚して出てけ！」1年後、笑顔で再会した娘に私「あんた誰？」娘「は？」
1,1163,577,glareintheeyes,https://www.youtube.com/channel/UC5OqZ0UeeBDeW1Nm5kYg1lA,https://www.youtube.com/watch?v=xxziqzVbveo,100%,9 か月前,0,https://www.youtube.com/watch?v=iT0GjRHrB6w,260000,【スカッとする話】年末年始の親族の集まりで20人分のおせちをゴミ箱にぶちまけたエリート夫「親戚にマズイ飯を作るな！」私「私は何も作ってないよ？」夫「え？」実は...
1,1164,578,goldyloco,https://www.youtube.com/channel/UCfiNz4GckMuO-IXNW81OhLA,https://www.youtube.com/watch?v=Lgle5V35piU,81%,1 年前,0,https://www.youtube.com/watch?v=5U30Sda_BcM,72000,【スカッとする話】私の旅行中に無断で義両親の引越し荷物を我が家に運び入れた夫「お前はもう帰ってくるなw」私「はーい、私も勝手に引越すね」海外の豪邸に引越した結果w
1,1165,579,hung nguyenvan,https://www.youtube.com/channel/UC1kZmiXsjFPmM_xF1cmp-Eg,https://www.youtube.com/watch?v=bZ-7CFqJznw,100%,2 年前,1,https://www.youtube.com/watch?v=IaHdv7dT6Sc,120000,【スカッとする話】18年間家賃を払ってきた私を罵倒する夫と連れ子「月10万の家賃程度で偉そうにw」夫「支払い止めてみろw」私「喜んで」3ヶ月後w
1,1166,580,katy rivera,https://www.youtube.com/channel/UCWTn1D2io3cwCg9YEH4m2VQ,https://www.youtube.com/watch?v=In5cL3GwDR8,86%,2 週間前,13,https://www.youtube.com/watch?v=Tlkag3rVT5s,180000,【スカッとする話】30年連れ添った夫と離婚すると、義母「引っ越しはまだ？」夫「早く出てけ」私「30分後に消えます」荷物が運ばれ私が車に乗ると→義母「え？何なのこの高級車は？」
1,1167,581,keia0528,https://www.youtube.com/channel/UCaqpZXGKsakvdBn2GxRB6uA,https://www.youtube.com/watch?v=9Y5_1Iiss0g,98%,2 年前,5,https://www.youtube.com/watch?v=dW-opdxTbYQ,110000,【スカッとする話】亡くなった元夫の保険金3000万で新築一軒屋を建てた夫「母さんに家買ったｗ逆らうなら離婚だw」私「わかりました。いいけど後悔するよ？」夫「しねぇよw」→1ヶ月後...【修羅場】
1,1168,582,kkkkkkk303,https://www.youtube.com/channel/UC7AQRgGO57VJtyaHJCEDtTA,https://www.youtube.com/watch?v=uwsB5--3Xxw,100%,2 年前,0,https://www.youtube.com/watch?v=3IGV5bZh7Oo,80000,【スカッとする話】私の祖父母と暮らす新築4LDKを購入した途端、エリート夫「ここで両親と同居する！」義両親「逆らったら離婚よw」私「じゃ出ていく」2週間後、銀行から夫達へ鬼電がw
1,1169,583,loveyou2334,https://www.youtube.com/channel/UCmvu6FWDEaLPuFWds5c2v9A,https://www.youtube.com/watch?v=P2ds_LZf1Ng,95%,1 年前,2,https://www.youtube.com/watch?v=dW-opdxTbYQ,110000,【スカッとする話】亡くなった元夫の保険金3000万で新築一軒屋を建てた夫「母さんに家買ったｗ逆らうなら離婚だw」私「わかりました。いいけど後悔するよ？」夫「しねぇよw」→1ヶ月後...【修羅場】
1,1170,584,mactiago,https://www.youtube.com/channel/UCGZ1M3tcyGDwbZTbnsEj0yw,https://www.youtube.com/watch?v=VKbf66jFe0Q,99%,9 か月前,11,https://www.youtube.com/watch?v=JaGjTAkTfxQ,300000,【スカッとする話】私が夫の入院費を払ってると知らず私の荷物を全て捨てた夫の連れ子「もうパパに寄生するなw」連れ子を残し1億のタワマンに引越し入院費の支払いも止めた結果w
1,1171,585,mera naam,https://www.youtube.com/channel/UCzmH6TjCJhg5rOlhutO5ykg,https://www.youtube.com/watch?v=XV0n62aesfo,100%,2 年前,0,https://www.youtube.com/watch?v=IaHdv7dT6Sc,120000,【スカッとする話】18年間家賃を払ってきた私を罵倒する夫と連れ子「月10万の家賃程度で偉そうにw」夫「支払い止めてみろw」私「喜んで」3ヶ月後w
1,1172,586,nga nga,https://www.youtube.com/channel/UC_rIspRIDipTScACm2WI0HQ,https://www.youtube.com/watch?v=_X23hbfxuVw,100%,2 年前,90,https://www.youtube.com/watch?v=GZtalGoS6qE,110000,【スカッとする話】親族の集まりでエリート夫「嫁の飯はまずいんだよなw」私「え？私の料理食べた事ある？食事はいつも愛人宅じゃないの」義父「は？」義両親がブチギレ...
1,1173,587,raul joputa,https://www.youtube.com/channel/UC-4hVkk1bfgyG5yyEyXk0EA,https://www.youtube.com/watch?v=W2Vayq9W8T4,100%,1 か月前,244,https://www.youtube.com/watch?v=iT0GjRHrB6w,260000,【スカッとする話】年末年始の親族の集まりで20人分のおせちをゴミ箱にぶちまけたエリート夫「親戚にマズイ飯を作るな！」私「私は何も作ってないよ？」夫「え？」実は...
1,1174,588,sacosuy wkeen,https://www.youtube.com/channel/UCsJq7G0YimVXlpTIPPxbB7g,https://www.youtube.com/watch?v=5BoYalfS764,99%,2 年前,0,https://www.youtube.com/watch?v=tMsWvTI1YgY,90000,【スカッとする話】親友の豪邸に高級寿司を持って遊びに行くとなぜか夫が結婚挨拶をしていた。夫「娘さんは僕が一生守ります！」私「守ってもらえなかった妻です」→親友の両親の前で私が本妻だと告げた結果
1,1175,589,shakirson,https://www.youtube.com/channel/UCAn8gzE_gIbLpaukKfN0w9Q,https://www.youtube.com/watch?v=l-__u8y0pJ8,99%,9 か月前,2,https://www.youtube.com/watch?v=JaGjTAkTfxQ,300000,【スカッとする話】私が夫の入院費を払ってると知らず私の荷物を全て捨てた夫の連れ子「もうパパに寄生するなw」連れ子を残し1億のタワマンに引越し入院費の支払いも止めた結果w
1,1176,590,soso2l7ob,https://www.youtube.com/channel/UCN6lje5hl0tbGvbjJXC32QQ,https://www.youtube.com/watch?v=QeDppX47TLQ,100%,1 年前,0,https://www.youtube.com/watch?v=fz32YDbWe1Q,53000,【スカッと】私が新築タワマンを購入した途端に夫「明日から愛人と同居する！」愛人「ババァは私の家から出てけw」私「え？私は独身ですが？」夫・愛人「は？」結果w
1,1177,591,tatum hawkins,https://www.youtube.com/channel/UCkCGb4Jia-msDza1Uv9HgaQ,https://www.youtube.com/watch?v=gEOhfb9dCPo,100%,2 年前,0,https://www.youtube.com/watch?v=b8ZAxV1gG_4,20000,【スカッとする話】夫と姉の出産祝いに行くと5歳の娘「赤ちゃんが言いたい事あるみたい」不思議な力を持つ娘の言葉に戦慄し私は慌てて警察へ駆け込み...
1,1178,592,tharwatism,https://www.youtube.com/channel/UChKYw3lxZr77uvRxKlt4NBw,https://www.youtube.com/watch?v=cVFaHyuFUBA,95%,5 か月前,2,https://www.youtube.com/watch?v=ggQWFYLMQqE,430000,【スカッと総集編】長男の結婚式前夜、ペットカメラを確認すると誰もいないはずの寝室で夫と長男嫁が真っ最中…音量を最大にして式場で実況中継してやった結果w【修羅場】
1,1179,593,thuytam nhungoc,https://www.youtube.com/channel/UCDUVQK7JAStqKZY5llY1_hw,https://www.youtube.com/watch?v=MvkjNOm3zcs,100%,2 年前,4,https://www.youtube.com/watch?v=Tm9DKLFF30M,250000,【スカッとする話】私が余命半年と聞いて愛人と豪遊しはじめた夫「いつまで生きてるの？w」 私「余命なのはあなただよ？」後日、半狂乱の夫が...【修羅場】【スカッと】
1,1180,594,tien vuvan,https://www.youtube.com/channel/UCsWnghTxCFTRW10OKOs3Nyg,https://www.youtube.com/watch?v=KdhTGZTQnwY,100%,2 年前,0,https://www.youtube.com/watch?v=IaHdv7dT6Sc,120000,【スカッとする話】18年間家賃を払ってきた私を罵倒する夫と連れ子「月10万の家賃程度で偉そうにw」夫「支払い止めてみろw」私「喜んで」3ヶ月後w
1,1181,595,zeid el ghoul,https://www.youtube.com/channel/UCLaSoS0VhhyTMiPOGZnVeuQ,https://www.youtube.com/watch?v=XqBIryE2fr4,86%,3 週間前,393,https://www.youtube.com/watch?v=B-nqblWpeIE,54000,【スカッとする話】医者の夫を奪ったママ友「年収3千万の医者の旦那くんの子供出来たw3ヶ月後の結婚式来てねw」私「わかった」（年収3千万の医者は私なんだけど黙っとこw）3ヶ月後w【スカッと】【朗読】
1,1182,596,Влад Каркозов,https://www.youtube.com/channel/UCepnHH8xafblHIcbRRhY3CA,https://www.youtube.com/watch?v=othxurCA2Mk,97%,2 年前,0,https://www.youtube.com/watch?v=lFZ4Vgc2TJc,62000,【スカッとする話】夫の連れ子の結婚式で涙を流す私に連れ子「戸籍上でしか繋がらない他人は今後一切関りませんw」直後、大爆笑した私→私「それはこっちのセリフよ？」実は...
1,1183,597,Дмитрий Забабурин,https://www.youtube.com/channel/UCncKunXAZ4jLOKsG7w_AgUQ,https://www.youtube.com/watch?v=COzqQ5yXua0,100%,2 年前,0,https://www.youtube.com/watch?v=UiZsY3yFtBw,110000,【スカッとする話】高熱で病院へ行く娘を降ろし義両親とのハワイ旅行に行った夫「病院は歩いて行けるだろw」2時間後、半狂乱の夫から鬼電→夫「た、助けて下さい！」
1,1184,598,Жизненные истории из жизни,https://www.youtube.com/channel/UC81IXtvGkuCZfSx_eTDbwAw,https://www.youtube.com/watch?v=PsYTRMxcC9k,99%,1 年前,0,https://www.youtube.com/watch?v=a5jUE4NP1Qo,38000,【スカッとする話】長男夫婦と同居する事になり長男と長男嫁と新築の見学へ行くと、なぜか私だけ強制的に別室に案内された。不動産「今すぐ警察に行って下さい...」明かされた衝撃の事実を知り…
1,1185,599,Кирилл Прудников,https://www.youtube.com/channel/UC2VlcU9WJcmNlqdmQ3xbKmg,https://www.youtube.com/watch?v=-GBH7gTF1Jo,100%,2 年前,0,https://www.youtube.com/watch?v=8unvGKX_M1Q,53000,【スカッとする話】小児がんの6歳の連れ子を捨て家を出た夫。私「この子は私が一人で育てる」後日、連れ子の秘密を知ると血相を変えて迎えに来た夫に連れ子「あんた誰？」
1,1186,600,Настя Кульба,https://www.youtube.com/channel/UC0C_6Y_3vf5jBq0a9pIQnvw,https://www.youtube.com/watch?v=FldR-3YMxB8,100%,2 年前,0,https://www.youtube.com/watch?v=YU1qKVkm094,39000,【スカッとする話】離婚した翌日に元夫と遭遇すると、元夫「今日20歳の社長令嬢と再婚したw若くて最高の嫁だぜw」直後、現れた新しい嫁を見た私は大爆笑→私「ご愁傷さまw」実は...
1,1187,601,Наташа Измайлова,https://www.youtube.com/channel/UC2YfIebbTBdV0Yr9cAhG4iA,https://www.youtube.com/watch?v=uHSDTljxzX4,100%,2 年前,0,https://www.youtube.com/watch?v=Qr4xotQ_yg4,89000,【スカッとする話】仕事と子育てに疲れた私「実家に帰らせて頂きます」夫「はぁ？俺の飯は？掃除は？帰るなら離婚届書いて行け！」即提出して義父に報告すると涙を流した夫が家に来て...
1,1188,602,Саша Кайдаш,https://www.youtube.com/channel/UCZ_tEI3h1oyVyrVc5GzzM0A,https://www.youtube.com/watch?v=lVyFL6-bmAg,85%,2 年前,0,https://www.youtube.com/watch?v=My7bUq_jaIs,110000,【スカッとする話】姑の誕生会でも私を家政婦扱いする夫「バカ嫁さっさと料理出せ」義父「これ全部1人で！？」私「いつものことですから…」すると義父が豹変し…【修羅場】
1,1189,603,Татьяна Житлухина,https://www.youtube.com/channel/UCyh0xTAy5loM-d4-iYwLO_Q,https://www.youtube.com/watch?v=cOFcEyV4JzQ,93%,2 年前,56,https://www.youtube.com/watch?v=BxbIB3mhgsg,110000,【スカッとする話】農家の私だけ引っ越し祝いに呼ばなかった長男嫁「新築に汚いババアは困りますw今後も関わらないで下さいw」私「汚くてごめんなさいね」翌日、慌てた嫁から鬼電が...w【修羅場】【スカッと】
1,1190,604,аааа аааа,https://www.youtube.com/channel/UCgb2DQiCwchUA2ztXvUV3Ow,https://www.youtube.com/watch?v=yEdw8knfN4Y,98%,2 年前,0,https://www.youtube.com/watch?v=BKC9CbFIESk,52000,【スカッとする話】夫の連れ子の娘と暮らし始めて1年。しかし、全くなつく気配がない…夫が海外出張に行った日に娘が初めて話しかけてきた。娘「お母さん、実は...」そう言って差し出された手には...
1,1191,605,【スカッと】169,https://www.youtube.com/channel/UCzOI_xRWCf_Mu2bP6H3OygQ,https://www.youtube.com/watch?v=-ls3S2X-rcY,88%,3 年前,5,https://www.youtube.com/watch?v=Y2gd4ALsvP0,41000,【スカッとする話】父の会社を引き継いだ私に夫と息子夫婦「社長の月収はいくら？w」私「今不景気だし20万かな」嫌な予感がして嘘の金額を教えると...翌日、夫と息子夫婦が会社に来て...【修羅場
1,1192,606,【スカッと】xx11,https://www.youtube.com/channel/UCdAagLI00TErAKJ5-1L-reg,https://www.youtube.com/watch?v=DRk7VXdwxFM,83%,3 年前,14,https://www.youtube.com/watch?v=p5YTTfe-5Y8,84000,【スカッとする話】私が息子夫婦と孫を養っているとも知らず新築に引っ越す息子嫁「義母の全てが気に入らない！家族だけで暮らすから絶縁して！」家族一同を養う私「了解」→即絶縁し、あらゆる名義を変えた結果w
1,1193,607,【朗読】001,https://www.youtube.com/channel/UCbRXKuVhe_0zKG6_AEI9tVQ,https://www.youtube.com/watch?v=c5zm4rL3008,56%,3 年前,3,https://www.youtube.com/watch?v=c9IsJU5XUfo,53000,【スカッとする話】実家で長男と長男嫁に嫌われ続けた私が追い出され次男夫婦の家へ。私「ちょっと聞いてくれない？」私が抱え込んでいた悩みを伝えると、次男嫁｢実は私の正体は…｣【修羅場】
1,1194,608,【朗読】004,https://www.youtube.com/channel/UCRx9p28X6QFfROd5Y9jflqw,https://www.youtube.com/watch?v=DrML_FGqKmQ,86%,3 年前,0,https://www.youtube.com/watch?v=QPbeW2OXSk8,37000,【スカッとする話】長男嫁の父の葬儀の費用を全て払った私を罵倒する長男嫁「200万程度で世話になった覚えございませんｗ」長男「ババァは帰れｗ」→私「喜んで！」帰った結果ｗ【修羅場】
1,1195,609,【朗読】005,https://www.youtube.com/channel/UCdMS4o7KY_1PiwBiJhmBn-g,https://www.youtube.com/watch?v=LCUFUOIT0cw,56%,3 年前,3,https://www.youtube.com/watch?v=ORCoCh5sOD4,48000,【スカッとする話】私を実の母のように慕ってくれていた息子嫁の葬儀中...。棺の中にあった写真の裏に書かれた文字を見た私は、慌てて通報した結果…【修羅場】【スカッと】
1,1196,610,【朗読】006,https://www.youtube.com/channel/UCNLnWS5TxzwUN2TMUNYeuAw,https://www.youtube.com/watch?v=R68mcugXoTQ,100%,3 年前,0,https://www.youtube.com/watch?v=z4rXESdMK0A,29000,【スカッとする話】私と夫の事が大嫌いな長男嫁が高級伊勢海老を送ってきたので、長男に食べさせてあげた結果...w【修羅場】
1,1197,611,【朗読】008,https://www.youtube.com/channel/UCMhQkfA2YeWfcDCp5kspUUw,https://www.youtube.com/watch?v=AqrJ5oC7jt4,72%,3 年前,6,https://www.youtube.com/watch?v=MwADfvlYVM8,64000,【スカッとする話】ある日突然、激怒した夫「息子夫婦への仕送り10万はどこだ！息子嫁さんガリガリだったぞ！」私「息子嫁の通帳見た？」夫「は？通帳？」結果ｗ【修羅場】【スカッと】
1,1198,612,【朗読】011,https://www.youtube.com/channel/UCNKSzjW0XblXC9jpIeFWKfA,https://www.youtube.com/watch?v=cHctfDSOzPM,50%,3 年前,3,https://www.youtube.com/watch?v=6MOQJqI5CeE,110000,【スカッとする話】息子夫婦に5年間無視された私。さすがの私も限界がきて空気になってみると、息子「ビールもってこい」息子嫁「弁当作っておいて！」→無言でそのまま出ていった結果【修羅場】【スカッと】
1,1199,613,【朗読】012,https://www.youtube.com/channel/UC_pgypmAtik-U9ME_nTJfWA,https://www.youtube.com/watch?v=7ORRrjn4raI,53%,3 年前,1,https://www.youtube.com/watch?v=EFLi9taupXc,16000,【スカッとする話】長男夫婦の家へ行くと、孫がベランダで立ち食いし押し入れで寝ていた。私「一体どうしたの！？」孫「いつもの事だけど？」夫「は？」激怒した夫は家を売却し更地にし...【修羅場】【スカッと】
1,1200,614,あの夢をなぞって,https://www.youtube.com/channel/UC2hYD2APTBFmoN_-FfTC51w,https://www.youtube.com/watch?v=ek2ydXCBYPw,97%,2 年前,133,https://www.youtube.com/watch?v=mRlS0rHQ-lY,120000,【スカッとする話】夫「引越しは済んだか？」私「今日中に出ていくわ」ATM扱いされ家を追い出された私。1ヶ月後、夫が血相を変えて鬼電してきて...【修羅場】
1,1201,615,えのスカッと感動部屋,https://www.youtube.com/channel/UCGgtl8U1R_pxmHODEZnjAKA,https://www.youtube.com/watch?v=cITZlWvY9wA,100%,1 年前,2,https://www.youtube.com/watch?v=Z02GpZx1M_k,100000,【スカッとする話】出張だと嘘を付き13年間浮気していた夫「今帰ったぞ！あれ？どうした？」私「...」人として認識できなくなり、居ない者として過ごした結果w
1,1202,616,おばあちゃんと子猫,https://www.youtube.com/channel/UCitSoUYXNd1quxY8VFsz94w,https://www.youtube.com/watch?v=tT0kEKSQPA0,96%,3 日前,20,https://www.youtube.com/watch?v=AdhCK-BGvg4,130000,【スカッとする話】年末に息子夫婦が泊まりにくると、深夜に夫が突然私を裏口に…夫「今のうちに家から出よう」私「え？年越しそば食べないの？」夫「お前気づいてないのか？」【朗読】【スカッと】
1,1203,617,かわいい子犬,https://www.youtube.com/channel/UCQwHCrx8uw_EBTUZ6OhLDQg,https://www.youtube.com/watch?v=VkZP0n3poLs,82%,2 年前,30,https://www.youtube.com/watch?v=G4O12jIGPfg,87000,【スカッとする話】夫が突然大量の荷物を持ってきて、夫「今日から俺の両親と姉を養う！嫌なら離婚だ！」私「え？もう離婚済みだけど？」夫「え？」結果w
1,1204,618,ことのは,https://www.youtube.com/channel/UCrKFZVPPxEVBVEDoUZ27hJg,https://www.youtube.com/watch?v=FqAYvxvSeUs,83%,1 か月前,12,https://www.youtube.com/watch?v=RWaATWML5EY,24000,【スカッとする話】正月、母が危篤で実家に帰ると義母「ここが嫌なら実家で暮らせ」私の荷物を外に投げ捨てた。私「後で撤回なしですよ？」義母「するかw」→1週間後w【朗読】【スカッと】
1,1205,619,さやかLINE,https://www.youtube.com/channel/UCzcdWgO0oqEnDVw88jRaEtg,https://www.youtube.com/watch?v=4OvNxQkI1i0,99%,5 か月前,1,https://www.youtube.com/watch?v=JaGjTAkTfxQ,300000,【スカッとする話】私が夫の入院費を払ってると知らず私の荷物を全て捨てた夫の連れ子「もうパパに寄生するなw」連れ子を残し1億のタワマンに引越し入院費の支払いも止めた結果w
1,1206,620,ちょこっと2ch,https://www.youtube.com/channel/UCjwn9CDi1i7JnDp7Nvdddkw,https://www.youtube.com/watch?v=igZ8ru5MSNc,90%,1 年前,33,https://www.youtube.com/watch?v=rH73Gg42B0Y,72000,【スカッとする話】10年間私を嫌い続けた娘からの仕送り催促の電話を無視していると、娘「振り込みまだ？母親の責任果たせ！」私「え？私は母親じゃないけど？」娘「は？」だって私は…
1,1207,621,となりのドラマ4579,https://www.youtube.com/channel/UCkyDzRIE9QcsfAnuj-AU-9w,https://www.youtube.com/watch?v=e0VMM4Jr1gQ,83%,1 か月前,8,https://www.youtube.com/watch?v=RWaATWML5EY,24000,【スカッとする話】正月、母が危篤で実家に帰ると義母「ここが嫌なら実家で暮らせ」私の荷物を外に投げ捨てた。私「後で撤回なしですよ？」義母「するかw」→1週間後w【朗読】【スカッと】
1,1208,622,ひそかな鼓動,https://www.youtube.com/channel/UCxgsqIBJ077rkI-tsq-Xplw,https://www.youtube.com/watch?v=lw1ea_EfhqY,100%,1 か月前,2,https://www.youtube.com/watch?v=YXQf7LoG2gE,55000,【スカッとする話】夫の会社に身分を隠して入社した私。昼休み、夫のコップでお茶を飲むと女性秘書「私の夫のコップよ！言いつけてクビにする」呼び出された夫を待ち受けるとw【朗読】【スカッと】
1,1209,623,ほっとする毎日,https://www.youtube.com/channel/UCNhxgP73_HilIwHNloT2TPA,https://www.youtube.com/watch?v=Ym2V6u-Bn7I,100%,1 か月前,7091,https://www.youtube.com/watch?v=j1whEo65tTY,180000,【感動する話】離婚当日、私にカードを渡した夫「2度と俺の前に現れるな」屈辱で3年間使えなかったので、解約しに銀行窓口に行くと、行員「奥様、お伝えしたいことが…」【朗読】
1,1210,624,やさしいまなざし,https://www.youtube.com/channel/UCIWKLawJIaBHSGKOL66l9GA,https://www.youtube.com/watch?v=pSGsJO1FGho,100%,1 年前,0,https://www.youtube.com/watch?v=bPcGySAd3gA,200000,【スカッと総集編】家のローン月18万を払ってると知らず同居の長男嫁に1年間無視された...ある日、私「あれ？なんで私の荷物が...」長男嫁「キレイにしておいてあげたw」私の荷物を勝手に捨てられた
1,1211,625,ゆるやかな人生日記,https://www.youtube.com/channel/UCE8xwdD2jIFQ3cSQr9IYgOA,https://www.youtube.com/watch?v=XLCK-Fqmzlw,96%,5 か月前,1,https://www.youtube.com/watch?v=AdhCK-BGvg4,130000,【スカッとする話】年末に息子夫婦が泊まりにくると、深夜に夫が突然私を裏口に…夫「今のうちに家から出よう」私「え？年越しそば食べないの？」夫「お前気づいてないのか？」【朗読】【スカッと】
1,1212,626,りつね,https://www.youtube.com/channel/UC1e-g0Xwc0189hSRXI8j_qQ,https://www.youtube.com/watch?v=U8wjsDSCOic,99%,2 か月前,11,https://www.youtube.com/watch?v=JaGjTAkTfxQ,300000,【スカッとする話】私が夫の入院費を払ってると知らず私の荷物を全て捨てた夫の連れ子「もうパパに寄生するなw」連れ子を残し1億のタワマンに引越し入院費の支払いも止めた結果w
1,1213,627,イルカ,https://www.youtube.com/channel/UCgJDyMjGzUNyuO2rcyBSWgg,https://www.youtube.com/watch?v=sgFsJ2lfPtc,96%,2 年前,0,https://www.youtube.com/watch?v=0o71wb5Xrwc,73000,【スカッとする話】10年間介護した義母が他界すると夫「愛人が妊娠したから離婚でw」愛人「賞味期限切れた嫁は失せろw」6ヶ月後、愛人が子供を産むと→夫は半狂乱に。だって目と鼻が…
1,1214,628,コオロギ,https://www.youtube.com/channel/UCQvlraed2GQv5YfHpnbLYHA,https://www.youtube.com/watch?v=LajSt62RDZ4,97%,2 年前,0,https://www.youtube.com/watch?v=Y2GawdK7Q9E,100000,【スカッとする話】長男夫婦に初孫が生まれ出産祝いに行くと長男嫁「二人は汚いので床でいいですか？w」長男「ジジババは段ボールの上でw」夫「...帰るか」私「うん」速帰宅し→永久に無視した結果w
1,1215,629,ザ!スカッとDASH!!,https://www.youtube.com/channel/UCE-5bI6bPEt9ZRh85ltq1Cg,https://www.youtube.com/watch?v=nxZWhvy7dDU,88%,1 年前,3,https://www.youtube.com/watch?v=G4O12jIGPfg,87000,【スカッとする話】夫が突然大量の荷物を持ってきて、夫「今日から俺の両親と姉を養う！嫌なら離婚だ！」私「え？もう離婚済みだけど？」夫「え？」結果w
1,1216,630,シニアの旅路,https://www.youtube.com/channel/UCYWePmbuqQihimPRSxsSN2g,https://www.youtube.com/watch?v=tu_oCq0x1Ao,96%,4 か月前,924,https://www.youtube.com/watch?v=AdhCK-BGvg4,130000,【スカッとする話】年末に息子夫婦が泊まりにくると、深夜に夫が突然私を裏口に…夫「今のうちに家から出よう」私「え？年越しそば食べないの？」夫「お前気づいてないのか？」【朗読】【スカッと】
1,1217,631,ジョーク,https://www.youtube.com/channel/UCpsvWsE9gNQCH6qhW_Fx8kQ,https://www.youtube.com/watch?v=nFNxbso30gI,97%,3 年前,665,https://www.youtube.com/watch?v=mRlS0rHQ-lY,120000,【スカッとする話】夫「引越しは済んだか？」私「今日中に出ていくわ」ATM扱いされ家を追い出された私。1ヶ月後、夫が血相を変えて鬼電してきて...【修羅場】
1,1218,632,スカッと 0123,https://www.youtube.com/channel/UCpUGVxilvazH11kw1vtnWzg,https://www.youtube.com/watch?v=NL9QBANZZkw,100%,3 年前,1,https://www.youtube.com/watch?v=_OLk6sBB6oQ,95000,【スカッとする話】義姉が義実家から引っ越した途端、新築の為に貯めた3000万が無くなった…。私「警察を呼んで！」夫「やめろ！姉が疑われる！」→私「もう通報した」30分後w【修羅場】
1,1219,633,スカッと 021,https://www.youtube.com/channel/UC_GdMRuSf2pYdpFrEcj1MKw,https://www.youtube.com/watch?v=wfPVZJxF_DY,90%,3 年前,2,https://www.youtube.com/watch?v=GPG4aBFLDPI,85000,【スカッとする話】夫の借金を月数十万返済し続けている私に姑「ニートは離婚して出ていけ！」稼ぎ頭の私「じゃあ出ていきます！」即離婚し私物は回収、借金を残し引っ越した結果w【修羅場】
1,1220,634,スカッと にゃんこ,https://www.youtube.com/channel/UCF22u5mGiXRwncGAKkFFBdg,https://www.youtube.com/watch?v=NXI1M5aB_rM,80%,3 年前,4371,https://www.youtube.com/watch?v=W_2WifFIdxI,61000,【スカッとする話】長男嫁のスマホに夫から着信。手を離せない長男嫁の代わりに私がスピーカーにして電話に出ると、嫁と勘違いした夫と長男がトンデモナイ会話をしはじめ…私は慌てて警察に通報した結果【修羅場】
1,1221,635,スカッとする話,https://www.youtube.com/channel/UCTT6FhfkGjlXcdy8htOaBlA,https://www.youtube.com/watch?v=-3DMeO7lR7A,89%,2 年前,2061,https://www.youtube.com/watch?v=q5j_Ra8XQ38,75000,【スカッとする話】長男夫婦の家へ行くと、孫が台所で立ちながら食事をし納屋で寝ていた。私「一体どうしたの？」長男嫁「いつもの事ですからｗ」→激怒した私が家を売却し更地にした結果w
1,1222,636,スカッとする話 022【朗読劇】,https://www.youtube.com/channel/UCD9rRW2SXCb00CH3_dbEibw,https://www.youtube.com/watch?v=k3xai8LxT9U,87%,3 年前,2,https://www.youtube.com/watch?v=RTIl9pVgyZE,92000,【スカッとする話】長男夫婦の結婚式の費用を全て払った私を罵倒する長男嫁「400万程度で世話になった覚えありませんｗ」長男「支払い止めてみなｗ」→私「喜んで！」支払いをやめた結果ｗ 【修羅場】
1,1223,637,スカッとする話:ペットたちは見てる,https://www.youtube.com/channel/UCtXyHcwbi2pcwoi4Eu7lC8w,https://www.youtube.com/watch?v=AFATObCA26E,90%,3 年前,2808,https://www.youtube.com/watch?v=W_2WifFIdxI,61000,【スカッとする話】長男嫁のスマホに夫から着信。手を離せない長男嫁の代わりに私がスピーカーにして電話に出ると、嫁と勘違いした夫と長男がトンデモナイ会話をしはじめ…私は慌てて警察に通報した結果【修羅場】
1,1224,638,スカッとにゃんぱす,https://www.youtube.com/channel/UCTRx4FfKyZF3-o9VoxN8G_A,https://www.youtube.com/watch?v=nJ-XsXb-PEc,91%,3 年前,253,https://www.youtube.com/watch?v=xghxYiG8FJM,97000,【スカッとする話】育児に疲れて昼寝しているとお腹を蹴ってきた夫「ニートの寄生虫は出て行け！」蹴りまくる夫をリモートでとある人物が見ており...
1,1225,639,スカッとの壁,https://www.youtube.com/channel/UCvakN6-Cb5XAZLC3k9pw5hg,https://www.youtube.com/watch?v=VHRqpgFXcUQ,77%,2 年前,7377,https://www.youtube.com/watch?v=OQfMLOKmwdo,120000,【スカッと総集編】小児がんの6歳の息子を捨て家を出て行った長男夫婦に私「ではこの子は祖母である私の養子にします」後日、息子の秘密を知ると慌てて迎えに来た長男夫婦に息子「アンタら誰？」
1,1226,640,スカッとジャパニーズ,https://www.youtube.com/channel/UC2DWZBAcn3mxwQeA7hHd3dQ,https://www.youtube.com/watch?v=kthFJ8Mlsjs,93%,1 年前,0,https://www.youtube.com/watch?v=BxbIB3mhgsg,110000,【スカッとする話】農家の私だけ引っ越し祝いに呼ばなかった長男嫁「新築に汚いババアは困りますw今後も関わらないで下さいw」私「汚くてごめんなさいね」翌日、慌てた嫁から鬼電が...w【修羅場】【スカッと】
1,1227,641,スカッとチャンネル,https://www.youtube.com/channel/UCWEc0ycjVp-adARvzgfzyPg,https://www.youtube.com/watch?v=RNcjk1f6Koo,100%,2 週間前,17,https://www.youtube.com/watch?v=DEqKKzP1pB4,21000,【スカッとする話】通院費1万すら拒絶した息子夫婦「年金から払えば？w」翌日、家の名義を変え姿を消すと、大号泣の2人から大量着信が…w【朗読ドラマ】【朗読】【スカッと】
1,1228,642,スカッとボンバー 【感動する話】,https://www.youtube.com/channel/UC780-vw8cmE0dj7yCo3ud7A,https://www.youtube.com/watch?v=LkUcSSNWzdo,100%,2 年前,1,https://www.youtube.com/watch?v=GZtalGoS6qE,110000,【スカッとする話】親族の集まりでエリート夫「嫁の飯はまずいんだよなw」私「え？私の料理食べた事ある？食事はいつも愛人宅じゃないの」義父「は？」義両親がブチギレ...
1,1229,643,スカッとワダイ,https://www.youtube.com/channel/UCipDNZ5xsoIcKu7mNTqZqcQ,https://www.youtube.com/watch?v=_pJS_PVL8wY,83%,3 年前,4144,https://www.youtube.com/watch?v=itElIhRkyM0,74000,【スカッとする話】海外出張から戻ると家が勝手に3世帯住宅に増築されていた。長男嫁「900万支払っておいてw」私「来月からアメリカに住みます」長男嫁「え？」結果w
1,1230,644,スカッと人生の底力朗読劇,https://www.youtube.com/channel/UCf21Y9lqCPJeJGyRpgFhkxA,https://www.youtube.com/watch?v=n_tYm8pAZQI,86%,5 か月前,35,https://www.youtube.com/watch?v=8XqFethhfqM,250000,【スカッとする話】定年退職当日、40年連れ添った私を裏切った夫「老後は一人で過ごしたいから離婚で」私「そう、じゃあ離婚しましょ。でも、後悔しないでね？」夫「しねぇよw」
1,1231,645,スカッと劇場,https://www.youtube.com/channel/UCW6SwIOvLC97iXTV3xnC3Cg,https://www.youtube.com/watch?v=AuHwfyqZYHI,85%,5 か月前,4,https://www.youtube.com/watch?v=ggQWFYLMQqE,430000,【スカッと総集編】長男の結婚式前夜、ペットカメラを確認すると誰もいないはずの寝室で夫と長男嫁が真っ最中…音量を最大にして式場で実況中継してやった結果w【修羅場】
1,1232,646,スカッと図書館,https://www.youtube.com/channel/UCcjsonLiKBQRvkO19SVVoDg,https://www.youtube.com/watch?v=oqY31dwv90c,90%,10 か月前,3252,https://www.youtube.com/watch?v=rH73Gg42B0Y,72000,【スカッとする話】10年間私を嫌い続けた娘からの仕送り催促の電話を無視していると、娘「振り込みまだ？母親の責任果たせ！」私「え？私は母親じゃないけど？」娘「は？」だって私は…
1,1233,647,スカッと復讐日記,https://www.youtube.com/channel/UCU1ueCWCWlfHlp7F0YnMfvw,https://www.youtube.com/watch?v=CHRG67nMrLc,96%,3 か月前,36,https://www.youtube.com/watch?v=AdhCK-BGvg4,130000,【スカッとする話】年末に息子夫婦が泊まりにくると、深夜に夫が突然私を裏口に…夫「今のうちに家から出よう」私「え？年越しそば食べないの？」夫「お前気づいてないのか？」【朗読】【スカッと】
1,1234,648,スカッと黒幕,https://www.youtube.com/channel/UCrpeBxl4uQu5cQw_3bl5pSA,https://www.youtube.com/watch?v=906Ws52DZ24,78%,3 か月前,85,https://www.youtube.com/watch?v=wxIjPqUT7oA,100000,【スカッとする話】パートから帰ると突然私を殴ってきた義母「息子の金盗んだな！金返せ！」夫と義母に泥棒扱いされた私「じゃあ警察呼びますね」→即通報すると2人が半狂乱にw【朗読】【スカッと】【シニア】
1,1235,649,ハルカ・プレス,https://www.youtube.com/channel/UCz4Rz3Cb498opdHGpuQU9vg,https://www.youtube.com/watch?v=7bKYTingNIo,100%,1 か月前,0,https://www.youtube.com/watch?v=70JSyEr3ztQ,340000,【スカッと総集編】夫が土下座「20歳の愛人が妊娠した！離婚してくれ！」私「はい離婚届け。じゃ娘以外は連れてくね」夫「は？娘も連れていけよ」私「無理、だってこの子は…」【スカッとする話】
1,1236,650,パパ活の崩壊,https://www.youtube.com/channel/UCv12RXZu9olbIhguGbIE1Eg,https://www.youtube.com/watch?v=iQuMIzZfReA,99%,1 か月前,39,https://www.youtube.com/watch?v=JaGjTAkTfxQ,300000,【スカッとする話】私が夫の入院費を払ってると知らず私の荷物を全て捨てた夫の連れ子「もうパパに寄生するなw」連れ子を残し1億のタワマンに引越し入院費の支払いも止めた結果w
1,1237,651,ヒモ男の強制排除,https://www.youtube.com/channel/UC60g88W9zEkPAJjs1UyqePQ,https://www.youtube.com/watch?v=XU7awYoYCiw,100%,3 週間前,1,https://www.youtube.com/watch?v=iT0GjRHrB6w,260000,【スカッとする話】年末年始の親族の集まりで20人分のおせちをゴミ箱にぶちまけたエリート夫「親戚にマズイ飯を作るな！」私「私は何も作ってないよ？」夫「え？」実は...
1,1238,652,ファイナルスカッと激情,https://www.youtube.com/channel/UCATpBBZdhWA9h1n3L7r9Krw,https://www.youtube.com/watch?v=XzSA0o3Bl-w,80%,2 年前,206,https://www.youtube.com/watch?v=nhb1eCwozaM,160000,【スカッとする話】有名ピアニストであることを隠して生きてきた私。ある日、夫に連れられジャズバーへ。すると、店員「演奏者が...」非常事態発生し私と夫が手伝うとまさかの展開に…【スカッと】
1,1239,653,マザコン夫の監禁裁判,https://www.youtube.com/channel/UCwHOMkQxZZyUaWdAvxDO-aA,https://www.youtube.com/watch?v=x7siZ2Jhymg,100%,1 か月前,0,https://www.youtube.com/watch?v=iT0GjRHrB6w,260000,【スカッとする話】年末年始の親族の集まりで20人分のおせちをゴミ箱にぶちまけたエリート夫「親戚にマズイ飯を作るな！」私「私は何も作ってないよ？」夫「え？」実は...
1,1240,654,ムハンマド,https://www.youtube.com/channel/UCWrn94lTa5hp619mRvCA5lg,https://www.youtube.com/watch?v=Y5vLAS_5cJM,97%,2 年前,1356,https://www.youtube.com/watch?v=mRlS0rHQ-lY,120000,【スカッとする話】夫「引越しは済んだか？」私「今日中に出ていくわ」ATM扱いされ家を追い出された私。1ヶ月後、夫が血相を変えて鬼電してきて...【修羅場】
1,1241,655,モニロボ,https://www.youtube.com/channel/UCOdQvaRBcSr2Ue-dD3MEGHQ,https://www.youtube.com/watch?v=4z__U7-VzZk,94%,2 年前,193906,https://www.youtube.com/watch?v=rH73Gg42B0Y,72000,【スカッとする話】10年間私を嫌い続けた娘からの仕送り催促の電話を無視していると、娘「振り込みまだ？母親の責任果たせ！」私「え？私は母親じゃないけど？」娘「は？」だって私は…
1,1242,656,モラハラ夫の証拠集,https://www.youtube.com/channel/UCoj05W7TrpengTsUWyRGJLA,https://www.youtube.com/watch?v=ztoXlLOij3k,100%,1 か月前,0,https://www.youtube.com/watch?v=iT0GjRHrB6w,260000,【スカッとする話】年末年始の親族の集まりで20人分のおせちをゴミ箱にぶちまけたエリート夫「親戚にマズイ飯を作るな！」私「私は何も作ってないよ？」夫「え？」実は...
1,1243,657,一通の手紙,https://www.youtube.com/channel/UC-NAewqBSn-IjhDnwYRSiRg,https://www.youtube.com/watch?v=yO3dD5jWLRU,100%,1 か月前,2,https://www.youtube.com/watch?v=3WlCnGLe67U,550000,【スカッとする話】私の両親が亡くなった途端、実家を勝手に解体した夫「今日から俺の家で両親と同居だ！」それを聞いた私は大爆笑→私「あんた達、知らないの？」実は...
1,1244,658,世代の架け橋,https://www.youtube.com/channel/UCZ5oJ6mbDoMBYtz0a4o1qlw,https://www.youtube.com/watch?v=4b7YH5BwKIo,94%,5 か月前,675,https://www.youtube.com/watch?v=-DJHSErvh0c,100000,【スカッとする話】私の両親を侮辱した義母に私「義実家と絶縁させていただきます。親戚とも今後一切会いません。」夫「じゃあ離婚だw出てけw」3日後、涙を流した夫から鬼電がw
1,1245,659,二股彼氏への処刑宣告,https://www.youtube.com/channel/UCbkq7mzFh2enoxzmFQwJTJg,https://www.youtube.com/watch?v=fU0wHjpWjvA,86%,1 か月前,1,https://www.youtube.com/watch?v=Tlkag3rVT5s,180000,【スカッとする話】30年連れ添った夫と離婚すると、義母「引っ越しはまだ？」夫「早く出てけ」私「30分後に消えます」荷物が運ばれ私が車に乗ると→義母「え？何なのこの高級車は？」
1,1246,660,人妻アリサのスカッと朗読〜独り言〜,https://www.youtube.com/channel/UCGDzeD-ic2gFTEt4H6mRhBg,https://www.youtube.com/watch?v=fgWa-IUqd7w,100%,1 年前,0,https://www.youtube.com/watch?v=HmffsNJN_qU,21000,【スカッと】お盆に息子と帰省すると元夫に遭遇。元夫「不妊女がバツイチ男と再婚か？w」私｢私の再婚相手紹介してあげるね｣直後、元夫の態度が急変し…ｗ
1,1247,661,人生、まだこれから,https://www.youtube.com/channel/UC3en4bJFwAZLZfL-O9gSXEA,https://www.youtube.com/watch?v=xH41BNKyLC8,94%,3 時間前,0,https://www.youtube.com/watch?v=-DJHSErvh0c,100000,【スカッとする話】私の両親を侮辱した義母に私「義実家と絶縁させていただきます。親戚とも今後一切会いません。」夫「じゃあ離婚だw出てけw」3日後、涙を流した夫から鬼電がw
1,1248,662,人生の備忘録4708,https://www.youtube.com/channel/UCBg4AS5WuTQaIZsg_Th-7vg,https://www.youtube.com/watch?v=m-XEAdV3noE,97%,1 か月前,25,https://www.youtube.com/watch?v=nlS5u4pCtI0,38000,【スカッとする話】警察官の弟の結婚式に出席した私。義母「中卒の姉は一族の恥ねw」直後、慌てた弟が義母に私の正体を伝えると、義母は顔面蒼白に…【朗読】【スカッと】
1,1249,663,人生の小径、Love in later life,,https://www.youtube.com/watch?v=XdEKWgjOb-I,100%,1 か月前,9,https://www.youtube.com/watch?v=q3GnEwyCGbE,18000,【スカッとする話】夫の手帳から愛人と隠し子との家族写真、更に離婚届が…。私「離婚したいから出せってことか！」即提出して夫の荷物を全て処分→黙って永久に姿を消した結果w
1,1250,664,人生の物語,https://www.youtube.com/channel/UCH9C86h_itPpw8p1Sgq0mVQ,https://www.youtube.com/watch?v=aL7blZhMt94,73%,6 か月前,895,https://www.youtube.com/watch?v=3WlCnGLe67U,550000,【スカッとする話】私の両親が亡くなった途端、実家を勝手に解体した夫「今日から俺の家で両親と同居だ！」それを聞いた私は大爆笑→私「あんた達、知らないの？」実は...
1,1251,665,人生の物語箱,https://www.youtube.com/channel/UCsP8EZOSEghEmRMB6P_j6Ng,https://www.youtube.com/watch?v=e2Z2jZFKM3U,90%,12 日前,5388,https://www.youtube.com/watch?v=UMALXNxEZ8g,46000,【スカッとする話】息子のために貯めた800万の進学資金を勝手に義母に渡した夫「ママが家買うから渡したw文句あるなら離婚！」私「OK」息子「今までありがとう！」夫「え？」【朗読】【スカッと】
1,1252,666,人生の黄昏話、時を越える話,,https://www.youtube.com/watch?v=TVfya_b7HAQ,100%,2 時間前,8,https://www.youtube.com/watch?v=DPS_qm8jKlI,100000,【スカッとする話】私の年収が1000万と知らず夫と一緒に出ていった息子「毒親とは絶縁wバイバイw」私「じゃあ夫とも縁切るね」息子「勝手にどうぞw」2日後w【朗読】【スカッと】
1,1253,667,人生を楽しむ,https://www.youtube.com/channel/UC5qUTUcmPlik9fgvXZSxe-Q,https://www.youtube.com/watch?v=_jghIqczZGY,96%,5 か月前,6,https://www.youtube.com/watch?v=AdhCK-BGvg4,130000,【スカッとする話】年末に息子夫婦が泊まりにくると、深夜に夫が突然私を裏口に…夫「今のうちに家から出よう」私「え？年越しそば食べないの？」夫「お前気づいてないのか？」【朗読】【スカッと】
1,1254,668,人生スカッと劇場,https://www.youtube.com/channel/UC_cewmtTGTOGlNpnH_fSc6w,https://www.youtube.com/watch?v=Ce32bO_vsXQ,100%,5 日前,0,https://www.youtube.com/watch?v=lRIrN83xkSc,62000,【スカッとする話】私の車のアクセルにこっそり手を加える夫。私（知らないふりしよw）翌日、車を義両親に貸し出すと、夫「ま、待ってくれ…」実はw【朗読】【スカッと】
1,1255,669,人間拾遺錄,https://www.youtube.com/channel/UCfLrnpabpT2GhyhKVuZEqlg,https://www.youtube.com/watch?v=GkNbFMYSt5Q,100%,1 か月前,4,https://www.youtube.com/watch?v=70JSyEr3ztQ,340000,【スカッと総集編】夫が土下座「20歳の愛人が妊娠した！離婚してくれ！」私「はい離婚届け。じゃ娘以外は連れてくね」夫「は？娘も連れていけよ」私「無理、だってこの子は…」【スカッとする話】
1,1256,670,今日の物語、Japan sports channel ,,https://www.youtube.com/watch?v=h3dbsa2Z8pM,67%,3 か月前,139,https://www.youtube.com/watch?v=sd-a4XIE7jQ,360000,【スカッと総集編】私の年収が2000万と知らず入院中の私を捨て愛人と再婚した夫「離婚届け出しといたｗ慰謝料として家と車は貰うｗ」私「承知しました」→3日後、半狂乱の夫から200件の鬼電がw【修羅場】
1,1257,671,今日の物語、他 3 チャンネル,,https://www.youtube.com/watch?v=79M4i6b2zZI,73%,3 か月前,225,https://www.youtube.com/watch?v=70JSyEr3ztQ,340000,【スカッと総集編】夫が土下座「20歳の愛人が妊娠した！離婚してくれ！」私「はい離婚届け。じゃ娘以外は連れてくね」夫「は？娘も連れていけよ」私「無理、だってこの子は…」【スカッとする話】
1,1258,672,仏壇の前で,https://www.youtube.com/channel/UCU6HJdhSw8L0jtQrNonSBmw,https://www.youtube.com/watch?v=7ZUVhLuF3nU,97%,6 か月前,374,https://www.youtube.com/watch?v=tfbycPtFjbg,170000,【スカッとする話】義母を10年介護している私に夫「離婚してくれ…老後もお前と一緒は無理…」私「じゃあ介護と嫁辞めるね」即離婚して沖縄に引越すと夫から鬼電→携帯解約し永久に無視した結果w【朗読】
1,1259,673,修羅場の管理人,https://www.youtube.com/channel/UCPhDxjB2KqaaiQCygakhqTA,https://www.youtube.com/watch?v=oDCHcs8fqGs,86%,10 日前,0,https://www.youtube.com/watch?v=B-nqblWpeIE,54000,【スカッとする話】医者の夫を奪ったママ友「年収3千万の医者の旦那くんの子供出来たw3ヶ月後の結婚式来てねw」私「わかった」（年収3千万の医者は私なんだけど黙っとこw）3ヶ月後w【スカッと】【朗読】
1,1260,674,修羅場スカッとTV,https://www.youtube.com/channel/UCX6Gj5DGAkaqhmu4d0djS4A,https://www.youtube.com/watch?v=H20-Lt9iIIY,100%,1 か月前,3,https://www.youtube.com/watch?v=yefpSXnGZOg,150000,【スカッとする話】私名義の新築戸建と知らず里帰り出産で我が家に来た娘「母さんの部屋は私が使うw」夫「お前は車で寝てろw」私「わかりました...」→キレた私が家を売り払うと...w
1,1261,675,儚い幸せ,https://www.youtube.com/channel/UCooJKX6KhAwly9k2Hj9M8lQ,https://www.youtube.com/watch?v=7bNIepbIhxg,77%,1 か月前,125925,https://www.youtube.com/watch?v=Muf1SDi7IAE,71000,【スカッとする話】私が手術から目を覚ました日、3人の子どもは誰も見舞いに来なかった。退院後、私は家を売却し更地に→黙って姿を消し永遠に縁を切った結果w【朗読】【スカッと】
1,1262,676,兔牙尖尖,https://www.youtube.com/channel/UCS9T9zSklP4GqaU_K6-iE9Q,https://www.youtube.com/watch?v=rCHpXsGRQG8,96%,4 日前,0,https://www.youtube.com/watch?v=2l9EasURZEk,59000,【スカッとする話】夫と連れ子（娘）に10年間嫌われ続けた母親の私。耐えれず新居に引越すと5年後...夫「娘が結婚する！式に来い！」私「はい」新郎側で参列すると→夫・連れ子「え？」
1,1263,677,印象的な猫,https://www.youtube.com/channel/UCVgOxcRM0kWkYrO3QdV2_6A,https://www.youtube.com/watch?v=nNf6fXmTxGw,100%,2 年前,2,https://www.youtube.com/watch?v=RTO0Ty4liC0,54000,【スカッとする話】長男夫婦の家へ行くと孫が膝を抱え泣いていた...私「あれ？お父さんとお母さんは？」孫「家族だけでハワイ行くって」私「そう、それなら...」本当の家族を呼び出した結果
1,1264,678,同期,https://www.youtube.com/channel/UCBT3KEdvX6IdeVoZG_lFltw,https://www.youtube.com/watch?v=tmOBeDpPi1c,100%,1 か月前,5,https://www.youtube.com/watch?v=iT0GjRHrB6w,260000,【スカッとする話】年末年始の親族の集まりで20人分のおせちをゴミ箱にぶちまけたエリート夫「親戚にマズイ飯を作るな！」私「私は何も作ってないよ？」夫「え？」実は...
1,1265,679,君のアイコンを探して,https://www.youtube.com/channel/UC_cxHs_zA4wz_4E3e4eo40Q,https://www.youtube.com/watch?v=bAh_66ewznY,100%,1 か月前,0,https://www.youtube.com/watch?v=a5lS8StIZwA,170000,【スカッとする話】1億のピアノがある金持ち自慢の婚約者の実家へ結婚挨拶に行くと、婚約者「俺達の家政婦連れてきたよw」義父「貧乏な顔w親の顔が見たいw」父「どうも、家政婦の父です」
1,1266,680,嘘つき,https://www.youtube.com/channel/UCEjsh64rm2oHOouG6Daa1tQ,https://www.youtube.com/watch?v=ZlqRVhOehSE,86%,1 か月前,2,https://www.youtube.com/watch?v=B-nqblWpeIE,54000,【スカッとする話】医者の夫を奪ったママ友「年収3千万の医者の旦那くんの子供出来たw3ヶ月後の結婚式来てねw」私「わかった」（年収3千万の医者は私なんだけど黙っとこw）3ヶ月後w【スカッと】【朗読】
1,1267,681,因果応報ストーリー,https://www.youtube.com/channel/UCMGO4KdNkqYUea2qOP6jvIQ,https://www.youtube.com/watch?v=zvDm0AsCbYE,91%,2 か月前,241,https://www.youtube.com/watch?v=tfbycPtFjbg,170000,【スカッとする話】義母を10年介護している私に夫「離婚してくれ…老後もお前と一緒は無理…」私「じゃあ介護と嫁辞めるね」即離婚して沖縄に引越すと夫から鬼電→携帯解約し永久に無視した結果w【朗読】
1,1268,682,地獄のグループ招待,https://www.youtube.com/channel/UCf5vTqzF_Hb4VM88O_kb0zQ,https://www.youtube.com/watch?v=J7rOjSGyk8o,99%,1 か月前,1,https://www.youtube.com/watch?v=JaGjTAkTfxQ,300000,【スカッとする話】私が夫の入院費を払ってると知らず私の荷物を全て捨てた夫の連れ子「もうパパに寄生するなw」連れ子を残し1億のタワマンに引越し入院費の支払いも止めた結果w
1,1269,683,坂本 瑛太 ,https://www.youtube.com/channel/UCljgwRjZ9oiWUMyVt3pdJpw,https://www.youtube.com/watch?v=uzPQ9Dq7G_E,98%,1 か月前,3,https://www.youtube.com/watch?v=LXxfsTZeuZU,110000,【スカッと】長男夫婦がお盆に帰省し私が店を予約すると長男嫁「何この汚い店w年金生活の貧乏ババァじゃ仕方ないかw」直後、普段温厚な夫→夫「調子乗るなよガキが」長男嫁「え？」
1,1270,684,夕暮れのマル秘回覧板【スカッとする話】,https://www.youtube.com/channel/UCrv0UdssL2LuZ8Z8SKP0Nzw,https://www.youtube.com/watch?v=RpyosA5xKRA,78%,2 年前,907,https://www.youtube.com/watch?v=_cinXh3xb0M,45000,【スカッとする話】義実家から帰宅し激怒する夫 「もう離婚だ！俺が渡してた仕送り5万で遊んでただろ！」 私「え？じゃあ離婚で」 即離婚し、仕送りをやめた結果w
1,1271,685,夜の語り部4791,https://www.youtube.com/channel/UCdqrXIX7LOgvAwC7y2WZuog,https://www.youtube.com/watch?v=5CCy49qEI8w,100%,1 か月前,839,https://www.youtube.com/watch?v=9TulrMzmHr8,57000,【スカッとする話】毎日9時間義母の介護で倒れた私に夫「介護すらできないなら離婚wこれからは愛人に任せるw」私「いいけど後悔しない？」夫「しねぇよw」1週間後w【朗読】【スカッと】
1,1272,686,夜更かしの物語QL33,https://www.youtube.com/channel/UCcMIWaIDpdlFMpaEM4nGwsQ,https://www.youtube.com/watch?v=H1BgGDyI2Hg,100%,1 か月前,1203,https://www.youtube.com/watch?v=70JSyEr3ztQ,340000,【スカッと総集編】夫が土下座「20歳の愛人が妊娠した！離婚してくれ！」私「はい離婚届け。じゃ娘以外は連れてくね」夫「は？娘も連れていけよ」私「無理、だってこの子は…」【スカッとする話】
1,1273,687,夢色時間,https://www.youtube.com/channel/UC74tLRGiEmQYIjqR3q7gQtQ,https://www.youtube.com/watch?v=NQFC23mJEOg,86%,5 日前,29,https://www.youtube.com/watch?v=B-nqblWpeIE,54000,【スカッとする話】医者の夫を奪ったママ友「年収3千万の医者の旦那くんの子供出来たw3ヶ月後の結婚式来てねw」私「わかった」（年収3千万の医者は私なんだけど黙っとこw）3ヶ月後w【スカッと】【朗読】
1,1274,688,大野 恒一輝,https://www.youtube.com/channel/UCuLnXBeO0wz9Vp6TdmAWdZw,https://www.youtube.com/watch?v=SIwYmE-pKyU,99%,5 か月前,2,https://www.youtube.com/watch?v=JaGjTAkTfxQ,300000,【スカッとする話】私が夫の入院費を払ってると知らず私の荷物を全て捨てた夫の連れ子「もうパパに寄生するなw」連れ子を残し1億のタワマンに引越し入院費の支払いも止めた結果w
1,1275,689,女たちの逆転劇場、他 2 チャンネル,,https://www.youtube.com/watch?v=Tn8kFyc4k64,100%,2 か月前,43291,https://www.youtube.com/watch?v=cVe3XmXeRuE,140000,【スカッとする話】私が離婚届に署名すると、満面の笑みで大喜びする義家族。新しい嫁を迎えた1週間後、電気・ガス・水道が止まると急に義家族が焦り出しw【朗読】【スカッと】
1,1276,690,女たちの逆転劇場、他 3 チャンネル,,https://www.youtube.com/watch?v=dV5o67tMgno,100%,2 か月前,138984,https://www.youtube.com/watch?v=70JSyEr3ztQ,340000,【スカッと総集編】夫が土下座「20歳の愛人が妊娠した！離婚してくれ！」私「はい離婚届け。じゃ娘以外は連れてくね」夫「は？娘も連れていけよ」私「無理、だってこの子は…」【スカッとする話】
1,1277,691,嫁いびり絶滅部屋 5669,https://www.youtube.com/channel/UC-x7_UNkw0hshLKChQ83Xyw,https://www.youtube.com/watch?v=C7Og0tKr5SE,100%,3 週間前,0,https://www.youtube.com/watch?v=_y-dBrBAb8I,76000,【スカッとする話】出産直後の私を追い出す同居中の義母「娘が帰ってくるから出てけw」私「じゃあ子供は置いていきますね」義母「はぁ？子供は連れていきな」私「無理です。だって…」【朗読】【スカッと】
1,1278,692,嫁の反撃開始 5680,https://www.youtube.com/channel/UCBcMM8R9KS3noj6fZOhxAPA,https://www.youtube.com/watch?v=eoiFRn_LkG0,90%,3 週間前,10,https://www.youtube.com/watch?v=mVcqfL6C-r4,34000,【スカッとする話】78歳の義母が急変したので出張中の夫に連絡すると…夫「商談中だから連絡するな！」私「でも、お義母」夫「言い訳すんな」→永久に無視した結果w【スカッと】【朗読】
1,1279,693,安藤 美咲,https://www.youtube.com/channel/UCPrQTgE9M5Pvy701_CGileQ,https://www.youtube.com/watch?v=0RJQUhF4yEQ,99%,3 週間前,686,https://www.youtube.com/watch?v=JaGjTAkTfxQ,300000,【スカッとする話】私が夫の入院費を払ってると知らず私の荷物を全て捨てた夫の連れ子「もうパパに寄生するなw」連れ子を残し1億のタワマンに引越し入院費の支払いも止めた結果w
1,1280,694,実話感動チャンネル、他 2 チャンネル,,https://www.youtube.com/watch?v=kxUtH92Mc5Q,100%,1 か月前,4379,https://www.youtube.com/watch?v=cJTBStbKuvI,29000,【スカッとする話】里帰り出産から帰ると、浮気夫「すまん、離婚してくれ…」愛人「金目当ての女は消えてw」私「OK（大丈夫かな？w借金1億あるけどw）」【朗読】【スカッと】
1,1281,695,実話感動チャンネル、心に響く感動ストーリー,,https://www.youtube.com/watch?v=QFg6FHEvF5A,100%,4 か月前,55732,https://www.youtube.com/watch?v=70JSyEr3ztQ,340000,【スカッと総集編】夫が土下座「20歳の愛人が妊娠した！離婚してくれ！」私「はい離婚届け。じゃ娘以外は連れてくね」夫「は？娘も連れていけよ」私「無理、だってこの子は…」【スカッとする話】
1,1282,696,家族と孤独のあいだで5041,https://www.youtube.com/channel/UClBN3XUpKbtHTYjXYg0ZjCg,https://www.youtube.com/watch?v=2wkMcVMgQ-I,100%,1 か月前,6,https://www.youtube.com/watch?v=yUWQozZU0zY,180000,【スカッと総集編】夫が亡くなった途端、我が家を勝手に解体した義両親「今日からうちで同居しろ！嫁は家政婦にしてやるw」それを聞いた私は大爆笑→私「アンタら知らないの？」実は...
1,1283,697,家族の因果劇場,https://www.youtube.com/channel/UCp93z-r3zJoPEIuuOHZ3DBQ,https://www.youtube.com/watch?v=SJuU1ZhwRZ4,73%,1 か月前,38,https://www.youtube.com/watch?v=3WlCnGLe67U,550000,【スカッとする話】私の両親が亡くなった途端、実家を勝手に解体した夫「今日から俺の家で両親と同居だ！」それを聞いた私は大爆笑→私「あんた達、知らないの？」実は...
1,1284,698,家族の話,https://www.youtube.com/channel/UC5cdeySznQcijI-U7Nb0m0Q,https://www.youtube.com/watch?v=b-e9soMl_jg,76%,3 年前,40,https://www.youtube.com/watch?v=kiUx3a37Lv4,90000,【スカッとする話】私「ボーナスとピアノが消えた！」夫「出産祝いで長男嫁に渡した。俺の稼いだ金だし文句ないだろ」私は離婚届を即提出→後日、パニックの長男嫁から鬼電→私「あんた誰？」長男嫁「え？」【修羅場
1,1285,699,寄生する義姉妹,https://www.youtube.com/channel/UCUBBw0PDhNpaMvRZsisnlZg,https://www.youtube.com/watch?v=cj6jnFf4yJ8,99%,12 日前,0,https://www.youtube.com/watch?v=JaGjTAkTfxQ,300000,【スカッとする話】私が夫の入院費を払ってると知らず私の荷物を全て捨てた夫の連れ子「もうパパに寄生するなw」連れ子を残し1億のタワマンに引越し入院費の支払いも止めた結果w
1,1286,700,小沢 恒一斗,https://www.youtube.com/channel/UCp60w5a9ENDEYkHRogBA28A,https://www.youtube.com/watch?v=ZZ9uVPA3dGc,86%,2 か月前,8,https://www.youtube.com/watch?v=B-nqblWpeIE,54000,【スカッとする話】医者の夫を奪ったママ友「年収3千万の医者の旦那くんの子供出来たw3ヶ月後の結婚式来てねw」私「わかった」（年収3千万の医者は私なんだけど黙っとこw）3ヶ月後w【スカッと】【朗読】
1,1287,701,小野 美月,https://www.youtube.com/channel/UCj4Ied5VqC7BnIyH-ZEWkfw,https://www.youtube.com/watch?v=TdV6YHK625k,100%,4 か月前,0,https://www.youtube.com/watch?v=iT0GjRHrB6w,260000,【スカッとする話】年末年始の親族の集まりで20人分のおせちをゴミ箱にぶちまけたエリート夫「親戚にマズイ飯を作るな！」私「私は何も作ってないよ？」夫「え？」実は...
1,1288,702,尴尬笑场团,https://www.youtube.com/channel/UCzUkBP4kXovWWNL8PmpEDbg,https://www.youtube.com/watch?v=h6_FVKQ7C9U,100%,22 時間前,0,https://www.youtube.com/watch?v=hRCh_bWpcgg,100000,【スカッとする話】私が義母の入院費を払ってると知らず新居に引っ越した夫「寄生虫は施設でもいけw」1億の高級施設に引越し入院費の支払も止めた結果w
1,1289,703,山田さんは,https://www.youtube.com/channel/UC2WjfhUwn8JI-RrAs59liww,https://www.youtube.com/watch?v=Qp98bVM5KII,100%,2 年前,25,https://www.youtube.com/watch?v=Fh364ViwyOM,28000,【スカッとする話】私の母と暮らす新築戸建が完成した途端、私を追い出した夫「やっぱこの家は俺のお袋と暮らすwお前は離婚して出てけｗ」私「はーい」3日後、銀行から夫の元へ鬼電がw
1,1290,704,幸せを感じる瞬間,https://www.youtube.com/channel/UCLonhlF7rxljOJAAuViNsuw,https://www.youtube.com/watch?v=_kaLh3m6A20,100%,1 年前,0,https://www.youtube.com/watch?v=yefpSXnGZOg,150000,【スカッとする話】私名義の新築戸建と知らず里帰り出産で我が家に来た娘「母さんの部屋は私が使うw」夫「お前は車で寝てろw」私「わかりました...」→キレた私が家を売り払うと...w
1,1291,705,心に響く感動ストーリー,https://www.youtube.com/channel/UCX6aBSlCbTqYjP1pjpTyqmg,https://www.youtube.com/watch?v=tYUEN-OoD-Q,100%,4 か月前,55319,https://www.youtube.com/watch?v=NTuf2k99EWQ,270000,【スカッとする話】体調不良でパートを早退し家に帰ると夫が親友と真っ最中...コッソリ二人の動画を撮影し親友の夫に送ってやった結果w
1,1292,706,心のさざめき4792,https://www.youtube.com/channel/UCPj5p8aRNuVF0zbQsqrQAjw,https://www.youtube.com/watch?v=a47cDF7xZOE,100%,2 か月前,12,https://www.youtube.com/watch?v=cVe3XmXeRuE,140000,【スカッとする話】私が離婚届に署名すると、満面の笑みで大喜びする義家族。新しい嫁を迎えた1週間後、電気・ガス・水道が止まると急に義家族が焦り出しw【朗読】【スカッと】
1,1293,707,心の声 5632,https://www.youtube.com/channel/UCCVKUOj3JXKmWMmSOGeozxQ,https://www.youtube.com/watch?v=AFVzCy0aF2Q,100%,3 週間前,4,https://www.youtube.com/watch?v=KOdNAZcklk0,14000,【スカッとする話】4歳の娘を寝かしつけていると、急にベランダを指差し囁いた。娘「ママがお外行くと、そこから女の人が来るの」→出かける瞬間110番するとw【朗読】【スカッと】
1,1294,708,心の琴線 5644,https://www.youtube.com/channel/UCJYX_lWgukSGeu6DwyhjoIQ,https://www.youtube.com/watch?v=WXfKxTqcHt8,100%,4 週間前,1,https://www.youtube.com/watch?v=2meTtNT2fJ8,250000,【スカッとする話】母の手術費のためにバケモノ御曹司と婚約した私。父「すまんな…」結婚初日、別人の彼の姿に驚愕し…【朗読】【スカッと】
1,1295,709,心をつなぐ日々,https://www.youtube.com/channel/UCs530ElEeJqWnpkba_rO50w,https://www.youtube.com/watch?v=_4yxyCaGPAc,100%,11 か月前,0,https://www.youtube.com/watch?v=yefpSXnGZOg,150000,【スカッとする話】私名義の新築戸建と知らず里帰り出産で我が家に来た娘「母さんの部屋は私が使うw」夫「お前は車で寝てろw」私「わかりました...」→キレた私が家を売り払うと...w
1,1296,710,心結びストーリー,https://www.youtube.com/channel/UCFt9F-PPAsYtY9clF7nHA1Q,https://www.youtube.com/watch?v=3UN8GzW--Gw,96%,3 週間前,1538,https://www.youtube.com/watch?v=VrctjOjY0Ts,88000,【スカッとする話】単身赴任中の私に夫から速達で離婚届…夫「息子も離婚して欲しいってw」私（やっと自由になれるw）大喜びして離婚届を提出し家を売り払い更地にするとw
1,1297,711,忘れられない人生,https://www.youtube.com/channel/UCBORNx2tI6AKOxEXvFbqkHQ,https://www.youtube.com/watch?v=mv3rrJ_1B6Q,97%,3 か月前,1,https://www.youtube.com/watch?v=tfbycPtFjbg,170000,【スカッとする話】義母を10年介護している私に夫「離婚してくれ…老後もお前と一緒は無理…」私「じゃあ介護と嫁辞めるね」即離婚して沖縄に引越すと夫から鬼電→携帯解約し永久に無視した結果w【朗読】
1,1298,712,怪盗大劇場,https://www.youtube.com/channel/UCQqsLRSl8nlMKoXQ9cBQOjw,https://www.youtube.com/watch?v=uDYQmWaMFn8,80%,3 年前,1207,https://www.youtube.com/watch?v=W_2WifFIdxI,61000,【スカッとする話】長男嫁のスマホに夫から着信。手を離せない長男嫁の代わりに私がスピーカーにして電話に出ると、嫁と勘違いした夫と長男がトンデモナイ会話をしはじめ…私は慌てて警察に通報した結果【修羅場】
1,1299,713,恋と運命の物語,https://www.youtube.com/channel/UCqClp4Ge1tl6cG829flsguQ,https://www.youtube.com/watch?v=oKAP2losSDE,100%,1 か月前,47,https://www.youtube.com/watch?v=UMALXNxEZ8g,46000,【スカッとする話】息子のために貯めた800万の進学資金を勝手に義母に渡した夫「ママが家買うから渡したw文句あるなら離婚！」私「OK」息子「今までありがとう！」夫「え？」【朗読】【スカッと】
1,1300,714,悠久の日本物語、Love in later life,,https://www.youtube.com/watch?v=VdMoB4jLY94,100%,1 か月前,37,https://www.youtube.com/watch?v=wdxUcG1tem8,200000,【スカッとする話】母の葬儀中に夫から電話「親戚の集まりなのにサボるな！親の葬儀とか知るか今すぐ来い」私「分かりました」喪服のまま駆け付けた結果ｗ
1,1301,715,愛してます,https://www.youtube.com/channel/UC6gNLfzMzauVJoWOjolWvuA,https://www.youtube.com/watch?v=L4_hlHPDv2U,73%,3 年前,0,https://www.youtube.com/watch?v=My7bUq_jaIs,110000,【スカッとする話】姑の誕生会でも私を家政婦扱いする夫「バカ嫁さっさと料理出せ」義父「これ全部1人で！？」私「いつものことですから…」すると義父が豹変し…【修羅場】
1,1302,716,愛の物語,https://www.youtube.com/channel/UCr0uPYLsElR-PJVQ-kVsKHQ,https://www.youtube.com/watch?v=_A0vxPbNh2Q,100%,1 年前,0,https://www.youtube.com/watch?v=yefpSXnGZOg,150000,【スカッとする話】私名義の新築戸建と知らず里帰り出産で我が家に来た娘「母さんの部屋は私が使うw」夫「お前は車で寝てろw」私「わかりました...」→キレた私が家を売り払うと...w
1,1303,717,愛の迷い道5054,https://www.youtube.com/channel/UCTykyrZHwZnNzsMtkeJ23Tw,https://www.youtube.com/watch?v=xvKdhcaN0fM,83%,1 か月前,16,https://www.youtube.com/watch?v=RWaATWML5EY,24000,【スカッとする話】正月、母が危篤で実家に帰ると義母「ここが嫌なら実家で暮らせ」私の荷物を外に投げ捨てた。私「後で撤回なしですよ？」義母「するかw」→1週間後w【朗読】【スカッと】
1,1304,718,感動あらいぐま,https://www.youtube.com/channel/UCArxrh4JYTcQAnX2-gtpgUw,https://www.youtube.com/watch?v=morcrC3Kui8,93%,2 年前,0,https://www.youtube.com/watch?v=Wk9S9SoTHxU,92000,【スカッとする話】夫と義両親から13年間も嫌われ続けた私。ある日、離婚届を置いて引っ越すと、ボロボロの夫と義両親から鬼電が→私（やっと気づいたかw）実は...
1,1305,719,感動する話,https://www.youtube.com/channel/UCeKwOwXDTuQQat8z0_QufRw,https://www.youtube.com/watch?v=chCRwjFYGQs,100%,1 年前,0,https://www.youtube.com/watch?v=7Pz5jiUvSnQ,50000,【スカッとする話】親友の出産祝いで産婦人科へ行くと新生児の父親がまさかの夫だった...。私「おめでと！赤ちゃん可愛いね！」速攻で帰宅し夫の荷物を全て捨て、家を売り払い引越した結果w
1,1306,720,感動ねこ,https://www.youtube.com/channel/UCWiXpmbMCz-XPl0dq81uXyQ,https://www.youtube.com/watch?v=dsYNmz8siwg,98%,2 年前,0,https://www.youtube.com/watch?v=T4fpgP_dhcQ,65000,【スカッとする話】私が夫の取引先の社長と知らず出張中に浮気相手を妊娠させ再婚したエリート銀行員の夫「家事も料理もしない役立たずは離婚ｗ慰謝料800万請求するからw」私「いいよ！」1ヶ月後、銀行から夫へ
1,1307,721,感動ぱんだ園,https://www.youtube.com/channel/UCdcnP05X5tVL_lehM9iM6ow,https://www.youtube.com/watch?v=9oVHzAmDXm8,92%,1 年前,0,https://www.youtube.com/watch?v=7BkfeUd5plU,76000,【スカッとする話】私が役員報酬で家計を支えていると知らず夫を略奪し引越した愛人。愛人「家政婦で良いなら住所教えるよw」私「じゃ時給780円の夫とは離婚で」愛人「寝言は寝て言えw」結果w
1,1308,722,感動ぽろり,https://www.youtube.com/channel/UCke1iKbiKwQ8NkbRgG5r4cg,https://www.youtube.com/watch?v=iJ5j6806r_U,85%,2 年前,0,https://www.youtube.com/watch?v=My7bUq_jaIs,110000,【スカッとする話】姑の誕生会でも私を家政婦扱いする夫「バカ嫁さっさと料理出せ」義父「これ全部1人で！？」私「いつものことですから…」すると義父が豹変し…【修羅場】
1,1309,723,感動サプライズ朗読 ,https://www.youtube.com/channel/UCVwHsLnY-oFWKcwz_e3OiTw,https://www.youtube.com/watch?v=mqxqoDxdiEI,94%,2 年前,42,https://www.youtube.com/watch?v=0U4B813ccGQ,37000,【スカッとする話】私が癌で入院になった途端に夫「通帳と印鑑はどこにあるんだ？俺が管理してやるから任せろw」私「5000万あるから宜しく」→1ヶ月後、通帳と印鑑と共に離婚届けだけを残し夫が消えた...
1,1310,724,感動スカッ,https://www.youtube.com/channel/UC_AlxSO8zevgbkHYbk8WFzA,https://www.youtube.com/watch?v=ED3hBxqLxrQ,100%,1 年前,1,https://www.youtube.com/watch?v=yefpSXnGZOg,150000,【スカッとする話】私名義の新築戸建と知らず里帰り出産で我が家に来た娘「母さんの部屋は私が使うw」夫「お前は車で寝てろw」私「わかりました...」→キレた私が家を売り払うと...w
1,1311,725,感動タイム,https://www.youtube.com/channel/UCIciRpiOBsHE83uJD8fKaXA,https://www.youtube.com/watch?v=AkuBXoZYQAc,93%,1 年前,1,https://www.youtube.com/watch?v=Wk9S9SoTHxU,92000,【スカッとする話】夫と義両親から13年間も嫌われ続けた私。ある日、離婚届を置いて引っ越すと、ボロボロの夫と義両親から鬼電が→私（やっと気づいたかw）実は...
1,1312,726,感動フクロ ,https://www.youtube.com/channel/UCs1h5pSYi5GY7B2Oufaun6w,https://www.youtube.com/watch?v=221kR2P3GCE,88%,2 年前,149,https://www.youtube.com/watch?v=G4O12jIGPfg,87000,【スカッとする話】夫が突然大量の荷物を持ってきて、夫「今日から俺の両親と姉を養う！嫌なら離婚だ！」私「え？もう離婚済みだけど？」夫「え？」結果w
1,1313,727,感動ラジオ #3,https://www.youtube.com/channel/UCQ0kveCVfXtCZnjmbfCVwmQ,https://www.youtube.com/watch?v=umabyaBZmDw,99%,2 年前,1,https://www.youtube.com/watch?v=dW-opdxTbYQ,110000,【スカッとする話】亡くなった元夫の保険金3000万で新築一軒屋を建てた夫「母さんに家買ったｗ逆らうなら離婚だw」私「わかりました。いいけど後悔するよ？」夫「しねぇよw」→1ヶ月後...【修羅場】
1,1314,728,憎むべき猫,https://www.youtube.com/channel/UC7tLdJ-6uJLK1p0auVsW5rQ,https://www.youtube.com/watch?v=tKY9aZw43ow,73%,1 か月前,1039,https://www.youtube.com/watch?v=3WlCnGLe67U,550000,【スカッとする話】私の両親が亡くなった途端、実家を勝手に解体した夫「今日から俺の家で両親と同居だ！」それを聞いた私は大爆笑→私「あんた達、知らないの？」実は...
1,1315,729,日々の声,https://www.youtube.com/channel/UCmp-GHTASavFshwQjo88xnA,https://www.youtube.com/watch?v=Tq6WucSc39w,100%,1 か月前,2,https://www.youtube.com/watch?v=p4pyD9SD1Tk,81000,【スカッとする話】義両親に蹴られ骨折した私に夫「寝かせとけば治るw」翌日、病室に嘲笑いに来た義家族「あれ、嫁は？w」医師「警察署です」義家族「え？」【朗読】【スカッと】
1,1316,730,日光浴するヒスイウサギ,https://www.youtube.com/channel/UCbHoAJB94D7IM8KOKllkIFw,https://www.youtube.com/watch?v=HPHObzH_Rf8,75%,1 年前,8,https://www.youtube.com/watch?v=luo2hcOOZik,140000,【スカッとする話】私と夫の事が大嫌いな長男夫婦「俺達の結婚式は欠席しろ。嫌なら絶縁する」私「いいけど、アナタ達本当に大丈夫？後悔するよ？」長男「しねぇよw二度と連絡してくんなw」数ヶ月後w【修羅場】
1,1317,731,日常のドラマ4719,https://www.youtube.com/channel/UCSignnxN2iirq5H0CsKtoBQ,https://www.youtube.com/watch?v=izcH_h6hMRw,100%,1 か月前,2,https://www.youtube.com/watch?v=Tpbu9uHiFPg,110000,【スカッとする話】結婚10年目に銀行員の夫が突然の暴露「お前の親友と結婚するw籍入れてないし財産分与は無しw」私「あれ？あんた知らないの？」夫「何がだよw」実は…
1,1318,732,日料寿司料理,https://www.youtube.com/channel/UC8w8D_s25Z0LGR34gpcn2JQ,https://www.youtube.com/watch?v=alZdxZpSk_k,97%,2 週間前,3,https://www.youtube.com/watch?v=jcLkESG2h5U,47000,【スカッと】単身赴任の夫の家へサプライズで行くと記入済みの離婚届が...私「お望み通り提出するか」速攻で提出して携帯解約し家を売却して海外移住した結果w
1,1319,733,日本の夫婦問題,https://www.youtube.com/channel/UCDFNUXZbMyJc9QaS87Y8Ijg,https://www.youtube.com/watch?v=McjSueWqmD0,100%,1 か月前,0,https://www.youtube.com/watch?v=iT0GjRHrB6w,260000,【スカッとする話】年末年始の親族の集まりで20人分のおせちをゴミ箱にぶちまけたエリート夫「親戚にマズイ飯を作るな！」私「私は何も作ってないよ？」夫「え？」実は...
1,1320,734,日本感動ばなし,https://www.youtube.com/channel/UCCgNY4omgwcyxOcVRitvcYw,https://www.youtube.com/watch?v=_1xYeS6oJSw,93%,1 年前,0,https://www.youtube.com/watch?v=Wk9S9SoTHxU,92000,【スカッとする話】夫と義両親から13年間も嫌われ続けた私。ある日、離婚届を置いて引っ越すと、ボロボロの夫と義両親から鬼電が→私（やっと気づいたかw）実は...
1,1321,735,昭和の記憶、感動する話,,https://www.youtube.com/watch?v=gEeA_My_hRM,93%,5 か月前,46,https://www.youtube.com/watch?v=ZRMhr32Ws-4,64000,【スカッとする話】実家へ向かう電車に乗る直前、見知らぬ老人に服を引っ張られ、老人「行っちゃダメ、信じてくれ」老人の言う通りにすると、半狂乱の義家族から鬼電がw【朗読】【スカッと】
1,1322,736,昼下がりのスカッと,https://www.youtube.com/channel/UCMWFvRVBco2O9zM7bXbwjUw,https://www.youtube.com/watch?v=tDONHNWNVO4,87%,3 年前,18586,https://www.youtube.com/watch?v=WGZlqIy1Ilk,210000,【スカッとする話】夫が土下座で「20歳年下の彼女が妊娠したから離婚してくれ」私「はい、離婚届け。長男以外は連れていくね」夫「は？長男も連れていけよ」私「それは無理、だってこの子は…」【スカッと】
1,1323,737,時の物語館,https://www.youtube.com/channel/UCCtXjzFJHJdUc_qApzwueXg,https://www.youtube.com/watch?v=4-njMT5H7Ds,100%,3 週間前,1337,https://www.youtube.com/watch?v=70JSyEr3ztQ,340000,【スカッと総集編】夫が土下座「20歳の愛人が妊娠した！離婚してくれ！」私「はい離婚届け。じゃ娘以外は連れてくね」夫「は？娘も連れていけよ」私「無理、だってこの子は…」【スカッとする話】
1,1324,738,暮らしの音色帳,https://www.youtube.com/channel/UCdlQacYRhi56_RZpOL4vQ8g,https://www.youtube.com/watch?v=nnAyvzt5s4s,100%,1 年前,0,https://www.youtube.com/watch?v=yefpSXnGZOg,150000,【スカッとする話】私名義の新築戸建と知らず里帰り出産で我が家に来た娘「母さんの部屋は私が使うw」夫「お前は車で寝てろw」私「わかりました...」→キレた私が家を売り払うと...w
1,1325,739,最高の料理,https://www.youtube.com/channel/UC2M4rDbbfQAC2NSPqAivU3A,https://www.youtube.com/watch?v=iqitCs1ZvZY,87%,2 年前,189,https://www.youtube.com/watch?v=5a4gV_aBnT4,48000,【スカッとする話】夫「里帰り出産で娘が帰ってくるから出て行け！」私「じゃあ出ていきます（ローン月18万払ってるの私なのに…）」家の名義を夫に変更し引越した結果w【スカッと】
1,1326,740,月明かりの感動物語,https://www.youtube.com/channel/UClTtIVFIWgNbDCNxppDon4A,https://www.youtube.com/watch?v=mdZQHIhTb60,100%,1 か月前,28047,https://www.youtube.com/watch?v=T3DS3QFl4gM,59000,【スカッとする話】不倫した夫と離婚して4日後、ホテルで豪遊する義母から電話。義母「カード使えなくなった！宿泊代30万振り込んでw」もう他人なので無視した結果w【朗読】【スカッと】
1,1327,741,月灯りの読書室,https://www.youtube.com/channel/UCQzDi4rYTAUtLQaL3zm66Sw,https://www.youtube.com/watch?v=IABqPXDDY5Y,100%,9 日前,2,https://www.youtube.com/watch?v=3WlCnGLe67U,550000,【スカッとする話】私の両親が亡くなった途端、実家を勝手に解体した夫「今日から俺の家で両親と同居だ！」それを聞いた私は大爆笑→私「あんた達、知らないの？」実は...
1,1328,742,朗読ちゃんねる【スカッとワンダーランド】,https://www.youtube.com/channel/UC7eMDBLI50IfRdyruHsGhoA,https://www.youtube.com/watch?v=lmDUJVeJQII,100%,2 年前,773,https://www.youtube.com/watch?v=BKC9CbFIESk,52000,【スカッとする話】夫の連れ子の娘と暮らし始めて1年。しかし、全くなつく気配がない…夫が海外出張に行った日に娘が初めて話しかけてきた。娘「お母さん、実は...」そう言って差し出された手には...
1,1329,743,杀手,https://www.youtube.com/channel/UCMfHGFRts2NhQg91zKOaaLg,https://www.youtube.com/watch?v=5mQYdtIKWjc,90%,2 年前,99,https://www.youtube.com/watch?v=-fE68tebmjk,72000,【スカッとする話】夫の出張中に息子に誘われ高級ホテルへディナーに行くと女性にプロポーズする夫「亡き妻と息子の分まで幸せにする！」直後、静かに席を立ち上がり求婚に乱入→私と息子「死んだ全家族です」
1,1330,744,東京ストーリー 5628、悪者成敗劇場 5944,,https://www.youtube.com/watch?v=_xTmPpX5PcA,100%,3 週間前,91658,https://www.youtube.com/watch?v=I334MxuvSr0,100000,【スカッとする話】夫が出張に出かけた瞬間、車椅子の息子が突然立ち上がり、息子「母さん、今すぐ逃げよう」理由を知った私は顔面蒼白に…【朗読】【スカッと】
1,1331,745,段小段,https://www.youtube.com/channel/UC73C1p_AtHaQAjc8wiv54mw,https://www.youtube.com/watch?v=hl0tnMTRcoE,92%,4 日前,0,https://www.youtube.com/watch?v=7BkfeUd5plU,76000,【スカッとする話】私が役員報酬で家計を支えていると知らず夫を略奪し引越した愛人。愛人「家政婦で良いなら住所教えるよw」私「じゃ時給780円の夫とは離婚で」愛人「寝言は寝て言えw」結果w
1,1332,746,毎日物語を語る,https://www.youtube.com/channel/UChxPjbtxLqb-kjHEqBI6NgQ,https://www.youtube.com/watch?v=vpaMoqWZCM0,100%,2 年前,7,https://www.youtube.com/watch?v=IaHdv7dT6Sc,120000,【スカッとする話】18年間家賃を払ってきた私を罵倒する夫と連れ子「月10万の家賃程度で偉そうにw」夫「支払い止めてみろw」私「喜んで」3ヶ月後w
1,1333,747,毒親からの脱出,https://www.youtube.com/channel/UCaa05zGN9IOAwjshkgJhjEw,https://www.youtube.com/watch?v=nMrsl-UTRug,98%,1 か月前,3,https://www.youtube.com/watch?v=LXxfsTZeuZU,110000,【スカッと】長男夫婦がお盆に帰省し私が店を予約すると長男嫁「何この汚い店w年金生活の貧乏ババァじゃ仕方ないかw」直後、普段温厚な夫→夫「調子乗るなよガキが」長男嫁「え？」
1,1334,748,涙が語る物語,https://www.youtube.com/channel/UCWfG3hk2_Puwh6BcWjBg1Vg,https://www.youtube.com/watch?v=3qTmC3gKpIU,100%,1 か月前,6,https://www.youtube.com/watch?v=70JSyEr3ztQ,340000,【スカッと総集編】夫が土下座「20歳の愛人が妊娠した！離婚してくれ！」私「はい離婚届け。じゃ娘以外は連れてくね」夫「は？娘も連れていけよ」私「無理、だってこの子は…」【スカッとする話】
1,1335,749,涙が語る物語、海外の反応,,https://www.youtube.com/watch?v=JwlH4J0BCpw,100%,1 か月前,42,https://www.youtube.com/watch?v=lRIrN83xkSc,62000,【スカッとする話】私の車のアクセルにこっそり手を加える夫。私（知らないふりしよw）翌日、車を義両親に貸し出すと、夫「ま、待ってくれ…」実はw【朗読】【スカッと】
1,1336,750,涙のあとに咲く花,https://www.youtube.com/channel/UCn_lu_yqvINqU0EIdWI2JyQ,https://www.youtube.com/watch?v=kp5ZpCz48DE,100%,2 か月前,426,https://www.youtube.com/watch?v=NTuf2k99EWQ,270000,【スカッとする話】体調不良でパートを早退し家に帰ると夫が親友と真っ最中...コッソリ二人の動画を撮影し親友の夫に送ってやった結果w
1,1337,751,涙の終着駅,https://www.youtube.com/channel/UC_Y9e904aBrTCe8XGXhAOzg,https://www.youtube.com/watch?v=Db8mmVSm6s4,96%,12 日前,2160,https://www.youtube.com/watch?v=AdhCK-BGvg4,130000,【スカッとする話】年末に息子夫婦が泊まりにくると、深夜に夫が突然私を裏口に…夫「今のうちに家から出よう」私「え？年越しそば食べないの？」夫「お前気づいてないのか？」【朗読】【スカッと】
1,1338,752,満月の夜の秘密トーク,https://www.youtube.com/channel/UCIKdgoY7I_OTzxO6ERTScyQ,https://www.youtube.com/watch?v=luix7KZ4K2Y,100%,1 か月前,0,https://www.youtube.com/watch?v=iT0GjRHrB6w,260000,【スカッとする話】年末年始の親族の集まりで20人分のおせちをゴミ箱にぶちまけたエリート夫「親戚にマズイ飯を作るな！」私「私は何も作ってないよ？」夫「え？」実は...
1,1339,753,澄澄推文,https://www.youtube.com/channel/UCPiiBm-GGD3QxAn9wS4fu6w,https://www.youtube.com/watch?v=RkIGm52gqoQ,98%,8 日前,1,https://www.youtube.com/watch?v=iWpWDCY4L5o,100000,【スカッとする話】夫の連れ子の出産祝いに行くと、連れ子「ババァは戸籍上は他人w赤ちゃん触るなら1回30万払えw」夫「...帰るか」私「うん」速攻で帰宅→永遠に他人扱いした結果w
1,1340,754,熊谷 まどか,https://www.youtube.com/channel/UCnzlVEV5tWMxaWVvuyvVnyg,https://www.youtube.com/watch?v=m-Mdd2VMcoY,100%,2 年前,0,https://www.youtube.com/watch?v=FCdlxHtcEDY,72000,【スカッとする話】私が長男に月10万仕送りしてるとも知らず新築に引越す長男嫁「ババアの全てが大嫌い！家族だけで暮らすから出てけ！」即絶縁して、あらゆる名義を変更した結果w【修羅場】【スカッと】
1,1341,755,猫耳スカッと劇場,https://www.youtube.com/channel/UCbQTA8mN_UV80GZ34QTOAhA,https://www.youtube.com/watch?v=zf-fVBFSCYk,76%,2 年前,16671,https://www.youtube.com/watch?v=m6PL4_0i4yI,67000,【スカッと総集編】夫と義両親に招待され高級寿司屋へ行くと、なぜか私だけ強制的に別室に案内。大将「今すぐ裏口からお逃げください！」明かされた衝撃の事実を知り、私は慌てて寿司屋を飛び出し【スカッとする話】
1,1342,756,生活ドラマ館,https://www.youtube.com/channel/UCY-_AFznihtulp3Z-fmudzQ,https://www.youtube.com/watch?v=hHr-sS50d9E,94%,8 日前,5,https://www.youtube.com/watch?v=-DJHSErvh0c,100000,【スカッとする話】私の両親を侮辱した義母に私「義実家と絶縁させていただきます。親戚とも今後一切会いません。」夫「じゃあ離婚だw出てけw」3日後、涙を流した夫から鬼電がw
1,1343,757,略奪女,https://www.youtube.com/channel/UCLFhnTFllQFADQfgvPAtGfQ,https://www.youtube.com/watch?v=k0j-LsxePhY,99%,1 か月前,9,https://www.youtube.com/watch?v=JaGjTAkTfxQ,300000,【スカッとする話】私が夫の入院費を払ってると知らず私の荷物を全て捨てた夫の連れ子「もうパパに寄生するなw」連れ子を残し1億のタワマンに引越し入院費の支払いも止めた結果w
1,1344,758,略奪女を成敗する,https://www.youtube.com/channel/UCJp73l8_hVv3B87urdWKPQA,https://www.youtube.com/watch?v=5HXJqNSX7Ds,99%,1 か月前,2,https://www.youtube.com/watch?v=JaGjTAkTfxQ,300000,【スカッとする話】私が夫の入院費を払ってると知らず私の荷物を全て捨てた夫の連れ子「もうパパに寄生するなw」連れ子を残し1億のタワマンに引越し入院費の支払いも止めた結果w
1,1345,759,縁側と涙,https://www.youtube.com/channel/UCCKArbhhCtWyuFIqCRMGLuQ,https://www.youtube.com/watch?v=V-xMKY_y1wE,96%,5 か月前,432,https://www.youtube.com/watch?v=AdhCK-BGvg4,130000,【スカッとする話】年末に息子夫婦が泊まりにくると、深夜に夫が突然私を裏口に…夫「今のうちに家から出よう」私「え？年越しそば食べないの？」夫「お前気づいてないのか？」【朗読】【スカッと】
1,1346,760,美しい日本、深淵の調書,,https://www.youtube.com/watch?v=_5xRLHYqR3M,81%,2 か月前,5464,https://www.youtube.com/watch?v=cVe3XmXeRuE,140000,【スカッとする話】私が離婚届に署名すると、満面の笑みで大喜びする義家族。新しい嫁を迎えた1週間後、電気・ガス・水道が止まると急に義家族が焦り出しw【朗読】【スカッと】
1,1347,761,老後に灯る小さな幸せ,https://www.youtube.com/channel/UClulJjpNJoMyXdqxbuTlp4w,https://www.youtube.com/watch?v=DaFu0AyFoUQ,73%,1 か月前,41,https://www.youtube.com/watch?v=3WlCnGLe67U,550000,【スカッとする話】私の両親が亡くなった途端、実家を勝手に解体した夫「今日から俺の家で両親と同居だ！」それを聞いた私は大爆笑→私「あんた達、知らないの？」実は...
1,1348,762,老蔡的田园,https://www.youtube.com/channel/UC72EEX08x8NsK4PUubN_BZg,https://www.youtube.com/watch?v=n7_YwDBE6K4,96%,2 週間前,1,https://www.youtube.com/watch?v=VrctjOjY0Ts,88000,【スカッとする話】単身赴任中の私に夫から速達で離婚届…夫「息子も離婚して欲しいってw」私（やっと自由になれるw）大喜びして離婚届を提出し家を売り払い更地にするとw
1,1349,763,自己中マザコンの末路,https://www.youtube.com/channel/UCYWiXNG1ompMYgvD-5QwYPg,https://www.youtube.com/watch?v=oC3BMPMB56E,98%,3 週間前,0,https://www.youtube.com/watch?v=LXxfsTZeuZU,110000,【スカッと】長男夫婦がお盆に帰省し私が店を予約すると長男嫁「何この汚い店w年金生活の貧乏ババァじゃ仕方ないかw」直後、普段温厚な夫→夫「調子乗るなよガキが」長男嫁「え？」
1,1350,764,芋泥卷卷,https://www.youtube.com/channel/UC9ByA8EPkJwGPN_-XBdzzWA,https://www.youtube.com/watch?v=vcf4P4C-2fA,93%,3 週間前,62,https://www.youtube.com/watch?v=GZtalGoS6qE,110000,【スカッとする話】親族の集まりでエリート夫「嫁の飯はまずいんだよなw」私「え？私の料理食べた事ある？食事はいつも愛人宅じゃないの」義父「は？」義両親がブチギレ...
1,1351,765,若い子豚,https://www.youtube.com/channel/UCdZzVPtSayihh9XVobCBoUA,https://www.youtube.com/watch?v=VRkHIhUQXTQ,98%,2 年前,0,https://www.youtube.com/watch?v=eb8s4DgkJ3o,140000,【スカッとする話】孫の100日祝いに親戚一同と行くと私だけ席がなかった…長男嫁「家族の席しかありませんw」私「…帰りますか」親戚一同「うん」3分後、長男嫁に悲劇がw
1,1352,766,華麗なる復讐話,https://www.youtube.com/channel/UC_QH2ZEE74Tv7auJYZV8jbg,https://www.youtube.com/watch?v=sh1-9PBxsU8,81%,3 年前,2582,https://www.youtube.com/watch?v=l5MOnDUec8k,34000,【スカッとする話】祖母と同居の長男夫婦に毎月25万の仕送りをする私が祖母の様子を見に行くと伝えると長男が激怒「何しにくる気だ！？今まで何もしなかったくせに！」私「は？」実は…
1,1353,767,裏切りと真実の話,https://www.youtube.com/channel/UCHidYLh7fdvFC_PglWk56ig,https://www.youtube.com/watch?v=Oq7unqUt8-I,97%,3 か月前,46,https://www.youtube.com/watch?v=tfbycPtFjbg,170000,【スカッとする話】義母を10年介護している私に夫「離婚してくれ…老後もお前と一緒は無理…」私「じゃあ介護と嫁辞めるね」即離婚して沖縄に引越すと夫から鬼電→携帯解約し永久に無視した結果w【朗読】
1,1354,768,西川 明里,https://www.youtube.com/channel/UCe0GliJbrZxV_W9vFvJlNew,https://www.youtube.com/watch?v=f6hDhF_1EWg,100%,1 か月前,1,https://www.youtube.com/watch?v=iT0GjRHrB6w,260000,【スカッとする話】年末年始の親族の集まりで20人分のおせちをゴミ箱にぶちまけたエリート夫「親戚にマズイ飯を作るな！」私「私は何も作ってないよ？」夫「え？」実は...
1,1355,769,言葉にできない感情,https://www.youtube.com/channel/UCHn5Wo-_Ke1DMbNWRdocyvw,https://www.youtube.com/watch?v=Y2Q1v_PWRcM,93%,9 か月前,16,https://www.youtube.com/watch?v=BxbIB3mhgsg,110000,【スカッとする話】農家の私だけ引っ越し祝いに呼ばなかった長男嫁「新築に汚いババアは困りますw今後も関わらないで下さいw」私「汚くてごめんなさいね」翌日、慌てた嫁から鬼電が...w【修羅場】【スカッと】
1,1356,770,話しかける日々,https://www.youtube.com/channel/UC2BZAHeIIpvFQeMWkWTgasA,https://www.youtube.com/watch?v=_G4GjcXublo,88%,1 年前,0,https://www.youtube.com/watch?v=G4O12jIGPfg,87000,【スカッとする話】夫が突然大量の荷物を持ってきて、夫「今日から俺の両親と姉を養う！嫌なら離婚だ！」私「え？もう離婚済みだけど？」夫「え？」結果w
1,1357,771,貯金箱,https://www.youtube.com/channel/UCmBjLSJLiOrOTuY_BH98p8w,https://www.youtube.com/watch?v=WnmTq5KATtU,96%,2 年前,1,https://www.youtube.com/watch?v=0o71wb5Xrwc,73000,【スカッとする話】10年間介護した義母が他界すると夫「愛人が妊娠したから離婚でw」愛人「賞味期限切れた嫁は失せろw」6ヶ月後、愛人が子供を産むと→夫は半狂乱に。だって目と鼻が…
1,1358,772,近藤 智 ,https://www.youtube.com/channel/UCGrrWOm-FX7EsUB4uGVtxCA,https://www.youtube.com/watch?v=FGbjMRQItrA,100%,1 か月前,178,https://www.youtube.com/watch?v=iT0GjRHrB6w,260000,【スカッとする話】年末年始の親族の集まりで20人分のおせちをゴミ箱にぶちまけたエリート夫「親戚にマズイ飯を作るな！」私「私は何も作ってないよ？」夫「え？」実は...
1,1359,773,退屈な話,https://www.youtube.com/channel/UC3lz1UnA35nLXcQXFzaNuYQ,https://www.youtube.com/watch?v=5to8bJGPr94,94%,3 時間前,0,https://www.youtube.com/watch?v=cjBq52rVRwk,33000,【スカッとする話】浮気中の夫が緊急搬送され救急隊員「家族の方ですか？」私「いえ、家族ではありません」他人扱いしてやった結果...【修羅場】
1,1360,774,逆転の結末,https://www.youtube.com/channel/UCxpOyuqZReR-6JpC7yz86-Q,https://www.youtube.com/watch?v=__XPc1ybowo,73%,2 週間前,140,https://www.youtube.com/watch?v=3WlCnGLe67U,550000,【スカッとする話】私の両親が亡くなった途端、実家を勝手に解体した夫「今日から俺の家で両親と同居だ！」それを聞いた私は大爆笑→私「あんた達、知らないの？」実は...
1,1361,775,逆転ストーリー 5025,https://www.youtube.com/channel/UCMi5dbiC9mVMJY5M3fhi5qA,https://www.youtube.com/watch?v=-WSRP8Gbyl4,97%,1 か月前,0,https://www.youtube.com/watch?v=nlS5u4pCtI0,38000,【スカッとする話】警察官の弟の結婚式に出席した私。義母「中卒の姉は一族の恥ねw」直後、慌てた弟が義母に私の正体を伝えると、義母は顔面蒼白に…【朗読】【スカッと】
1,1362,776,運命の分岐点,https://www.youtube.com/channel/UCRX2SH5h57o-K1goTwfpxaQ,https://www.youtube.com/watch?v=Iq2EFU85ioQ,100%,2 か月前,258,https://www.youtube.com/watch?v=lRIrN83xkSc,62000,【スカッとする話】私の車のアクセルにこっそり手を加える夫。私（知らないふりしよw）翌日、車を義両親に貸し出すと、夫「ま、待ってくれ…」実はw【朗読】【スカッと】
1,1363,777,運命の国際恋愛,https://www.youtube.com/channel/UCFK780ZszATo7Bfl9WE-K6w,https://www.youtube.com/watch?v=m0muZS34Im8,91%,2 か月前,582,https://www.youtube.com/watch?v=tfbycPtFjbg,170000,【スカッとする話】義母を10年介護している私に夫「離婚してくれ…老後もお前と一緒は無理…」私「じゃあ介護と嫁辞めるね」即離婚して沖縄に引越すと夫から鬼電→携帯解約し永久に無視した結果w【朗読】
1,1364,778,運命の糸4933,https://www.youtube.com/channel/UCqd_jW2lAgOxuXLAfqKYOGA,https://www.youtube.com/watch?v=cY00IO3HSiQ,100%,2 か月前,14,https://www.youtube.com/watch?v=cVe3XmXeRuE,140000,【スカッとする話】私が離婚届に署名すると、満面の笑みで大喜びする義家族。新しい嫁を迎えた1週間後、電気・ガス・水道が止まると急に義家族が焦り出しw【朗読】【スカッと】
1,1365,779,鈴の音シアター、隣のシニアドラマ,,https://www.youtube.com/watch?v=W4aa9d-hnIM,96%,2 か月前,7086,https://www.youtube.com/watch?v=AdhCK-BGvg4,130000,【スカッとする話】年末に息子夫婦が泊まりにくると、深夜に夫が突然私を裏口に…夫「今のうちに家から出よう」私「え？年越しそば食べないの？」夫「お前気づいてないのか？」【朗読】【スカッと】
1,1366,780,隠された物語、他 2 チャンネル,,https://www.youtube.com/watch?v=lotFjnc3vDg,100%,3 日前,187,https://www.youtube.com/watch?v=BwuYpXAl90I,28000,【スカッとする話】裕福な義両親の還暦祝い当日、高級寿司店で私を嫌う義姉「金目的の貧乏人は来んなw」一同「了解。じゃあ帰るか」全員が帰り出すと義姉が慌て出しw【朗読】【スカッと】
1,1367,781,雨の中の記憶、感動フェアリー,,https://www.youtube.com/watch?v=6J_XmjyNLgM,100%,6 日前,9,https://www.youtube.com/watch?v=nzWFHkZDXWs,45000,【スカッとする話】義家族と花見に行くと義母「家族の皆は高級弁当w」私（私の分だけない…）夫「…帰るぞ」私「いいの？涙」3分後、大号泣の義母から鬼電がw
1,1368,782,雨の中の記憶、有声书4,,https://www.youtube.com/watch?v=C-LgyirUjWk,100%,3 日前,31,https://www.youtube.com/watch?v=pQP4Xa2IAVI,48000,【スカッと総集編】20億の資産を築いた父が他界すると、突然豹変した夫と義両親。夫「遺産は俺達が管理する！」義母「嫌なら離婚して出てけw」私「じゃ離婚で」→1週間後w
1,1369,783,静かな夜の物語、他 2 チャンネル,,https://www.youtube.com/watch?v=Drng3NlRVtg,100%,3 週間前,0,https://www.youtube.com/watch?v=cnVie20jJ4w,48000,【スカッとする話】私の夫が亡くなった途端、家を勝手に解体した義両親「嫁は我が家で家政婦しなw」それを聞いた私は大爆笑→私「私は独身ですが？w」実は...
1,1370,784,静かな復讐朗読室、他 2 チャンネル,,https://www.youtube.com/watch?v=YuFWDRrRZAA,100%,1 か月前,38,https://www.youtube.com/watch?v=sd-a4XIE7jQ,360000,【スカッと総集編】私の年収が2000万と知らず入院中の私を捨て愛人と再婚した夫「離婚届け出しといたｗ慰謝料として家と車は貰うｗ」私「承知しました」→3日後、半狂乱の夫から200件の鬼電がw【修羅場】
1,1371,785,風鈴の音,https://www.youtube.com/channel/UC0Q1xuCdM4teZyc4258M27A,https://www.youtube.com/watch?v=JWJs3WmxTmY,86%,1 か月前,109,https://www.youtube.com/watch?v=B-nqblWpeIE,54000,【スカッとする話】医者の夫を奪ったママ友「年収3千万の医者の旦那くんの子供出来たw3ヶ月後の結婚式来てねw」私「わかった」（年収3千万の医者は私なんだけど黙っとこw）3ヶ月後w【スカッと】【朗読】
1,1372,786,鶴の恩返し,https://www.youtube.com/channel/UCc7i9BRbAQz52z1E9dNiE0w,https://www.youtube.com/watch?v=-Hcq0Nxgg8M,97%,2 年前,0,https://www.youtube.com/watch?v=mRlS0rHQ-lY,120000,【スカッとする話】夫「引越しは済んだか？」私「今日中に出ていくわ」ATM扱いされ家を追い出された私。1ヶ月後、夫が血相を変えて鬼電してきて...【修羅場】
1,1373,787,黄昏に見つけた幸せの物語、Valley The Sun,,https://www.youtube.com/watch?v=ZPlGHHZ9Re4,100%,3 か月前,25,https://www.youtube.com/watch?v=u1Ga8VNwPE4,78000,【スカッとする話】夫が亡くなり8年経ったある日、納骨堂に写真を供えていると少年「隣に住んでるおじさんだ」詳しく話を聞くと背筋が凍り…【朗読】【スカッと】
1,1374,788,黄金の時間,https://www.youtube.com/channel/UC_hHsTiuNoC1evTxjzQjXcg,https://www.youtube.com/watch?v=etwh77C2Erw,78%,9 か月前,2409,https://www.youtube.com/watch?v=0ilhld7tjCo,270000,【スカッと総集編】私が余命３ヶ月と聞いて愛人と豪遊しはじめた夫「お前まだ生きてんのか？w」 私「え？余命３ヶ月はアナタよ？」 夫「は？」実は...   【修羅場】【スカッとする話】
1,1375,789,봄나들이길,https://www.youtube.com/channel/UCe0ulpV-qbPNmGZZTo7RqAg,https://www.youtube.com/watch?v=akZfu2tYCPA,99%,1 年前,0,https://www.youtube.com/watch?v=vyDCAcHPme8,86000,【スカッとする話】夫「来月ママが引っ越してくる！お前の部屋片付けておけw」私「はーい、キレイにしておくね」夫の出張中に不動産屋に連絡し家を売り払いキレイに更地にした結果w
2,1376,1,藤田 七海,https://www.youtube.com/channel/UCe0KTxGVR84qUjkAHQb-wGg,https://www.youtube.com/watch?v=MCdA3DExAwI,100%,2 週間前,3,https://www.youtube.com/watch?v=ZobJWKrmIzQ,77000,【スカッとする話】娘の結婚式に愛人と共に現れた夫「彼女にも座らせてあげて」私は黙って愛人に席を譲った直後、グループ10社を束ねる新郎父「会長、お久しぶりです」【朗読】【スカッと】
2,1377,2,スカッと物語,https://www.youtube.com/channel/UCLz5UoQMIAja9LyZIOCYmQg,https://www.youtube.com/watch?v=Ef-RDmTY9Jk,100%,7 日前,0,https://www.youtube.com/watch?v=DEqKKzP1pB4,21000,【スカッとする話】通院費1万すら拒絶した息子夫婦「年金から払えば？w」翌日、家の名義を変え姿を消すと、大号泣の2人から大量着信が…w【朗読ドラマ】【朗読】【スカッと】
2,1378,3,出る杭は打たれる,https://www.youtube.com/channel/UCAmIDIbiOxKA9YSVK0aYSZQ,https://www.youtube.com/watch?v=1cday0ktFEQ,100%,2 か月前,0,https://www.youtube.com/watch?v=DeIUkxQ3Yjg,10000,【スカッとする話】生まれた息子が夫に似てない。夫「浮気してたな？離婚だ！」義父「今すぐ出てけアバズレが」10年後、夫と義父と遭遇すると2人が発狂。だって息子は…
2,1379,4,良い話,https://www.youtube.com/channel/UCSrk1OzKlw4sCvRbksLDgcQ,https://www.youtube.com/watch?v=_NmgMfK7eX0,100%,5 日前,0,https://www.youtube.com/watch?v=s8zl0VxtC2k,63000,【スカッと総集編】離婚から２週間で再婚した元夫「家柄、性格ともに最高の嫁w」夫の新しい嫁を見た瞬間、私は思わず大爆笑www→だってその嫁は…w
2,1380,5,家庭の真実 5497,https://www.youtube.com/channel/UCqzVZHS7_AHD3WczZdnOkwg,https://www.youtube.com/watch?v=RoD3ADzOkEQ,100%,4 週間前,21,https://www.youtube.com/watch?v=AW46gN91lmo,18000,【スカッとする話】孫の合格祝いで義実家に行くと私と夫だけわさびのみだった…義兄「もらえるだけ光栄だろw」私「ありがたく頂きますね」帰宅後、悶絶し涙目の義兄が…w【朗読】【スカッと】
2,1381,6,スカッとストーリー 5006,https://www.youtube.com/channel/UC1x3I0LM2SzXkpn57uaFuQA,https://www.youtube.com/watch?v=7p73mp_ivBs,100%,1 か月前,89,https://www.youtube.com/watch?v=Jrhwc49ujEM,68000,【スカッとする話】貧乏なフリしてお見合いに行くと男性社長「仕事は何してるの？」私「内職です…（フラれたな）」直後、伝票に書いた私の字を見た彼「僕と付き合って」実は…【朗読】【スカッと】
2,1382,7,嫁ゴコロ逆転朗読館,https://www.youtube.com/channel/UCQDSjWHn0tvkuVZav4jZnXQ,https://www.youtube.com/watch?v=JIMx_juz-_s,100%,6 日前,0,https://www.youtube.com/watch?v=Lz3rc2N2XhM,47000,【スカッとする話】正月、帰省の新幹線で、妊娠中の私を立ち席にした夫は「腰が痛い」と1人グリーン車へ。愛人の元へ向かったと知った私は、何も告げず新大阪で姿を消すとw【朗読】【スカッと】
2,1383,8, 読書室【スカッとする話】,https://www.youtube.com/channel/UCjQd7ZVm5BPbGpB_V9B6kgQ,https://www.youtube.com/watch?v=9zs6le8kFYk,100%,1 年前,1,https://www.youtube.com/watch?v=7msH4kMIKYA,15000,【スカッと】夫を略奪した妹の結婚式で妹「今日から私が社長夫人で〜すw社員は全員パシリよろしく〜w」直後、社員一同が大爆笑w→私（社長は私なんだよな…w）
2,1384,9,憂鬱よりスカッと,https://www.youtube.com/channel/UC8bvniIkSPPf_5ELr1VNZCQ,https://www.youtube.com/watch?v=WxOpFiBUsKQ,100%,2 年前,68,https://www.youtube.com/watch?v=jpA_PiL1qKA,31000,【スカッとする話】私「もう限界！実家に帰ります！」実家帰省した私が家に帰ると私「ただい...ま？」机の上に記入済みの離婚届が...私「出せっていうから提出しよw」大喜びで市役所へ行った結果w
2,1385,10,とする話 ,https://www.youtube.com/channel/UC-1KoQRWd1ijwgKpAmRTQ7A,https://www.youtube.com/watch?v=SBuY8D55Xp8,100%,1 年前,0,https://www.youtube.com/watch?v=H3HkNoT1qF0,72000,【スカッとする話】母が他界した直後、7歳の私を捨て職場の愛人と再婚した父「お前は目障りだから施設行けw」3か後、半狂乱の父から鬼電→私「私に父はいませんけど？」
2,1386,11,Dima Tomashevich,https://www.youtube.com/channel/UCkfiH3lPVPodePE4eNSDpWg,https://www.youtube.com/watch?v=JiYO5b0V6pU,100%,2 年前,0,https://www.youtube.com/watch?v=3SjNRx445WM,31000,【スカッとする話】家事に疲れて昼寝してた私に花瓶の水をぶっかけてきた長男嫁「私のおかげで暮らせてるのに…ちゃんとメシぐらい作れ！」私「無理。じゃあ出て行くわ」長男嫁「え？」
2,1387,12,さあ、どうぞ,https://www.youtube.com/channel/UCG-XF2tttCtNESz__p6GQ7w,https://www.youtube.com/watch?v=t74xjdInIKo,100%,2 か月前,1,https://www.youtube.com/watch?v=ZJzIfS3DH88,18000,【スカッとする話】病気で盲目になった夫のため、365日ずっと料理を作る私に夫「味噌汁おいしかった！味噌変えた？」私は空っぽの鍋を見た瞬間、家中の鍵を全て交換し…
2,1388,13,フィクション 5637,https://www.youtube.com/channel/UCpdFO-yvHBX2xI9xHQMDE-A,https://www.youtube.com/watch?v=SEPWKUVcu10,100%,3 週間前,80,https://www.youtube.com/watch?v=Ld47YPdFDy8,30000,【スカッとする話】3年前、社長の夫を略奪した姉と子供の運動会で再会。姉「借金生活で苦しそうねw」息子「借金あるのはパパだよ？」姉「ガキ、嘘はいいからw」翌日w【朗読】【スカッと】
2,1389,14,女たちのスカッと物語,https://www.youtube.com/channel/UCpVDiaX7X6rpIOvjUGkm0kA,https://www.youtube.com/watch?v=Oj60nY6ri4o,100%,10 日前,0,https://www.youtube.com/watch?v=a4zw-oCgHd0,310000,【スカッとする話】社員食堂のおばちゃんの私。男性社員「おばさんありがと！」女性社員「いつも有難う！」私「君達、今日でクビね」社員「え？」【朗読】【スカッと】
2,1390,15,姑の裏の顔 5668,https://www.youtube.com/channel/UCAUkwErZzfdQ5NFOS49O-rw,https://www.youtube.com/watch?v=I1Y9orzE8Zg,100%,3 週間前,76,https://www.youtube.com/watch?v=wygqZyloOZs,41000,【スカッとする話】72歳の誕生日に息子が私に嘘をつき義家族とハワイ旅行したとSNSで発覚。息子「ごめん、見てると思ってなかったw」空港に置き去りにされた私はカードと予約を全停止した結果w【朗読】
2,1391,16,孤独な心,https://www.youtube.com/channel/UCSNdJwT8r-r8xVDRxs6utlw,https://www.youtube.com/watch?v=sRZrxPLurEk,100%,1 年前,246,https://www.youtube.com/watch?v=hRCh_bWpcgg,100000,【スカッとする話】私が義母の入院費を払ってると知らず新居に引っ越した夫「寄生虫は施設でもいけw」1億の高級施設に引越し入院費の支払も止めた結果w
2,1392,17,義家族スカッと物語帳,https://www.youtube.com/channel/UCIZ41RBpQd7wBp_oOTGv1zw,https://www.youtube.com/watch?v=SqxgbTS5sbk,100%,7 日前,0,https://www.youtube.com/watch?v=wWt0dqnPt6g,65000,【スカッとする話】38歳で両親に結婚を急かされ「相手はいる」と嘘をつくとイケメン上司「俺が恋人役するよ」1週間後、両親に会わせると父「まさか…こんな所で」実は【朗読】【スカッと】
2,1393,18,静かな夜の物語、雨の中の記憶,,https://www.youtube.com/watch?v=4sbyeBKVtv0,100%,2 週間前,0,https://www.youtube.com/watch?v=TKF2Pe7g2bE,49000,【スカッとする話】4人の子供に囲まれ幸せな日常を送る夫が急逝し2週間後、私宛に夫から手紙が届いた「連れ子に隠れて読んでくれ...」手紙に記された場所へ行き同封の鍵で金庫を開けると...
2,1394,19,Noah Qumi,https://www.youtube.com/channel/UCH4l3-r5NgR2RlKdoRwfzAw,https://www.youtube.com/watch?v=0HyRkakDfNI,100%,7 日前,1,https://www.youtube.com/watch?v=2meTtNT2fJ8,250000,【スカッとする話】母の手術費のためにバケモノ御曹司と婚約した私。父「すまんな…」結婚初日、別人の彼の姿に驚愕し…【朗読】【スカッと】
2,1395,20,Shinji Datの人生物語,https://www.youtube.com/channel/UCpdX_bFCePsYvPWZAMQoaeg,https://www.youtube.com/watch?v=5SfD5lmv8GY,100%,2 か月前,13,https://www.youtube.com/watch?v=uYt37nxwb0o,18000,【スカッとする話】私の資産が9億あると知らず社長令嬢の愛人と再婚した元夫と再会「生活保護の貧乏人じゃんw元気？w」私「は？誰と勘違いしてるの？」真実を伝えると元夫が半狂乱にw【スカッと】【朗読】
2,1396,21,スカッとする話 5020,https://www.youtube.com/channel/UCAG5eZR0aJpGuShtjtimSEg,https://www.youtube.com/watch?v=tiOlfcaKAJE,100%,1 か月前,64,https://www.youtube.com/watch?v=gBmPsDEOoUs,97000,【スカッとする話】結婚直前で逃げた姉の代わりに田舎の農家に嫁いだ私。私「私も手伝おうか？」夫「君は家でゆっくりしてて」翌朝、口座に1000万円…実はw【朗読】【スカッと】
2,1397,22,人生の光と影,https://www.youtube.com/channel/UCYX4tsWpykTmtfNq_i36C_w,https://www.youtube.com/watch?v=k8PCprhidvc,100%,8 日前,111,https://www.youtube.com/watch?v=LMo-dxLN6Qc,37000,【スカッとする話】12年前、私の夫を略奪し駆け落ちした長男嫁から連絡。長男嫁「旦那と久しぶりに帰るwあんたはトイレに隠れててw」私「はい…」→約束破ってトイレから飛び出すと…w【朗読】【スカッと】
2,1398,23,美しい木,https://www.youtube.com/channel/UCKDhvWl0boDNeo65NQzjbOg,https://www.youtube.com/watch?v=JaHSlsKxqLI,100%,3 か月前,0,https://www.youtube.com/watch?v=SA1PcWksbus,38000,【スカッとする話】5歳の娘の病気が判明した途端、私と娘を捨て愛人と消えた夫。9年後、娘のある秘密を知ると夫「迎えに来たぞ！パパと帰ろう」娘「え？誰このおじさん」夫「え？」
2,1399,24,TINA SHTIBKO,https://www.youtube.com/channel/UCIQbb4FNm2BhP5GfSTbrQ4w,https://www.youtube.com/watch?v=vH2vcM_uFO8,100%,2 年前,0,https://www.youtube.com/watch?v=l5MOnDUec8k,34000,【スカッとする話】祖母と同居の長男夫婦に毎月25万の仕送りをする私が祖母の様子を見に行くと伝えると長男が激怒「何しにくる気だ！？今まで何もしなかったくせに！」私「は？」実は…
2,1400,25,フィクション 5634,https://www.youtube.com/channel/UCtx1aitp-eTJhv2c94bnBZQ,https://www.youtube.com/watch?v=zjVmh756GWo,100%,3 週間前,1324,https://www.youtube.com/watch?v=2ALPcxU2NE8,33000,【スカッとする話】自衛官の兄の結婚式に参加すると、義母「中卒の妹は一族の汚点w」直後、兄が義母の元に歩み寄り、兄「まだ妹の正体に気づかない？」義母「え？」【朗読】【スカッと】
2,1401,26,泥だらけの絆 5655,https://www.youtube.com/channel/UCdyvc7k9wPzVO9X62aCvguQ,https://www.youtube.com/watch?v=tk0adRpC7xI,100%,11 日前,16,https://www.youtube.com/watch?v=ae1eDwWjrBU,76000,【スカッとする話】親戚の集まりに私たち家族だけ招待しない義両親。義父「お前ら貧乏家族は不要w」私「わかりました…」家族全員で欠席しハワイ旅行行くと→大号泣の義父から鬼電がw【朗読】【スカッと】
2,1402,27,Bonnie Denver,https://www.youtube.com/channel/UCsdndA886timZqWK6_b0d0Q,https://www.youtube.com/watch?v=Lapb-z9pqnY,100%,1 年前,1,https://www.youtube.com/watch?v=Utio_7T1lvM,54000,【スカッとする話】11年介護した義父の葬儀後に義母「家政婦は用済み！出てけw」夫「離婚届書いて失せろw」私「分かった（全て計画通りw）」1ヶ月後、涙を流した夫と義母から鬼電がw
2,1403,28,心温まるストーリー 4989,https://www.youtube.com/channel/UCS-VuYFB_DXsDhPHAzUS0JA,https://www.youtube.com/watch?v=zZK_hwS9jv8,100%,1 か月前,72,https://www.youtube.com/watch?v=cVe3XmXeRuE,140000,【スカッとする話】私が離婚届に署名すると、満面の笑みで大喜びする義家族。新しい嫁を迎えた1週間後、電気・ガス・水道が止まると急に義家族が焦り出しw【朗読】【スカッと】
2,1404,29,Jamison Abraham,https://www.youtube.com/channel/UCcUsK23eqHw3ZQA5HjspM9Q,https://www.youtube.com/watch?v=y8x7SoRM9mk,100%,1 年前,0,https://www.youtube.com/watch?v=CNsn701Em6g,41000,【スカッと】私が総資産19億と知らず子供の産めない私を捨て再婚した夫「欠陥品とは離婚ｗ家と車も俺が貰うｗ」私「いいよ！ 」→翌日、涙を流した夫から鬼電がw
2,1405,30,サヨナラの選択4848,https://www.youtube.com/channel/UCiDg2Vs1LHy6qIiV6ilje1A,https://www.youtube.com/watch?v=iOzvYl0FjG0,100%,2 週間前,1,https://www.youtube.com/watch?v=yluothDtfeE,35000,【スカッとする話】私の実家の庭に幼馴染の家を建てる夫。夫「貧乏だから助けてあげたい」私「それ本当に大丈夫？」真実を伝えると夫が震えだしw【朗読】【スカッと】
2,1406,31,シニア恋愛,https://www.youtube.com/channel/UCnd6MdoC_kW2CQVyL1AEERA,https://www.youtube.com/watch?v=j_RDyPYSxNU,100%,4 か月前,74,https://www.youtube.com/watch?v=vQdhdcwgO20,21000,【スカッとする話】父が急逝し女社長になった私。副社長「これ退職届80人分wコネだけの女は皆無理ってw」翌日、新聞を見た元部下が土下座→全員を無視してあげた結果w【朗読】【スカッと】
2,1407,32,スカッと朗読の部屋,https://www.youtube.com/channel/UCvO63auFe1UZQ_dHVqkGN7Q,https://www.youtube.com/watch?v=1w6Z68BF1d0,100%,2 か月前,0,https://www.youtube.com/watch?v=qnvleUOXFGo,27000,【スカッとする話】無断で義家族9人を同居させる夫「お前は４畳の物置小屋なw」義母「嫌なら離婚して出てけばw」私「私は3ヶ月前に離婚済みだし1億の新築に引越しましたよ」
2,1408,33,スカッと逆転チャンネル,https://www.youtube.com/channel/UCdomxLx_o6zPSsAkEAokA3g,https://www.youtube.com/watch?v=v-e8Mt-GSGk,100%,3 か月前,0,https://www.youtube.com/watch?v=AYATV4AsDDE,39000,【スカッとする話】単身赴任中の夫から離婚届…夫「ごめん、癌になった。迷惑かけたくないから離婚しよ」察した私「お世話になりました」その日のうちに家を出た結果w
2,1409,34,大人のスカッと物語,https://www.youtube.com/channel/UC3_22iiSJgBR1aGvyoWj1gg,https://www.youtube.com/watch?v=cAIX6EW5L3c,100%,2 か月前,0,https://www.youtube.com/watch?v=1-hqNpJ_jOU,32000,【スカッとする話】結婚10年目、夫婦の会話も無く寝室別で夜の行為も絶対しない夫が癌で長期入院に…1ヶ月後、夫が手術する事になり夫の体を見た医師が顔面蒼白に…
2,1410,35,心に灯る物語,https://www.youtube.com/channel/UC9RH_NC0WPeS4wTf1v8DyAA,https://www.youtube.com/watch?v=zrCEdtu0oao,100%,6 日前,34,https://www.youtube.com/watch?v=RplBfcanX0Q,46000,【スカッとする話】息子が亡くなった途端、私を家から追い出す息子嫁「保険金入ったし用済み！旦那の荷物持って出てけ」私「本当に後悔しない？」嫁「しねぇよw早く消えろ」→3日後w【朗読】【スカッと】
2,1411,36,心の影 5476,https://www.youtube.com/channel/UCurSn3tPfci7NFuBRTNZOQA,https://www.youtube.com/watch?v=k9wXZUWJ6RQ,100%,1 か月前,0,https://www.youtube.com/watch?v=Mpi2bhYFSsQ,140000,【スカッとする話】私が毎日12時間、義父の介護をしていると知らない夫「離婚しよう…お前と一緒はもう限界…」私「本当にいいの？」夫「当然w」→介護負担を伝えず即離婚して姿を消すと…w【朗読】【スカッと】
2,1412,37,痛快!!怒りのスカッとチャンネル【スカッと朗読】,https://www.youtube.com/channel/UC96mO8pXAaiP70V7KUjVHqg,https://www.youtube.com/watch?v=agja1b2k0kA,100%,1 年前,23,https://www.youtube.com/watch?v=hRCh_bWpcgg,100000,【スカッとする話】私が義母の入院費を払ってると知らず新居に引っ越した夫「寄生虫は施設でもいけw」1億の高級施設に引越し入院費の支払も止めた結果w
2,1413,38,雨の中の記憶、雨の中の記憶,,https://www.youtube.com/watch?v=jzQ7tWnYBb4,100%,3 週間前,9,https://www.youtube.com/watch?v=c2AdQUXc1Hg,59000,【スカッと総集編】入院した私に大量の塩をぶっかける長男嫁「このままあの世にいけwババァがいなくて最高w」キレた私は長男嫁への仕送りを停止→本当に帰らぬ人となった結果w
2,1414,39,スカっとゼミ!!,https://www.youtube.com/channel/UC9Hd679L2faWD0aJQHeAlrA,https://www.youtube.com/watch?v=DKzM1r5EGpw,83%,2 年前,112,https://www.youtube.com/watch?v=6UWe8WooXpM,100000,【スカッとする話】母子家庭で育てた長男の結婚式へ行くと私の席が無い...姑「貧乏人の席はありませんw」長男「帰ろっか..」私「うん...」義家族は全てを失う結果にw
2,1415,40,スカッと成敗ストーリー,https://www.youtube.com/channel/UC1iIGo491nSYyJ_AsgmPzyw,https://www.youtube.com/watch?v=SrlJ46l-aQs,100%,2 か月前,0,https://www.youtube.com/watch?v=3v1qqv9z0yE,35000,【スカッとする話】長男が双子の娘を残して他界。長男嫁「発達障害のガキは中卒の貧乏ババァに譲ってあげるw」私「では私が育てます…」10年後、まさかの展開にw
2,1416,41,時を越える話,https://www.youtube.com/channel/UC_n9gc1na-2QpFv6TPInL3w,https://www.youtube.com/watch?v=yVVWvJEjUsg,100%,3 週間前,1621,https://www.youtube.com/watch?v=28rOAUunNPw,58000,【スカッとする話】夫から高級化粧品を貰った私。夫「あれ、もう使った？w」私「お義母さんが試してたよ」直後、なぜか夫が慌て出しw【朗読】【スカッと】
2,1417,42,涙の向こう側,https://www.youtube.com/channel/UCOXAYjsxUMpublA1yS1ATIA,https://www.youtube.com/watch?v=SjEoD7MKz0E,100%,6 日前,2934,https://www.youtube.com/watch?v=yqCdgYsZcrQ,47000,【スカッとする話】初孫のお食い初めに行くと私を無視する長男夫婦…私「おめでと！」長男・嫁「…」キレた私は家具家電を黙って捨て家を売払い更地にすると…w【朗読】【スカッと】
2,1418,43,老いの詩,https://www.youtube.com/channel/UClKj-HO63gh7qxtT7M0czEQ,https://www.youtube.com/watch?v=SPvJ4YWDGWU,100%,1 か月前,7,https://www.youtube.com/watch?v=qNSSnNaMxrs,80000,【スカッとする話】私1人で育てた息子の顔合わせで、なぜか私たちだけお茶漬け…義家族「貧乏人は好きだろ？w」直後、私の存在に気づいた義兄「俺たちの人生終了だ…」【朗読】【スカッと】
2,1419,44,Ivan Ilencow,https://www.youtube.com/channel/UC6IzQHpKzqIt1DgjPouEefQ,https://www.youtube.com/watch?v=IZLbdwBj7XA,100%,2 年前,0,https://www.youtube.com/watch?v=ik5Oxry7o0g,31000,【スカッとする話】勝手に我が家の庭でバーベキューをする長男嫁「お義母さんの家の庭借りてるよw肉とビール無いから買ってきてw」私「え？私の家そこじゃないわよ？」長男嫁「え？」
2,1420,45,Legacy Apollo,https://www.youtube.com/channel/UC2YwIXq-utTkNLQgcRVloyQ,https://www.youtube.com/watch?v=Vk35R5f7G2w,100%,2 年前,0,https://www.youtube.com/watch?v=uSa9TRN9UTA,44000,【スカッとする話】長男夫婦「ババァは口を開くな！」食事さえ許されずガリガリの私…久々に帰国した次男「母さんは食べないの？」私「いつもの事よ…」次男「は？」その後..【修羅場】
2,1421,46,Pendelton Gideon,https://www.youtube.com/channel/UCIRVjzjmTHwXA3X81dpyNeQ,https://www.youtube.com/watch?v=bK4E6flKw4g,99%,1 年前,1,https://www.youtube.com/watch?v=8p7Hl5wjPok,370000,【スカッとする話】大雪の中、赤ちゃんを背負い2時間歩いてきた8歳の姪「3000円貸して下さい...」夫「はぁ？貸すわけないだろ！」次の瞬間、ブチギレた夫は...
2,1422,47,Павел ****,https://www.youtube.com/channel/UCSPg9ALk7YwnsqACClpErGg,https://www.youtube.com/watch?v=EnUXTdRCsLE,100%,2 年前,2,https://www.youtube.com/watch?v=UOK61ieeNvk,26000,【スカッとする話】夫と高級寿司屋へ行くと長男と長男嫁の姿が...長男「来年は保険金で生活するぞｗ」長男嫁「フランスでの生活楽しみ～ｗ」→面白い会話が聞こえたので夫と先手を打った結果ｗ
2,1423,48,人生スカッと朗読館,https://www.youtube.com/channel/UChTkZ7g3oCCQG3XSqe69LWQ,https://www.youtube.com/watch?v=R6VSFZgv9rc,100%,4 日前,0,https://www.youtube.com/watch?v=eFu4Ak6nNYo,28000,【スカッとする話】結婚式をドタキャンした妹の代わりに、田舎の大工と結婚させられた私。私「バイトして生活費入れるね」夫「必要ないよ！だって…」翌日、半狂乱の妹が自宅に来てw【朗読ドラマ】【スカッと】
2,1424,49,夜の語り部5056,https://www.youtube.com/channel/UCEvaB4r-6y7tj3UAoMEdqXA,https://www.youtube.com/watch?v=-PbKfh2Ga5A,100%,1 か月前,28,https://www.youtube.com/watch?v=DPS_qm8jKlI,100000,【スカッとする話】私の年収が1000万と知らず夫と一緒に出ていった息子「毒親とは絶縁wバイバイw」私「じゃあ夫とも縁切るね」息子「勝手にどうぞw」2日後w【朗読】【スカッと】
2,1425,50,妻の復讐 5649,https://www.youtube.com/channel/UC_-FBuCpoEW8RPG4j-oCbkg,https://www.youtube.com/watch?v=HB8kbxdHmcw,100%,2 週間前,0,https://www.youtube.com/watch?v=Suxi8PzXzbk,85000,【スカッとする話】里帰り出産中、私の荷物が全て実家に送られてきた…夫「この家で母と暮らすから離婚でw」義母「役立たずは帰ってこないでねw」私「ありがとう、助かる！」実は…
2,1426,51,小さな幸せ,https://www.youtube.com/channel/UCDan477oQB_h9RQ24R2fRhA,https://www.youtube.com/watch?v=1qZ9mMY-E7E,100%,2 年前,3,https://www.youtube.com/watch?v=y8ReyKKeUUQ,100000,【スカッとする話】私が資産170億の不動産王と知らず私から夫を奪った美人な姉「生活保護でも貰え貧乏人w」後日、示談交渉で弁護士が大爆笑→弁護士「生活保護はアナタでは？w」姉「え？」実は...
2,1427,52,心の琴線 5645,https://www.youtube.com/channel/UCiaf20iOL2Huh9928uSBP7A,https://www.youtube.com/watch?v=4f6pxkgsWec,100%,4 週間前,4,https://www.youtube.com/watch?v=cd2Xb8XKtOE,81000,【スカッとする話】親戚が集まる忘年会に行くと、父「贈った鞄使ってないのか？」夫「嫁に似合わないから捨てたw」直後、私を外に呼び出した父「俺があいつを始末する」【朗読】【スカッと】
2,1428,53,暮らしの話 5688,https://www.youtube.com/channel/UCWk4WbfyjB8F0DF4kgNBEqw,https://www.youtube.com/watch?v=2iUFk8HmuyA,100%,3 週間前,69,https://www.youtube.com/watch?v=_XYrDmk-GHI,38000,【スカッとする話】電気が停止した隣家を訪ねると、ボロボロの少女が妹を庇い震えていた。実家の旅館へ連れて帰るとまさかの展開に…【朗読】【スカッと】
2,1429,54,隠された才能 5633,https://www.youtube.com/channel/UCxSupAhazSWDXBtwag7MUbA,https://www.youtube.com/watch?v=XwTLoPCcQrE,100%,4 週間前,363,https://www.youtube.com/watch?v=yf6Hd6ajnbc,52000,【スカッとする話】5年前に離婚した元夫と保育園で再会。元夫「そいつ俺の子？俺もう子供いるし認知しないよ」私「ん？お前種ナシじゃんwそっちも誰の子かな？」元夫「え？」【朗読】【スカッと】
2,1430,55,Glasgow Blaise,https://www.youtube.com/channel/UCpgekY72DbNLBcPSI1lSVRA,https://www.youtube.com/watch?v=kN8Y-iG8bRI,100%,1 年前,1,https://www.youtube.com/watch?v=n-_5T-nb0dg,37000,【スカッと】起業した夫を支えてきた私を裏切った夫「21歳のバイトを妊娠させた！離婚しで！」私「はーい、仕事も辞めるね！」夫「は？仕事は続けてくれよ」私「嫌よ。だってあのバイト...」
2,1431,56,Vũ Thị Ánhu0236632 Vũ Thị Ánh,https://www.youtube.com/channel/UCv69G_Vx6JItDpPYNZrhX8w,https://www.youtube.com/watch?v=hnAlN3urUOE,99%,1 年前,1,https://www.youtube.com/watch?v=poGSdfKH9Og,92000,【スカッとする話】母の死の直後、中1の私を捨て愛人と再婚した父「子供はいらねぇよw」しかし1ヶ月後、半狂乱の父から鬼電→永久に無視してやった結果w
2,1432,57,【黒服の審判】スカッと裏コンシェルジュ,https://www.youtube.com/channel/UCOx7plQYvEIJEFyXMyc9foQ,https://www.youtube.com/watch?v=7k2PPa6nstg,100%,3 か月前,2,https://www.youtube.com/watch?v=AkFPFwnz6fs,55000,【スカッとする話】1億の一軒家に住む金持ち自慢の婚約者の実家へ結婚挨拶に行くと、義父「なんだ？不細工な嫁だなw」義母「親の顔が見てみたいわねw」→母「どうも、不細工の母です」義両親「え？あなたは…」
2,1433,58,どこにでも自由,https://www.youtube.com/channel/UCdYAr7nX6UlKOOdkLLabNug,https://www.youtube.com/watch?v=cG8V31L_VCk,100%,9 か月前,0,https://www.youtube.com/watch?v=hRCh_bWpcgg,100000,【スカッとする話】私が義母の入院費を払ってると知らず新居に引っ越した夫「寄生虫は施設でもいけw」1億の高級施設に引越し入院費の支払も止めた結果w
2,1434,59,スカッと豆太郎,https://www.youtube.com/channel/UC84EpUMkWGBuDPcH0ENy7wQ,https://www.youtube.com/watch?v=3Stp5CgJshM,100%,2 年前,7692,https://www.youtube.com/watch?v=vyDCAcHPme8,86000,【スカッとする話】夫「来月ママが引っ越してくる！お前の部屋片付けておけw」私「はーい、キレイにしておくね」夫の出張中に不動産屋に連絡し家を売り払いキレイに更地にした結果w
2,1435,60,人生劇場チャンネル5062,https://www.youtube.com/channel/UCDUjpUXLHRFyRStL02pHIwA,https://www.youtube.com/watch?v=nS8RzdBKuPI,100%,4 週間前,4,https://www.youtube.com/watch?v=j2eZcUFfC0Y,35000,【スカッとする話】号泣する娘を引きずってきた婿両親。義母「貧乏な子は合わなかったw」義父「高収入の息子とは格が違うw」私「後悔しないでくださいね？」婿両親「しないしないw」3日後w【朗読】【スカッと】
2,1436,61,奈落の家族 5652,https://www.youtube.com/channel/UC-CxUAgCsbf-R4BwTN_XWHw,https://www.youtube.com/watch?v=Hkhcg7tCrBs,100%,2 週間前,0,https://www.youtube.com/watch?v=EdukiB7Cm5k,92000,【スカッとする話】婿両親がウチの娘と孫を引きずってきた。義父「月100万の息子と釣り合わんw」義母「役立たずの家政婦は返品でw」私「じゃ明日から路上生活がんばれw」義父・義母「は？」
2,1437,62,嫁の切り札朗読館,https://www.youtube.com/channel/UCJs7FR3NDs8ntlTSLFQBGOg,https://www.youtube.com/watch?v=6jKoA7KlcjE,100%,2 週間前,630,https://www.youtube.com/watch?v=dOy6I1JE_yY,30000,【スカッとする話】私の退職金をやたら気にする夫「いくら貰ったの？」私「口座に2000万入った！」翌日、カードを手に夫が失踪。私（計画通りw）実は【朗読】【スカッと】
2,1438,63,実話感動チャンネル,https://www.youtube.com/channel/UCekQO8WQ0udVSYSfX4Pymgw,https://www.youtube.com/watch?v=jv_tPg2W6KU,100%,2 か月前,27912,https://www.youtube.com/watch?v=p4pyD9SD1Tk,81000,【スカッとする話】義両親に蹴られ骨折した私に夫「寝かせとけば治るw」翌日、病室に嘲笑いに来た義家族「あれ、嫁は？w」医師「警察署です」義家族「え？」【朗読】【スカッと】
2,1439,64,家族の修羅場,https://www.youtube.com/channel/UCBh3ipHGoPZMTeNkEWdf5kQ,https://www.youtube.com/watch?v=73K4XYt9xrc,100%,7 か月前,0,https://www.youtube.com/watch?v=XKULaOclsHw,19000,【スカッとする話】母が危篤になり病院へ急ぐ私に夫「他人のババァとか興味ないwてか出張中は連絡するなw」2週間後、満面の笑みで夫が帰ると→私「お義母さんの葬儀、終わったよ」
2,1440,65,日本の物語 〜老後の人生〜,https://www.youtube.com/channel/UCEZOpLWYD1o09D4aS_BZmbA,https://www.youtube.com/watch?v=TlvtISBwrlw,100%,1 か月前,451,https://www.youtube.com/watch?v=cVe3XmXeRuE,140000,【スカッとする話】私が離婚届に署名すると、満面の笑みで大喜びする義家族。新しい嫁を迎えた1週間後、電気・ガス・水道が止まると急に義家族が焦り出しw【朗読】【スカッと】
2,1441,66,明日への涙 5640,https://www.youtube.com/channel/UCMgqdL_Eaa1cwxS72pnAmCA,https://www.youtube.com/watch?v=hDEQt8ehpxc,100%,1 か月前,10,https://www.youtube.com/watch?v=o3QJq6-5CSs,87000,【スカッとする話】自分が社長だと勘違いしている夫「次期社長の俺に逆らっていいの？」愛人「クビでいいんじゃない？」私「じゃあお前らクビで」お望み通りクビにしてあげた結果w【朗読】【スカッと】
2,1442,67,涙の食卓 5651,https://www.youtube.com/channel/UCDts-8SRBGNQEaBIhxtE0tw,https://www.youtube.com/watch?v=khj2fWmUCnY,100%,2 週間前,0,https://www.youtube.com/watch?v=E5Ed7TjpjS4,93000,【スカッとする話】結納で私にだけ寿司を用意しない義家族。義母「これが嫁の教育ってもんよw」私「じゃあ帰ります」即帰ると義母が泣き叫びw
2,1443,68,静かなる横浜5037,https://www.youtube.com/channel/UCOIJmQi-cKQxqxTukmYLEHA,https://www.youtube.com/watch?v=NLwIGMmggys,100%,1 か月前,9,https://www.youtube.com/watch?v=W-rW5yUgXLY,79000,【スカッとする話】父を理由に夫に捨てられ5年後、若い女と子供を連れた元夫と再会。元夫「嫁はお前と違って完璧w」直後、私の新しい夫を見て、元夫がガクガク震え出しw【朗読】【スカッと】
2,1444,69,567 Lenmoban,https://www.youtube.com/channel/UCvdGGJHSzUfvS64FqivkrYQ,https://www.youtube.com/watch?v=W5uMSrJbmJc,100%,2 年前,0,https://www.youtube.com/watch?v=i8zqcOBxHyo,37000,【スカッとする話】長男の海外主張中、癌で余命半年の私を奴隷扱いする長男嫁「家事も役立たずは出てけ！」私「はい...」泣きながら出て行くと長男とある人物がやってきて…【修羅場】【スカッと】
2,1445,70,578 Xitchohet,https://www.youtube.com/channel/UCxlkzHr78jVNai1RjN7f7cA,https://www.youtube.com/watch?v=5X7v5TWhs_s,100%,1 年前,0,https://www.youtube.com/watch?v=sjdVGMyS0Gs,59000,【スカッとする話】長男の結婚式へ出席すると私の席だけが無い。私の事が大嫌いな長男嫁「席の用意忘れたwお祝儀払って帰れw」私「いいけど後悔するよ？」長男嫁「黙れババァw」1時間後w【修羅場】【スカッと】
2,1446,71,Dung Tran,https://www.youtube.com/channel/UCFPRY-BV8v_syKN9vAChvHg,https://www.youtube.com/watch?v=eeHYc8OLdAI,100%,1 年前,0,https://www.youtube.com/watch?v=pi7V_7cf01o,55000,【スカッとする話】長男夫婦の家に行くと孫が鎖に繋がれていた…私「一体今どこにいるの？」長男「長男嫁と北海道旅行中w」キレた私は家を売却し更地にし...w
2,1447,72,Loan Vu,https://www.youtube.com/channel/UCcSWImAU76lOLjftF7FbrNA,https://www.youtube.com/watch?v=aHM7oJBq7Xw,98%,1 年前,0,https://www.youtube.com/watch?v=KFzrZl6FN1Y,85000,【スカッとする話】夫と娘に10年間も嫌われ続けた母親の私。ある日、勝手に鍵を変えられ閉め出されたので離婚届けを置いて引越し家を売却して更地にした結果w
2,1448,73,Văn Sơn Lã,https://www.youtube.com/channel/UCnSrambnfB2Nc_4BliQ4Aug,https://www.youtube.com/watch?v=ax6TS7MsQOw,98%,1 年前,0,https://www.youtube.com/watch?v=Ltedq0Li5TU,34000,【スカッとする話】給料日に3万しかくれない夫「同僚はこれで生活できてるって！1円もいれてないのに文句言うな！」私「毎月20万家に入れてるよ」夫「え？」結果w
2,1449,74,minh pham,https://www.youtube.com/channel/UCWK9Evpbj0xbkFyaTiFreXw,https://www.youtube.com/watch?v=ZU4fuSODmZ0,100%,1 年前,0,https://www.youtube.com/watch?v=RXy39KsrjSY,63000,【スカッと】私が新築5LDKを購入した途端に夫「愛人と隠し子と同居する！」隠し子「寄生虫は出てけw」私「私は独身だけど？」夫・隠し子「え？」【スカッとする話】【朗読】
2,1450,75,【罠師の逆襲】あえて騙されて大破滅,https://www.youtube.com/channel/UCO3cwCVrePQ3IZhL9x5k8-g,https://www.youtube.com/watch?v=HYELsG7nXms,100%,3 か月前,0,https://www.youtube.com/watch?v=hacWh5sRQ_U,65000,【スカッとする話】突然、3年振りに長男から電話「父の入院費、月20万は限界…」私「え？父は3年前他界したよ？」長男「え？」実は…
2,1451,76,家庭の奇妙な話 5500,https://www.youtube.com/channel/UCyECOcLVBmrEH9eCxnZtzEg,https://www.youtube.com/watch?v=PIJNjlUxcg0,100%,4 週間前,20,https://www.youtube.com/watch?v=AcSjq1ogI10,40000,【スカッとする話】夫「今お姉ちゃんと旅行中w義母の葬式行けなくなったw」義姉「関わり薄かったしねw」私「他界したのはあんた達の母よ」2人「またまたw」結果w【朗読】【スカッと】
2,1452,77,小さなコーナー,https://www.youtube.com/channel/UClsWKjOxXmWyf7DD0ygoufg,https://www.youtube.com/watch?v=agfg7nO-KEY,100%,2 か月前,0,https://www.youtube.com/watch?v=EIrAyCZzwiI,34000,【スカッとする話】40度の高熱の私から財布とクレカを奪った長男嫁「はい、氷水w帰るまでに治して下さいねｗ」バケツで氷水をかけられ気絶した…3日後、私はご機嫌に帰宅した長男嫁に...
2,1453,78,心温まる実話,https://www.youtube.com/channel/UCqAz4zqqdAigBNPpMwK-pYw,https://www.youtube.com/watch?v=9zxLIdDXH6c,100%,2 か月前,45,https://www.youtube.com/watch?v=cVe3XmXeRuE,140000,【スカッとする話】私が離婚届に署名すると、満面の笑みで大喜びする義家族。新しい嫁を迎えた1週間後、電気・ガス・水道が止まると急に義家族が焦り出しw【朗読】【スカッと】
2,1454,79,心温まる物語 5715,https://www.youtube.com/channel/UCp5XuGGZyQWEBrJpOq-DHdw,https://www.youtube.com/watch?v=npsCj5C464E,100%,3 週間前,44,https://www.youtube.com/watch?v=E3ZqmTv4Zk0,58000,【スカッとする話】事故で脳死と判定され、山奥の病院に捨てられた私。夫「今までお疲れさんw」夫が耳元で囁き部屋を出た瞬間、私はそっと立ち上がり…w【朗読】【スカッと】
2,1455,80,愛憎の交差点 5648,https://www.youtube.com/channel/UCZ27s-bExyb-zcqGkYvoicQ,https://www.youtube.com/watch?v=bhepKbIxpRg,100%,3 週間前,2,https://www.youtube.com/watch?v=M2hAF-Scj3M,160000,【スカッとする話】夫「今日から長男夫婦と孫と同居する！」長男嫁「ババァは家から出てけw」私（私が生活費33万払ってるのに）翌日、業者に電話して家具家電を回収→1億の高級タワマンに引越した結果w
2,1456,81,明日への涙5639,https://www.youtube.com/channel/UC2daLTlrWBDdKIOJDbg_Z4w,https://www.youtube.com/watch?v=tMSXepUWmsE,100%,1 か月前,7,https://www.youtube.com/watch?v=idhSq8YhzdY,88000,【スカッとする話】私抜きでいつも外食に出かける家族。私はお茶漬けをすする毎日…夫「お前の飯不味いからなw」離婚届を置き黙って姿を消すと→血相を変えた夫から鬼電がw【朗読】【スカッと】
2,1457,82,母と娘と嫁5049,https://www.youtube.com/channel/UCXgqiZuZK8nb9xaVgEX79UA,https://www.youtube.com/watch?v=ErVArQjNhOQ,100%,1 か月前,4,https://www.youtube.com/watch?v=cVe3XmXeRuE,140000,【スカッとする話】私が離婚届に署名すると、満面の笑みで大喜びする義家族。新しい嫁を迎えた1週間後、電気・ガス・水道が止まると急に義家族が焦り出しw【朗読】【スカッと】
2,1458,83,涙涙の感動秘話#027,https://www.youtube.com/channel/UCaG47XV_nZwVW3gXj0T_aFw,https://www.youtube.com/watch?v=04wDXSHzNKE,100%,2 年前,1340,https://www.youtube.com/watch?v=Gx1fLUdVHGk,66000,【スカッとする話】離婚して2週間後、30歳で不妊の私を見下す夫「23歳で若い彼女と再婚したｗ30過ぎたババァは失せろｗ」直後、現れた新しい女を見て大爆笑→私「ご愁傷様ｗ」実は...
2,1459,84,物語チャンネル 5693,https://www.youtube.com/channel/UCFEMckiarNY3cQZ0aMygl3w,https://www.youtube.com/watch?v=3U-WfLrsXgg,100%,3 週間前,41,https://www.youtube.com/watch?v=_VNnKc5IcKc,31000,【スカッとする話】9年前に離別した息子が亡くなり、すぐに葬儀場へ足を運んだ私。祭壇の前に立つ男を見た直後、私「そんな、嘘でしょ…」実は【朗読】【スカッと】
2,1460,85,秘密と嘘の家 5436,https://www.youtube.com/channel/UCFu4mcOSv2LuCDSSbnFcMXw,https://www.youtube.com/watch?v=8Clnu3-khJc,100%,4 週間前,2,https://www.youtube.com/watch?v=79m-CwHxGq8,110000,【スカッとする話】夫と義実家までバスで向かうと降車直前、私の腕をつかんだ運転手「ここで降りたら終わるよ。次のバス停で逃げなさい」理由を知った私は血の気が引いて…【朗読】【スカッと】
2,1461,86,秘密の重さ 5647,https://www.youtube.com/channel/UCRxTgybyclgid9aIBdIXUVA,https://www.youtube.com/watch?v=fgGZTp2-9So,100%,2 週間前,2,https://www.youtube.com/watch?v=da0XdCuaRR4,130000,【スカッとする話】私がフルタイムで働き家計を支えていると知らず夫と引っ越した義両親「同居するなら月給80万の息子の新居教えるわw」私「では手取り8万の旦那とは離婚で」義両親「嘘つくなw」結果w
2,1462,87,逆転ストーリー 5008,https://www.youtube.com/channel/UCriVTHI8ZSlCtGVvqIqnMSw,https://www.youtube.com/watch?v=REKSObfsXg4,100%,4 週間前,124,https://www.youtube.com/watch?v=p8J-A05WKIc,15000,【スカッとする話】本社に異動になった中卒の私が東大卒の女部長に挨拶すると女部長「あんたが噂の中卒ねw部下はコーヒー淹れてきてw」私（今は泳がせとこw）実はw【朗読】【スカッと】
2,1463,88,雨の中の記憶、静かな心の記録,,https://www.youtube.com/watch?v=JFWqw8vLobc,100%,11 日前,1,https://www.youtube.com/watch?v=KKEWop4fNrk,66000,【スカッと総集編】私が総資産が28億の社長令嬢と知らず私を裏切り職場の美人同僚と再婚した夫「美人同僚と再婚するから離婚w」同僚「子供は1人で頑張れｗ」私「はーい」1ヶ月後、夫達から鬼電がw
2,1464,89,雨の中の記憶、静かな終わり,,https://www.youtube.com/watch?v=OQIXO7vA7VU,99%,1 日前,6,https://www.youtube.com/watch?v=2kqFB_BTrsg,26000,【スカッとする話】医師「奥様と娘さんが退院しました。お迎えお願いいたします」私「え？私に娘はいませんが？」直後、隣で聞いていた霊感のある母→母「その電話、切ったらダメよ！」
2,1465,90,静かな夜の物語、お話の部屋,,https://www.youtube.com/watch?v=IpBhmLwfWrM,100%,3 週間前,2,https://www.youtube.com/watch?v=0bP_EWes9dM,98000,【スカッとする話】私が義実家の大黒柱と知らず、親戚の集まりでビールをぶっかけた夫「寄生虫は除菌しなきゃｗ」私「じゃあ仕送り止めるわね」夫・義両親「え？」結果ｗ
2,1466,91,Avalynn Roderick,https://www.youtube.com/channel/UC2ALeyYaaWwXZhLpaAxCjDA,https://www.youtube.com/watch?v=0MrNXOwrCi4,100%,2 年前,0,https://www.youtube.com/watch?v=ZWebgSwWOzY,27000,【スカッとする話】育休を終え職場に出社した私が新しい女部長に挨拶すると「あれ？清掃のおばちゃん？邪魔だから床掃除でもしてろw」直後、全社員がブルブル震え出し...
2,1467,92,Chi Tông,https://www.youtube.com/channel/UCQZmlpJ03rsGpabdpOyYt5g,https://www.youtube.com/watch?v=i0IlkEaZ0l4,100%,1 年前,0,https://www.youtube.com/watch?v=b8ZAxV1gG_4,20000,【スカッとする話】夫と姉の出産祝いに行くと5歳の娘「赤ちゃんが言いたい事あるみたい」不思議な力を持つ娘の言葉に戦慄し私は慌てて警察へ駆け込み...
2,1468,93,Malani Darren,https://www.youtube.com/channel/UCGjfIdDymNvLcybwzheXAnQ,https://www.youtube.com/watch?v=_ZWaNI5zlHg,100%,1 年前,0,https://www.youtube.com/watch?v=l5TmQouYi48,64000,【スカッとする話】家のローンを月15万払っている私に夫「料理が下手な役立たずは出てけ！」私「いいけどホームレスになっても大丈夫？」夫「ならねぇよw」結果w【修羅場】
2,1469,94,Thuong Le,https://www.youtube.com/channel/UCxXjwf3LJAKSZP_9Thu5meA,https://www.youtube.com/watch?v=WUNQJvfMUC4,100%,1 年前,0,https://www.youtube.com/watch?v=jwP1fK1sfSY,50000,【スカっとする話】夫の浮気が発覚すると夫の連れ子「パパと新しいママと暮らす！偽物は離婚して出てけ！」1年後、笑顔で再会した娘に私「あんた誰？」娘「は？」
2,1470,95,anh le,https://www.youtube.com/channel/UCarxn6vtJCi169Mjzrmzo4A,https://www.youtube.com/watch?v=9KJurDT1N8M,97%,1 年前,0,https://www.youtube.com/watch?v=X-4klsI7p0M,68000,【スカッとする話】義母に車を貸した翌日、事故で入院した私。義母「タイヤがパンクなんて不運w車椅子生活とか可哀想にw」私「車椅子は夫ですけど？」義母「え？」結果w
2,1471,96,ezebo chiamaka,https://www.youtube.com/channel/UCE-qld23FOqFEVR1e-zZk_g,https://www.youtube.com/watch?v=aUS_QDDx5aY,98%,1 年前,2,https://www.youtube.com/watch?v=g3-T_5JMrcU,49000,【スカッとする話】うつ病の義父の介護を私に押し付け愛人と海外旅行へ行った夫「親父の介護は任せたぞｗ」義父「今すぐこの家を売り払うぞ」義父と家を売却し更地にした結果w
2,1472,97,faustino karisa,https://www.youtube.com/channel/UCh1wgkzk9PVxPJshc_EWlIA,https://www.youtube.com/watch?v=7_2TawB2EPg,100%,2 年前,0,https://www.youtube.com/watch?v=8r9b0asur18,43000,【スカッとする話】全員を私が養ってると知らずハワイ旅行で長男嫁「ババァは帰って掃除でもしろw」長男「タダで旅行とか100年早いw」私「承知しました...」速攻で帰宅し家を売り払い掃除した結果w
2,1473,98,【経済的処刑】マウント成金の一文無し計画,https://www.youtube.com/channel/UCFrczgjtItoUn5iNZnathKA,https://www.youtube.com/watch?v=qtDEJ912bEQ,100%,3 か月前,0,https://www.youtube.com/watch?v=sYIoUlkI-BU,56000,【スカッとする話】毎日9時間、義父の介護していると知らず新入社員と不倫し私を捨てた夫「これ離婚届w後は新嫁と母がやるw」私「はーい、じゃ介護9時間は宜しく」介護負担と症状伝えて引越した結果w
2,1474,99,【鑑定書の告発】科学が暴く「ざまぁ」の真相,https://www.youtube.com/channel/UCQilFCU3Eok7gFShbP8i38w,https://www.youtube.com/watch?v=Lew8zDbicYg,100%,3 か月前,1,https://www.youtube.com/watch?v=4IAX-ZgUR2k,36000,【スカッとする話】結婚3年目の夫を霊感のある姉に紹介…その直後、姉の一言でなぜか夫が動揺し始め…
2,1475,100,アヒルの子,https://www.youtube.com/channel/UCW4prcGFf0yqLylWHc8zRLQ,https://www.youtube.com/watch?v=47slf20zh10,100%,3 か月前,0,https://www.youtube.com/watch?v=n-SwmIWzdeo,19000,【スカッとする話】3年前に記入済みの離婚届を残し失踪した夫が突然帰宅「家に帰ってやったぞwビールと高級寿司用意しろw」無言で家の荷物を回収した私「じゃあ私も実家に帰りますね」夫「は？実家？」【修羅場】
3,1476,1,藤田 七海,https://www.youtube.com/channel/UCe0KTxGVR84qUjkAHQb-wGg,https://www.youtube.com/watch?v=4wCL6JN8awg,100%,4 週間前,4,https://www.youtube.com/watch?v=lw1jxku6xxo,14000,【スカッとする話】離婚した3日後に再婚した元夫「金持ちで若い嫁ゲットw」私「ごめん、笑いすぎて腹痛いwだって、その女は…w」真実を知った夫は顔面蒼白にw【朗読】【スカッと】
3,1477,2,スカッと物語,https://www.youtube.com/channel/UCLz5UoQMIAja9LyZIOCYmQg,https://www.youtube.com/watch?v=kzk9Ium2XNM,100%,7 日前,0,https://www.youtube.com/watch?v=W7iyZQfb2oU,41000,【スカッとする話】父が毎日お茶漬けなので、私「仕送り10万じゃ足りない？」父「仕送り？貰ってないぞ」私「変ね…銀行に電話するわ」直後、夫がガタガタ震え出し…【朗読ドラマ】【朗読】【スカッと】
3,1478,3,出る杭は打たれる,https://www.youtube.com/channel/UCAmIDIbiOxKA9YSVK0aYSZQ,https://www.youtube.com/watch?v=cZ_wZEMKHQQ,100%,2 か月前,0,https://www.youtube.com/watch?v=7z-EBP9QVbU,18000,【スカッとする話】両親と同居するための新築一軒家が完成すると、夫「お袋の介護か離婚か選べw」私「え？同居するつもり？2週間前から他人なのに？」夫「え？他人？」実はw
3,1479,4,良い話,https://www.youtube.com/channel/UCSrk1OzKlw4sCvRbksLDgcQ,https://www.youtube.com/watch?v=_17PdwgYQtA,100%,5 日前,0,https://www.youtube.com/watch?v=VX7Q7VMHXOo,43000,【スカッとする話】新婚3ヶ月で初めて義実家に泊まると、夫「もし嫁イビリされたら教えて」私「大丈夫。全力で反撃するから」結果w【スカッと】【朗読】
3,1480,5,家庭の真実 5497,https://www.youtube.com/channel/UCqzVZHS7_AHD3WczZdnOkwg,https://www.youtube.com/watch?v=Y9etLclFzxg,100%,4 週間前,22,https://www.youtube.com/watch?v=6DiHSqB63W0,41000,【スカッとする話】夫が出張で遠出するたび、私を実家へ帰らせる義母。義母「理由はいいから！」不審に思い静かに家に戻ると、玄関から怪しい声が聞こえ…【朗読】【スカッと】
3,1481,6,スカッとストーリー 5006,https://www.youtube.com/channel/UC1x3I0LM2SzXkpn57uaFuQA,https://www.youtube.com/watch?v=Q4TYGcJUdS4,100%,1 か月前,16,https://www.youtube.com/watch?v=p4pyD9SD1Tk,81000,【スカッとする話】義両親に蹴られ骨折した私に夫「寝かせとけば治るw」翌日、病室に嘲笑いに来た義家族「あれ、嫁は？w」医師「警察署です」義家族「え？」【朗読】【スカッと】
3,1482,7,嫁ゴコロ逆転朗読館,https://www.youtube.com/channel/UCQDSjWHn0tvkuVZav4jZnXQ,https://www.youtube.com/watch?v=gf855k-72TE,100%,8 日前,0,https://www.youtube.com/watch?v=bUesKx2d9r8,27000,【スカッとする話】夫「3年間アメリカに赴任する」私「長すぎる！私も一緒に行く」夫「お前は家を守っててくれ」1年後、デパートで夫と妊婦を目撃→証拠を押さえ全て開示すると…w
3,1483,8, 読書室【スカッとする話】,https://www.youtube.com/channel/UCjQd7ZVm5BPbGpB_V9B6kgQ,https://www.youtube.com/watch?v=MfZT_x26nhg,100%,1 年前,0,https://www.youtube.com/watch?v=Z2pKxDTj5Io,24000,【スカッと】私と息子を捨てて私の妹と再婚した夫「邪魔者2人は失せろw」妹「3日以内に出てってねw」息子「母さん良かったね！」私「え？」息子「だってあの人たち…」
3,1484,9,憂鬱よりスカッと,https://www.youtube.com/channel/UC8bvniIkSPPf_5ELr1VNZCQ,https://www.youtube.com/watch?v=mHSslWPvj0E,100%,2 年前,49,https://www.youtube.com/watch?v=Ne3lH19M3rA,95000,【スカッとする話】娘「毎月1300円の仕送り助かるよ！毎日半額の弁当食べてるよ！」私「え？毎月13万円振り込んでるわよ？」娘「え？」実は...
3,1485,10,とする話 ,https://www.youtube.com/channel/UC-1KoQRWd1ijwgKpAmRTQ7A,https://www.youtube.com/watch?v=EqQHa2ddtO8,100%,1 年前,1,https://www.youtube.com/watch?v=_1Jc1H2WcQc,11000,【スカッとする話】医者一族と結婚した義妹の結婚式で義妹「中卒の貧乏人は一族の恥wアンタらの席はないから帰れw」夫「帰るか」私「はい」30分後、義妹から鬼電がw
3,1486,11,Dima Tomashevich,https://www.youtube.com/channel/UCkfiH3lPVPodePE4eNSDpWg,https://www.youtube.com/watch?v=b4Hl6zXY_vI,100%,2 年前,0,https://www.youtube.com/watch?v=samZXNv0pmY,30000,【スカッとする話】医者の長男が亡くなり通夜振る舞いで私の席だけない。長男嫁「ババァは帰れw夫の遺産と家は嫁である私が相続しますw」それを聞いた私は大爆笑w→だって長男は…【修羅場】
3,1487,12,さあ、どうぞ,https://www.youtube.com/channel/UCG-XF2tttCtNESz__p6GQ7w,https://www.youtube.com/watch?v=8i7FiAPnp0Q,100%,2 か月前,0,https://www.youtube.com/watch?v=ZOSTbqZ1QDQ,42000,【スカッとする話】私の娘にだけお年玉をくれない義母「アンタに似た低学歴の孫は他人wもらえるのは家族だけよｗ」キレた私は義母への仕送り20万を停止→永久に他人扱いしてやった結果w
3,1488,13,フィクション 5637,https://www.youtube.com/channel/UCpdFO-yvHBX2xI9xHQMDE-A,https://www.youtube.com/watch?v=_CzTwhLgBMA,100%,4 週間前,1063,https://www.youtube.com/watch?v=JJC-tjTSPv8,51000,【スカッとする話】私が夫と離婚した日、夫についていくと言った息子が、別れ際に玄関で封筒を渡してきた。息子「僕が戻るまで開けないで」1年後、帰国した息子が…【朗読】【スカッと】
3,1489,14,女たちのスカッと物語,https://www.youtube.com/channel/UCpVDiaX7X6rpIOvjUGkm0kA,https://www.youtube.com/watch?v=ZwOzGPUfFEk,100%,12 日前,1,https://www.youtube.com/watch?v=GfIuJM9lgJo,330000,【スカッと総集編】夫「もう限界だ…離婚しよう。老後もお前と一緒とか無理だ」私「はい離婚届。娘以外連れてくね」夫「え？娘はお前が引き取れよ」私「無理よ。だってあの子…」【スカッと】【朗読】
3,1490,15,姑の裏の顔 5668,https://www.youtube.com/channel/UCAUkwErZzfdQ5NFOS49O-rw,https://www.youtube.com/watch?v=Mo3V5bptutM,100%,3 週間前,15,https://www.youtube.com/watch?v=1DLChkN9oW8,41000,【スカッとする話】医者の弟の結婚式に出席した私に義母「中卒が身内とか医者一族の恥w」直後、夫が私の名前を呼んだ瞬間、その場にいた全員が凍りつき…w【朗読】【スカッと】
3,1491,16,孤独な心,https://www.youtube.com/channel/UCSNdJwT8r-r8xVDRxs6utlw,https://www.youtube.com/watch?v=u1GSjSJh3R0,100%,1 年前,17,https://www.youtube.com/watch?v=g4FVXeIsDTQ,140000,【スカッとする話】夫を略奪した姉から結婚式の招待状が届くと、父「母さんと2人で行くよ」母「地獄を見せてくるわね」普段温厚な両親がこの後...w
3,1492,17,義家族スカッと物語帳,https://www.youtube.com/channel/UCIZ41RBpQd7wBp_oOTGv1zw,https://www.youtube.com/watch?v=e8AUCDntWUs,100%,7 日前,1,https://www.youtube.com/watch?v=qORErX-vqL8,32000,【スカッとする話】同窓会で東大卒のイケメン医師が中卒でバイトの私に難病症例を提示。医師「解けたら何でもするw」私「あ、それ難しくないよ」【朗読】【スカッと】
3,1493,18,静かな夜の物語、雨の中の記憶,,https://www.youtube.com/watch?v=ze9iOqJewBo,100%,2 週間前,0,https://www.youtube.com/watch?v=T40Q2m3NnVw,60000,【スカッとする話】私の里帰り中に医者の婚約者を略奪した姉から連絡「彼の赤ちゃん妊娠したwアンタは帰ってくるなw」私「いいの？有り難う！」そのまま新居に引越した結果w
3,1494,19,Noah Qumi,https://www.youtube.com/channel/UCH4l3-r5NgR2RlKdoRwfzAw,https://www.youtube.com/watch?v=kwDoLkr5Sbk,100%,10 日前,0,https://www.youtube.com/watch?v=aCFKEISe330,360000,【スカッとする話】同窓会で結婚直前に私を捨てた夫と再会。夫「金持ちの社長令嬢と結婚したw俺だけ幸せでごめんなw」私「本当にそう思う？」真実を伝えると元夫が震え出し…【朗読】【スカッと】
3,1495,20,Shinji Datの人生物語,https://www.youtube.com/channel/UCpdX_bFCePsYvPWZAMQoaeg,https://www.youtube.com/watch?v=F-JFquYn4l8,100%,2 か月前,20,https://www.youtube.com/watch?v=C6r_ataNQZU,180000,【スカッと総集編】起業した夫を支えてきた私を裏切った夫「21歳のバイトを妊娠させた！悪いが、離婚してくれ！」私「はーい、仕事も辞めるね！」夫「は？仕事は続けてくれよ」
3,1496,21,スカッとする話 5020,https://www.youtube.com/channel/UCAG5eZR0aJpGuShtjtimSEg,https://www.youtube.com/watch?v=z0gg-kdn8Io,100%,3 週間前,39,https://www.youtube.com/watch?v=azDvOP8I1Ck,22000,【スカッとする話】同窓会に出席した肉屋の私。金持ち同級生「お前肉屋？wじゃあ旦那は豚かw呼べw」1時間後、社長の夫が会場に到着。キレた夫「豚だけど呼んだ？」【朗読】【スカッと】
3,1497,22,人生の光と影,https://www.youtube.com/channel/UCYX4tsWpykTmtfNq_i36C_w,https://www.youtube.com/watch?v=eKijFqrCIO4,100%,5 日前,62,https://www.youtube.com/watch?v=3ROoZpLQQvY,18000,【スカッとする話】姉夫婦の婚約祝いに到着すると息子「ママ、今すぐ帰ろう！早く発車して！」混乱する息子に理由を聞くと、息子「後ろみて…」私「え？」【朗読】【スカッと】
3,1498,23,美しい木,https://www.youtube.com/channel/UCKDhvWl0boDNeo65NQzjbOg,https://www.youtube.com/watch?v=6OMd2U0O26s,100%,2 か月前,2,https://www.youtube.com/watch?v=XeaG3k_O8iM,31000,【スカッとする話】夫「もう我慢できん！クズ嫁とは離婚！」夫婦喧嘩の翌日出張から帰ると私「この前はごめ...ん？」机の上に記入済みの離婚届が...速攻で提出してやった結果w
3,1499,24,TINA SHTIBKO,https://www.youtube.com/channel/UCIQbb4FNm2BhP5GfSTbrQ4w,https://www.youtube.com/watch?v=OJFNQ_YQztc,100%,2 年前,0,https://www.youtube.com/watch?v=iknFXLIJR7c,37000,【スカッとする話】兄嫁に奴隷扱いされてる祖母「家から出して！」兄に相談すると「そんならお前らが引き取れ！」私「はい、預かります」祖母を夫の別荘に住ませた結果w
3,1500,25,フィクション 5634,https://www.youtube.com/channel/UCtx1aitp-eTJhv2c94bnBZQ,https://www.youtube.com/watch?v=UmOdOkciR2g,100%,3 週間前,186,https://www.youtube.com/watch?v=i4CX2w0EpjQ,65000,【スカッとする話】不倫され無一文で追い出された私。偶然見た大富豪の継母募集に応募。1ヶ月後、知らせを聞いた元夫がいきなり家の前に現れ…w【朗読】【スカッと】
3,1501,26,泥だらけの絆 5655,https://www.youtube.com/channel/UCdyvc7k9wPzVO9X62aCvguQ,https://www.youtube.com/watch?v=uVKwqGj4XDE,100%,8 日前,0,https://www.youtube.com/watch?v=FKxO2ZIWpyI,87000,【スカッとする話】父「もう限界だ…助けて」息子夫婦から年金と貯金を摂取されボロボロな姿で現れた。私「一緒に暮らそ」父「ええんか？涙」翌日、息子夫婦が泣き叫びw【朗読】【スカッと】
3,1502,27,Bonnie Denver,https://www.youtube.com/channel/UCsdndA886timZqWK6_b0d0Q,https://www.youtube.com/watch?v=t9IBLjg2a_M,100%,1 年前,0,https://www.youtube.com/watch?v=BEKjWcB_3Mk,56000,【スカッと】孫の結婚式に行くと私達夫婦を嫌う新婦「中卒の貧乏ジジババは祝儀置いて田舎に帰れw」夫「…帰るか」私「…うん」30分後、半狂乱の新婦がw
3,1503,28,心温まるストーリー 4989,https://www.youtube.com/channel/UCS-VuYFB_DXsDhPHAzUS0JA,https://www.youtube.com/watch?v=2pKVUEdoXJI,100%,3 週間前,19,https://www.youtube.com/watch?v=vQdhdcwgO20,21000,【スカッとする話】父が急逝し女社長になった私。副社長「これ退職届80人分wコネだけの女は皆無理ってw」翌日、新聞を見た元部下が土下座→全員を無視してあげた結果w【朗読】【スカッと】
3,1504,29,Jamison Abraham,https://www.youtube.com/channel/UCcUsK23eqHw3ZQA5HjspM9Q,https://www.youtube.com/watch?v=I1fCJmwv5aM,100%,1 年前,0,https://www.youtube.com/watch?v=zZV5oL3aIHY,37000,【スカッとする話】孫の七五三祝いに行くと私だけ席がない...夫の連れ子「家族以外は立ってろw」夫「...帰るか」私「うん」直後、連れ子に大惨事がw
3,1505,30,サヨナラの選択4848,https://www.youtube.com/channel/UCiDg2Vs1LHy6qIiV6ilje1A,https://www.youtube.com/watch?v=9en_nSlDc5I,100%,2 週間前,0,https://www.youtube.com/watch?v=XA-rA7VecBI,55000,【スカッとする話】同居の約束で新築の4000万援助したのに勝手に嫁両親を住ませる息子夫婦「家の名義は私たちなのでw」キレた夫が銀行融資を停止→2週間後、息子から鬼電がw【朗読】【スカッと】
3,1506,31,シニア恋愛,https://www.youtube.com/channel/UCnd6MdoC_kW2CQVyL1AEERA,https://www.youtube.com/watch?v=4IVDp7ToKG8,100%,4 か月前,46,https://www.youtube.com/watch?v=YRUQbr26aHY,32000,【スカッとする話】夫と会社の新年会に行くと、部外者扱いされた私たち…課長「関係者だけ飲もっかw」夫と私「帰るから車出して」秘書「会長、承知しました」翌日w【朗読】【スカッと】
3,1507,32,スカッと朗読の部屋,https://www.youtube.com/channel/UCvO63auFe1UZQ_dHVqkGN7Q,https://www.youtube.com/watch?v=zBycphz3DW4,100%,2 か月前,4,https://www.youtube.com/watch?v=CdOIccEuKb0,35000,【スカッとする話】私が台所にいると知らず会話を続ける夫と娘…2人の会話を聞いていた私は荷物をまとめて黙って姿を消し永久に無視してやった結果w
3,1508,33,スカッと逆転チャンネル,https://www.youtube.com/channel/UCdomxLx_o6zPSsAkEAokA3g,https://www.youtube.com/watch?v=rxokI4YvWaA,100%,3 か月前,0,https://www.youtube.com/watch?v=53bXG_XMV0Y,67000,【スカッとする話】単身赴任から帰宅した私を他人扱いする夫と娘「誰このおばさんw」私「…」他人なので出ていった結果w
3,1509,34,大人のスカッと物語,https://www.youtube.com/channel/UC3_22iiSJgBR1aGvyoWj1gg,https://www.youtube.com/watch?v=2N-D6fFLgss,100%,2 か月前,0,https://www.youtube.com/watch?v=kEirPZtxmUU,76000,【スカッとする話】私も夫も日本人なのに息子の肌が黒い…夫「黒人の男と浮気しただろ！」私「はぁ？じゃあDNA鑑定してよ！」後日、鑑定結果を見せると夫はガクガク震えだし…
3,1510,35,心に灯る物語,https://www.youtube.com/channel/UC9RH_NC0WPeS4wTf1v8DyAA,https://www.youtube.com/watch?v=77SDLWlcnlY,100%,4 日前,13,https://www.youtube.com/watch?v=T3U_Z90x4XM,29000,【スカッとする話】息子の葬儀に夫と義父が来ない。私「早く来て！もう告別式よ？」夫「今からタイだから無理！」義父「旅行中に連絡すんな」キレた私が義実家を売却すると→帰宅した二人から鬼電が【朗読】
3,1511,36,心の影 5476,https://www.youtube.com/channel/UCurSn3tPfci7NFuBRTNZOQA,https://www.youtube.com/watch?v=7oh1osAvV9Y,100%,1 か月前,1,https://www.youtube.com/watch?v=ED8m-ZWU12Y,34000,【スカッと総集編】夫の他界後、9年間同居介護中の義父「家も遺産も本当の家族である娘に譲るが大丈夫だよな？」私「大丈夫です。今日で引っ越すので」義父「え？引越し？」
3,1512,37,痛快!!怒りのスカッとチャンネル【スカッと朗読】,https://www.youtube.com/channel/UC96mO8pXAaiP70V7KUjVHqg,https://www.youtube.com/watch?v=704G8Q4fTlM,100%,1 年前,20,https://www.youtube.com/watch?v=g4FVXeIsDTQ,140000,【スカッとする話】夫を略奪した姉から結婚式の招待状が届くと、父「母さんと2人で行くよ」母「地獄を見せてくるわね」普段温厚な両親がこの後...w
3,1513,38,雨の中の記憶、雨の中の記憶,,https://www.youtube.com/watch?v=91jZsqJGQeo,100%,2 週間前,6,https://www.youtube.com/watch?v=u2ktHPgl-Nc,39000,【スカッとする話】義家族と高級料亭へ行くと義母「あんたのカードで払ったよw支払い30万円よろしくねw」私「え？私カード持ってないけど…」義母「は？」結果w
3,1514,39,スカっとゼミ!!,https://www.youtube.com/channel/UC9Hd679L2faWD0aJQHeAlrA,https://www.youtube.com/watch?v=8p3vkkh73Zo,81%,1 年前,174305,https://www.youtube.com/watch?v=IIMdWb_44ts,370000,【スカッとする話】風呂も寝室も完全別で夜の行為も一切しない夫が緊急入院し手術する事に→医師「い、一体なんだこれは…」夫の体を見た医師が震え出し...
3,1515,40,スカッと成敗ストーリー,https://www.youtube.com/channel/UC1iIGo491nSYyJ_AsgmPzyw,https://www.youtube.com/watch?v=m_8afsZanW4,100%,2 か月前,1,https://www.youtube.com/watch?v=SwTnBYd5lG0,100000,【スカッとする話】長男嫁「このタワマンは私の両親に住んでもらう！他人は出てけw」私「はーい、喜んで！」翌日、家の売却手続きを済ませ夫と1億の豪邸に引越した結果w
3,1516,41,時を越える話,https://www.youtube.com/channel/UC_n9gc1na-2QpFv6TPInL3w,https://www.youtube.com/watch?v=ycSulISX7t8,100%,3 週間前,489,https://www.youtube.com/watch?v=2t3thqCEE5U,43000,【スカッとする話】旦那が出張中、手土産を持って夫を亡くした親友を訪ねた私。しかし玄関のドアを開け、目の前の光景を見た瞬間、私「今までありがとう」実は【朗読】【スカッと】
3,1517,42,涙の向こう側,https://www.youtube.com/channel/UCOXAYjsxUMpublA1yS1ATIA,https://www.youtube.com/watch?v=PDCuakh5uO4,100%,2 日前,27,https://www.youtube.com/watch?v=W8UO8b4fyYc,11000,【スカッとする話】私が菜園と庭付き一戸建てを購入すると夫「両親と妹夫婦も引越して来るからw」義母「私たちの介護もよろしくねw」引越し当日、発狂した義母から鬼電→義母「と、隣の家の人って…」
3,1518,43,老いの詩,https://www.youtube.com/channel/UClKj-HO63gh7qxtT7M0czEQ,https://www.youtube.com/watch?v=z5nlzoCfBGg,100%,1 か月前,5,https://www.youtube.com/watch?v=pdhclv8SJrI,85000,【スカッとする話】昼休みに同僚とカフェに入ると、隣の席に夫と若い女性が…夫「妻は2年前に他界したからwこの後うち来ていいよw」先回りし最高のおもてなしをするとw【朗読】【スカッと】
3,1519,44,Ivan Ilencow,https://www.youtube.com/channel/UC6IzQHpKzqIt1DgjPouEefQ,https://www.youtube.com/watch?v=NF3p6kjJQmw,100%,2 年前,3,https://www.youtube.com/watch?v=hhT_cSBqCts,60000,【スカッとする話】私が社員900人の社長と知らず私の親友を妊娠させ再婚した夫「病気持ちの貧乏人とは離婚ｗ」退院後、真っ先に夫の勤め先へ。私「全取引を停止で」夫「は？」
3,1520,45,Legacy Apollo,https://www.youtube.com/channel/UC2YwIXq-utTkNLQgcRVloyQ,https://www.youtube.com/watch?v=HTl3ryWNJfI,100%,2 年前,0,https://www.youtube.com/watch?v=W_2WifFIdxI,61000,【スカッとする話】長男嫁のスマホに夫から着信。手を離せない長男嫁の代わりに私がスピーカーにして電話に出ると、嫁と勘違いした夫と長男がトンデモナイ会話をしはじめ…私は慌てて警察に通報した結果【修羅場】
3,1521,46,Pendelton Gideon,https://www.youtube.com/channel/UCIRVjzjmTHwXA3X81dpyNeQ,https://www.youtube.com/watch?v=BKdnXXwAz_8,98%,1 年前,0,https://www.youtube.com/watch?v=fz32YDbWe1Q,53000,【スカッと】私が新築タワマンを購入した途端に夫「明日から愛人と同居する！」愛人「ババァは私の家から出てけw」私「え？私は独身ですが？」夫・愛人「は？」結果w
3,1522,47,Павел ****,https://www.youtube.com/channel/UCSPg9ALk7YwnsqACClpErGg,https://www.youtube.com/watch?v=-uUdEw9DTRY,100%,2 年前,0,https://www.youtube.com/watch?v=OGc065QvS9Q,29000,【スカッとする話】夫「赤ん坊はロッカーに放り込んどいたぞｗ」私「娘なら一緒にいるけど？」夫「は？」慌てて戻った夫が絶句。実はその子...
3,1523,48,人生スカッと朗読館,https://www.youtube.com/channel/UChTkZ7g3oCCQG3XSqe69LWQ,https://www.youtube.com/watch?v=KAK0g14QoEk,100%,2 日前,0,https://www.youtube.com/watch?v=IsPanDg1vH0,28000,【スカッとする話】娘の葬儀に愛人を連れてきた婿「最期に間に合わなくて残念w」愛人「遺産2億は私達が相続ねw」私「…ですってw」夫「助かるなw」愛人「え？」実はw【朗読ドラマ】【朗読】【スカッと】
3,1524,49,夜の語り部5056,https://www.youtube.com/channel/UCEvaB4r-6y7tj3UAoMEdqXA,https://www.youtube.com/watch?v=TH7qfqD12cA,100%,1 か月前,7,https://www.youtube.com/watch?v=DPS_qm8jKlI,100000,【スカッとする話】私の年収が1000万と知らず夫と一緒に出ていった息子「毒親とは絶縁wバイバイw」私「じゃあ夫とも縁切るね」息子「勝手にどうぞw」2日後w【朗読】【スカッと】
3,1525,50,妻の復讐 5649,https://www.youtube.com/channel/UC_-FBuCpoEW8RPG4j-oCbkg,https://www.youtube.com/watch?v=hyAYIjXQyj0,100%,3 週間前,0,https://www.youtube.com/watch?v=7Vq5sNaCsNc,260000,【スカッとする話】義母の嫁いびりが原因で夫と離婚。夫「今すぐ出てけ役立たずw」私「はい」両親と共に挨拶を済ませ迎えに来た車に乗り込むと→夫・義母「え？」
3,1526,51,小さな幸せ,https://www.youtube.com/channel/UCDan477oQB_h9RQ24R2fRhA,https://www.youtube.com/watch?v=5UonOrpizXo,100%,2 年前,2,https://www.youtube.com/watch?v=a5lS8StIZwA,170000,【スカッとする話】1億のピアノがある金持ち自慢の婚約者の実家へ結婚挨拶に行くと、婚約者「俺達の家政婦連れてきたよw」義父「貧乏な顔w親の顔が見たいw」父「どうも、家政婦の父です」
3,1527,52,心の琴線 5645,https://www.youtube.com/channel/UCiaf20iOL2Huh9928uSBP7A,https://www.youtube.com/watch?v=EypWrTl0eOw,100%,1 か月前,946,https://www.youtube.com/watch?v=IPsXxYnWZVk,130000,【スカッとする話】父が急逝し院長になった私。翌日、机に退職届が100人分…副院長「お前が院長ならみんな辞めるってw」私「どうぞどうぞ！」→翌日w【朗読】【スカッと】
3,1528,53,暮らしの話 5688,https://www.youtube.com/channel/UCWk4WbfyjB8F0DF4kgNBEqw,https://www.youtube.com/watch?v=QL2k_CRsDNQ,100%,2 週間前,107,https://www.youtube.com/watch?v=VQu62UhB0uI,29000,【スカッとする話】55年間独身で生きてきた私が夢の庭付き一軒家のため戸籍を取ると20年前に結婚し娘の存在が発覚..。直後、職員の一言で戦慄し私は全てを諦めその場を逃げ出すと…
3,1529,54,隠された才能 5633,https://www.youtube.com/channel/UCxSupAhazSWDXBtwag7MUbA,https://www.youtube.com/watch?v=cnKO3QZMVLk,100%,3 週間前,97,https://www.youtube.com/watch?v=L6kEKzkIxIU,43000,【スカッとする話】同窓会でいじめられた私。同級生「乞食は残飯食ってろw」1時間後、息子が現れた途端、同級生の態度が急変し…w【朗読】【スカッと】
3,1530,55,Glasgow Blaise,https://www.youtube.com/channel/UCpgekY72DbNLBcPSI1lSVRA,https://www.youtube.com/watch?v=cWddAaBiXqk,100%,1 年前,1,https://www.youtube.com/watch?v=7BkfeUd5plU,76000,【スカッとする話】私が役員報酬で家計を支えていると知らず夫を略奪し引越した愛人。愛人「家政婦で良いなら住所教えるよw」私「じゃ時給780円の夫とは離婚で」愛人「寝言は寝て言えw」結果w
3,1531,56,Vũ Thị Ánhu0236632 Vũ Thị Ánh,https://www.youtube.com/channel/UCv69G_Vx6JItDpPYNZrhX8w,https://www.youtube.com/watch?v=QQMVtBYJbhM,97%,1 年前,0,https://www.youtube.com/watch?v=wfp4FYMR-KU,120000,【スカッとする話】私の入院中に家を勝手に売った義母「あんたの家2000万で売れたw息子と離婚して失せろw」私に7歳の息子「大丈夫！手は打ったから！」1週間後、半狂乱の義母から鬼電がw
3,1532,57,【黒服の審判】スカッと裏コンシェルジュ,https://www.youtube.com/channel/UCOx7plQYvEIJEFyXMyc9foQ,https://www.youtube.com/watch?v=0d3yeVMz9cY,100%,3 か月前,2,https://www.youtube.com/watch?v=g3-T_5JMrcU,49000,【スカッとする話】うつ病の義父の介護を私に押し付け愛人と海外旅行へ行った夫「親父の介護は任せたぞｗ」義父「今すぐこの家を売り払うぞ」義父と家を売却し更地にした結果w
3,1533,58,どこにでも自由,https://www.youtube.com/channel/UCdYAr7nX6UlKOOdkLLabNug,https://www.youtube.com/watch?v=KA5w7UaD1Fo,100%,9 か月前,2,https://www.youtube.com/watch?v=g4FVXeIsDTQ,140000,【スカッとする話】夫を略奪した姉から結婚式の招待状が届くと、父「母さんと2人で行くよ」母「地獄を見せてくるわね」普段温厚な両親がこの後...w
3,1534,59,スカッと豆太郎,https://www.youtube.com/channel/UC84EpUMkWGBuDPcH0ENy7wQ,https://www.youtube.com/watch?v=oGoYjBTOSzw,100%,3 年前,67276,https://www.youtube.com/watch?v=GZtalGoS6qE,110000,【スカッとする話】親族の集まりでエリート夫「嫁の飯はまずいんだよなw」私「え？私の料理食べた事ある？食事はいつも愛人宅じゃないの」義父「は？」義両親がブチギレ...
3,1535,60,人生劇場チャンネル5062,https://www.youtube.com/channel/UCDUjpUXLHRFyRStL02pHIwA,https://www.youtube.com/watch?v=ZPU0I07VM9U,100%,1 か月前,12,https://www.youtube.com/watch?v=lRIrN83xkSc,62000,【スカッとする話】私の車のアクセルにこっそり手を加える夫。私（知らないふりしよw）翌日、車を義両親に貸し出すと、夫「ま、待ってくれ…」実はw【朗読】【スカッと】
3,1536,61,奈落の家族 5652,https://www.youtube.com/channel/UC-CxUAgCsbf-R4BwTN_XWHw,https://www.youtube.com/watch?v=2TZsiC8HWKU,100%,3 週間前,0,https://www.youtube.com/watch?v=6AdAW6Y3AdM,110000,【スカッと総集編】私が田舎に畑と庭付き一軒家を購入した途端、義母「私もお父さんと引っ越すw」義父「介護もよろしく頼むよw」引越し当日、義母から鬼電→私「やっと気づいたかw」実は…
3,1537,62,嫁の切り札朗読館,https://www.youtube.com/channel/UCJs7FR3NDs8ntlTSLFQBGOg,https://www.youtube.com/watch?v=_nRFilJcS_g,100%,2 週間前,359,https://www.youtube.com/watch?v=ZobJWKrmIzQ,77000,【スカッとする話】娘の結婚式に愛人と共に現れた夫「彼女にも座らせてあげて」私は黙って愛人に席を譲った直後、グループ10社を束ねる新郎父「会長、お久しぶりです」【朗読】【スカッと】
3,1538,63,実話感動チャンネル,https://www.youtube.com/channel/UCekQO8WQ0udVSYSfX4Pymgw,https://www.youtube.com/watch?v=j59WOLZHPKk,100%,3 か月前,86189,https://www.youtube.com/watch?v=cVe3XmXeRuE,140000,【スカッとする話】私が離婚届に署名すると、満面の笑みで大喜びする義家族。新しい嫁を迎えた1週間後、電気・ガス・水道が止まると急に義家族が焦り出しw【朗読】【スカッと】
3,1539,64,家族の修羅場,https://www.youtube.com/channel/UCBh3ipHGoPZMTeNkEWdf5kQ,https://www.youtube.com/watch?v=Dw56BW6dv8A,100%,7 か月前,0,https://www.youtube.com/watch?v=Hf2l_WByhX8,15000,【スカッとする話】私「ボーナスとミニバンが消えた！」夫「還暦祝いで母さんに譲ったw文句あるなら離婚するぞw」3日後、半狂乱の義母から鬼電→私「あんた誰？」【スカッと】【朗読】
3,1540,65,日本の物語 〜老後の人生〜,https://www.youtube.com/channel/UCEZOpLWYD1o09D4aS_BZmbA,https://www.youtube.com/watch?v=_Ni2a62qBLs,100%,3 週間前,27,https://www.youtube.com/watch?v=xx85GANRbNY,71000,【スカッとする話】発達障害が原因で捨てられ、親戚中をたらい回しにされた双子兄弟「もう隠さなくていいや」私が引き取るとIQ200の天才で…w【朗読】【スカッと】
3,1541,66,明日への涙 5640,https://www.youtube.com/channel/UCMgqdL_Eaa1cwxS72pnAmCA,https://www.youtube.com/watch?v=HdHDvW5V6QE,100%,4 週間前,16,https://www.youtube.com/watch?v=EeQo49qzzTA,100000,【スカッとする話】結婚式当日に夫からブチギレ電話。夫「今何時だと思ってんだ！花嫁の立場でふざけるな！」父「お前こそふざけんなよ？」電話に出たのは私の父で…【朗読】【スカッと】
3,1542,67,涙の食卓 5651,https://www.youtube.com/channel/UCDts-8SRBGNQEaBIhxtE0tw,https://www.youtube.com/watch?v=NSFWecsgMos,100%,3 週間前,0,https://www.youtube.com/watch?v=rB3CtufDsNY,100000,【スカッとする話】夫・義母・娘に9年間嫌われ続けた私。義父の葬儀の日に姿を消すと半狂乱の夫と義母から鬼電がw
3,1543,68,静かなる横浜5037,https://www.youtube.com/channel/UCOIJmQi-cKQxqxTukmYLEHA,https://www.youtube.com/watch?v=OhPKdU7AS-o,100%,1 か月前,56,https://www.youtube.com/watch?v=p4pyD9SD1Tk,81000,【スカッとする話】義両親に蹴られ骨折した私に夫「寝かせとけば治るw」翌日、病室に嘲笑いに来た義家族「あれ、嫁は？w」医師「警察署です」義家族「え？」【朗読】【スカッと】
3,1544,69,567 Lenmoban,https://www.youtube.com/channel/UCvdGGJHSzUfvS64FqivkrYQ,https://www.youtube.com/watch?v=aiF0Bsy3nho,100%,2 年前,0,https://www.youtube.com/watch?v=i8zqcOBxHyo,37000,【スカッとする話】長男の海外主張中、癌で余命半年の私を奴隷扱いする長男嫁「家事も役立たずは出てけ！」私「はい...」泣きながら出て行くと長男とある人物がやってきて…【修羅場】【スカッと】
3,1545,70,578 Xitchohet,https://www.youtube.com/channel/UCxlkzHr78jVNai1RjN7f7cA,https://www.youtube.com/watch?v=FmID0bS10rI,100%,1 年前,0,https://www.youtube.com/watch?v=sjdVGMyS0Gs,59000,【スカッとする話】長男の結婚式へ出席すると私の席だけが無い。私の事が大嫌いな長男嫁「席の用意忘れたwお祝儀払って帰れw」私「いいけど後悔するよ？」長男嫁「黙れババァw」1時間後w【修羅場】【スカッと】
3,1546,71,Dung Tran,https://www.youtube.com/channel/UCFPRY-BV8v_syKN9vAChvHg,https://www.youtube.com/watch?v=0RZm2iL7Xcs,98%,1 年前,1,https://www.youtube.com/watch?v=9GqqVbMAXIo,81000,【スカッとする話】11年前に私と息子を捨て愛人を選び、海外に失踪した元夫から電話「おい、息子の結婚式始まるぞ！」私「は？息子はまだ中学生よ？」元夫「はい？」実は...
3,1547,72,Loan Vu,https://www.youtube.com/channel/UCcSWImAU76lOLjftF7FbrNA,https://www.youtube.com/watch?v=435aIR-zvJk,97%,1 年前,0,https://www.youtube.com/watch?v=6GdpFfoyDeI,93000,【スカッとする話】10年介護した義父の葬儀後に義母「介護終わったし離婚して出てけw」夫「実は愛人と隠し子がいるんだw」翌日、家を引越し出ていくと→涙を流した義母と夫から鬼電がw
3,1548,73,Văn Sơn Lã,https://www.youtube.com/channel/UCnSrambnfB2Nc_4BliQ4Aug,https://www.youtube.com/watch?v=RIji9vTwWLY,96%,1 年前,0,https://www.youtube.com/watch?v=A2Bru1QfIL8,78000,【スカッとする話】姑との同居を断り続けた私に夫「誰のおかげで生活出来てるんだ！」姑「調子乗ってると離婚させるわよw」翌日、離婚届を置いて引っ越すと涙を流した夫と姑から鬼電がw
3,1549,74,minh pham,https://www.youtube.com/channel/UCWK9Evpbj0xbkFyaTiFreXw,https://www.youtube.com/watch?v=ZvuKbHFTZcc,100%,1 年前,0,https://www.youtube.com/watch?v=wwS7psB4Iuw,48000,【スカッとする話】息子がベランダから転落し緊急搬送されたと連絡。夫「息子がお前を呼んでる！急いで病院に来てくれ！」私「嫌よ。だってあの子は...」
3,1550,75,【罠師の逆襲】あえて騙されて大破滅,https://www.youtube.com/channel/UCO3cwCVrePQ3IZhL9x5k8-g,https://www.youtube.com/watch?v=P1g0aEdFWXw,100%,3 か月前,0,https://www.youtube.com/watch?v=QYxlZ4M3Tcs,81000,【スカッとする話】注文した料理に一切手をつけない夫。私「食べないの？」夫「...」会計時、店員の手の動きを見た瞬間、私はガクガク震えだし...
3,1551,76,家庭の奇妙な話 5500,https://www.youtube.com/channel/UCyECOcLVBmrEH9eCxnZtzEg,https://www.youtube.com/watch?v=es0tFTOE658,100%,3 週間前,1,https://www.youtube.com/watch?v=yMPrqmgHsG0,19000,【スカッとする話】3歳の息子が緊急搬送され義母の誕生会を欠席すると、義母「普通こっち優先だろ！プレゼント持って来い」私「OK」プレゼントを贈ると義母が…w【朗読】【スカッと】
3,1552,77,小さなコーナー,https://www.youtube.com/channel/UClsWKjOxXmWyf7DD0ygoufg,https://www.youtube.com/watch?v=Urm8pKwd__g,100%,3 か月前,0,https://www.youtube.com/watch?v=ggXy5tjhARw,63000,【スカッとする話】長男夫婦が我が家に引っ越して来て、長男「毎朝4時起きで弁当5人分作れ！」長男嫁「断ったら介護しませんよ！w」私「じゃあ私も実家に帰るわね」長男「え？実家？」【スカッと】【修羅場】
3,1553,78,心温まる実話,https://www.youtube.com/channel/UCqAz4zqqdAigBNPpMwK-pYw,https://www.youtube.com/watch?v=JCRAk2WNo5Q,100%,1 か月前,5,https://www.youtube.com/watch?v=Tpbu9uHiFPg,110000,【スカッとする話】結婚10年目に銀行員の夫が突然の暴露「お前の親友と結婚するw籍入れてないし財産分与は無しw」私「あれ？あんた知らないの？」夫「何がだよw」実は…
3,1554,79,心温まる物語 5715,https://www.youtube.com/channel/UCp5XuGGZyQWEBrJpOq-DHdw,https://www.youtube.com/watch?v=EwdGHtdK-uw,100%,3 週間前,146,https://www.youtube.com/watch?v=s2GrUHCF1-U,23000,【スカッとする話】倒産寸前の弁当屋を営む私。ある日、片腕の13歳少女が来店。少女「日給100円でいいので…」私「月給20万で雇うわよ」→1ヶ月後、店が大行列にw【朗読】【スカッと】
3,1555,80,愛憎の交差点 5648,https://www.youtube.com/channel/UCZ27s-bExyb-zcqGkYvoicQ,https://www.youtube.com/watch?v=KBXbnqmHN3c,100%,3 週間前,0,https://www.youtube.com/watch?v=F74TRQPted4,230000,【スカッとする話】体調不良でパートを早退し家に帰ると夫が義母と真っ最中...私「お義父さん、大変です！」義父をその場に凸させた結果w
3,1556,81,明日への涙5639,https://www.youtube.com/channel/UC2daLTlrWBDdKIOJDbg_Z4w,https://www.youtube.com/watch?v=wVNFXO1Brhw,100%,4 週間前,0,https://www.youtube.com/watch?v=pG3imzsGALc,82000,【スカッとする話】帰宅すると夫と愛人が寝ていたので私は黙って家を出た。7日後、机に置いた指輪と離婚届に書かれた1行を見た夫はその場に崩れ落ち…w【朗読】【スカッと】
3,1557,82,母と娘と嫁5049,https://www.youtube.com/channel/UCXgqiZuZK8nb9xaVgEX79UA,https://www.youtube.com/watch?v=OvBUOKG0I60,100%,4 週間前,0,https://www.youtube.com/watch?v=kvkSAA9nGms,22000,【スカッとする話】親から継いだ高級旅館を同窓会の会場にすると頭取娘「100人分ドタキャンでw」私「まじで？ラッキーw」翌日、頭取娘が半泣きの展開にw【朗読】【スカッと】
3,1558,83,涙涙の感動秘話#027,https://www.youtube.com/channel/UCaG47XV_nZwVW3gXj0T_aFw,https://www.youtube.com/watch?v=JGIvGCe1sLI,100%,2 年前,99,https://www.youtube.com/watch?v=OaIj_8vvCdo,28000,【スカッとする話】深夜に母が倒れ夫と病院へ...私「急いで車出して！」夫「...はーい」だが、なぜか道中の海岸で置き去りに、夫「俺様に命令した罰だw」3時間後、病院に着くと血だらけの夫がw
3,1559,84,物語チャンネル 5693,https://www.youtube.com/channel/UCFEMckiarNY3cQZ0aMygl3w,https://www.youtube.com/watch?v=TFp07yYbaYs,100%,3 週間前,647,https://www.youtube.com/watch?v=YcsIuK4bGvk,41000,【スカッとする話】長期旅行から帰宅すると息子夫婦「父さんは認知症で施設に入れたw」私はすぐに施設を訪ねると、夫から衝撃の一言が…【朗読】【スカッと】
3,1560,85,秘密と嘘の家 5436,https://www.youtube.com/channel/UCFu4mcOSv2LuCDSSbnFcMXw,https://www.youtube.com/watch?v=QrVr4xYpFIs,100%,3 週間前,1,https://www.youtube.com/watch?v=nmxjuOeyqQ8,23000,【スカッとする話】娘の寝室に入り5時間出てこない義父。不審に思った私と夫が静かに扉を開けた瞬間、私たちは顔面蒼白に…【朗読】【スカッと】
3,1561,86,秘密の重さ 5647,https://www.youtube.com/channel/UCRxTgybyclgid9aIBdIXUVA,https://www.youtube.com/watch?v=MW41sBFn6a8,100%,2 週間前,0,https://www.youtube.com/watch?v=Bne-Te9-R4Y,100000,【スカッと総集編】3人の連れ子との同居を勝手に決めた夫「あいつらの引越しは済んだか？」私「うん！私の方も新居に引越したとこ！」夫「は？新居？」
3,1562,87,逆転ストーリー 5008,https://www.youtube.com/channel/UCriVTHI8ZSlCtGVvqIqnMSw,https://www.youtube.com/watch?v=oOG4kNeC0o8,100%,4 週間前,117,https://www.youtube.com/watch?v=sd51TvGQSo0,49000,【スカッとする話】夫と作業着で株主総会へ行くと総務部長「小汚い貧乏人は帰れw」夫「俺、大株主なんだけど…」部長「じゃあ全株売ってみろよw」私「もしもし？全株（999億）売却で」結果w【朗読】
3,1563,88,雨の中の記憶、静かな心の記録,,https://www.youtube.com/watch?v=VMGI0GJDgqA,100%,12 日前,0,https://www.youtube.com/watch?v=c2AdQUXc1Hg,59000,【スカッと総集編】入院した私に大量の塩をぶっかける長男嫁「このままあの世にいけwババァがいなくて最高w」キレた私は長男嫁への仕送りを停止→本当に帰らぬ人となった結果w
3,1564,89,雨の中の記憶、静かな終わり,,https://www.youtube.com/watch?v=ZRc8IkmBlhw,99%,7 日前,6,https://www.youtube.com/watch?v=HeH8HawqG-A,52000,【スカッとする話】帰宅した私と息子に気づかない義両親。義母「バカ嫁が産んだ息子もバカｗ」義父「介護要員には良いだろｗ」私「…引っ越すわよ」息子「…うん」黙って豪邸に引越した結果ｗ
3,1565,90,静かな夜の物語、お話の部屋,,https://www.youtube.com/watch?v=ndorpzHpT74,100%,4 週間前,0,https://www.youtube.com/watch?v=GacXmYkB2z8,110000,【スカッと総集編】妊娠10ヶ月の私を地下室に閉じこめ夫とハワイ旅行に行った義両親「クズ嫁はそこで反省してなw」1週間後、帰宅した義母が腐敗臭に気づき慌てて地下室の扉を開けると...
3,1566,91,Avalynn Roderick,https://www.youtube.com/channel/UC2ALeyYaaWwXZhLpaAxCjDA,https://www.youtube.com/watch?v=PSSh0xDOrIo,100%,2 年前,0,https://www.youtube.com/watch?v=Gujab48F13I,52000,【スカッとする話】夫が出張に行った途端、5歳の娘が突然私に衝撃発言「今のうちにパパと離婚して！」私「はい？」理由を聞いて私は慌てて警察に通報した結果【修羅場】
3,1567,92,Chi Tông,https://www.youtube.com/channel/UCQZmlpJ03rsGpabdpOyYt5g,https://www.youtube.com/watch?v=k6-vdzKCc2w,99%,1 年前,0,https://www.youtube.com/watch?v=BtTfiARWz5Y,90000,【スカッとする話】出張帰りの夫のスーツのポッケからなぜか記入済みの離婚届が...私（出せって事だし提出しよw）速攻で提出し引越した結果w
3,1568,93,Malani Darren,https://www.youtube.com/channel/UCGjfIdDymNvLcybwzheXAnQ,https://www.youtube.com/watch?v=S7YEiucouR8,100%,1 年前,0,https://www.youtube.com/watch?v=lp-CDBvDiYk,20000,【スカッとする話】長男夫婦が経営する高級寿司屋に行くとガリしか料理を出さない長男嫁「貧乏臭いジジババにはこれで十分w」直後、普段温厚な夫が大激怒「じゃあ賃料300万アップな」長男嫁「は？」【修羅場】
3,1569,94,Thuong Le,https://www.youtube.com/channel/UCxXjwf3LJAKSZP_9Thu5meA,https://www.youtube.com/watch?v=ZBhiDg4Gc2g,99%,1 年前,0,https://www.youtube.com/watch?v=aWa2vGRXJF8,38000,【スカッと】10年介護した義父の葬儀後に夫「おい家政婦！これ洗濯しとけ！」なぜかポッケに記入済みの離婚届が…速攻で役所に提出し引越すと半狂乱の夫から鬼電がw
3,1570,95,anh le,https://www.youtube.com/channel/UCarxn6vtJCi169Mjzrmzo4A,https://www.youtube.com/watch?v=mXJGPiwViMI,96%,1 年前,0,https://www.youtube.com/watch?v=GUlWy08QqT0,68000,【スカッとする話】体調不良で夕飯に冷凍食品を出すとビール瓶を投げてきた夫「家政婦が料理サボるとは何事だ！」間一髪避けると後ろから叫び声...→振り返ると鬼の形相の義父が...
3,1571,96,ezebo chiamaka,https://www.youtube.com/channel/UCE-qld23FOqFEVR1e-zZk_g,https://www.youtube.com/watch?v=kVZyTmqZFtc,98%,1 年前,1,https://www.youtube.com/watch?v=UQlpAe4Omjw,61000,【スカッとする話】夫が他界すると夫の連れ子「遺産いくら？」私「夫の両親が相続して0円よ...」連れ子「じゃアンタの娘辞めるわw」後日、テレビを見た連れ子から鬼電→永久に無視してやった結果w
3,1572,97,faustino karisa,https://www.youtube.com/channel/UCh1wgkzk9PVxPJshc_EWlIA,https://www.youtube.com/watch?v=U38XPq9Ek98,100%,2 年前,0,https://www.youtube.com/watch?v=5ASi2YeIxuc,69000,【スカッとする話】母子家庭で育てた娘の結婚式当日、なぜか私の席だけが無い...。医者一族の義両親「席がないなら帰れw」私「では帰りますね」お望み通り帰った結果w
3,1573,98,【経済的処刑】マウント成金の一文無し計画,https://www.youtube.com/channel/UCFrczgjtItoUn5iNZnathKA,https://www.youtube.com/watch?v=Eclzt94z-y8,100%,3 か月前,0,https://www.youtube.com/watch?v=7Y1h9MMUaIU,70000,【スカッとする話】半年入院していた私が退院し家に帰ると我が家に義母と義姉の大量の荷物が…義母「ここは私の家w」義姉「病人は出てけw」夫「出ていこう」私「そうね」家を売り払い引越した結果w
3,1574,99,【鑑定書の告発】科学が暴く「ざまぁ」の真相,https://www.youtube.com/channel/UCQilFCU3Eok7gFShbP8i38w,https://www.youtube.com/watch?v=lijjphDtTME,100%,3 か月前,0,https://www.youtube.com/watch?v=td6d5s8qLow,140000,【スカッとする話】銀行員の夫を略奪した親友「双子の赤ちゃん産んだのw出産祝い180万お願いねw」私「うん、銀行頭取の旦那と行くね！」親友「え？」結果w
3,1575,100,アヒルの子,https://www.youtube.com/channel/UCW4prcGFf0yqLylWHc8zRLQ,https://www.youtube.com/watch?v=tl8Rw4bM3rs,100%,3 か月前,0,https://www.youtube.com/watch?v=0sVwSDIsx5c,41000,【スカッとする話】夫が誕生日に愛人と温泉旅行。夫「ケーキ？ゴミは捨てといて」私「わかった、ゴミは捨てておくね…」夫の大事なアレもコレも捨てた結果w【修羅場】
