No.,自社タイトル,自社URL,自社公開,スパムチャンネル名,スパムチャンネルURL,スパム公開,スパム再生数,スパムタイトル,スパムURL,タイトル一致率
1,【スカッとする話】ピアノの天才の姉だけを溺愛する長男嫁「発達障害の妹はお義母さんにあげるw」私「じゃあ私が育てるわね」養子にして10年育てると...,https://www.youtube.com/watch?v=vqBTDvaavnA,7.8万回視聴 / 2 年前, minh vương,https://www.youtube.com/channel/UCdm2C4XwcbiPrnEtGAg00EQ,2 年前,0 回視聴,【スカッとする話】ピアノの天才の姉だけを溺愛する長男嫁 「発達障害の妹はお義母さんにあげるw」私 「じゃあ私が育てるわね」養子にして10年育てると,https://www.youtube.com/watch?v=32TQUrPp7rE,100%
2,【スカッとする話】夫「妊娠？知らねぇよwお願いだからもうしゃべんな！」私「..」黙って引っ越し永久に無視してやった結果ｗ,https://www.youtube.com/watch?v=acMaagt7Yv0,11万回視聴 / 2 年前, minh vương,https://www.youtube.com/channel/UCdm2C4XwcbiPrnEtGAg00EQ,2 年前,0 回視聴,【スカッとする話】夫「妊娠？知らねぇよwお願いだからもうしゃべんな！」私「  」黙って引っ越し永久に無視してやった結果ｗ,https://www.youtube.com/watch?v=0WEIRqXLZkM,100%
3,【スカッとする話】私が年商500億の社長と知らない夫「時給941円の底辺は出てけw」連れ子「役立たずの母親バイバイw」私「じゃあ出ていきます」１ヶ月後、涙を流した夫から鬼電がw,https://www.youtube.com/watch?v=jA4TTTeqo-M,12万回視聴 / 2 年前, minh vương,https://www.youtube.com/channel/UCdm2C4XwcbiPrnEtGAg00EQ,2 年前,1 回視聴,【スカッとする話】私が年商500億の社長と知らない夫 「時給941円の底辺は出てけw」連れ子 「役立たずの母親バイバイw」私 「じゃあ出ていきます」１ヶ月後、涙を流した夫から鬼電がw,https://www.youtube.com/watch?v=BebSddofeds,100%
4,【スカッとする話】私が役員報酬で家計を支えていると知らず夫を略奪し引越した愛人。愛人「家政婦で良いなら住所教えるよw」私「じゃ時給780円の夫とは離婚で」愛人「寝言は寝て言えw」結果w,https://www.youtube.com/watch?v=7BkfeUd5plU,7.6万回視聴 / 2 年前, ИСТОРИИ для Вас,https://www.youtube.com/channel/UCoIz6ZmXWRv7GbQp2Tqsjsw,2 年前,0 回視聴,【スカッとする話】私が役員報酬で家計を支えていると知らず夫を略奪し引越した愛人。愛人「家政婦で良いなら住所教えるよw」私「じゃ時給780円の夫とは離婚で」愛人「寝言は寝て言えw」結果w,https://www.youtube.com/watch?v=nQbDO_sXG1U,100%
5,【スカッと総集編】起業した夫を支え続けた私を裏切り捨てた夫「20歳の愛人が妊娠してしまった！若い子が良いから離婚してくれ！」私「はーい、離婚届！仕事辞めるね！」夫「え？仕事は責任持ってやれよ！」,https://www.youtube.com/watch?v=FYqLYXwewes,6.9万回視聴 / 2 年前, ИСТОРИИ для Вас,https://www.youtube.com/channel/UCoIz6ZmXWRv7GbQp2Tqsjsw,2 年前,0 回視聴,【スカッと総集編】起業した夫を支え続けた私を裏切り捨てた夫「20歳の愛人が妊娠してしまった！若い子が良いから離婚してくれ！」私「はーい、離婚届！仕事辞めるね！」夫「え？仕事は責任持ってやれよ！,https://www.youtube.com/watch?v=trMqLBft4Vc,100%
6,【スカッとする話】夫と義両親から13年間も嫌われ続けた私。ある日、離婚届を置いて引っ越すと、ボロボロの夫と義両親から鬼電が→私（やっと気づいたかw）実は...,https://www.youtube.com/watch?v=Wk9S9SoTHxU,9.2万回視聴 / 3 年前, Ирина Анатольевна,https://www.youtube.com/channel/UCG2zWrAFwX5Xcj5AY5tAJqg,1 年前,0 回視聴,【スカッと】夫と義両親から13年間も嫌われ続けた私。ある日、私は離婚届をそっと置いて引っ越すと、ボロボロの夫と義両親から鬼電→私（やっと気づいたのねw）実は…【修羅場】,https://www.youtube.com/watch?v=P6hd8tPzNjI,93%
7,【スカッとする話】私が社員3000人の夫の会社の社長と知らず新築を購入した途端に豹変した夫「今日から両親と同居する！嫌なら離婚して出てけw」→私「じゃお前は解雇で会社出てけ」,https://www.youtube.com/watch?v=kpGjizf6mpc,17万回視聴 / 2 年前, Просто Истории,https://www.youtube.com/channel/UCHMuYD9Inb_58Ia9nbMSKjw,2 年前,0 回視聴,【スカッとする話】私が社員3000人の夫の会社の社長と知らず新築を購入した途端に豹変した夫「今日から両親と同居する！嫌なら離婚して出てけw」→私「じゃお前は解雇で会社出てけ」,https://www.youtube.com/watch?v=K-lXlLutxso,100%
8,【スカッとする話】夫「来月ママが引っ越してくる！お前の部屋片付けておけw」私「はーい、キレイにしておくね」夫の出張中に不動産屋に連絡し家を売り払いキレイに更地にした結果w,https://www.youtube.com/watch?v=vyDCAcHPme8,8.6万回視聴 / 2 年前, スカッとする話 ,https://www.youtube.com/channel/UCE4ScoaaEmRsXAijXOWNgPw,2 年前,1 回視聴,【スカッとする話】夫「来月ママが引っ越してくる！お前の部屋片付けておけw」私「はーい、キレイにしておくね」夫の出張中に不動産屋に連絡し家を売り払いキレイに更地にした結果w【修羅場】,https://www.youtube.com/watch?v=lrIE3hsN3X0,100%
9,【スカッとする話】夫の出張中に息子に誘われ高級ホテルへディナーに行くと女性にプロポーズする夫「亡き妻と息子の分まで幸せにする！」直後、静かに席を立ち上がり求婚に乱入→私と息子「死んだ全家族です」,https://www.youtube.com/watch?v=-fE68tebmjk,7.2万回視聴 / 2 年前, スカッとする話 ,https://www.youtube.com/channel/UCE4ScoaaEmRsXAijXOWNgPw,2 年前,0 回視聴,【スカッとする話】夫の出張中に息子に誘われ高級ホテルへディナーに行くと女性にプロポーズする夫「亡き妻と息子の分まで幸せにする！」→直後、静かに席を立ち求婚に乱入「どうも、亡き妻と息子です」【修,https://www.youtube.com/watch?v=hObl-wFSyeU,88%
10,【スカッとする話】夫の連れ子の娘と暮らし始めて1年。しかし、全くなつく気配がない…夫が海外出張に行った日に娘が初めて話しかけてきた。娘「お母さん、実は...」そう言って差し出された手には...,https://www.youtube.com/watch?v=BKC9CbFIESk,5.2万回視聴 / 3 年前, スカッとする話 ,https://www.youtube.com/channel/UCE4ScoaaEmRsXAijXOWNgPw,2 年前,7回視聴,【スカッとする話】夫の連れ子の娘と暮らし始めて2年。しかし、全くなつく気配がない…夫が海外出張に行った日に娘が初めて話しかけてきた。娘「お母さん、実は   」そう言って差し出された手には,https://www.youtube.com/watch?v=wyxcjOSAxes,99%
11,【スカッと】夫を略奪した妹の結婚式で妹「今日から私が社長夫人で〜すw社員は全員パシリよろしく〜w」直後、社員一同が大爆笑w→私（社長は私なんだよな…w）,https://www.youtube.com/watch?v=7msH4kMIKYA,1.5万回視聴 / 1 年前, 読書室【スカッとする話】,https://www.youtube.com/channel/UCjQd7ZVm5BPbGpB_V9B6kgQ,1 年前,1 回視聴,【スカッと】夫を略奪した妹の結婚式で妹「今日から私が社長夫人で〜すw社員は全員パシリよろしく〜w」直後、社員一同が大爆笑w→私（社長は私なんだよな…w）,https://www.youtube.com/watch?v=9zs6le8kFYk,100%
12,【スカッと】私と息子を捨てて私の妹と再婚した夫「邪魔者2人は失せろw」妹「3日以内に出てってねw」息子「母さん良かったね！」私「え？」息子「だってあの人たち…」,https://www.youtube.com/watch?v=Z2pKxDTj5Io,2.4万回視聴 / 1 年前, 読書室【スカッとする話】,https://www.youtube.com/channel/UCjQd7ZVm5BPbGpB_V9B6kgQ,1 年前,0 回視聴,【スカッと】私と息子を捨てて私の妹と再婚した夫「邪魔者2人は失せろw」妹「3日以内に出てってねw」息子「母さん良かったね！」私「え？」息子「だってあの人たち…」,https://www.youtube.com/watch?v=MfZT_x26nhg,100%
13,【スカッと】私の子供が夫の上司と瓜二つ。夫「浮気してたな！離婚だ！」義母「アバズレは今すぐ出てけw」13年後、夫と義母と再会すると二人は半狂乱。だって娘は…,https://www.youtube.com/watch?v=RNWUvpjXeTw,2.2万回視聴 / 1 年前, 読書室【スカッとする話】,https://www.youtube.com/channel/UCjQd7ZVm5BPbGpB_V9B6kgQ,1 年前,2回視聴,【スカッと】私の子供が夫の上司と瓜二つ。夫「浮気してたな！離婚だ！」義母「アバズレは今すぐ出てけw」13年後、夫と義母と再会すると二人は半狂乱。だって娘は…,https://www.youtube.com/watch?v=ykrbCE8A45A,100%
14,【スカッと】義父の訃報を知り夫に連絡。夫「接待中だ！くだらんことで連絡するな」私「はーい、もう二度と連絡しません」（葬式も遺言も秘密にしとこ…）帰宅した夫「ど、どういうことだ！？」,https://www.youtube.com/watch?v=LpVENTyRBTo,1.4万回視聴 / 1 年前, 読書室【スカッとする話】,https://www.youtube.com/channel/UCjQd7ZVm5BPbGpB_V9B6kgQ,1 年前,2回視聴,【スカッと】義父の訃報を知り夫に連絡。夫「接待中だ！くだらんことで連絡するな」私「はーい、もう二度と連絡しません」（葬式も遺言も秘密にしとこ…）帰宅した夫「ど、どういうことだ！？」,https://www.youtube.com/watch?v=7Ae8984Yap8,100%
15,【スカッとする話】11年間、義実家のローンを払ってきた私に夫「この家は妹夫婦に譲ることにしたw」義妹「他人は今すぐ出ていってw」私「じゃあ引越しますね」1ヶ月後、涙を流した夫から大量着信がw,https://www.youtube.com/watch?v=KwIKJhGIKa0,3.9万回視聴 / 1 年前, 読書室【スカッとする話】,https://www.youtube.com/channel/UCjQd7ZVm5BPbGpB_V9B6kgQ,1 年前,0 回視聴,【スカッとする話】11年間、義実家のローンを払ってきた私に夫「この家は妹夫婦に譲ることにしたw」義妹「他人は今すぐ出ていってw」私「じゃあ引越しますね」1ヶ月後、涙を流した夫から大量着信がw,https://www.youtube.com/watch?v=pjYj8LyGdYs,100%
16,【スカッとする話】13億の資産を築いた夫の葬儀後、通帳と印鑑を盗んだ義両親「3000万の家買っちゃったw」それを聞いてお腹を抱えて大爆笑→私「御愁傷さまw」実は...【スカッと】【朗読】,https://www.youtube.com/watch?v=KMhlovvuqDg,2.8万回視聴 / 1 年前, 読書室【スカッとする話】,https://www.youtube.com/channel/UCjQd7ZVm5BPbGpB_V9B6kgQ,1 年前,0 回視聴,【スカッとする話】13億の資産を築いた夫の葬儀後、通帳と印鑑を盗んだ義両親「3000万の家買っちゃったw」それを聞いてお腹を抱えて大爆笑→私「御愁傷さまw」実は   【スカッと】【朗読】,https://www.youtube.com/watch?v=ItiHHN9nAoE,100%
17,【スカッとする話】18年間家賃を払ってきた私を罵倒する長男嫁「月9万の家賃程度で偉そうにw母親づらすんなよババァがw」長男「支払い止めてみろw」私「喜んで！」結果w,https://www.youtube.com/watch?v=gWWRbmvBG_A,3.4万回視聴 / 1 年前, 読書室【スカッとする話】,https://www.youtube.com/channel/UCjQd7ZVm5BPbGpB_V9B6kgQ,1 年前,1 回視聴,【スカッとする話】18年間家賃を払ってきた私を罵倒する長男嫁「月9万の家賃程度で偉そうにw母親づらすんなよババァがw」長男「支払い止めてみろw」私「喜んで！」結果w,https://www.youtube.com/watch?v=MednHh5vpSw,100%
18,【スカッとする話】23歳の愛人と3歳の隠し子を連れお宮参り中の夫と遭遇…私「本命いたのね！お幸せに」夫「違う！これには深い訳が」即離婚届を提出し義両親・親戚・職場に報告→携帯契約し永久に無視した結果w,https://www.youtube.com/watch?v=d_RzRR51F4U,1.9万回視聴 / 1 年前, 読書室【スカッとする話】,https://www.youtube.com/channel/UCjQd7ZVm5BPbGpB_V9B6kgQ,1 年前,0 回視聴,【スカッとする話】23歳の愛人と3歳の隠し子を連れお宮参り中の夫と遭遇…私「本命いたのね！お幸せに」夫「違う！これには深い訳が」即離婚届を提出し義両親・親戚・職場に報告→携帯契約し永久に無視した結果w,https://www.youtube.com/watch?v=pmcRc0q916U,100%
19,【スカッとする話】25年間支え続けた夫が突然の離婚宣言。夫「寄生虫養うの限界だから離婚wガキ連れて生活保護でも受けろw」私「いいの！？扶養減って助かる」夫「え？扶養？」,https://www.youtube.com/watch?v=V4oyDIsTfD4,3.2万回視聴 / 1 年前, 読書室【スカッとする話】,https://www.youtube.com/channel/UCjQd7ZVm5BPbGpB_V9B6kgQ,1 年前,0 回視聴,【スカッとする話】25年間支え続けた夫が突然の離婚宣言。夫「寄生虫養うの限界だから離婚wガキ連れて生活保護でも受けろw」私「いいの！？扶養減って助かる」夫「え？扶養？」,https://www.youtube.com/watch?v=1b7bUCy5gVk,100%
20,【スカッとする話】35年間支え続けた夫から突然の離婚宣言。夫「お前の顔見るのはもう限界！自分の荷物持って出てけ！」私「今までお世話になりました。やっと扶養が減って嬉しいわw」,https://www.youtube.com/watch?v=DvKb1bUts2U,3.8万回視聴 / 1 年前, 読書室【スカッとする話】,https://www.youtube.com/channel/UCjQd7ZVm5BPbGpB_V9B6kgQ,1 年前,0 回視聴,【スカッとする話】35年間支え続けた夫から突然の離婚宣言。夫「お前の顔見るのはもう限界！自分の荷物持って出てけ！」私「今までお世話になりました。やっと扶養が減って嬉しいわw」,https://www.youtube.com/watch?v=ZkrpE-h9SNE,100%
21,【スカッとする話】39歳で他界した娘の葬儀に行くと血相を変えて私の手を引く孫「バァバ、逃げるよ！見て...」そっと渡された香典袋を見た私は慌てて孫と逃げだし…,https://www.youtube.com/watch?v=k5pQ8cxLt5s,4.3万回視聴 / 1 年前, 読書室【スカッとする話】,https://www.youtube.com/channel/UCjQd7ZVm5BPbGpB_V9B6kgQ,1 年前,1 回視聴,【スカッとする話】39歳で他界した娘の葬儀に行くと血相を変えて私の手を引く孫「バァバ、逃げるよ！見て   」そっと渡された香典袋を見た私は慌てて孫と逃げだし…,https://www.youtube.com/watch?v=q9e1WWRRNcw,100%
22,【スカッとする話】40歳で妊娠した私を捨て21歳の浮気相手と再婚した社長の夫「彼女が妊娠したから離婚w」20年後、公園で元夫と再会すると、息子を見た夫が半狂乱になり…w,https://www.youtube.com/watch?v=L3EoOQuimfw,2.4万回視聴 / 1 年前, 読書室【スカッとする話】,https://www.youtube.com/channel/UCjQd7ZVm5BPbGpB_V9B6kgQ,1 年前,2回視聴,【スカッとする話】40歳で妊娠した私を捨て21歳の浮気相手と再婚した社長の夫「彼女が妊娠したから離婚w」20年後、公園で元夫と再会すると、息子を見た夫が半狂乱になり…w,https://www.youtube.com/watch?v=EBiY08XxCU8,100%
23,【スカッとする話】40歳独身の私に毎月お金を振り込む姉が結婚すると結婚挨拶で私を見下す新郎「姉に養われてる恥知らずな義妹がw」姉「え？妹は⚪︎⚪︎だよ？」,https://www.youtube.com/watch?v=xYAv3CvMZyc,6.1万回視聴 / 1 年前, 読書室【スカッとする話】,https://www.youtube.com/channel/UCjQd7ZVm5BPbGpB_V9B6kgQ,1 年前,2回視聴,【スカッとする話】40歳独身の私に毎月お金を振り込む姉が結婚すると結婚挨拶で私を見下す新郎「姉に養われてる恥知らずな義妹がw」姉「え？妹は⚪︎⚪︎だよ？」,https://www.youtube.com/watch?v=XrgSNXuB9wc,100%
24,【スカッとする話】5年間、アメリカに単身赴任だった夫が金髪の愛人と隠し子を連れ帰宅...夫「新しい家族できたから離婚でw」息子「え？パパ何も知らないの？」一冊の本を見せると夫は号泣し…w,https://www.youtube.com/watch?v=KejS7MR6J4s,1.1万回視聴 / 1 年前, 読書室【スカッとする話】,https://www.youtube.com/channel/UCjQd7ZVm5BPbGpB_V9B6kgQ,1 年前,0 回視聴,【スカッとする話】5年間、アメリカに単身赴任だった夫が金髪の愛人と隠し子を連れ帰宅   夫「新しい家族できたから離婚でw」息子「え？パパ何も知らないの？」一冊の本を見せると夫は号泣し…w,https://www.youtube.com/watch?v=zfCjj9-UtK8,100%
25,【スカッとする話】5歳の孫の七五三に行くと長男嫁「席は家族分しかありませんw」私（援助は全てやめるか…）絶縁して他人扱いした結果w,https://www.youtube.com/watch?v=_3WduSXY-_Q,5万回視聴 / 1 年前, 読書室【スカッとする話】,https://www.youtube.com/channel/UCjQd7ZVm5BPbGpB_V9B6kgQ,1 年前,2回視聴,【スカッとする話】5歳の孫の七五三に行くと長男嫁「席は家族分しかありませんw」私（援助は全てやめるか…）絶縁して他人扱いした結果w,https://www.youtube.com/watch?v=8LDVpvnxhis,100%
26,【スカッとする話】7歳の双子を残して夫が失踪。夫「20歳の愛人と再婚するw欠陥遺伝子のガキは任せるw」うずくまる娘を抱きしめた瞬間、2人同時にケタケタ笑いだし…,https://www.youtube.com/watch?v=GqmdD9S7kiQ,2.3万回視聴 / 1 年前, 読書室【スカッとする話】,https://www.youtube.com/channel/UCjQd7ZVm5BPbGpB_V9B6kgQ,1 年前,0 回視聴,【スカッとする話】7歳の双子を残して夫が失踪。夫「20歳の愛人と再婚するw欠陥遺伝子のガキは任せるw」うずくまる娘を抱きしめた瞬間、2人同時にケタケタ笑いだし…,https://www.youtube.com/watch?v=BhyUXLfdjo0,100%
27,【スカッと総集編】妊娠した私を捨て21歳の浮気相手と再婚した社長の夫「彼女が妊娠したから離婚w」20年後、公園で元夫と再会すると…【スカッと】【スカッとする話】【修羅場】,https://www.youtube.com/watch?v=zb8EIRbjwZc,2.9万回視聴 / 1 年前, 読書室【スカッとする話】,https://www.youtube.com/channel/UCjQd7ZVm5BPbGpB_V9B6kgQ,1 年前,2回視聴,【スカッとする話】40歳で妊娠した私を捨て21歳の浮気相手と再婚した社長の夫「彼女が妊娠したから離婚w」20年後、公園で元夫と再会すると、息子を見た夫が半狂乱になり…w,https://www.youtube.com/watch?v=EBiY08XxCU8,86%
28,【スカッとする話】私と夫の事が大嫌いな長男夫婦「俺達の結婚式は欠席しろ。嫌なら絶縁する」私「いいけど、アナタ達本当に大丈夫？後悔するよ？」長男「しねぇよw二度と連絡してくんなw」数ヶ月後w【修羅場】,https://www.youtube.com/watch?v=luo2hcOOZik,14万回視聴 / 3 年前,2chスカツイ【2chスカッと・2ch修羅場スレ・ゆっくり解説】,https://www.youtube.com/channel/UCUlFZ_7XbnI92laQPOcx_Ew,3 年前,"47,109回視聴",私と夫の事が大嫌いなエリート長男夫婦「低学歴は俺達の結婚式を欠席しろ！嫌なら絶縁な」私「いいけど、アナタ達本当に大丈夫？後悔するよ」長男「しねぇよw二度と連絡してくんなw」数ヶ月後【2ch】【総集編】,https://www.youtube.com/watch?v=6mriegEi-Xo,92%
29,【スカッとする話】長男と長男嫁に1ヶ月無視され続けた私。ある日突然、長男嫁が私に高級寿司を買って来た。私（なんか怪しい...）こっそり長男の皿と入れ替えると、長男がガタガタ震え始め...【修羅場】,https://www.youtube.com/watch?v=pocIWS2hdis,7.4万回視聴 / 3 年前,2chスカツイ【2chスカッと・2ch修羅場スレ・ゆっくり解説】,https://www.youtube.com/channel/UCUlFZ_7XbnI92laQPOcx_Ew,3 年前,"11,367回視聴",義母に2週間無視され続けた私。ある日、突然義母が高級寿司を買ってきた。私（なんか怪しい...）こっそり皿を取り替えると義母がガタガタ震え始めるw【2ch修羅場スレ・ゆっくり解説】,https://www.youtube.com/watch?v=Ar_5IjuQBEc,73%
30,【スカッとする話】ある日突然、激怒した夫が「毎月渡している仕送りの20万はどこだ！母さんボロボロだったぞ！」私「お義母さんの通帳見た？」夫「え？通帳？」夫が真実を知った結果ｗ【修羅場】【スカッと】,https://www.youtube.com/watch?v=jIAIebtJLxI,14万回視聴 / 3 年前,2ndchancemami,https://www.youtube.com/channel/UCkoo1uXapcq3mEdQhGx38kQ,1 年前,0 回視聴,【スカッと感動】ある日突然、激怒した夫が「毎月渡している仕送りの35万はどこだ！母さんボロボロだったぞ！」私「お義母さんの通帳見た？」夫「え？通帳？」夫が真実を知った結果,https://www.youtube.com/watch?v=bsPro4xZBUs,97%
31,【スカッと総集編】家のローン月18万を払ってると知らず同居の長男嫁に1年間無視された...ある日、私「あれ？なんで私の荷物が...」長男嫁「キレイにしておいてあげたw」私の荷物を勝手に捨てられた,https://www.youtube.com/watch?v=bPcGySAd3gA,20万回視聴 / 2 年前,2ndchancemami,https://www.youtube.com/channel/UCkoo1uXapcq3mEdQhGx38kQ,1 年前,1 回視聴,【スカッと感動】家のローン月18万を払ってると知らず同居の長男嫁に1年間無視された   ある日、私「あれ？なんで私の荷物が   」長男嫁「キレイにしておいてあげたw」私の荷物を勝手に捨てられ,https://www.youtube.com/watch?v=809FOjrB0gM,99%
32,【スカッとする話】夫の社長退任祝いで、夫「好きな人ができた。離婚してくれ」私「いいよ！はい、離婚届」離婚後、夫と再婚した20歳の新入社員に私「あ、言い忘れてたけど…」ある事実を告げると2人は発狂し..,https://www.youtube.com/watch?v=faMNblUzAj0,4.7万回視聴 / 3 年前,374 Chocontham,https://www.youtube.com/channel/UC3G5yZkOnkxx0y2IYkWi4tQ,2 年前,102回視聴,【スカッとする話】夫の社長退任祝いで、夫「好きな人ができた。離婚してくれ」私「いいよ！はい、離婚届」離婚後、夫と再婚した20歳の新入社員に私「あ、言い忘れてたけど…」ある事実を告げると2人は,https://www.youtube.com/watch?v=RjCBYX382TM,98%
33,【スカッとする話】私の里帰り中に夫と家を奪った親友から連絡「赤ちゃん出来たwもう帰ってくるなw」私「いいの？喜んで！」そのまま新居に引越した結果w,https://www.youtube.com/watch?v=BTIYCjXsOiY,17万回視聴 / 2 年前,374 Chocontham,https://www.youtube.com/channel/UC3G5yZkOnkxx0y2IYkWi4tQ,2 年前,6回視聴,【スカッとする話】私の里帰り中に夫と家を奪った親友から連絡「赤ちゃん出来たwもう帰ってくるなw」私「いいの？喜んで！」そのまま新居に引越した結果w,https://www.youtube.com/watch?v=RnalOOgGAW8,100%
34,【スカッとする話】給料日に3万しかくれない夫「同僚はこれで生活できてるって！1円もいれてないのに文句言うな！」私「毎月20万家に入れてるよ」夫「え？」結果w,https://www.youtube.com/watch?v=Ltedq0Li5TU,3.4万回視聴 / 3 年前,374 Chocontham,https://www.youtube.com/channel/UC3G5yZkOnkxx0y2IYkWi4tQ,2 年前,36回視聴,【スカッとする話】給料日に3万しかくれない夫「同僚はこれで生活できてるって！1円もいれてないのに文句言うな！」私「毎月20万家に入れてるよ」夫「え？」結果w,https://www.youtube.com/watch?v=rjXzALo63kM,100%
35,【スカッとする話】13年前に医者の婚約者を奪った親友と再会「36歳で独身とか賞味期限切れねw私の旦那はイケメンで天才よw」→私「じゃうちの夫も紹介するね」夫を呼ぶと親友が半狂乱にw,https://www.youtube.com/watch?v=YWd1vzAgHB8,8万回視聴 / 2 年前,420PotSmoker1,https://www.youtube.com/channel/UCjHZt-SBngt5Wrzuu1XGVZw,2 年前,477回視聴,【スカッとする話】13年前に医者の婚約者を奪った親友と再会「36歳で独身とか賞味期限切れねw私の旦那はイケメンで天才よw」→私「じゃうちの夫も紹介するね」夫を呼ぶと親友が半狂乱にw,https://www.youtube.com/watch?v=rbK3uBTt5fM,100%
36,【スカッとする話】父から相続した2億円の豪邸を勝手に自分名義に変更した夫「これで家は俺のw文句あるなら離婚ｗ」私「じゃあ離婚でいいけど、後悔しない？」夫「しねぇよw」3日後w,https://www.youtube.com/watch?v=oTP6l6MCmBU,5.5万回視聴 / 2 年前,468 Hopgiaykho,https://www.youtube.com/channel/UCrm5iwH2pv-QU9omTJpkqlw,2 年前,0 回視聴,【スカッとする話】父から相続した2億円の豪邸を勝手に自分名義に変更した夫「これで家は俺のw文句あるなら離婚ｗ」私「じゃあ離婚でいいけど、後悔しない？」夫「しねぇよw」3日後w,https://www.youtube.com/watch?v=F-KA7qv1lJw,100%
37,【スカッとする話】姑との同居を勝手に決めた夫「引越しは済んだか？」私「うん！私の荷物も全部実家に送り終わったとこ」夫「え？実家？」結果w【修羅場】,https://www.youtube.com/watch?v=McNVTi5SXBU,9.5万回視聴 / 3 年前,468 Ungthuphoi,https://www.youtube.com/channel/UChMTaakDMyRJ8dYWT6dyj6A,1 年前,60回視聴,【スカッとする話】姑との同居を勝手に決めた夫「引越しは済んだか？」私「うん！私の荷物も全部実家に送り終わったとこ」夫「え？実家？」結果w,https://www.youtube.com/watch?v=1l_YpUd0agM,100%
38,【スカッとする話】母に誘われ高級料亭へ行くと女性にプロポーズする夫「亡き妻の分まで君を幸せにする！」直後、普段温厚な母が立ち上がり、母「お隣いいですか？」結果w,https://www.youtube.com/watch?v=wjCku8hnE4A,2.1万回視聴 / 2 年前,468 Ungthuphoi,https://www.youtube.com/channel/UChMTaakDMyRJ8dYWT6dyj6A,1 年前,47回視聴,【スカッとする話】母に誘われ高級料亭へ行くと女性にプロポーズする夫「亡き妻の分まで君を幸せにする！」直後、普段温厚な母が立ち上がり、母「お隣いいですか？」結果w,https://www.youtube.com/watch?v=KXFghHJtNeI,100%
39,【スカッとする話】親族の集まりで工場勤務の63歳中卒夫を見下す高学歴エリートの長男嫁「低学歴の貧乏人は一族の恥wバカがうつると嫌なので絶縁でw」→1年後、私と夫が田舎に移住すると半狂乱の長男嫁から鬼電,https://www.youtube.com/watch?v=xvf5HdbnLO8,4.1万回視聴 / 2 年前,468 Ungthuphoi,https://www.youtube.com/channel/UChMTaakDMyRJ8dYWT6dyj6A,1 年前,63回視聴,【スカッとする話】親族の集まりで工場勤務の63歳中卒夫を見下す高学歴エリートの長男嫁「低学歴の貧乏人は一族の恥wバカがうつると嫌なので絶縁でw」→1年後、私と夫が田舎に移住すると半狂乱の長男,https://www.youtube.com/watch?v=W4mBMqccOb0,97%
40,【スカッとする話】ある日突然、大激怒の夫が「毎月仕送りした800万は！？長男夫婦がボロボロだったぞ！」私「長男嫁の通帳確認した？」夫「え？通帳？」真実を知ると...【スカッと】【修羅場】,https://www.youtube.com/watch?v=L1iFf6yo66k,1.4万回視聴 / 3 年前,567 Lenmoban,https://www.youtube.com/channel/UCvdGGJHSzUfvS64FqivkrYQ,2 年前,0 回視聴,【スカッとする話】ある日突然、大激怒の夫が「毎月仕送りした800万は！？長男夫婦がボロボロだったぞ！」私「長男嫁の通帳確認した？」夫「え？通帳？」真実を知ると,https://www.youtube.com/watch?v=I66VDpJ7e9M,100%
41,【スカッとする話】ある日突然、大激怒の夫が「毎月仕送りした800万は！？長男夫婦がボロボロだったぞ！」私「長男嫁の通帳確認した？」夫「え？通帳？」真実を知ると...【スカッと】【修羅場】,https://www.youtube.com/watch?v=L1iFf6yo66k,1.4万回視聴 / 3 年前,567 Lenmoban,https://www.youtube.com/channel/UCvdGGJHSzUfvS64FqivkrYQ,2 年前,0 回視聴,【スカッとする話】ある日突然、大激怒の夫が「毎月仕送りした800万は！？長男夫婦がボロボロだったぞ！」私「長男嫁の通帳確認した？」夫「え？通帳？」真実を知ると,https://www.youtube.com/watch?v=TdBw42EEfXU,100%
42,【スカッとする話】ある日突然、激怒した夫「息子夫婦への仕送り10万はどこだ！息子嫁さんガリガリだったぞ！」私「息子嫁の通帳見た？」夫「は？通帳？」結果ｗ【修羅場】【スカッと】,https://www.youtube.com/watch?v=MwADfvlYVM8,6.4万回視聴 / 3 年前,567 Lenmoban,https://www.youtube.com/channel/UCvdGGJHSzUfvS64FqivkrYQ,2 年前,0 回視聴,【スカッとする話】ある日突然、激怒した夫「息子夫婦への仕送り10万はどこだ！息子嫁さんガリガリだったぞ！」私「息子嫁の通帳見た？」夫「は？通帳？」結果,https://www.youtube.com/watch?v=lN7bPsXxN8c,100%
43,【スカッとする話】長男の海外主張中、癌で余命半年の私を奴隷扱いする長男嫁「家事も役立たずは出てけ！」私「はい...」泣きながら出て行くと長男とある人物がやってきて…【修羅場】【スカッと】,https://www.youtube.com/watch?v=i8zqcOBxHyo,3.7万回視聴 / 3 年前,567 Lenmoban,https://www.youtube.com/channel/UCvdGGJHSzUfvS64FqivkrYQ,2 年前,0 回視聴,【スカッとする話】長男の海外主張中、癌で余命半年の私を奴隷扱いする長男嫁「家事も役立たずは出てけ！」私「はい   」泣きながら出て行くと長男とある人物がやってきて…,https://www.youtube.com/watch?v=W5uMSrJbmJc,100%
44,【スカッとする話】長男の海外主張中、癌で余命半年の私を奴隷扱いする長男嫁「家事も役立たずは出てけ！」私「はい...」泣きながら出て行くと長男とある人物がやってきて…【修羅場】【スカッと】,https://www.youtube.com/watch?v=i8zqcOBxHyo,3.7万回視聴 / 3 年前,567 Lenmoban,https://www.youtube.com/channel/UCvdGGJHSzUfvS64FqivkrYQ,2 年前,0 回視聴,【スカッとする話】長男の海外主張中、癌で余命半年の私を奴隷扱いする長男嫁「家事も役立たずは出てけ！」私「はい   」泣きながら出て行くと長男とある人物がやってきて…,https://www.youtube.com/watch?v=aiF0Bsy3nho,100%
45,【スカッとする話】長男夫婦の結婚式で新婦を指し孫が「あっ、プロレスの姉ちゃん！」と笑っていた。私が叱ると孫「だって、この前じいちゃんの上に乗ってたから」直後、夫と新婦が顔面蒼白で震えだし..【修羅場】,https://www.youtube.com/watch?v=4VGG0yj_HNk,3.3万回視聴 / 3 年前,567 Lenmoban,https://www.youtube.com/channel/UCvdGGJHSzUfvS64FqivkrYQ,2 年前,0 回視聴,【スカッとする話】長男夫婦の結婚式で新婦を指し孫が「あっ、プロレスの姉ちゃん！」と笑っていた。私が叱ると孫「だって、この前じいちゃんの上に乗ってたから」直後、夫と新婦が顔面蒼白で震えだし,https://www.youtube.com/watch?v=AvpBJxLjZGI,100%
46,【スカッとする話】長男嫁の自慢のパスタを食べた直後、泡を吹いて倒れた孫。私「救急車呼んでちょうだい！」長男嫁「は！？どうして義母さんじゃないの！？」私「は？」【修羅場】,https://www.youtube.com/watch?v=NpHDwu1oW4I,6.4万回視聴 / 3 年前,567 Lenmoban,https://www.youtube.com/channel/UCvdGGJHSzUfvS64FqivkrYQ,2 年前,0 回視聴,【スカッとする話】長男嫁の自慢のパスタを食べた直後、泡を吹いて倒れた孫。私「救急車呼んでちょうだい！」長男嫁「は！？どうして義母さんじゃないの！？」私「は？」,https://www.youtube.com/watch?v=5bLzh5_Pq2w,100%
47,【スカッとする話】癌でボロボロの状態で姉夫婦に追い出された祖母。姉「コイツはお前が面倒見ろw」私「いいよ！」夫婦で高級中華を営む私が祖母を引き取った結果w,https://www.youtube.com/watch?v=X-XsOSVdcY8,2.9万回視聴 / 2 年前,568 Dangbiung,https://www.youtube.com/channel/UCd3lCwDvc1YdbWH6cKlNq3A,1 年前,0 回視聴,【スカッとする話】癌でボロボロの状態で姉夫婦に追い出された祖母。姉「コイツはお前が面倒見ろw」私「いいよ！」夫婦で高級中華を営む私が祖母を引き取った結果w,https://www.youtube.com/watch?v=eEgO-Kw4958,100%
48,【スカッとする話】親族の集まりでエリート夫「うちのは家事も掃除もしない汚嫁ですw」私「は？一体誰の話してんの？あんたいつも社宅じゃない」義両親「は？」,https://www.youtube.com/watch?v=GgVCrrU6ykU,3万回視聴 / 2 年前,568 Dangbiung,https://www.youtube.com/channel/UCd3lCwDvc1YdbWH6cKlNq3A,1 年前,0 回視聴,【スカッとする話】親族の集まりでエリート夫「うちのは家事も掃除もしない汚嫁ですw」私「は？一体誰の話してんの？あんたいつも社宅じゃない」義両親「は？」,https://www.youtube.com/watch?v=Iufq_ePfGi8,100%
49,【スカッとする話】元夫に招待された結婚式に行くと私を追い出す新婦「彼に捨てられた元嫁は帰れw」私「じゃあ帰りますね」5分後、半狂乱の新婦から鬼電がw,https://www.youtube.com/watch?v=tIahGRXK2iQ,10万回視聴 / 2 年前,568 Khochiuvay,https://www.youtube.com/channel/UCmPRYn8UnUpRTHOkxuPwFrg,1 年前,0 回視聴,【スカッとする話】元夫に招待された結婚式に行くと私を追い出す新婦「彼に捨てられた元嫁は帰れw」私「じゃあ帰りますね」5分後、半狂乱の新婦から鬼電がw,https://www.youtube.com/watch?v=0RvmiGY-qnA,100%
50,【スカッとする話】私名義の二世帯住宅と知らず子供5人を連れて出戻ってきた姉「アンタの部屋は私が使うからでてけw」姪「ババァは庭で暮らしてろｗ」キレた私が家を売り払った結果w,https://www.youtube.com/watch?v=AiWMa4gDdU4,10万回視聴 / 2 年前,568 Khochiuvay,https://www.youtube.com/channel/UCmPRYn8UnUpRTHOkxuPwFrg,1 年前,0 回視聴,【スカッとする話】私名義の二世帯住宅と知らず子供5人を連れて出戻ってきた姉「アンタの部屋は私が使うからでてけw」姪「ババァは庭で暮らしてろｗ」キレた私が家を売り払った結果w,https://www.youtube.com/watch?v=9X6tj18qLhI,100%
51,【スカッとする話】新築一戸建てを建てると、姑との同居を無理矢理決めた夫「母さんの引越しは済んだか？」私「うん、終わったよ！私の方も今実家に引っ越し完了したとこ」夫「え？実家？」結果w【修羅場】,https://www.youtube.com/watch?v=VUbbMKYSQcE,6.6万回視聴 / 3 年前,568 Nhièudodu,https://www.youtube.com/channel/UCaEoz8eqqUVi21dauWEQjYg,1 年前,0 回視聴,【スカッとする話】新築一戸建てを建てると、姑との同居を無理矢理決めた夫「母さんの引越しは済んだか？」私「うん、終わったよ！私の方も今実家に引っ越し完了したとこ」夫「え？実家？」結果w【修羅,https://www.youtube.com/watch?v=zGaOv-_ENTg,98%
52,【スカッとする話】新築祝いに長男嫁がくれた１人前10万円の高級寿司をゴミ箱に捨てた私にブチギレる夫「嫁に土下座しろ！」私「中身見た？」夫「え？」【修羅場】【スカッと】,https://www.youtube.com/watch?v=nYE4OtGJrVU,4.3万回視聴 / 3 年前,568 Nhièudodu,https://www.youtube.com/channel/UCaEoz8eqqUVi21dauWEQjYg,1 年前,0 回視聴,【スカッとする話】新築祝いに長男嫁がくれた１人前10万円の高級寿司をゴミ箱に捨てた私にブチギレる夫「嫁に土下座しろ！」私「中身見た？」夫「え？」,https://www.youtube.com/watch?v=xg95_s2wzvw,100%
53,【スカッとする話】長男の葬儀当日、斎場の控室に入ると夫と長男嫁が真っ最中…私「嫁が男に襲われています！」こっそり部屋に鍵をかけ閉じ込め親戚一同を全員呼んだ結果w,https://www.youtube.com/watch?v=f4wGIv3cYG0,10万回視聴 / 2 年前,568 Nhièudodu,https://www.youtube.com/channel/UCaEoz8eqqUVi21dauWEQjYg,1 年前,0 回視聴,【スカッとする話】長男の葬儀当日、斎場の控室に入ると夫と長男嫁が真っ最中…私「嫁が男に襲われています！」こっそり部屋に鍵をかけ閉じ込め親戚一同を全員呼んだ結果,https://www.youtube.com/watch?v=TF00reOUN5o,100%
54,【スカッとする話】私の年収が5000万と知らず入院中の私を捨て私の幼馴染と再婚した夫「働かない嫁とは離婚だw慰謝料として毎月10万払えよｗ」私「分かった！はい、離婚届け」1週間後、夫から30件の鬼電が,https://www.youtube.com/watch?v=gsnipzQV4fk,9.8万回視聴 / 3 年前,568 Thieutientra,https://www.youtube.com/channel/UCbpPLSLdxwPUECcpBAHn7Wg,2 年前,306回視聴,私の年収が4000万とは知らずに入院中の私を捨て美人な幼馴染と再婚した夫「働かない嫁とは離婚だ！慰謝料として月8万払え」私「はい離婚届」→1週間後、夫から200件の鬼電がw【,https://www.youtube.com/watch?v=djL_cfmMaMc,86%
55,【スカッとする話】いとこの出産祝いで親族が集まると、夫「母親似で可愛いな〜！」私「そう？アンタにそっくりよ？パパになった感想はどう？」義父「は？」義両親がブチギレ...,https://www.youtube.com/watch?v=-AlB7jMx9mg,5.7万回視聴 / 2 年前,569 Notranhne,https://www.youtube.com/channel/UCL9O9afFvDUQeilvV2hVGuw,1 年前,0 回視聴,【スカッとする話】いとこの出産祝いで親族が集まると、夫「母親似で可愛いな〜！」私「そう？アンタにそっくりよ？パパになった感想はどう？」義父「は？」義両親がブチギレ,https://www.youtube.com/watch?v=vGiCoyO24J8,100%
56,【スカッとする話】超高級車をローンで購入すると、夫「この車は今から俺と彼女のモノ！」私「いいよ！（ローン30万だけど...）」ローン丸ごと車を渡した結果w,https://www.youtube.com/watch?v=9OBKOoyY_Mw,2万回視聴 / 2 年前,569 Notranhne,https://www.youtube.com/channel/UCL9O9afFvDUQeilvV2hVGuw,1 年前,1 回視聴,【スカッとする話】超高級車をローンで購入すると、夫「この車は今から俺と彼女のモノ！」私「いいよ！（ローン30万だけど   ）」ローン丸ごと車を渡した結果w,https://www.youtube.com/watch?v=Xj5lKic3jDA,100%
57,【スカッとする話】実家で長男と長男嫁に嫌われ続けた私が追い出され次男夫婦の家へ。私「ちょっと聞いてくれない？」私が抱え込んでいた悩みを伝えると、次男嫁｢実は私の正体は…｣【修羅場】,https://www.youtube.com/watch?v=c9IsJU5XUfo,5.3万回視聴 / 3 年前,578 Doingaynay,https://www.youtube.com/channel/UCpA9aom883CUg2Vfu3qgigg,2 年前,0 回視聴,【スカッとする話】実家で長男と長男嫁に嫌われ続けた私が追い出され次男夫婦の家へ。私「ちょっと聞いてくれない？」私が抱え込んでいた悩みを伝えると、次男嫁｢実は私の正体は…｣,https://www.youtube.com/watch?v=3ZFR0aNOsQA,100%
58,【スカッとする話】実家で長男と長男嫁に嫌われ続けた私が追い出され次男夫婦の家へ。私「ちょっと聞いてくれない？」私が抱え込んでいた悩みを伝えると、次男嫁｢実は私の正体は…｣【修羅場】,https://www.youtube.com/watch?v=c9IsJU5XUfo,5.3万回視聴 / 3 年前,578 Doingaynay,https://www.youtube.com/channel/UCpA9aom883CUg2Vfu3qgigg,2 年前,0 回視聴,【スカッとする話】実家で長男と長男嫁に嫌われ続けた私が追い出され次男夫婦の家へ。私「ちょっと聞いてくれない？」私が抱え込んでいた悩みを伝えると、次男嫁｢実は私の正体は…｣,https://www.youtube.com/watch?v=GP3H7BHU7Cc,100%
59,【スカッとする話】実家の1000万を持ち逃げした息子嫁が孫を連れてきて、息子嫁「一緒に住んであげるから孫二人の風呂とご飯お願いねw」私「え？もう実家ないけど？」息子嫁「は？」実は…,https://www.youtube.com/watch?v=wCLIZFRaW28,2.3万回視聴 / 3 年前,578 Doingaynay,https://www.youtube.com/channel/UCpA9aom883CUg2Vfu3qgigg,2 年前,0 回視聴,【スカッとする話】実家の1000万を持ち逃げした息子嫁が孫を連れてきて、息子嫁「一緒に住んであげるから孫二人の風呂とご飯お願いね」私「え？もう実家ないけど？」息子嫁「は？」実は…,https://www.youtube.com/watch?v=_j8tp7jpl9A,100%
60,【スカッとする話】結婚式に向かった夫の忘れ物に気付き電話すると、夫「式中に電話するな！非常識だぞ！」私「ご祝儀と礼服忘れてるけど...」夫「え？」結果w【修羅場】,https://www.youtube.com/watch?v=T3LqJSBHdQE,2.2万回視聴 / 3 年前,578 Doingaynay,https://www.youtube.com/channel/UCpA9aom883CUg2Vfu3qgigg,2 年前,1 回視聴,【スカッとする話】結婚式に向かった夫の忘れ物に気付き電話すると、夫「式中に電話するな！非常識だぞ！」私「ご祝儀と礼服忘れてるけど   」夫「え？」結果,https://www.youtube.com/watch?v=ceDEZnHXkUo,100%
61,【スカッとする話】高級寿司屋でパート中、個室席に偶然、長男嫁と両親が…。話かけようとすると、長男嫁と両親の恐ろしい会話が聞こえてきて...【修羅場】【スカッと】,https://www.youtube.com/watch?v=LFfg2Ew_S1w,2.6万回視聴 / 3 年前,578 Doingaynay,https://www.youtube.com/channel/UCpA9aom883CUg2Vfu3qgigg,2 年前,6回視聴,【スカッとする話】高級寿司屋でパート中、個室席に偶然、長男嫁と両親が…。話かけようとすると、長男嫁と両親の恐ろしい会話が聞こえてきて,https://www.youtube.com/watch?v=j-mF3Vb1nr0,100%
62,【スカッと】取引先の社員と不倫旅行する夫「出張中は絶対連絡するな！」会社・取引先・義実家に内容証明を送り、一切連絡しなかった結果w,https://www.youtube.com/watch?v=htYBNxtUB58,3.4万回視聴 / 2 年前,578 Nhieulamgi,https://www.youtube.com/channel/UCNu2kNiBoWpzWjgPdrdjElw,1 年前,1 回視聴,【スカッと】取引先の社員と不倫旅行する夫「出張中は絶対連絡するな！」会社・取引先・義実家に内容証明を送り、一切連絡しなかった結果w,https://www.youtube.com/watch?v=VPj3fs92ji4,100%
63,【スカッとする話】天才外科女医である事を隠して生きてきた私。ある日、娘に連れられイチゴ狩りに行くとおばちゃんが倒れ緊急搬送！医者「この手術は私には無理だ…」緊急事態発生し…,https://www.youtube.com/watch?v=Zq9eORdDdX8,2.3万回視聴 / 3 年前,578 Nhieulamgi,https://www.youtube.com/channel/UCNu2kNiBoWpzWjgPdrdjElw,1 年前,2回視聴,【スカッとする話】天才外科女医である事を隠して生きてきた私。ある日、娘に連れられイチゴ狩りに行くとおばちゃんが倒れ緊急搬送！医者「この手術は私には無理だ…」緊急事態発生し…,https://www.youtube.com/watch?v=Ow-M9nVUwUc,100%
64,【スカッとする話】姑との同居を勝手に決めた夫「引越しは済んだか？」私「うん！私の荷物も全部実家に送り終わったとこ」夫「え？実家？」結果w【修羅場】,https://www.youtube.com/watch?v=McNVTi5SXBU,9.5万回視聴 / 3 年前,578 Nhumotbong,https://www.youtube.com/channel/UC0biqKicwkA9gYrdBBgU1-w,1 年前,1 回視聴,【スカッとする話】姑との同居を勝手に決めた夫「引越しは済んだか？」私「うん！私の荷物も全部実家に送り終わったとこ」夫「え？実家？」結果,https://www.youtube.com/watch?v=ZMKLsP9ebxU,100%
65,【スカッとする話】要介護の夫が他界し、全ての遺産を長男夫婦が相続するも、３年介護した私には1円も無い...。長男嫁「お義母さんの運命ゴミクズみたいw」→後日、屋敷に引っ越した長男嫁はある物を見て発狂ｗ,https://www.youtube.com/watch?v=IS_B82-2KTU,5.3万回視聴 / 3 年前,578 Nhumotbong,https://www.youtube.com/channel/UC0biqKicwkA9gYrdBBgU1-w,1 年前,1 回視聴,【スカッとする話】要介護の夫が他界し、全ての遺産を長男夫婦が相続するも、３年介護した私には1円も無い   。長男嫁「お義母さんの運命ゴミクズみたい→後日、屋敷に引っ越した長男嫁はある物,https://www.youtube.com/watch?v=Q8m76RMrRO4,97%
66,【スカッとする話】コネ入社の課長の娘のミスを指摘すると課長「貴様、誰の娘だと思ってんだ？クビだ！」クビ宣告されたので帰ろうとした瞬間、社長令嬢が現れ「私の母が何か？」課長「え？」【修羅場】,https://www.youtube.com/watch?v=zhO2doW0-kQ,3.3万回視聴 / 3 年前,578 Xitchohet,https://www.youtube.com/channel/UCxlkzHr78jVNai1RjN7f7cA,1 年前,0 回視聴,【スカッとする話】コネ入社の課長の娘のミスを指摘すると課長「貴様、誰の娘だと思ってんだ？クビだ！」クビ宣告されたので帰ろうとした瞬間、社長令嬢が現れ「私の母が何か？」課長「え？」,https://www.youtube.com/watch?v=ZKhoO44uxyc,100%
67,【スカッとする話】新築一軒家を購入した途端、毎日アポなしで来る姑「6人孫を連れてきたｗゴハンも風呂も宜しくw」夫「嫌なら出てけw」私「じゃあ出ていく（覚悟しろよ）」結果ｗ【修羅場】,https://www.youtube.com/watch?v=fR_e9UBmB2I,3.6万回視聴 / 3 年前,578 Xitchohet,https://www.youtube.com/channel/UCxlkzHr78jVNai1RjN7f7cA,1 年前,0 回視聴,【スカッとする話】新築一軒家を購入した途端、毎日アポなしで来る姑「6人孫を連れてきたｗゴハンも風呂も宜しくw」夫「嫌なら出てけw」私「じゃあ出ていく（覚悟しろよ）」結果ｗ【修羅場】,https://www.youtube.com/watch?v=UmQRGdSJR1M,100%
68,【スカッとする話】新築祝いに長男嫁がくれた１人前10万円の高級寿司をゴミ箱に捨てた私にブチギレる夫「嫁に土下座しろ！」私「中身見た？」夫「え？」【修羅場】【スカッと】,https://www.youtube.com/watch?v=nYE4OtGJrVU,4.3万回視聴 / 3 年前,578 Xitchohet,https://www.youtube.com/channel/UCxlkzHr78jVNai1RjN7f7cA,1 年前,0 回視聴,【スカッとする話】新築祝いに長男嫁がくれた１人前10万円の高級寿司をゴミ箱に捨てた私にブチギレる夫「嫁に土下座しろ！」私「中身見た？」夫「え？」,https://www.youtube.com/watch?v=L7ObFpAvLmM,100%
69,【スカッとする話】法事中にペットカメラを確認すると、私の寝室で夫と姉が真っ最中…両家親族一同を車に乗せて現場に突撃してやった結果w,https://www.youtube.com/watch?v=KyZqEQsQCrs,2.6万回視聴 / 2 年前,578 Xitchohet,https://www.youtube.com/channel/UCxlkzHr78jVNai1RjN7f7cA,1 年前,0 回視聴,【スカッとする話】法事中にペットカメラを確認すると、私の寝室で夫と姉が真っ最中…両家親族一同を車に乗せて現場に突撃してやった結果,https://www.youtube.com/watch?v=MK2V1qn57p4,100%
70,【スカッとする話】長男の結婚式へ出席すると私の席だけが無い。私の事が大嫌いな長男嫁「席の用意忘れたwお祝儀払って帰れw」私「いいけど後悔するよ？」長男嫁「黙れババァw」1時間後w【修羅場】【スカッと】,https://www.youtube.com/watch?v=sjdVGMyS0Gs,5.9万回視聴 / 3 年前,578 Xitchohet,https://www.youtube.com/channel/UCxlkzHr78jVNai1RjN7f7cA,1 年前,0 回視聴,【スカッとする話】長男の結婚式へ出席すると私の席だけが無い。私の事が大嫌いな長男嫁「席の用意忘れたお祝儀払って帰れ」私「いいけど後悔するよ？」長男嫁「黙れババァ」1時間後,https://www.youtube.com/watch?v=5X7v5TWhs_s,100%
71,【スカッとする話】長男の結婚式へ出席すると私の席だけが無い。私の事が大嫌いな長男嫁「席の用意忘れたwお祝儀払って帰れw」私「いいけど後悔するよ？」長男嫁「黙れババァw」1時間後w【修羅場】【スカッと】,https://www.youtube.com/watch?v=sjdVGMyS0Gs,5.9万回視聴 / 3 年前,578 Xitchohet,https://www.youtube.com/channel/UCxlkzHr78jVNai1RjN7f7cA,1 年前,0 回視聴,【スカッとする話】長男の結婚式へ出席すると私の席だけが無い。私の事が大嫌いな長男嫁「席の用意忘れたお祝儀払って帰れ」私「いいけど後悔するよ？」長男嫁「黙れババァ」1時間後,https://www.youtube.com/watch?v=FmID0bS10rI,100%
72,【スカッとする話】長男夫婦「引っ越しは済んだ？ｗ」私「今日中に出て行くわ」家政婦扱いされ家を追い出された私。１ヶ月後、長男嫁が血相を変えて鬼電「お母さんの貯金って…」【修羅場】,https://www.youtube.com/watch?v=ArinInMH4ZY,3.5万回視聴 / 3 年前,578 Xitchohet,https://www.youtube.com/channel/UCxlkzHr78jVNai1RjN7f7cA,1 年前,0 回視聴,【スカッとする話】長男夫婦「引っ越しは済んだ？ｗ」私「今日中に出て行くわ」家政婦扱いされ家を追い出された私。１ヶ月後、長男嫁が血相を変えて鬼電「お母さんの貯金って…,https://www.youtube.com/watch?v=UDh4KIxOn2M,100%
73,【スカッとする話】元夫の新郎に招待された結婚式に行くと私の席だけがない...元夫「俺を振った罰だwクズは帰れw」私「じゃあ今すぐ帰ります」 3分後、血相を変えた元夫から鬼電がw,https://www.youtube.com/watch?v=S46f35JhiWk,6.2万回視聴 / 2 年前,579 Bitoxao,https://www.youtube.com/channel/UCaPaxAG2UObG776NJHpdwbw,1 年前,0 回視聴,【スカッとする話】元夫の新郎に招待された結婚式に行くと私の席だけがない   元夫「俺を振った罰だwクズは帰れw」私「じゃあ今すぐ帰ります」 3分後、血相を変えた元夫から鬼電がw,https://www.youtube.com/watch?v=bqApNYo7k9w,100%
74,【スカッとする話】医者の婚約者を奪って絶縁した親友とイタリア旅行で再会｡親友夫婦が私を見下し馬鹿にすると夫「君達、俺が誰か気づいてないのか？」親友夫婦「え？」実は...,https://www.youtube.com/watch?v=ZF5k_Ux_0vs,4.3万回視聴 / 2 年前,579 Bitoxao,https://www.youtube.com/channel/UCaPaxAG2UObG776NJHpdwbw,1 年前,0 回視聴,【スカッとする話】医者の婚約者を奪って絶縁した親友とイタリア旅行で再会｡親友夫婦が私を見下し馬鹿にすると夫「君達、俺が誰か気づいてないのか？」親友夫婦「え？」実は,https://www.youtube.com/watch?v=sdk-EkswxXs,100%
75,【スカッとする話】新築へ引っ越し荷解きをしてると同居していた夫の連れ子「私は12畳の広い部屋！」夫「逆らったら離婚だぞw」私「え？私は独身だけど？」連れ子と夫「は？」実は...w,https://www.youtube.com/watch?v=ONhf0wwJ38U,11万回視聴 / 2 年前,579 Bitoxao,https://www.youtube.com/channel/UCaPaxAG2UObG776NJHpdwbw,1 年前,0 回視聴,【スカッとする話】新築へ引っ越し荷解きをしてると同居していた夫の連れ子「私は12畳の広い部屋！」夫「逆らったら離婚だぞw」私「え？私は独身だけど？」連れ子と夫「は？」実は   w,https://www.youtube.com/watch?v=2vb0Ne9pvCc,100%
76,【スカッとする話】夫の連れ子の娘と結婚挨拶に連れてきた婚約者「他人は今後一切関りませんw」私「分かりました」当日、他人全員で欠席した結果w,https://www.youtube.com/watch?v=rCNrL5SfFV8,2万回視聴 / 2 年前,579 Dechuatri,https://www.youtube.com/channel/UCb21N9KV2e-3LMoR3Sf5NyA,1 年前,0 回視聴,【スカッとする話】夫の連れ子の娘と結婚挨拶に連れてきた婚約者「他人は今後一切関りませんw」私「分かりました」当日、他人全員で欠席した結果w,https://www.youtube.com/watch?v=ic_ktWrOYoA,100%
77,【スカッとする話】自称エリート弁護士の婚約者の自宅に招待されると、婚約者「母子家庭で中卒の貧乏人だけど奴隷として役立つからw」と私を両親に紹介した直後、両親が大爆笑。実は...,https://www.youtube.com/watch?v=riebfZ67nfw,3万回視聴 / 2 年前,579 Dechuatri,https://www.youtube.com/channel/UCb21N9KV2e-3LMoR3Sf5NyA,1 年前,0 回視聴,【スカッとする話】自称エリート弁護士の婚約者の自宅に招待されると、婚約者「母子家庭で中卒の貧乏人だけど奴隷として役立つからw」と私を両親に紹介した直後、両親が大爆笑。実は,https://www.youtube.com/watch?v=8IlLmMprao8,100%
78,【スカッと】  妹と18年間不倫していた夫「お前と離婚して妹と結婚する！」結婚式に招待されたので親族全員で徹底的に無視してやった結果ｗ,https://www.youtube.com/watch?v=Dpj92Zm-QZ4,2万回視聴 / 2 年前,579 Nhinbangnua,https://www.youtube.com/channel/UCSNDi3EcAzewFC2kpk4MeTA,1 年前,0 回視聴,【スカッと】  妹と18年間不倫していた夫「お前と離婚して妹と結婚する！」結婚式に招待されたので親族全員で徹底的に無視してやった結果ｗ,https://www.youtube.com/watch?v=hMj_XDpY_lo,100%
79,【スカッとする話】夫と義両親に招待されハワイ旅行に行くと、なぜか私だけ別のホテルに案内。受付「今すぐ逃げて下さい！」明かされた真実を知り私は慌ててホテルを飛び出し...,https://www.youtube.com/watch?v=86aMjG9EbpY,4.4万回視聴 / 3 年前,579 Nhintroimua,https://www.youtube.com/channel/UCTXeu6cmt6ymbBw2QSe1YSQ,2 年前,0 回視聴,【スカッとする話】夫と義両親に招待されハワイ旅行に行くと、なぜか私だけ別のホテルに案内。受付「今すぐ逃げて下さい！」明かされた真実を知り私は慌ててホテルを飛び出し,https://www.youtube.com/watch?v=60kDwVVYfno,100%
80,【スカッとする話】私が義家族全員のクレカ代を支払ってるとは知らず私を追い出す夫「うちの家族は5人だけ！寄生虫の役立たずは出てけ！」私「分かりました」→全てのクレカを即解約し引越した結果w,https://www.youtube.com/watch?v=2bSmbmDKYEg,7.2万回視聴 / 2 年前,585 Miengcomthem,https://www.youtube.com/channel/UCNViz-MIenwe3ooIvq7psww,1 年前,0 回視聴,【スカッとする話】私が義家族全員のクレカ代を支払ってるとは知らず私を追い出す夫「うちの家族は5人だけ！寄生虫の役立たずは出てけ！」私「分かりました」→全てのクレカを即解約し引越した結果,https://www.youtube.com/watch?v=K4N34o0Ng1k,100%
81,【スカッとする話】夫「今日から妹夫婦と同居する！」妹「他人は施設でも入ってろw」私（生活費33万誰が払うんだろ...）翌日、2億の高級施設に入所すると半狂乱の夫と姉から鬼電がw,https://www.youtube.com/watch?v=BIKUC0RVYEA,5.5万回視聴 / 2 年前,679 Moicaitay,https://www.youtube.com/channel/UCbS2i6mY4rmoSoHWGu7uiYA,1 年前,2回視聴,【スカッとする話】夫「今日から妹夫婦と同居する！」妹「他人は施設でも入ってろw」私（生活費33万誰が払うんだろ   ）翌日、2億の高級施設に入所すると半狂乱の夫と姉から鬼電がw,https://www.youtube.com/watch?v=G0AZjvjUXCQ,100%
82,【スカッとする話】私の出張中に勝手に姉と姪の引越し荷物を我が家に運び入れた夫「お前はずっと仕事してろw」私「はーい、こっちも勝手にするね」ハワイの豪邸に引越した結果w,https://www.youtube.com/watch?v=2ytRePzCVrE,6万回視聴 / 2 年前,679 Moicaitay,https://www.youtube.com/channel/UCbS2i6mY4rmoSoHWGu7uiYA,1 年前,0 回視聴,【スカッとする話】私の出張中に勝手に姉と姪の引越し荷物を我が家に運び入れた夫「お前はずっと仕事してろw」私「はーい、こっちも勝手にするね」ハワイの豪邸に引越した結果w,https://www.youtube.com/watch?v=XM51nQV3pRg,100%
83,【スカッとする話】5歳の孫の誕生日のお祝いに行くと私と夫だけの食事がない。長男嫁「家族の分しかないわよｗ」夫「...帰るか」私「うん」速攻で帰宅した結果w,https://www.youtube.com/watch?v=UGuxTo2ugAg,12万回視聴 / 2 年前,679 Nguyenthuyru,https://www.youtube.com/channel/UCK6acZDKLKIliJXoNrWfA4A,1 年前,0 回視聴,【スカッとする話】5歳の孫の誕生日のお祝いに行くと私と夫だけの食事がない。長男嫁「家族の分しかないわよｗ」夫「   帰るか」私「うん」速攻で帰宅した結果w,https://www.youtube.com/watch?v=6xaXphaCsi0,100%
84,【スカッとする話】医者の婚約者を奪った妹「高収入の彼は私が貰うｗブサイクは庶民と合コンしてろw」直後、お腹を抱え大爆笑した私→私「病院の院長は私だけど？」,https://www.youtube.com/watch?v=ULpnjx45zHg,3.1万回視聴 / 2 年前,679 Nguyenthuyru,https://www.youtube.com/channel/UCK6acZDKLKIliJXoNrWfA4A,1 年前,0 回視聴,【スカッとする話】医者の婚約者を奪った妹「高収入の彼は私が貰うｗブサイクは庶民と合コンしてろw」直後、お腹を抱え大爆笑した私→私「病院の院長は私だけど？」,https://www.youtube.com/watch?v=yVAFm0pygSk,100%
85,【スカッとする話】医者の兄の結婚式でなぜか私だけ席がない…兄嫁「中卒の底辺専用のお席ですw」直後、兄の尊敬する名医が私に駆け寄り「ご無沙汰してます！お元気でした？」3秒後、兄嫁は全てを失う結果にw,https://www.youtube.com/watch?v=1y9Fr_6bhs0,2.8万回視聴 / 3 年前,679 Nomanan,https://www.youtube.com/channel/UCtLQQIirG8t2Zu19OQ_rSGA,1 年前,0 回視聴,【スカッとする話】医者の兄の結婚式でなぜか私だけ席がない…兄嫁「中卒の底辺専用のお席ですw」直後、兄の尊敬する名医が私に駆け寄り「ご無沙汰してます！お元気でした？」3秒後、兄嫁は全てを失う,https://www.youtube.com/watch?v=dfgjfnv0hwI,98%
86,【スカッとする話】夫と姉が突然の土下座「お前の姉との隠し子がいる。黙って離婚してくれ」私「無理、離婚は絶対しない」夫「え？どうして？」私「当然よwだって…」【スカッと】【朗読】,https://www.youtube.com/watch?v=TFeAtx0YLj0,10万回視聴 / 2 年前,679 Nomanan,https://www.youtube.com/channel/UCtLQQIirG8t2Zu19OQ_rSGA,1 年前,0 回視聴,【スカッとする話】夫と姉が突然の土下座「お前の姉との隠し子がいる。黙って離婚してくれ」私「無理、離婚は絶対しない」夫「え？どうして？」私「当然よwだって…」【スカッと】【朗読】,https://www.youtube.com/watch?v=XSH9bWzShVc,100%
87,【スカッと総集編】夫と義両親に招待され高級寿司屋へ行くと、なぜか私だけ強制的に別室に案内。大将「今すぐ裏口からお逃げください！」明かされた衝撃の事実を知り、私は慌てて寿司屋を飛び出し【スカッとする話】,https://www.youtube.com/watch?v=m6PL4_0i4yI,6.7万回視聴 / 3 年前,751 Laycairoi,https://www.youtube.com/channel/UCgD6pnsJ2WTE_O33ZrMOw-w,2 年前,"1,050回視聴",部長に招待され高級寿司屋へ行くと、なぜか俺だけ強制的に別室に案内された。大将「今すぐお逃げください！裏口へどうぞ」明かされた驚愕の事実を知り、俺が慌てて店を飛び出した結果,https://www.youtube.com/watch?v=ikQNKTplkyw,76%
88,【スカッとする話】18年間家賃を払ってきた私を罵倒する夫と連れ子「月10万の家賃程度で偉そうにw」夫「支払い止めてみろw」私「喜んで」3ヶ月後w,https://www.youtube.com/watch?v=IaHdv7dT6Sc,12万回視聴 / 2 年前,ANHVIMHOI,https://www.youtube.com/channel/UCVHJWq3QcZVByjzWRiQahBw,2 年前,0 回視聴,【スカッとする話】18年間家賃を払ってきた私を罵倒する夫と連れ子「月10万の家賃程度で偉そうに」夫「支払い止めてみろw」私「喜んで」→3ヶ月後【修羅場】,https://www.youtube.com/watch?v=mKpzyYET-E8,100%
89,【スカッとする話】15年前に私と娘を捨て愛人を選び、音信不通だった元夫から電話「娘の結婚式始まるぞ！早く来い」私「え？娘はまだ高校生よ？」元夫「え？」実は...,https://www.youtube.com/watch?v=gFcbBfixNWk,9.3万回視聴 / 2 年前,Abigail Zev,https://www.youtube.com/channel/UCY6UyFBIk69QFXhMHmo9dWw,1 年前,0 回視聴,【スカッとする話】15年前に私と娘を捨て愛人を選び、音信不通だった元夫から電話「娘の結婚式始まるぞ！早く来い」私「え？娘はまだ高校生よ？」元夫「え？」実は,https://www.youtube.com/watch?v=g915kHTC7VE,100%
90,【スカッとする話】中学から18年付き合った婚約者「やっぱババァの嫁は無理！若い嫁探すから婚約破棄でw」1年後、半狂乱の婚約者から鬼電→永久に無視した結果w,https://www.youtube.com/watch?v=WMiRJzlQfg4,3.1万回視聴 / 2 年前,Abigail Zev,https://www.youtube.com/channel/UCY6UyFBIk69QFXhMHmo9dWw,1 年前,0 回視聴,【スカッとする話】中学から18年付き合った婚約者「やっぱババァの嫁は無理！若い嫁探すから婚約破棄でw」1年後、半狂乱の婚約者から鬼電→永久に無視した結果w,https://www.youtube.com/watch?v=q_TI57Slamk,100%
91,【スカッとする話】亡くなった母から相続した3億円の豪邸を勝手に義両親の名義に変更した夫「家は両親に譲るw逆らったら離婚ｗ」私「いいけど後悔するよ？」夫「うるせぇバーカw」→翌日w,https://www.youtube.com/watch?v=5aFfHFGkhME,4万回視聴 / 2 年前,Abigail Zev,https://www.youtube.com/channel/UCY6UyFBIk69QFXhMHmo9dWw,1 年前,0 回視聴,【スカッとする話】亡くなった母から相続した3億円の豪邸を勝手に義両親の名義に変更した夫「家は両親に譲るw逆らったら離婚ｗ」私「いいけど後悔するよ？」夫「うるせぇバーカw」→翌日w,https://www.youtube.com/watch?v=tSiLunbAQbw,100%
92,【スカッとする話】私が余命半年と聞いて愛人と豪遊しはじめた夫「いつまで生きてるの？w」 私「余命なのはあなただよ？」後日、半狂乱の夫が...【修羅場】【スカッと】,https://www.youtube.com/watch?v=Tm9DKLFF30M,25万回視聴 / 3 年前,Adley Luciano,https://www.youtube.com/channel/UCgLBkk_JTCaE08_6bW7f6Ww,1 年前,0 回視聴,【スカッとする話】私が余命半年と聞いて愛人と豪遊しはじめた夫「いつまで生きてるの？w」 私「余命なのはあなただよ？」後日、半狂乱の夫が…【修羅場】,https://www.youtube.com/watch?v=nBoayUpMZIE,100%
93,【スカッと】長男夫婦がお盆に帰省し私が店を予約すると長男嫁「何この汚い店w年金生活の貧乏ババァじゃ仕方ないかw」直後、普段温厚な夫→夫「調子乗るなよガキが」長男嫁「え？」,https://www.youtube.com/watch?v=LXxfsTZeuZU,11万回視聴 / 2 年前,Ahmed Lateefat,https://www.youtube.com/channel/UCD-KNpnHJODuzEBECfTvaZw,4 か月前,26回視聴,長男夫婦がお盆に帰省し私が店を予約すると長男嫁「何この汚い店w年金生活の貧乏ババアじゃ仕方ないかw」→直後、普段温厚な夫「調子乗るなよガキが」長男嫁「え？」,https://www.youtube.com/watch?v=fhEikCkjC7w,98%
94,【スカッとする話】母の死の直後、中1の私を捨て愛人と再婚した父「子供はいらねぇよw」しかし1ヶ月後、半狂乱の父から鬼電→永久に無視してやった結果w,https://www.youtube.com/watch?v=poGSdfKH9Og,9.2万回視聴 / 2 年前,Ainsley Nathanael,https://www.youtube.com/channel/UCc1EoIsZr1QIYRy9Tumz2cA,1 年前,0 回視聴,【スカッとする話】母の死の直後、中1の私を捨て愛人と再婚した父「子供はいらねぇよw」しかし1ヶ月後、半狂乱の父から鬼電→永久に無視してやった結果w,https://www.youtube.com/watch?v=fdCeGJBH4Io,100%
95,【スカッとする話】私「もう限界！実家に帰ります！」実家帰省した私が家に帰ると私「ただい...ま？」机の上に記入済みの離婚届が...私「出せっていうから提出しよw」大喜びで市役所へ行った結果w,https://www.youtube.com/watch?v=jpA_PiL1qKA,3.1万回視聴 / 2 年前,Ainsley Nathanael,https://www.youtube.com/channel/UCc1EoIsZr1QIYRy9Tumz2cA,1 年前,0 回視聴,【スカッとする話】私「もう限界！実家に帰ります！」実家帰省した私が家に帰ると私「ただい   ま？」机の上に記入済みの離婚届が   私「出せっていうから提出しよw」大喜びで市役所へ行った結果w,https://www.youtube.com/watch?v=u8HDXYD450U,100%
96,【スカッとする話】エコ贔屓されている妹の代わりにブサ男と結婚させられた私。翌朝、銀行に行くと口座に4億が…夫「話がある、実は俺…」→妹と両親が急に慌て出し…w【朗読】【スカッと】,https://www.youtube.com/watch?v=VzF9S7pgYKg,10万回視聴 / 6 か月前,Akari,https://www.youtube.com/channel/UCsbRaeGwyW76X3_9PQEvy3w,2 か月前,0 回視聴,【スカッとする話】エコ贔屓されている妹の代わりにブサ男と結婚させられた私。翌朝、銀行に行くと口座に4億が…夫「話がある、実は俺…」→妹と両親が急に慌て出し…w【朗読】【スカッと】,https://www.youtube.com/watch?v=rjmjZuPHULI,100%
97,【スカッとする話】年金生活で無一文の私。ある日、200万が入った封筒を拾い警察に届けると隣にいた会長夫人「あなたはもしかして…」夫人の一言で私は膝から崩れ落ち…【朗読】【スカッと】,https://www.youtube.com/watch?v=RimGqJQ_Vi0,5.6万回視聴 / 6 か月前,Akari,https://www.youtube.com/channel/UCsbRaeGwyW76X3_9PQEvy3w,2 か月前,0 回視聴,【スカッとする話】年金生活で無一文の私。ある日、200万が入った封筒を拾い警察に届けると隣にいた会長夫人「あなたはもしかして…」夫人の一言で私は膝から崩れ落ち…【朗読】【スカッと】,https://www.youtube.com/watch?v=2wnUU9QIo9A,100%
98,【スカッとする話】夫「来月ママが引っ越してくる！お前の部屋片付けておけw」私「はーい、キレイにしておくね」夫の出張中に不動産屋に連絡し家を売り払いキレイに更地にした結果w,https://www.youtube.com/watch?v=vyDCAcHPme8,8.6万回視聴 / 2 年前,Alayna Maddox,https://www.youtube.com/channel/UCh8W4L9nTLSeKEdSrSpT_vw,2 年前,0 回視聴,【スカッとする話】夫「来月ママが引っ越してくる！お前の部屋片付けておけw」私「はーい、キレイにしておくね」夫の出張中に不動産屋に連絡し家を売り払いキレイに更地にした結果w【修羅場】,https://www.youtube.com/watch?v=8UUHh8R-vcI,100%
99,【スカッとする話】亡くなった元夫の保険金3000万で新築一軒屋を建てた夫「母さんに家買ったｗ逆らうなら離婚だw」私「わかりました。いいけど後悔するよ？」夫「しねぇよw」→1ヶ月後...【修羅場】,https://www.youtube.com/watch?v=dW-opdxTbYQ,11万回視聴 / 3 年前,Aleah Brixton,https://www.youtube.com/channel/UCT42maTMBmgXsrp7qy_oMhA,2 年前,0 回視聴,【スカッと】亡くなった元夫の保険金3000万で新築一軒屋を建てた夫「母さんに家を買ったw逆らうなら離婚だw」私「わかりました。いいけど後悔するよ？」夫「しねぇよw」→1ヶ月後…【修羅場】,https://www.youtube.com/watch?v=Jad7SrBdMeU,99%
100,【スカッとする話】事故で緊急搬送された夫の見舞いに来た不思議な力を持つ6歳の姪「おじさんが押し入れの中見てって」 家に帰り確認すると衝撃の事実に戦慄→慌てて警察に駆け込み...,https://www.youtube.com/watch?v=-6FQp239DDE,4.1万回視聴 / 2 年前,Alexis Dax,https://www.youtube.com/channel/UCcxJzIDFT60xAOJXAQWTnCA,1 年前,0 回視聴,【スカッとする話】事故で緊急搬送された夫の見舞いに来た不思議な力を持つ6歳の姪「おじさんが押し入れの中見てって」 家に帰り確認すると衝撃の事実に戦慄→慌てて警察に駆け込み,https://www.youtube.com/watch?v=vehxX1Xiyeo,100%
101,【スカッとする話】法事中にペットカメラを確認すると、私の寝室で夫と姉が真っ最中…両家親族一同を車に乗せて現場に突撃してやった結果w,https://www.youtube.com/watch?v=KyZqEQsQCrs,2.6万回視聴 / 2 年前,Alexis Dax,https://www.youtube.com/channel/UCcxJzIDFT60xAOJXAQWTnCA,1 年前,0 回視聴,【スカッとする話】法事中にペットカメラを確認すると、私の寝室で夫と姉が真っ最中…両家親族一同を車に乗せて現場に突撃してやった結果w,https://www.youtube.com/watch?v=xxRSEY64Kkc,100%
102,【スカッとする話】私が宝くじで12億当てたと知らず愛人と再婚した銀行員の夫「仕事もしない役立たずは離婚w」私「いいよ！」離婚後、夫の銀行へ→私「12億円取りに来ました！」,https://www.youtube.com/watch?v=Egtv-lgcHl8,10万回視聴 / 2 年前,Alexis Dax,https://www.youtube.com/channel/UCcxJzIDFT60xAOJXAQWTnCA,1 年前,0 回視聴,【スカッとする話】私が宝くじで12億当てたと知らず愛人と再婚した銀行員の夫「仕事もしない役立たずは離婚w」私「いいよ！」離婚後、夫の銀行へ→私「12億円取りに来ました！」,https://www.youtube.com/watch?v=uK7iCE5OgO0,100%
103,【スカッとする話】夫の連れ子の娘と暮らし始めて1年。しかし、全くなつく気配がない…夫が海外出張に行った日に娘が初めて話しかけてきた。娘「お母さん、実は...」そう言って差し出された手には...,https://www.youtube.com/watch?v=BKC9CbFIESk,5.2万回視聴 / 3 年前,Aliana Everett,https://www.youtube.com/channel/UCo4Ru2aRbrTyujtLhNqcJZg,2 年前,0 回視聴,スカッとする話】夫の連れ子の娘と暮らし始めて1年。しかし、全くなつく気配がない…夫が海外出張に行った日に娘が初めて話しかけてきた。娘「お母さん、実は   」そう言って差し出された手には【修,https://www.youtube.com/watch?v=Zs_vAYd_iKM,94%
104,【スカッとする話】姑の誕生会でも私を家政婦扱いする夫「バカ嫁さっさと料理出せ」義父「これ全部1人で！？」私「いつものことですから…」すると義父が豹変し…【修羅場】,https://www.youtube.com/watch?v=My7bUq_jaIs,11万回視聴 / 3 年前,Aliza Jerry,https://www.youtube.com/channel/UCDsHtj8rLWtfh1z9Zf4P8sQ,1 年前,1 回視聴,【スカッと感動】義母の誕生会でも私を家政婦扱いする夫「バカ嫁さっさと料理出せ」義父「これ全部1人で！？」私「いつものことですから…」すると義父が豹変し…【修羅場】,https://www.youtube.com/watch?v=eFf41qxSEtI,85%
105,【スカッとする話】私が余命半年と聞いて愛人と豪遊しはじめた夫「いつまで生きてるの？w」 私「余命なのはあなただよ？」後日、半狂乱の夫が...【修羅場】【スカッと】,https://www.youtube.com/watch?v=Tm9DKLFF30M,25万回視聴 / 3 年前,Allie Leonardo,https://www.youtube.com/channel/UCLXWJz4sPxTMelgldBE7fJA,1 年前,0 回視聴,【スカッとする話】私が余命半年と聞いて愛人と豪遊しはじめた夫「いつまで生きてるの？w」 私「余命なのはあなただよ？」後日、半狂乱の夫が…【修羅場】,https://www.youtube.com/watch?v=989lmPJ0BEU,100%
106,【スカッとする話】1歳姪の初めての誕生日会に行くと私の席だけない...長男嫁「他人の席は用意してないw」夫「...帰るか」私「そうね」3分後、長男夫婦に大惨事がw,https://www.youtube.com/watch?v=n-6PsuXWlY4,11万回視聴 / 2 年前,Amy Bryan,https://www.youtube.com/channel/UC2jpVM1QiSigZdPN5k5X69Q,2 年前,0 回視聴,【スカッとする話】1歳姪の初めての誕生日会に行くと私の席だけない   長男嫁「他人の席は用意してないw」夫「   帰るか」私「そうね」3分後、長男夫婦に大惨事がw,https://www.youtube.com/watch?v=PqQX7jfr-oc,100%
107,【スカッとする話】中卒で年金生活の私を見下す高学歴エリートの長男嫁「年金暮らしの貧乏人とは絶縁でw」直後、それを聞いた長男が顔面蒼白で「お、お前知らないのか？」【スカッと】,https://www.youtube.com/watch?v=g6Y6qpQoq3k,5.1万回視聴 / 3 年前,Amy Marsh,https://www.youtube.com/channel/UCD819w2hsYZwV0tfNi3oixA,2 年前,1 回視聴,【スカッとする話】中卒の私を見下す高学歴エリートの長男嫁が親戚の集まりで「年金暮らしの貧乏人は出て行けw」→それを聞いた次男嫁が顔面蒼白で「お、お義姉さん知らないの？」実は…【修羅場】,https://www.youtube.com/watch?v=dhSoZuKijBo,74%
108,【スカッとする話】私が余命半年と聞いて愛人と豪遊しはじめた夫「いつまで生きてるの？w」 私「余命なのはあなただよ？」後日、半狂乱の夫が...【修羅場】【スカッと】,https://www.youtube.com/watch?v=Tm9DKLFF30M,25万回視聴 / 3 年前,Anhssb Jsiws,https://www.youtube.com/channel/UCEjCyQbn3J57PKDJKKUj-rg,2 年前,0 回視聴,【スカッと感動】私が余命半年と聞いて愛人と豪遊しはじめた夫「いつまで生きてるの？w」 私「余命なのはあなただよ？」後日、半狂乱の夫が…【修羅場】,https://www.youtube.com/watch?v=ikcb9EDHEhM,100%
109,【スカッとする話】私が余命半年と聞いて愛人と豪遊しはじめた夫「いつまで生きてるの？w」 私「余命なのはあなただよ？」後日、半狂乱の夫が...【修羅場】【スカッと】,https://www.youtube.com/watch?v=Tm9DKLFF30M,25万回視聴 / 3 年前,Anhssb Jsiws,https://www.youtube.com/channel/UCEjCyQbn3J57PKDJKKUj-rg,2 年前,0 回視聴,【スカッと感動】私が余命半年と聞いて愛人と豪遊しはじめた夫「いつまで生きてるの？w」 私「余命なのはあなただよ？」後日、半狂乱の夫が…,https://www.youtube.com/watch?v=4ZacU06GmuQ,100%
110,【スカッとする話】親族の集まりでエリート夫「嫁の飯はまずいんだよなw」私「え？私の料理食べた事ある？食事はいつも愛人宅じゃないの」義父「は？」義両親がブチギレ...,https://www.youtube.com/watch?v=GZtalGoS6qE,11万回視聴 / 3 年前,Anival Mencia Flores,https://www.youtube.com/channel/UCCgA-c9UyvuNOkt0qdQqWgQ,2 年前,0 回視聴,【スカッと感動】親族の集まりでエリート夫「嫁の飯はまずいんだよなw」私「え？私の料理食べた事ある？食事はいつも愛人宅じゃないの」義父「は？」義両親がブチギレ,https://www.youtube.com/watch?v=DQg9IQeQLn8,100%
111,【スカッとする話】つわりで苦しむ私の背中を蹴る夫「さっさと飯と風呂用意しろ奴隷！妊婦だからって甘えんなw」直後、「言いたいことはそれだけか？」振り向いた夫は顔面蒼白に...,https://www.youtube.com/watch?v=CT4phMN15AM,5.3万回視聴 / 2 年前,Anton Paul,https://www.youtube.com/channel/UCDPUfipjLILnrz7U-Pt5FYA,1 年前,0 回視聴,【スカッとする話】つわりで苦しむ私の背中を蹴る夫「さっさと飯と風呂用意しろ奴隷！妊婦だからって甘えんなw」直後、「言いたいことはそれだけか？」振り向いた夫は顔面蒼白に,https://www.youtube.com/watch?v=GWPTv763ghw,100%
112,【スカッとする話】浮気した夫と離婚すると夫の連れ子「部屋はちゃんとキレイにしてねw」愛人「明日中に出てってねw」私「はーい」私の家具家電全てを捨て家をキレイにして引越した結果w,https://www.youtube.com/watch?v=4gs5Zq6DMCY,8.6万回視聴 / 2 年前,Anton Paul,https://www.youtube.com/channel/UCDPUfipjLILnrz7U-Pt5FYA,1 年前,1 回視聴,【スカッとする話】浮気した夫と離婚すると夫の連れ子「部屋はちゃんとキレイにしてねw」愛人「明日中に出てってねw」私「はーい」私の家具家電全てを捨て家をキレイにして引越した結果w,https://www.youtube.com/watch?v=Vs4tbzDXJIc,100%
113,【スカッとする話】18年間家賃を払ってきた私を罵倒する夫と連れ子「月10万の家賃程度で偉そうにw」夫「支払い止めてみろw」私「喜んで」3ヶ月後w,https://www.youtube.com/watch?v=IaHdv7dT6Sc,12万回視聴 / 2 年前,Arnold Marguerite,https://www.youtube.com/channel/UC6MSAaOJ-9xnUlZE6UwvfPA,1 年前,0 回視聴,【スカッとする話】18年間家賃を払ってきた私を罵倒する夫と連れ子「月10万の家賃程度で偉そうにw」夫「支払い止めてみろw」私「喜んで」→3ヶ月後,https://www.youtube.com/watch?v=F6PKJgIJ4yg,100%
114,【スカッとする話】妊娠10ヶ月で破水し病院へ行く私を車外へ追い出し姉をライブ会場に送る夫「病院は自分でいけるだろ！」5時間後、緊急搬送された私に夫から鬼電「助けてくれ！」私「おかけになった番号は…」,https://www.youtube.com/watch?v=80yZvlQ7GXs,6.2万回視聴 / 2 年前,Arsen Babikyan,https://www.youtube.com/channel/UCVmPv61VMZNCedecoZ2ljnQ,2 年前,0 回視聴,【スカッとする話】妊娠10ヶ月で破水し病院へ行く私を車外へ追い出し姉をライブ会場に送る夫「病院は自分でいけるだろ！」5時間後、緊急搬送された私に夫から鬼電「助けてくれ！」私「おかけになった番号,https://www.youtube.com/watch?v=E46x1erP5RQ,99%
115,【スカッと】365日間、私を無視し続けた年収1000万の夫「誰のおかげで生きてると思ってる！文句あるなら離婚して出てけw」私「後悔しない？」夫「しねぇよw」3日後、夫は会社をクビにw,https://www.youtube.com/watch?v=Mi69PEXjWFc,3.5万回視聴 / 2 年前,Audio Anna,https://www.youtube.com/channel/UC_vgu3XXRZOcSp9fkogJpqA,4 か月前,0 回視聴,スカッと365日間私を無視し続けた年収1000万の夫誰のおかげで生きてると思ってる文句あるなら離婚して出てけw私後悔しない夫しねぇよw3日後夫は会社をクビにw   YouTube,https://www.youtube.com/watch?v=VwAf6tdC_Vs,93%
116,【スカッとする話】夫が突然ビールをぶっかけ、夫「俺のおかげで暮らせてる寄生虫が…文句あるなら離婚して出て行け！」私「わかりました…」3日後、夫からの鬼電を全無視した結果w,https://www.youtube.com/watch?v=Z7gS0PmgiuQ,2.6万回視聴 / 3 年前,Aurelia Keenan,https://www.youtube.com/channel/UClsAqAe4BznVouCsy3Mw8CQ,2 年前,2回視聴,【スカッとする話】夫が突然ビールをぶっかけ、夫「俺のおかげで暮らせてる寄生虫が…文句あるなら離婚して出て行け！」私「わかりました…」3日後、夫からの鬼電を全無視した結果w,https://www.youtube.com/watch?v=u8WOJsEHUSk,100%
117,【スカッとする話】夫と義両親から13年間も嫌われ続けた私。ある日、離婚届を置いて引っ越すと、ボロボロの夫と義両親から鬼電が→私（やっと気づいたかw）実は...,https://www.youtube.com/watch?v=Wk9S9SoTHxU,9.2万回視聴 / 3 年前,Aureliano Ogrodnik,https://www.youtube.com/channel/UCNB3AtKkJu2DhD4LClJNy_w,1 年前,0 回視聴,【スカッと】夫と義両親から13年間も嫌われ続けた私。ある日、私は離婚届をそっと置いて引っ越すと、ボロボロの夫と義両親から鬼電→私（やっと気づいたのね）実は…【修羅場】,https://www.youtube.com/watch?v=3fPmvHznRAg,93%
118,【スカッとする話】私の事が大嫌いな長男嫁「ウチの冠婚葬祭に義両親は絶対来ないで。嫌なら離婚する」私「いいけど、アナタ本当に大丈夫？後悔するよ？」長男嫁「しねぇよw二度と連絡してくんなw」→数ヶ月後w,https://www.youtube.com/watch?v=xyoQNySkFhc,10万回視聴 / 3 年前,Avah Bronson,https://www.youtube.com/channel/UCUTeA2RI-7tpED-Xk29g_Vw,2 年前,2回視聴,【スカッと】私の事が大嫌いな長男嫁「ウチの冠婚葬祭に義両親は絶対来ないで。嫌なら婚約破棄する」私「いいけど、アナタ本当に大丈夫？後悔するよ？」長男嫁「しねぇよw二度と連絡してくんなw」→数,https://www.youtube.com/watch?v=Rf0wmBLXD8Q,95%
119,【スカッとする話】ある日突然、大激怒の夫が「毎月仕送りした800万は！？長男夫婦がボロボロだったぞ！」私「長男嫁の通帳確認した？」夫「え？通帳？」真実を知ると...【スカッと】【修羅場】,https://www.youtube.com/watch?v=L1iFf6yo66k,1.4万回視聴 / 3 年前,Avalynn Roderick,https://www.youtube.com/channel/UC2ALeyYaaWwXZhLpaAxCjDA,2 年前,0 回視聴,【スカッとする話】ある日突然、大激怒の夫が「毎月仕送りした800万は！？長男夫婦がボロボロだったぞ！」私「長男嫁の通帳確認した？」夫「え？通帳？」真実を知ると   【スカッと】【修羅場】 1,https://www.youtube.com/watch?v=BhEaxbJn-lY,99%
120,【スカッとする話】兄嫁が出産プレゼントにくれた高級ベビー服を燃やした私。義両親「なぜそんな事を！！」私「これ見ました？」義両親「は？」プレゼントを見た義両親は鬼の形相で飛び出し...,https://www.youtube.com/watch?v=-T8Z_uoombA,2.7万回視聴 / 3 年前,Avalynn Roderick,https://www.youtube.com/channel/UC2ALeyYaaWwXZhLpaAxCjDA,2 年前,0 回視聴,【スカッとする話】兄嫁が出産プレゼントにくれた高級ベビー服を燃やした私。義両親「なぜそんな事を！！」私「これ見ました？」義両親「は？」プレゼントを見た義両親は鬼の形相で飛び出し,https://www.youtube.com/watch?v=RPeKXNaAMZU,89%
121,【スカッとする話】夫が出張に行った途端、5歳の娘が突然私に衝撃発言「今のうちにパパと離婚して！」私「はい？」理由を聞いて私は慌てて警察に通報した結果【修羅場】,https://www.youtube.com/watch?v=Gujab48F13I,5.2万回視聴 / 3 年前,Avalynn Roderick,https://www.youtube.com/channel/UC2ALeyYaaWwXZhLpaAxCjDA,2 年前,0 回視聴,【スカッとする話】夫が出張に行った途端、5歳の娘が突然私に衝撃発言「今のうちにパパと離婚して！」私「はい？」理由を聞いて私は慌てて警察に通報した結果,https://www.youtube.com/watch?v=PSSh0xDOrIo,100%
122,【スカッとする話】家事に疲れて休憩していると妊娠9ヶ月の私を蹴ってきた夫「妊婦だからは甘え！家事サボるな！」無視した私に夫がビール瓶を投げるも当たって血まみれになったのは...,https://www.youtube.com/watch?v=14YEbx6YYwk,4.2万回視聴 / 3 年前,Avalynn Roderick,https://www.youtube.com/channel/UC2ALeyYaaWwXZhLpaAxCjDA,2 年前,2回視聴,【スカッとする話】家事に疲れて休憩していると妊娠9ヶ月の私を蹴ってきた夫「妊婦だからは甘え！家事サボるな！」無視した私に夫がビール瓶を投げるも当たって血まみれになったのは,https://www.youtube.com/watch?v=Rzltaxpy2-U,100%
123,【スカッとする話】新築の我が家が3ヶ月で全焼し現場確認に行くと、長男夫婦が何かを探している....話かけようとすると長男と長男嫁の会話が聞こえてきて→慌てて警察に通報した結果【修羅場】,https://www.youtube.com/watch?v=y6TWW4C9Zhg,10万回視聴 / 3 年前,Avalynn Roderick,https://www.youtube.com/channel/UC2ALeyYaaWwXZhLpaAxCjDA,2 年前,0 回視聴,【スカッとする話】新築の我が家が3ヶ月で全焼し現場確認に行くと、長男夫婦が何かを探している    話かけようとすると長男と長男嫁の会話が聞こえてきて→慌てて警察に通報した結果,https://www.youtube.com/watch?v=UyB3devKmuE,100%
124,【スカッとする話】育休を終え職場に出社した私が新しい女部長に挨拶すると「あれ？清掃のおばちゃん？邪魔だから床掃除でもしてろw」直後、全社員がブルブル震え出し...,https://www.youtube.com/watch?v=ZWebgSwWOzY,2.7万回視聴 / 3 年前,Avalynn Roderick,https://www.youtube.com/channel/UC2ALeyYaaWwXZhLpaAxCjDA,2 年前,0 回視聴,【スカッとする話】育休を終え職場に出社した私が新しい女部長に挨拶すると「あれ？清掃のおばちゃん？邪魔だから床掃除でもしてろw」直後、全社員がブルブル震え出し,https://www.youtube.com/watch?v=0MrNXOwrCi4,100%
125,【スカッと】知らない女に突然殴られ夫が経営する会社へ…私「社長を呼んで下さい…」社員「そんな人いませんが？」私「え？」実は…,https://www.youtube.com/watch?v=5g57IhR1lIE,3.6万回視聴 / 2 年前,Bailey Luca,https://www.youtube.com/channel/UCCQc08DIe6LQuewpMQ24PSA,1 年前,0 回視聴,【スカッと】知らない女に突然殴られ夫が経営する会社へ…私「社長を呼んで下さい…」社員「そんな人いませんが？」私「え？」実は…,https://www.youtube.com/watch?v=rZiptlf8tvs,100%
126,【スカッとする話】夫の連れ子の娘と暮らし始めて1年。しかし、全くなつく気配がない…夫が海外出張に行った日に娘が初めて話しかけてきた。娘「お母さん、実は...」そう言って差し出された手には...,https://www.youtube.com/watch?v=BKC9CbFIESk,5.2万回視聴 / 3 年前,Bergstromthc Justinehkx,https://www.youtube.com/channel/UCMCHiuuU8g_OacJgtA_Bhuw,2 年前,0 回視聴,【スカッとする話】夫の連れ子の娘と暮らし始めて1年。しかし、全くなつく気配がない…夫が海外出張に行った日に娘が初めて話しかけてきた。娘「お母さん、実は...」そう言って差し出された手には【修羅場】,https://www.youtube.com/watch?v=GyhnbL1SApk,100%
127,【スカッとする話】夜勤明けで日中寝てると激怒するエリート夫「家事も出来ないクズは出てけ！」私「じゃあ片付けて出て行きます」全ての家具家電を売却し引越すと大慌ての夫から大量着信がw,https://www.youtube.com/watch?v=hqr0NHF9CVU,7万回視聴 / 2 年前,Bethel Patrick,https://www.youtube.com/channel/UCyl5lZvExPQkWtvLl3ial1g,1 年前,0 回視聴,【スカッとする話】夜勤明けで日中寝てると激怒するエリート夫「家事も出来ないクズは出てけ！」私「じゃあ片付けて出て行きます」全ての家具家電を売却し引越すと大慌ての夫から大量着信がw,https://www.youtube.com/watch?v=445EQaopjL0,100%
128,【スカッと】孫の結婚式に行くと私達夫婦を嫌う新婦「中卒の貧乏ジジババは祝儀置いて田舎に帰れw」夫「…帰るか」私「…うん」30分後、半狂乱の新婦がw,https://www.youtube.com/watch?v=BEKjWcB_3Mk,5.6万回視聴 / 2 年前,Bonnie Denver,https://www.youtube.com/channel/UCsdndA886timZqWK6_b0d0Q,1 年前,0 回視聴,【スカッと】孫の結婚式に行くと私達夫婦を嫌う新婦「中卒の貧乏ジジババは祝儀置いて田舎に帰れw」夫「…帰るか」私「…うん」30分後、半狂乱の新婦が,https://www.youtube.com/watch?v=t9IBLjg2a_M,100%
129,【スカッとする話】11年介護した義父の葬儀後に義母「家政婦は用済み！出てけw」夫「離婚届書いて失せろw」私「分かった（全て計画通りw）」1ヶ月後、涙を流した夫と義母から鬼電がw,https://www.youtube.com/watch?v=Utio_7T1lvM,5.4万回視聴 / 2 年前,Bonnie Denver,https://www.youtube.com/channel/UCsdndA886timZqWK6_b0d0Q,1 年前,1 回視聴,【スカッとする話】11年介護した義父の葬儀後に義母「家政婦は用済み！出てけw」夫「離婚届書いて失せろw」私「分かった（全て計画通りw）」1ヶ月後、涙を流した夫と義母から鬼電が,https://www.youtube.com/watch?v=Lapb-z9pqnY,100%
130,【スカッとする話】ピアノの天才の姉だけを溺愛する長男嫁「発達障害の妹はお義母さんにあげるw」私「じゃあ私が育てるわね」養子にして10年育てると...,https://www.youtube.com/watch?v=vqBTDvaavnA,7.8万回視聴 / 2 年前,Bonnie Denver,https://www.youtube.com/channel/UCsdndA886timZqWK6_b0d0Q,1 年前,2回視聴,【スカッとする話】ピアノの天才の姉だけを溺愛する長男嫁「発達障害の妹はお義母さんにあげるw」私「じゃあ私が育てるわね」養子にして10年育てると,https://www.youtube.com/watch?v=vu_8kZ6HeoE,100%
131,【スカッとする話】一人暮らしの私のことを気遣う娘に私「いつも仕送りありがとう。月1000円でも気持ちが嬉しいわよ」娘「え？毎月13万送金してるよ？」私「えっ？」直後、娘が私の銀行口座を止めると...,https://www.youtube.com/watch?v=-EQHZjnhA9w,2.8万回視聴 / 2 年前,Bonnie Denver,https://www.youtube.com/channel/UCsdndA886timZqWK6_b0d0Q,1 年前,2回視聴,【スカッとする話】一人暮らしの私のことを気遣う娘に私「いつも仕送りありがとう。月1000円でも気持ちが嬉しいわよ」娘「え？毎月13万送金してるよ？」私「えっ？」直後、娘が私の銀行口座を止める,https://www.youtube.com/watch?v=a1iUOu8UsLY,99%
132,【スカッとする話】医者の婚約者を奪って絶縁した親友とイタリア旅行で再会｡親友夫婦が私を見下し馬鹿にすると夫「君達、俺が誰か気づいてないのか？」親友夫婦「え？」実は...,https://www.youtube.com/watch?v=ZF5k_Ux_0vs,4.3万回視聴 / 2 年前,Bonnie Denver,https://www.youtube.com/channel/UCsdndA886timZqWK6_b0d0Q,1 年前,1 回視聴,【スカッとする話】医者の婚約者を奪って絶縁した親友とイタリア旅行で再会｡親友夫婦が私を見下し馬鹿にすると夫「君達、俺が誰か気づいてないのか？」親友夫婦「え？」実は,https://www.youtube.com/watch?v=9DeLSbolks0,100%
133,【スカッとする話】医者一族の婚約者と結婚挨拶に行くと私達の席だけない。義母「片親の貧乏人とは婚約破棄w」母「ではおたくの病院潰すわ」義家族「え？」,https://www.youtube.com/watch?v=tOHZbuZysA4,7.4万回視聴 / 2 年前,Bonnie Denver,https://www.youtube.com/channel/UCsdndA886timZqWK6_b0d0Q,1 年前,4回視聴,【スカッとする話】医者一族の婚約者と結婚挨拶に行くと私達の席だけない。義母「片親の貧乏人とは婚約破棄w」母「ではおたくの病院潰すわ」義家族「え？」,https://www.youtube.com/watch?v=gw_bZgF_vcw,100%
134,【スカッとする話】単身赴任中の夫の家へ行くと愛人と隠し子と遭遇…私「幸せ邪魔してすみません」夫「違う！これには深い訳が…！」即離婚届を提出し引越すと→涙を流した夫が家に来て…w,https://www.youtube.com/watch?v=vySwB9srcCQ,5.2万回視聴 / 2 年前,Bonnie Denver,https://www.youtube.com/channel/UCsdndA886timZqWK6_b0d0Q,1 年前,0 回視聴,【スカッとする話】単身赴任中の夫の家へ行くと愛人と隠し子と遭遇…私「幸せ邪魔してすみません」夫「違う！これには深い訳が…！」即離婚届を提出し引越すと→涙を流した夫が家に来て…,https://www.youtube.com/watch?v=SR2PhjaQOtk,100%
135,【スカッとする話】台風の夜、5歳の孫からSOS「ママに家を追い出された！助けて」私「パパは？」孫「知らない女の人と出て行った」私「え？」キレた私は...,https://www.youtube.com/watch?v=k6GWqtIXUlQ,4.2万回視聴 / 3 年前,Bonnie Denver,https://www.youtube.com/channel/UCsdndA886timZqWK6_b0d0Q,1 年前,0 回視聴,【スカッとする話】台風の夜、5歳の孫からSOS「ママに家を追い出された！助けて」私「パパは？」孫「知らない女の人と出て行った」私「え？」キレた私は,https://www.youtube.com/watch?v=mNNqKsGw3zk,100%
136,【スカッとする話】私が社員7000人の社長と知らず母が亡くなった途端に豹変した銀行員の夫「遺産分配は俺がやる！嫌なら離婚w」私「はーい」即離婚して夫の銀行へ→私「300億の口座は解約で」結果w,https://www.youtube.com/watch?v=4u7TxzMC6WE,3.9万回視聴 / 2 年前,Bonnie Denver,https://www.youtube.com/channel/UCsdndA886timZqWK6_b0d0Q,1 年前,0 回視聴,【スカッとする話】私が社員7000人の社長と知らず母が亡くなった途端に豹変した銀行員の夫「遺産分配は俺がやる！嫌なら離婚w」私「はーい」即離婚して夫の銀行へ→私「300億の口座は解約で」結果,https://www.youtube.com/watch?v=oWGPTgX21pE,100%
137,【スカッとする話】私の実家が資産20億の大地主だと知らず私を捨てて不動産屋の娘と結婚した婚約者「俺は逆玉で将来安泰だぜw」私「どこの不動産？あ、あそこw」真実を伝えると婚約者が震えだしw,https://www.youtube.com/watch?v=w-IRDOvSHP8,2万回視聴 / 2 年前,Bonnie Denver,https://www.youtube.com/channel/UCsdndA886timZqWK6_b0d0Q,1 年前,0 回視聴,【スカッとする話】私の実家が資産20億の大地主だと知らず私を捨てて不動産屋の娘と結婚した婚約者「俺は逆玉で将来安泰だぜw」私「どこの不動産？あ、あそこw」真実を伝えると婚約者が震えだし,https://www.youtube.com/watch?v=eRNbbmdSVbo,100%
138,【スカッとする話】結婚式当日、私を見下す姉の夫「お前の旦那が嫁を妊娠させた！慰謝料1000万払えクズども！」直後、私と夫は大爆笑→だって姉は…w,https://www.youtube.com/watch?v=Lr_Gd8Op3qs,4.5万回視聴 / 2 年前,Bonnie Denver,https://www.youtube.com/channel/UCsdndA886timZqWK6_b0d0Q,1 年前,0 回視聴,【スカッとする話】結婚式当日、私を見下す姉の夫「お前の旦那が嫁を妊娠させた！慰謝料1000万払えクズども！」直後、私と夫は大爆笑→だって姉は,https://www.youtube.com/watch?v=VE2LR5COEr4,100%
139,【スカッとする話】結婚式直前に職場の女上司に婚約者を奪われ居場所も失った私「別会社に出向させて下さい」そこで思わぬ人物と再会し1年後→半狂乱の上司から鬼電がw,https://www.youtube.com/watch?v=gHNgv8o0ucY,14万回視聴 / 2 年前,Bonnie Denver,https://www.youtube.com/channel/UCsdndA886timZqWK6_b0d0Q,1 年前,0 回視聴,【スカッとする話】結婚式直前に職場の女上司に婚約者を奪われ居場所も失った私「別会社に出向させて下さい」そこで思わぬ人物と再会し1年後→半狂乱の上司から鬼電が,https://www.youtube.com/watch?v=NRZocU-HxLA,100%
140,【スカッとする話】夫の出張中に息子に誘われ高級ホテルへディナーに行くと女性にプロポーズする夫「亡き妻と息子の分まで幸せにする！」直後、静かに席を立ち上がり求婚に乱入→私と息子「死んだ全家族です」,https://www.youtube.com/watch?v=-fE68tebmjk,7.2万回視聴 / 2 年前,Bradley Gallagher,https://www.youtube.com/channel/UC4Q2OU5TJ2nLcdq0K4hiq5A,2 年前,1 回視聴,【スカッとする話】夫の出張中に息子に誘われ高級ホテルへディナーに行くと女性にプロポーズする夫「亡き妻と息子の分まで幸せにする！」→直後、静かに席を立ち求婚に乱入「どうも、亡き妻と息子です」【修羅場】,https://www.youtube.com/watch?v=MJQTpwWSf2w,90%
141,【スカッとする話】夫の連れ子の娘と暮らし始めて1年。しかし、全くなつく気配がない…夫が海外出張に行った日に娘が初めて話しかけてきた。娘「お母さん、実は...」そう言って差し出された手には...,https://www.youtube.com/watch?v=BKC9CbFIESk,5.2万回視聴 / 3 年前,Brielle Kabir,https://www.youtube.com/channel/UCnDxsxXaGZuJrGl5CFadyzw,2 年前,3回視聴,【スカッとする話】夫の連れ子の娘と暮らし始めて1年。しかし、全くなつく気配がない…夫が海外出張に行った日に娘が初めて話しかけてきた。娘「お母さん、実は   」そう言って差し出された手には,https://www.youtube.com/watch?v=5sCGs1ikWBs,100%
142,【スカッと】孫の結婚式に行くと私達夫婦を嫌う新婦「中卒の貧乏ジジババは祝儀置いて田舎に帰れw」夫「…帰るか」私「…うん」30分後、半狂乱の新婦がw,https://www.youtube.com/watch?v=BEKjWcB_3Mk,5.6万回視聴 / 2 年前,Bristol Oakley,https://www.youtube.com/channel/UCIT68qL7yuTf1H1vO474nqA,1 年前,0 回視聴,【スカッと】孫の結婚式に行くと私達夫婦を嫌う新婦「中卒の貧乏ジジババは祝儀置いて田舎に帰れw」夫「…帰るか」私「…うん」30分後、半狂乱の新婦がw,https://www.youtube.com/watch?v=_KRUpYHSvAA,100%
143,【スカッと総集編】家のローン月18万を払ってると知らず同居の長男嫁に1年間無視された...ある日、私「あれ？なんで私の荷物が...」長男嫁「キレイにしておいてあげたw」私の荷物を勝手に捨てられた,https://www.youtube.com/watch?v=bPcGySAd3gA,20万回視聴 / 2 年前,Brooke Ashley,https://www.youtube.com/channel/UCeSDNLbFauVc69Ga0IYCj-A,1 年前,0 回視聴,【スカッとする話】家のローン月18万を払ってると知らず同居の長男嫁に1年間無視された   ある日、私「あれ？なんで私の荷物が   」長男嫁「キレイにしておいてあげた,https://www.youtube.com/watch?v=17bcHPbk8dM,90%
144,【スカッとする話】姑の誕生会でも私を家政婦扱いする夫「バカ嫁さっさと料理出せ」義父「これ全部1人で！？」私「いつものことですから…」すると義父が豹変し…【修羅場】,https://www.youtube.com/watch?v=My7bUq_jaIs,11万回視聴 / 3 年前,Brynlee Noe,https://www.youtube.com/channel/UCLV_HZ7xdU8gqbFFK5ekA7g,2 年前,0 回視聴,【スカッと感動】義母の誕生会でも私を家政婦扱いする夫「バカ嫁さっさと料理出せ」義父「これ全部1人で！？」私「いつものことですから…」すると義父が豹変し…【修羅場】,https://www.youtube.com/watch?v=MDFbt8FcwHA,85%
145,【スカッと総集編】正月に義実家へ帰省するといつものように奴隷扱いの私に、久しぶり帰省した義母「なんでご飯食べないの？」私「いつもの事なので」義母「は？」激怒した義母が家を売却し更地に【スカッとする話】,https://www.youtube.com/watch?v=4GDjLfbv5Kc,20万回視聴 / 3 年前,Bà Khánh Vlog,https://www.youtube.com/channel/UCdz5y9NRKN2FiKpiFkHoiGg,2 年前,42回視聴,【スカッとする話】正月に義実家へ帰省するといつものように家政婦扱いの私。老人ホームから久しぶりに帰省した大姑「なんでご飯食べないの？」私「いつもの事なので…」大姑「は？」キレた大姑は義実家を売却,https://www.youtube.com/watch?v=XkZcMrJ5O0M,73%
146,【スカッとする話】11億の資産を築いた父の葬儀後に夫が突然「父さんの遺産いくらあるんだ？w」私「3億通帳に入れてるよ」翌朝、離婚届けを置き通帳と印鑑を盗んだ夫が家に来て「あ、あの通帳って」,https://www.youtube.com/watch?v=U9HQWEyzPVc,6.4万回視聴 / 3 年前,COLORS DECEIVE,https://www.youtube.com/channel/UCytiIFYh1eDwUeCeeUdLqZQ,2 年前,"4,734回視聴",11億の資産を築いた父の葬儀後に夫が突然「父さんの遺産いくらあるんだ？w」私「3億通帳に入れてるよ」翌朝、離婚届けを置き通帳と印鑑を盗んだ夫が家に来て「あ、あの通帳って」,https://www.youtube.com/watch?v=-y-Wocuo5FY,100%
147,【スカッとする話】夫が突然ビールをぶっかけ、夫「俺のおかげで暮らせてる寄生虫が…文句あるなら離婚して出て行け！」私「わかりました…」3日後、夫からの鬼電を全無視した結果w,https://www.youtube.com/watch?v=Z7gS0PmgiuQ,2.6万回視聴 / 3 年前,COLORS DECEIVE,https://www.youtube.com/channel/UCytiIFYh1eDwUeCeeUdLqZQ,2 年前,"1,127回視聴",夫が突然ビールをぶっかけ、夫「俺のおかげで暮らせてる寄生虫が…文句あるなら離婚して出て行け！」私「わかりました…」3日後、夫からの鬼電を全無視した結果w,https://www.youtube.com/watch?v=-xUxVxpfCjI,100%
148,【スカッとする話】夫と姉夫婦4人で高級寿司屋に行くと、夫「義姉さんは妊娠中だからダメ」私・姉夫「え？そうなの？」夫「...」実は...【修羅場】,https://www.youtube.com/watch?v=L7V4moDtbKk,3.7万回視聴 / 3 年前,COLORS DECEIVE,https://www.youtube.com/channel/UCytiIFYh1eDwUeCeeUdLqZQ,2 年前,"1,314回視聴",夫と姉夫婦4人で高級寿司屋に行くと、夫「義姉さんは妊娠中だからダメ」私・姉夫「え？そうなの？」夫「   」実は,https://www.youtube.com/watch?v=PKF3AjaFUZk,100%
149,【スカッとする話】 義父の遺産11億を手に入れた夫「離婚しよう！遺産入ったからATMのお前は用済みになったw」私「いいよ！はい、離婚届」家を売却し豪邸に引越すと夫は地獄を見ることにw,https://www.youtube.com/watch?v=22HXuHlqWcQ,7.6万回視聴 / 2 年前,Camilla Miller,https://www.youtube.com/channel/UCPXH92PHCWKiZkU75PQZ5lQ,1 年前,1 回視聴,【スカッとする話】 義父の遺産11億を手に入れた夫「離婚しよう！遺産入ったからATMのお前は用済みになったw」私「いいよ！はい、離婚届」家を売却し豪邸に引越すと夫は地獄を見ることにw,https://www.youtube.com/watch?v=uRpFliq8hc8,100%
150,【スカッとする話】姉の出産祝いに親戚一同と行くと、夫「出産祝い30万どうぞ！」私「え？なんで？その子はあんたの子供でしょ？」親戚一同「は？」全員がブチギレ...,https://www.youtube.com/watch?v=_-gF8Kae1yU,9万回視聴 / 2 年前,Camilla Miller,https://www.youtube.com/channel/UCPXH92PHCWKiZkU75PQZ5lQ,1 年前,0 回視聴,【スカッとする話】姉の出産祝いに親戚一同と行くと、夫「出産祝い30万どうぞ！」私「え？なんで？その子はあんたの子供でしょ？」親戚一同「は？」全員がブチギレ,https://www.youtube.com/watch?v=QT2cIQHm_3U,100%
151,【スカッとする話】高級寿司屋へ行くと私はガリだけ。長男嫁「お義母さんは他人だから料理はなし！ガリ代10万は払ってねw」私「はい、会計してきます」会計でしっかりガリ代だけ払って帰った結果w【スカッと】,https://www.youtube.com/watch?v=bNhJjY16fpA,8万回視聴 / 3 年前,Camryn Manning,https://www.youtube.com/channel/UCv4i-gVXrnC09dbj0RqCV_g,1 年前,0 回視聴,【スカッとする話】高級寿司屋へ行くと私はガリだけ。長男嫁「お義母さんは他人だから料理はなし！ガリ代10万は払ってねw」私「はい、会計してきます」会計でしっかりガリ代だけ払って,https://www.youtube.com/watch?v=Pp4W0Z4hp0c,97%
152,【スカっとする話】夫の浮気が発覚すると夫の連れ子「パパと新しいママと暮らす！偽物は離婚して出てけ！」1年後、笑顔で再会した娘に私「あんた誰？」娘「は？」,https://www.youtube.com/watch?v=jwP1fK1sfSY,5万回視聴 / 2 年前,Camryn Ray,https://www.youtube.com/channel/UCIaMbMEQVfkdvk5rhHIlAWQ,1 年前,0 回視聴,【スカっとする話】夫の浮気が発覚すると夫の連れ子「パパと新しいママと暮らす！偽物は離婚して出てけ！」1年後、笑顔で再会した娘に私「あんた誰？」娘「は？」,https://www.youtube.com/watch?v=ABHEpJmEDWw,100%
153,【スカッとする話】3年前に私の婚約者を奪った親友から出産連絡「赤ちゃん生まれた！出産祝い持って見に来てw」私「はーい、社長の夫と行くね」親友「え？」結果w,https://www.youtube.com/watch?v=9XyKB7KJxkg,4.4万回視聴 / 2 年前,Camryn Ray,https://www.youtube.com/channel/UCIaMbMEQVfkdvk5rhHIlAWQ,1 年前,1 回視聴,【スカッとする話】3年前に私の婚約者を奪った親友から出産連絡「赤ちゃん生まれた！出産祝い持って見に来てw」私「はーい、社長の夫と行くね」親友「え？」結果w,https://www.youtube.com/watch?v=KWzBeXzOdxc,100%
154,【スカッとする話】5歳の娘の病気が判明した途端、私と娘を捨て愛人と消えた夫。9年後、娘のある秘密を知ると夫「迎えに来たぞ！パパと帰ろう」娘「え？誰このおじさん」夫「え？」,https://www.youtube.com/watch?v=SA1PcWksbus,3.8万回視聴 / 2 年前,Catherine Mack,https://www.youtube.com/channel/UChYk58s7t8r6sD1nV1Ua6PQ,1 年前,0 回視聴,【スカッとする話】5歳の娘の病気が判明した途端、私と娘を捨て愛人と消えた夫。9年後、娘のある秘密を知ると夫「迎えに来たぞ！パパと帰ろう」娘「え？誰このおじさん」夫「え？」,https://www.youtube.com/watch?v=V2aH3jQboDM,100%
155,【スカッとする話】ハワイへの家族旅行当日、空港に無一文で置き去りにされた私...夫「家族だけで楽しんでくるw」義両親「アンタは野宿でもしてなw」私「はーい」→ホテルで夫と義両親が顔面蒼白にw,https://www.youtube.com/watch?v=f5r1JGa0gr8,14万回視聴 / 2 年前,Catherine Mack,https://www.youtube.com/channel/UChYk58s7t8r6sD1nV1Ua6PQ,1 年前,1 回視聴,【スカッとする話】ハワイへの家族旅行当日、空港に無一文で置き去りにされた私   夫「家族だけで楽しんでくるw」義両親「アンタは野宿でもしてな」私「はーい」→ホテルで夫と義両親が顔面蒼白に,https://www.youtube.com/watch?v=xLhH6yee8ZE,100%
156,【スカッとする話】元夫の新郎に招待された結婚式に行くと私の席だけがない...元夫「俺を振った罰だwクズは帰れw」私「じゃあ今すぐ帰ります」 3分後、血相を変えた元夫から鬼電がw,https://www.youtube.com/watch?v=S46f35JhiWk,6.2万回視聴 / 2 年前,Catherine Mack,https://www.youtube.com/channel/UChYk58s7t8r6sD1nV1Ua6PQ,1 年前,0 回視聴,【スカッとする話】元夫の新郎に招待された結婚式に行くと私の席だけがない   元夫「俺を振った罰だwクズは帰れ」私「じゃあ今すぐ帰ります」 3分後、血相を変えた元夫から鬼電が,https://www.youtube.com/watch?v=zuGycTrE4Vk,100%
157,【スカッとする話】私が年商300億の社長だと知らず婚約者を奪った姉｢社長の旦那の子妊娠しちゃったw慰謝料はいくらでも請求してw｣→弁護士｢え？社長は妹さんの方ですよ？｣姉「はい？」,https://www.youtube.com/watch?v=k6Uv2NHfBM0,5.5万回視聴 / 2 年前,Catherine Mack,https://www.youtube.com/channel/UChYk58s7t8r6sD1nV1Ua6PQ,1 年前,2回視聴,【スカッとする話】私が年商300億の社長だと知らず婚約者を奪った姉｢社長の旦那の子妊娠しちゃったw慰謝料はいくらでも請求してw｣→弁護士｢え？社長は妹さんの方ですよ？｣姉「はい？」,https://www.youtube.com/watch?v=LhX3_YMvCuQ,100%
158,【スカッと】緊急入院した夫の見舞いに母と行くと23歳の愛人と隠し子に出迎えられた…夫「待ってたw離婚届記入しとけw」母「あれ？あの事知らないの？」真実を知った2人は半狂乱にw,https://www.youtube.com/watch?v=jY2B44GTtr8,6.7万回視聴 / 2 年前,Charley Remy,https://www.youtube.com/channel/UCaX-mL7XMZyWDWIcRiXzESw,1 年前,1 回視聴,【スカッと】緊急入院した夫の見舞いに母と行くと23歳の愛人と隠し子に出迎えられた…夫「待ってたw離婚届記入しとけw」母「あれ？あの事知らないの？」真実を知った2人は半狂乱にw,https://www.youtube.com/watch?v=8Jo-XVBzWKM,100%
159,【スカッとする話】夫が突然大量の荷物を持ってきて、夫「今日から俺の両親と姉を養う！嫌なら離婚だ！」私「え？もう離婚済みだけど？」夫「え？」結果w,https://www.youtube.com/watch?v=G4O12jIGPfg,8.7万回視聴 / 3 年前,Charlotte Jair,https://www.youtube.com/channel/UCnztUUjbQI8AsoPcLIf78Sw,1 年前,0 回視聴,【スカッとする話】夫が突然大量の荷物を持ってきて、夫「今日から俺の両親と姉を養う！嫌なら離婚だ！」私「え？もう離婚済みだけど？」夫「え？」結果w【修羅場】,https://www.youtube.com/watch?v=S1oyNcaEs6c,88%
160,【スカッとする話】熱で早退した息子を連れて帰ると葬儀に行ったはずの夫が姉と真っ最中…息子「大変！おばさんが襲われてる！」息子が２人の動画を撮影し義父と親戚一同に送った結果ｗ,https://www.youtube.com/watch?v=7gR3-5GCVtk,4.7万回視聴 / 2 年前,Charlotte Jair,https://www.youtube.com/channel/UCnztUUjbQI8AsoPcLIf78Sw,2 年前,0 回視聴,【スカッとする話】熱で早退した息子を連れて帰ると葬儀に行ったはずの夫が姉と真っ最中…息子「大変！おばさんが襲われてる！」息子が２人の動画を撮影し義父と親戚一同に送った結果ｗ,https://www.youtube.com/watch?v=DcpatuBoUms,100%
161,【スカッとする話】1歳姪の初めての誕生日会に行くと私の席だけない...長男嫁「他人の席は用意してないw」夫「...帰るか」私「そうね」3分後、長男夫婦に大惨事がw,https://www.youtube.com/watch?v=n-6PsuXWlY4,11万回視聴 / 2 年前,Chi Tông,https://www.youtube.com/channel/UCQZmlpJ03rsGpabdpOyYt5g,1 年前,0 回視聴,【スカッとする話】1歳姪の初めての誕生日会に行くと私の席だけない   長男嫁「他人の席は用意してないw」夫「   帰るか」私「そうね」3分後、長男夫婦に大惨,https://www.youtube.com/watch?v=PbHTt9PGy-s,98%
162,【スカッとする話】出張帰りの夫のスーツのポッケからなぜか記入済みの離婚届が...私（出せって事だし提出しよw）速攻で提出し引越した結果w,https://www.youtube.com/watch?v=BtTfiARWz5Y,9万回視聴 / 3 年前,Chi Tông,https://www.youtube.com/channel/UCQZmlpJ03rsGpabdpOyYt5g,1 年前,0 回視聴,【スカッとする話】出張帰りの夫のスーツのポッケからなぜか記入済みの離婚届が   私（出せって事だし提出しよw）速攻で提出し引越した結,https://www.youtube.com/watch?v=k6-vdzKCc2w,99%
163,【スカッとする話】夫と姉の出産祝いに行くと5歳の娘「赤ちゃんが言いたい事あるみたい」不思議な力を持つ娘の言葉に戦慄し私は慌てて警察へ駆け込み...,https://www.youtube.com/watch?v=b8ZAxV1gG_4,2万回視聴 / 2 年前,Chi Tông,https://www.youtube.com/channel/UCQZmlpJ03rsGpabdpOyYt5g,1 年前,0 回視聴,【スカッとする話】夫と姉の出産祝いに行くと5歳の娘「赤ちゃんが言いたい事あるみたい」不思議な力を持つ娘の言葉に戦慄し私は慌てて警察へ駆け込み,https://www.youtube.com/watch?v=i0IlkEaZ0l4,100%
164,【スカッとする話】夫の会社が倒産し解雇通知が届いたので出張中の夫へ電話すると、浮気夫「商談中だから後にしろ！」私「はーい」全てを悟った私→離婚届置いて新居に引越した結果w,https://www.youtube.com/watch?v=yXjk9KcZRys,7.8万回視聴 / 2 年前,Chi Tông,https://www.youtube.com/channel/UCQZmlpJ03rsGpabdpOyYt5g,1 年前,2回視聴,【スカッとする話】夫の会社が倒産し解雇通知が届いたので出張中の夫へ電話すると、浮気夫「商談中だから後にしろ！」私「はーい」全てを悟った私→離婚届置いて新居,https://www.youtube.com/watch?v=jwFk0EokrDM,94%
165,【スカッとする話】結婚式に元カノを招待し嫁サゲする夫「俺の元カノが会場で一番可愛いだろw」元カノ「え？あんたの嫁ブスじゃんw」私「やっぱ結婚辞めるわ」婚約破棄して人生終了させた結果w,https://www.youtube.com/watch?v=5HL1qvVFXnk,7.4万回視聴 / 2 年前,Chi Tông,https://www.youtube.com/channel/UCQZmlpJ03rsGpabdpOyYt5g,1 年前,1 回視聴,【スカッとする話】結婚式に元カノを招待し嫁サゲする夫「俺の元カノが会場で一番可愛いだろw」元カノ「え？あんたの嫁ブスじゃんw」私「やっぱ結婚辞めるわ」婚約破棄して人生終了さ,https://www.youtube.com/watch?v=1A2xPTP-kVU,97%
166,【スカッとする話】自ら命を絶った夫の葬儀後、墓参りに行くと１通の手紙が…手紙「俺の代わりに母さんに復讐を…」手紙の中身を読み進めると→私はガクガク震え始め…,https://www.youtube.com/watch?v=U2N_1lBpoWY,5.6万回視聴 / 2 年前,Chi Tông,https://www.youtube.com/channel/UCQZmlpJ03rsGpabdpOyYt5g,1 年前,2回視聴,【スカッとする話】自ら命を絶った夫の葬儀後、墓参りに行くと１通の手紙が…手紙「俺の代わりに母さんに復讐を…」手紙の中身を読み進めると→私はガクガク震え始め…,https://www.youtube.com/watch?v=YyHW5siTvnw,100%
167,【スカッとする話】夫の連れ子の出産祝いに行くと、連れ子「ババァは戸籍上は他人w赤ちゃん触るなら1回30万払えw」夫「...帰るか」私「うん」速攻で帰宅→永遠に他人扱いした結果w,https://www.youtube.com/watch?v=iWpWDCY4L5o,10万回視聴 / 2 年前,Damon Salvatore,https://www.youtube.com/channel/UCl5jG7tF4QZHcM7cjPdny5A,2 年前,1 回視聴,【スカッとする話】夫の連れ子の出産祝いに行くと、連れ子「ババァは戸籍上は他人w赤ちゃん触るなら1回30万払えw」夫「   帰るか」私「うん」速攻で帰宅→永遠に他人扱いした結果w,https://www.youtube.com/watch?v=eYIk3G6iXXU,100%
168,【スカッとする話】夫の出張中に息子に誘われ高級ホテルへディナーに行くと女性にプロポーズする夫「亡き妻と息子の分まで幸せにする！」直後、静かに席を立ち上がり求婚に乱入→私と息子「死んだ全家族です」,https://www.youtube.com/watch?v=-fE68tebmjk,7.2万回視聴 / 2 年前,Darell Dowling,https://www.youtube.com/channel/UC1HGMFLV45hYBgQD965CdDg,2 年前,376回視聴,【スカッとする話】夫の出張中に息子に誘われ高級ホテルへディナーに行くと女性にプロポーズする夫「亡き妻と息子の分まで幸せにする！」→直後、静かに席を立ち求婚に乱入「どうも、亡き妻と息子です」【修,https://www.youtube.com/watch?v=BkhksD58kw0,88%
169,【スカッとする話】家事、育児、介護、パートをこなし10年。ある日、出張後に夫が突然の土下座「お前の親友を妊娠させた！」親友「旦那は貰うから出てけw」私「喜んで！」3日後、血相変えた親友から鬼電がw,https://www.youtube.com/watch?v=8Tm2R7t4MCc,14万回視聴 / 2 年前,Dau Conhoen,https://www.youtube.com/channel/UCbc3JRrwmaDW2_mYXitLGCg,2 年前,353回視聴,【スカッとする話】家事、育児、介護、パートをこなし10年。ある日、出張後に夫が突然の土下座「お前の親友を妊娠させた！」親友「旦那は貰うから出てけw」私「喜んで！」3日後、血相変えた親友から鬼,https://www.youtube.com/watch?v=gRDlO_YWtwA,99%
170,【スカッとする話】我が家が火事で全焼すると夫の連れ子「女の人が火傷で重症と聞いたけど大丈夫だった？w」私「え？私は買い物中だけど？」連れ子「え？」全身火傷で搬送されたのは...,https://www.youtube.com/watch?v=FJiSauJbihQ,4.4万回視聴 / 2 年前,Dau Conhoen,https://www.youtube.com/channel/UCbc3JRrwmaDW2_mYXitLGCg,2 年前,161回視聴,【スカッとする話】我が家が火事で全焼すると夫の連れ子「女の人が火傷で重症と聞いたけど大丈夫だった？w」私「え？私は買い物中だけど？」連れ子「え？」全身火傷で搬送されたのは,https://www.youtube.com/watch?v=oACBvooESQ4,100%
171,【スカッとする話】親族の集まりでエリート夫「嫁の飯はまずいんだよなw」私「え？私の料理食べた事ある？食事はいつも愛人宅じゃないの」義父「は？」義両親がブチギレ...,https://www.youtube.com/watch?v=GZtalGoS6qE,11万回視聴 / 3 年前,Davina Claude,https://www.youtube.com/channel/UCOrbtNmmNjOIxTBvK8TW2Lg,2 年前,0 回視聴,【スカッとする話】親族の集まりでエリート夫「嫁の飯はまずいんだよなw」私「え？私の料理食べた事ある？食事はいつも愛人宅じゃないの」義父「は？」義両親がブチギレ   【修羅場】,https://www.youtube.com/watch?v=58Ms81RHLEA,100%
172,【スカッとする話】夫の出張中に息子に誘われ高級ホテルへディナーに行くと女性にプロポーズする夫「亡き妻と息子の分まで幸せにする！」直後、静かに席を立ち上がり求婚に乱入→私と息子「死んだ全家族です」,https://www.youtube.com/watch?v=-fE68tebmjk,7.2万回視聴 / 2 年前,Daxoxebib Nogamxxon,https://www.youtube.com/channel/UCVZRAkKE0O3MWfsVYEl0BdA,2 年前,0 回視聴,【スカッとする話】夫の出張中に息子に誘われ高級ホテルへディナーに行くと女性にプロポーズする夫「亡き妻と息子の分まで幸せにする！」→直後、静かに席を立ち求婚に乱入「どうも、亡き妻と息子です」【修羅場】,https://www.youtube.com/watch?v=0ou3yjs61L4,90%
173,【スカッとする話】23歳の新入社員を妊娠させた56歳の会社社長の夫「社員を妊娠させたからお前とは離婚w社長夫人の座はあの子に譲るからw」2人は盛大に海外で挙式し2週間後→私「黙ってたけど彼女...」,https://www.youtube.com/watch?v=Hz4K1hCagS8,6.2万回視聴 / 2 年前,Deadpool Lool,https://www.youtube.com/channel/UCCDbYtkLVK6W2f4MG5hSuBQ,2 年前,2回視聴,【スカッとする話】23歳の新入社員を妊娠させた56歳の会社社長の夫「社員を妊娠させたからお前とは離婚w社長夫人の座はあの子に譲るからw」2人は盛大に海外で挙式し2週間後→私「黙ってたけど彼女,https://www.youtube.com/watch?v=20orQF9vuxE,100%
174,【スカッとする話】K察「お宅の旦那がﾀﾋにそうです！至急現場に来て下さい！」私「え？」親族全員を呼び現場に駆けつけた結果w,https://www.youtube.com/watch?v=Hdd6qR2k6_Q,4万回視聴 / 2 年前,Deadpool Lool,https://www.youtube.com/channel/UCCDbYtkLVK6W2f4MG5hSuBQ,2 年前,0 回視聴,【スカッとする話】K察「お宅の旦那がﾀﾋにそうです！至急現場に来て下さい！」私「え？」親族全員を呼び現場に駆けつけた結果w,https://www.youtube.com/watch?v=GjpUgWtbedo,100%
175,【スカッとする話】私が年商500億の社長と知らない夫「時給941円の底辺は出てけw」連れ子「役立たずの母親バイバイw」私「じゃあ出ていきます」１ヶ月後、涙を流した夫から鬼電がw,https://www.youtube.com/watch?v=jA4TTTeqo-M,12万回視聴 / 2 年前,Deadpool Lool,https://www.youtube.com/channel/UCCDbYtkLVK6W2f4MG5hSuBQ,2 年前,1 回視聴,【スカッとする話】私が年商500億の社長と知らない夫「時給941円の底辺は出てけw」連れ子「役立たずの母親バイバイw」私「じゃあ出ていきます」１ヶ月後、涙を流した夫から鬼電がw,https://www.youtube.com/watch?v=gKvYOjL-TSQ,100%
176,【スカッとする話】夫「引越しは済んだか？」私「今日中に出ていくわ」ATM扱いされ家を追い出された私。1ヶ月後、夫が血相を変えて鬼電してきて...【修羅場】,https://www.youtube.com/watch?v=mRlS0rHQ-lY,12万回視聴 / 3 年前,Di Chungduowng,https://www.youtube.com/channel/UCMofMJhJ6dyaY8_MaPGllpQ,1 年前,0 回視聴,【スカッと】夫「引越しは済んだか？」私「今日中には出ていくわ」夫にATM扱いされ家を追い出された私→1ヶ月後、夫が血相を変えて鬼電してきて…【修羅場】,https://www.youtube.com/watch?v=-KzLDza9S5A,97%
177,【スカッとする話】中卒で年金生活の私を見下す高学歴エリートの長男嫁「年金暮らしの貧乏人とは絶縁でw」直後、それを聞いた長男が顔面蒼白で「お、お前知らないのか？」【スカッと】,https://www.youtube.com/watch?v=g6Y6qpQoq3k,5.1万回視聴 / 3 年前,Dima Tomashevich,https://www.youtube.com/channel/UCkfiH3lPVPodePE4eNSDpWg,2 年前,3回視聴,【スカッとする話】中卒で年金生活の私を見下す高学歴エリートの長男嫁「年金暮らしの貧乏人とは絶縁でw」直後、それを聞いた長男が顔面蒼白で「お、お前知らないのか？」,https://www.youtube.com/watch?v=szRQIW8vYgw,100%
178,【スカッとする話】医者の長男が亡くなり通夜振る舞いで私の席だけない。長男嫁「ババァは帰れw夫の遺産と家は嫁である私が相続しますw」それを聞いた私は大爆笑w→だって長男は…【修羅場】,https://www.youtube.com/watch?v=samZXNv0pmY,3万回視聴 / 3 年前,Dima Tomashevich,https://www.youtube.com/channel/UCkfiH3lPVPodePE4eNSDpWg,2 年前,0 回視聴,【スカッとする話】医者の長男が亡くなり通夜振る舞いで私の席だけない。長男嫁「ババァは帰れw夫の遺産と家は嫁である私が相続しますw」それを聞いた私は大爆笑w→だって長男は…,https://www.youtube.com/watch?v=b4Hl6zXY_vI,100%
179,【スカッとする話】双子を出産し退院した直後に夫「今夜はお祝いだ！両親を呼ぶから高級寿司とビール買ってこい！」私「はい...」涙を流しながら家に帰るとボコボコになった夫の姿がw,https://www.youtube.com/watch?v=19hJFO1xBnU,4.8万回視聴 / 3 年前,Dima Tomashevich,https://www.youtube.com/channel/UCkfiH3lPVPodePE4eNSDpWg,2 年前,0 回視聴,【スカッとする話】双子を出産し退院した直後に夫「今夜はお祝いだ！両親を呼ぶから高級寿司とビール買ってこい！」私「はい...」涙を流しながら家に帰るとボコボコになった夫の姿がw,https://www.youtube.com/watch?v=gVSmPtTPEf8,100%
180,【スカッとする話】夫が亡くなり葬式後、更に最愛の長男と孫まで亡くした私に長男嫁「遺産は私が貰うからババァも逝けw」と深夜に家を追い出された。公園で号泣してると、懐かしい声が聞こえ振り返ると...,https://www.youtube.com/watch?v=xGHuS24cdnQ,1.6万回視聴 / 3 年前,Dima Tomashevich,https://www.youtube.com/channel/UCkfiH3lPVPodePE4eNSDpWg,2 年前,0 回視聴,【スカッとする話】夫が亡くなり葬式後、更に最愛の長男と孫まで亡くした私に長男嫁「遺産は私が貰うからババァも逝けw」と深夜に家を追い出された。公園で号泣してると、懐かしい声が聞こえ振り返ると...,https://www.youtube.com/watch?v=SRmU4BFmMfU,100%
181,【スカッとする話】夫が突然ビールをぶっかけ、夫「俺のおかげで暮らせてる寄生虫が…文句あるなら離婚して出て行け！」私「わかりました…」3日後、夫からの鬼電を全無視した結果w,https://www.youtube.com/watch?v=Z7gS0PmgiuQ,2.6万回視聴 / 3 年前,Dima Tomashevich,https://www.youtube.com/channel/UCkfiH3lPVPodePE4eNSDpWg,2 年前,1 回視聴,【スカッとする話】夫が突然ビールをぶっかけ、夫「俺のおかげで暮らせてる寄生虫が…文句あるなら離婚して出て行け！」私「わかりました…」3日後、夫からの鬼電を全無視した結果w,https://www.youtube.com/watch?v=ZDLy0puKUjA,100%
182,【スカッとする話】夫と一戸建て新居の内見へ行くと、夫「ママたちは一番広い部屋な！逆らったら離婚だからなw」義両親「嫁は物置で十分ｗ」→私「じゃあ離婚で」夫と義両親「は？」結果ｗ【スカッと】,https://www.youtube.com/watch?v=BGX2R_kzmMM,3.6万回視聴 / 3 年前,Dima Tomashevich,https://www.youtube.com/channel/UCkfiH3lPVPodePE4eNSDpWg,2 年前,0 回視聴,【スカッとする話】夫と一戸建て新居の内見へ行くと、夫「ママたちは一番広い部屋な！逆らったら離婚だからなw」義両親「嫁は物置で十分ｗ」→私「じゃあ離婚で」夫と義両親「は？」結果ｗ,https://www.youtube.com/watch?v=E7DUx4_J5Jo,100%
183,【スカッとする話】女手１つで育てた長男の結婚挨拶で義父「貧乏な家の息子は娘とは不相応！」長男嫁「やっぱり結婚は無しでw」お望み通り婚約破棄した結果w,https://www.youtube.com/watch?v=7lJpHSlgrEQ,2.7万回視聴 / 3 年前,Dima Tomashevich,https://www.youtube.com/channel/UCkfiH3lPVPodePE4eNSDpWg,2 年前,0 回視聴,【スカッとする話】女手１つで育てた長男の結婚挨拶で義父「貧乏な家の息子は娘とは不相応！」長男嫁「やっぱり結婚は無しでw」お望み通り婚約破棄した結果w,https://www.youtube.com/watch?v=3iknTWZTMDA,100%
184,【スカッとする話】家事に疲れて昼寝してた私に花瓶の水をぶっかけてきた長男嫁「私のおかげで暮らせてるのに…ちゃんとメシぐらい作れ！」私「無理。じゃあ出て行くわ」長男嫁「え？」,https://www.youtube.com/watch?v=3SjNRx445WM,3.1万回視聴 / 3 年前,Dima Tomashevich,https://www.youtube.com/channel/UCkfiH3lPVPodePE4eNSDpWg,2 年前,0 回視聴,【スカッとする話】家事に疲れて昼寝してた私に花瓶の水をぶっかけてきた長男嫁「私のおかげで暮らせてるのに…ちゃんとメシぐらい作れ！」私「無理。じゃあ出て行くわ」長男嫁「え？」,https://www.youtube.com/watch?v=JiYO5b0V6pU,100%
185,【スカッとする話】炎天下の中、私が倉庫の掃除をしてると鍵をかけ閉じ込めた長男嫁「夜には帰ってくるわねw」３時間後、長男嫁「ただいま...あれ？」扉を開けた嫁はブルブル震えだし..【スカッと】【修羅場】,https://www.youtube.com/watch?v=N8_kIcYB8XA,3万回視聴 / 3 年前,Dima Tomashevich,https://www.youtube.com/channel/UCkfiH3lPVPodePE4eNSDpWg,2 年前,0 回視聴,【スカッとする話】炎天下の中、私が倉庫の掃除をしてると鍵をかけ閉じ込めた長男嫁「夜には帰ってくるわねw」３時間後、長男嫁「ただいま...あれ？」扉を開けた嫁はブルブル震えだし..,https://www.youtube.com/watch?v=55FhWLykUVw,100%
186,【スカッとする話】病気の夫を支え続けた私に離婚届を突きつけてきた夫「20歳年下の彼女が出来たから離婚でw」私「いいよ、はい離婚届け！」家を売却し引っ越すと、夫は一生後悔する結果に...【修羅場】,https://www.youtube.com/watch?v=H2raB2wCmFg,3万回視聴 / 3 年前,Dima Tomashevich,https://www.youtube.com/channel/UCkfiH3lPVPodePE4eNSDpWg,2 年前,0 回視聴,【スカッとする話】病気の夫を支え続けた私に離婚届を突きつけてきた夫「20歳年下の彼女が出来たから離婚でw」私「いいよ、はい離婚届け！」家を売却し引っ越すと、夫は一生後悔する結果に...,https://www.youtube.com/watch?v=FU0N0CuOK18,100%
187,【スカッとする話】私の入院中に愛人と浮気し妊娠を理由に離婚宣言する夫「家事サボる女とは離婚！慰謝料として家はオレ達が貰うw！」弁護士を交えて話し合い、2人をボコボコにした結果w【修羅場】【スカッと】,https://www.youtube.com/watch?v=wJUURA3MikY,2.1万回視聴 / 3 年前,Dima Tomashevich,https://www.youtube.com/channel/UCkfiH3lPVPodePE4eNSDpWg,2 年前,0 回視聴,【スカッとする話】私の入院中に愛人と浮気し妊娠を理由に離婚宣言する夫「家事サボる女とは離婚！慰謝料として家はオレ達が貰うw！」弁護士を交えて話し合い、2人をボコボコにした結果w,https://www.youtube.com/watch?v=AJ8w72BnMHc,100%
188,【スカッとする話】育休を終え職場に出社した私が新しい女部長に挨拶すると「あれ？清掃のおばちゃん？邪魔だから床掃除でもしてろw」直後、全社員がブルブル震え出し...,https://www.youtube.com/watch?v=ZWebgSwWOzY,2.7万回視聴 / 3 年前,Dima Tomashevich,https://www.youtube.com/channel/UCkfiH3lPVPodePE4eNSDpWg,2 年前,0 回視聴,【スカッとする話】育休を終え職場に出社した私が新しい女部長に挨拶すると「あれ？清掃のおばちゃん？邪魔だから床掃除でもしてろw」直後、全社員がブルブル震え出し...,https://www.youtube.com/watch?v=vlTzDJoGQVc,100%
189,【スカッとする話】長年介護した寝たきりだった夫が他界すると、葬儀で同居の長男嫁「義理の父とはいえ迷惑だったｗ汚いし臭いし逝って助かるｗ」→ブチギレた私の復讐によって長男嫁が顔面蒼白の結果にｗ【修羅場】,https://www.youtube.com/watch?v=RWRgIPluB6c,4.3万回視聴 / 3 年前,Dima Tomashevich,https://www.youtube.com/channel/UCkfiH3lPVPodePE4eNSDpWg,2 年前,0 回視聴,【スカッとする話】長年介護した寝たきりだった夫が他界すると、葬儀で同居の長男嫁「義理の父とはいえ迷惑だったｗ汚いし臭いし逝って助かるｗ」→ブチギレた私の復讐によって長男嫁が顔面蒼白の結果にｗ,https://www.youtube.com/watch?v=fMQaK6RIKiM,100%
190,【スカッとする話】長男夫婦が年末に帰省すると、長男嫁「明日親戚が集まるから30人前のおせち作って下さいw」私「頑張ってみるわね」有名な料理研究家だった私が全力でおせちを作った結果w,https://www.youtube.com/watch?v=o7m-_gvawQ0,2.4万回視聴 / 3 年前,Dima Tomashevich,https://www.youtube.com/channel/UCkfiH3lPVPodePE4eNSDpWg,2 年前,0 回視聴,【スカッとする話】長男夫婦が年末に帰省すると、長男嫁「明日親戚が集まるから30人前のおせち作って下さいw」私「頑張ってみるわね」有名な料理研究家だった私が全力でおせちを作った結果w,https://www.youtube.com/watch?v=6Nb6W3d6PIc,100%
191,【スカッとする話】長男夫婦が我が家に子供5人と猫6匹連れて来ると長男嫁「猫の世話よろしくw」長男「子供の風呂と飯も頼むw」私「では私も実家に帰ります」長男・長男嫁「え？」結果w【スカッと】,https://www.youtube.com/watch?v=3yRAjPm3Nxo,5.1万回視聴 / 3 年前,Dima Tomashevich,https://www.youtube.com/channel/UCkfiH3lPVPodePE4eNSDpWg,2 年前,0 回視聴,【スカッとする話】長男夫婦が我が家に子供5人と猫6匹連れて来ると長男嫁「猫の世話よろしくw」長男「子供の風呂と飯も頼むw」私「では私も実家に帰ります」長男・,https://www.youtube.com/watch?v=iaucLPO-D2Q,95%
192,【スカッとする話】夫の出張中に息子に誘われ高級ホテルへディナーに行くと女性にプロポーズする夫「亡き妻と息子の分まで幸せにする！」直後、静かに席を立ち上がり求婚に乱入→私と息子「死んだ全家族です」,https://www.youtube.com/watch?v=-fE68tebmjk,7.2万回視聴 / 2 年前,Dinh Hien,https://www.youtube.com/channel/UCY4oupRAVSFTBXCSmiQdYQA,2 年前,9回視聴,【スカッとする話】夫の出張中に息子に誘われ高級ホテルへディナーに行くと女性にプロポーズする夫「亡き妻と息子の分まで幸せにする！」→直後、静かに席を立ち求婚に乱入「どうも、亡き妻と息子です」【修羅場】,https://www.youtube.com/watch?v=FpNkKT4euAY,90%
193,【スカッとする話】長男が娘を残して他界。長男嫁「金持ちの医者と再婚するw双子はババァが育てろw」私「いいの？喜んで！」60歳の私が工場の皆と育てると→15年後、まさかの展開に,https://www.youtube.com/watch?v=VPQPhd_XW-o,11万回視聴 / 2 年前,Dominic Daniels,https://www.youtube.com/channel/UCN6jXNvVbIWCDD5y08oSuig,2 年前,2回視聴,【スカッとする話】長男が娘を残して他界。長男嫁「金持ちの医者と再婚するw双子はババァが育てろw」私「いいの？喜んで！」60歳の私が工場の皆と育てると→18年後、まさかの展開に【修羅場】,https://www.youtube.com/watch?v=3m1OuEtWEKA,99%
194,【スカッとする話】夫が突然大量の荷物を持ってきて、夫「今日から俺の両親と姉を養う！嫌なら離婚だ！」私「え？もう離婚済みだけど？」夫「え？」結果w,https://www.youtube.com/watch?v=G4O12jIGPfg,8.7万回視聴 / 3 年前,Dorothy Jessika,https://www.youtube.com/channel/UCjIFYuek6gc0gbT5TNn1sCQ,1 年前,0 回視聴,【スカッと感動】夫が突然大量の荷物を持ってきて、夫「今日から俺の両親と姉を養う！嫌なら離婚だ！」私「え？もう離婚済みだけど？」夫「え？」結果,https://www.youtube.com/watch?v=SYJmhGpshww,88%
195,【スカッとする話】私の里帰り中に医者の婚約者を略奪した姉から連絡「彼の赤ちゃん妊娠したwアンタは帰ってくるなw」私「いいの？有り難う！」そのまま新居に引越した結果w,https://www.youtube.com/watch?v=T40Q2m3NnVw,6万回視聴 / 2 年前,Dorothy Jessika,https://www.youtube.com/channel/UCjIFYuek6gc0gbT5TNn1sCQ,1 年前,0 回視聴,【スカッとする話】私の里帰り中に医者の婚約者を略奪した姉から連絡「彼の赤ちゃん妊娠したwアンタは帰ってくるなw」私「いいの？有り難う！」そのまま新居に引越した結果w,https://www.youtube.com/watch?v=lX6KQ0Iiyuc,100%
196,【スカッとする話】私名義の新築戸建と知らず里帰り出産で我が家に来た娘「母さんの部屋は私が使うw」夫「お前は車で寝てろw」私「わかりました...」→キレた私が家を売り払うと...w,https://www.youtube.com/watch?v=yefpSXnGZOg,15万回視聴 / 3 年前,Dorothy Jessika,https://www.youtube.com/channel/UCjIFYuek6gc0gbT5TNn1sCQ,2 年前,0 回視聴,【スカッと感動】私名義の新築戸建と知らず里帰り出産で我が家に来た娘「母さんの部屋は私が使うw」夫「お前は車で寝てろw」私「わかりました   」→キレた私が家を売り払うとw【修羅場】,https://www.youtube.com/watch?v=aOi6CmDCvZc,100%
197,【スカッとする話】結婚5年目の夫を霊感のある兄に紹介…その3秒後、兄の衝撃の一言で夫がガクガク震え出し…,https://www.youtube.com/watch?v=VXr2EWwrnTg,17万回視聴 / 2 年前,Dorothy Jessika,https://www.youtube.com/channel/UCjIFYuek6gc0gbT5TNn1sCQ,1 年前,1 回視聴,【スカッとする話】結婚5年目の夫を霊感のある兄に紹介…その3秒後、兄の衝撃の一言で夫がガクガク震え出し…,https://www.youtube.com/watch?v=3MALgzgYIi4,100%
198,【スカッとする話】11年前に私と息子を捨て愛人を選び、海外に失踪した元夫から電話「おい、息子の結婚式始まるぞ！」私「は？息子はまだ中学生よ？」元夫「はい？」実は...,https://www.youtube.com/watch?v=9GqqVbMAXIo,8.1万回視聴 / 2 年前,Dung Tran,https://www.youtube.com/channel/UCFPRY-BV8v_syKN9vAChvHg,1 年前,1 回視聴,【スカッとする話】11年前に私と息子を捨て愛人を選び、海外に失踪した元夫から電話「おい、息子の結婚式始まるぞ！」私「は？息子はまだ中学生よ？」元夫「はい？,https://www.youtube.com/watch?v=0RZm2iL7Xcs,98%
199,【スカッとする話】5歳の娘の病気が判明した途端、私と娘を捨て愛人と消えた夫。9年後、娘のある秘密を知ると夫「迎えに来たぞ！パパと帰ろう」娘「え？誰このおじさん」夫「え？」,https://www.youtube.com/watch?v=SA1PcWksbus,3.8万回視聴 / 2 年前,Dung Tran,https://www.youtube.com/channel/UCFPRY-BV8v_syKN9vAChvHg,1 年前,0 回視聴,【スカッとする話】5歳の娘の病気が判明した途端、私と娘を捨て愛人と消えた夫。9年後、娘のある秘密を知ると夫「迎えに来たぞ！パパと帰ろう」娘「え？誰このおじさ,https://www.youtube.com/watch?v=cmOzQfRqwAA,98%
200,【スカッとする話】ハワイへの家族旅行当日、空港に無一文で置き去りにされた私...夫「家族だけで楽しんでくるw」義両親「アンタは野宿でもしてなw」私「はーい」→ホテルで夫と義両親が顔面蒼白にw,https://www.youtube.com/watch?v=f5r1JGa0gr8,14万回視聴 / 2 年前,Dung Tran,https://www.youtube.com/channel/UCFPRY-BV8v_syKN9vAChvHg,1 年前,0 回視聴,【スカッとする話】ハワイへの家族旅行当日、空港に無一文で置き去りにされた私   夫「家族だけで楽しんでくるw」義両親「アンタは野宿でもしてなw」私「はーい」→ホテルで夫と義両親が,https://www.youtube.com/watch?v=r_5NJOwAxiE,96%
201,【スカッとする話】息子夫婦の家へ行くと、7歳の孫が鎖に繋がれ震えていた...孫「私よりパパを早く助けて！」床下を開けると息子が横たわっていて…,https://www.youtube.com/watch?v=PReSOM5m9b0,8.2万回視聴 / 2 年前,Dung Tran,https://www.youtube.com/channel/UCFPRY-BV8v_syKN9vAChvHg,1 年前,0 回視聴,【スカッとする話】息子夫婦の家へ行くと、7歳の孫が鎖に繋がれ震えていた   孫「私よりパパを早く助けて！」床下を開けると息子が横たわっていて…,https://www.youtube.com/watch?v=1lHvW_mmfeg,100%
202,【スカッとする話】私が年商55億の社長と知らず、三十路の私を不妊と見下し浮気相手と再婚した夫「不妊の欠陥品は婚活中か？w」私「え？誰が不妊の欠陥品？」旦那と息子を呼び事実を伝えるとw,https://www.youtube.com/watch?v=j5gAJfKA1h4,5.2万回視聴 / 2 年前,Dung Tran,https://www.youtube.com/channel/UCFPRY-BV8v_syKN9vAChvHg,1 年前,0 回視聴,【スカッとする話】私が年商55億の社長と知らず、三十路の私を不妊と見下し浮気相手と再婚した夫「不妊の欠陥品は婚活中か？w」私「え？誰が不妊の欠陥品？」旦那と息子を呼,https://www.youtube.com/watch?v=wsqcVBmsx2k,94%
203,【スカッとする話】結婚後5年しても子供が産まれない私を不妊と決めつけ私の荷物を全部庭に捨てた義母「孫産めない不良品は離婚して出てけw」離婚した翌年、義実家に年賀状を郵送→私「元気な男の子産まれました」,https://www.youtube.com/watch?v=0XonHAUSlWU,9.2万回視聴 / 2 年前,Dung Tran,https://www.youtube.com/channel/UCFPRY-BV8v_syKN9vAChvHg,1 年前,0 回視聴,【スカッとする話】結婚後5年しても子供が産まれない私を不妊と決めつけ私の荷物を全部庭に捨てた義母「孫産めない不良品は離婚して出てけw」離婚した翌年、義実家に年賀状を郵送→私,https://www.youtube.com/watch?v=F1Gi7_VSUfA,92%
204,【スカッとする話】長男夫婦の家に行くと孫が鎖に繋がれていた…私「一体今どこにいるの？」長男「長男嫁と北海道旅行中w」キレた私は家を売却し更地にし...w,https://www.youtube.com/watch?v=pi7V_7cf01o,5.5万回視聴 / 2 年前,Dung Tran,https://www.youtube.com/channel/UCFPRY-BV8v_syKN9vAChvHg,1 年前,0 回視聴,【スカッとする話】長男夫婦の家に行くと孫が鎖に繋がれていた…私「一体今どこにいるの？」長男「長男嫁と北海道旅行中w」キレた私は家を売却し更地にし,https://www.youtube.com/watch?v=eeHYc8OLdAI,100%
205,【スカッとする話】夫の出張中に息子に誘われ高級ホテルへディナーに行くと女性にプロポーズする夫「亡き妻と息子の分まで幸せにする！」直後、静かに席を立ち上がり求婚に乱入→私と息子「死んだ全家族です」,https://www.youtube.com/watch?v=-fE68tebmjk,7.2万回視聴 / 2 年前,Earnest Rice,https://www.youtube.com/channel/UCcajjbSWq8Ssk2-6JKsaCrA,1 年前,2回視聴,【スカッとする話】夫の出張中に息子に誘われ高級ホテルへディナーに行くと女性にプロポーズする夫「亡き妻と息子の分まで幸せにする！」→直後、静かに席を立ち求婚に乱入「どうも、亡き妻と息子です」【修,https://www.youtube.com/watch?v=5pmVqWjP_I0,88%
206,【スカッとする話】18年間家賃を払ってきた私を罵倒する夫と連れ子「月10万の家賃程度で偉そうにw」夫「支払い止めてみろw」私「喜んで」3ヶ月後w,https://www.youtube.com/watch?v=IaHdv7dT6Sc,12万回視聴 / 2 年前,Ella,https://www.youtube.com/channel/UCf789b_-h7URV0K1O7VSbYg,1 年前,0 回視聴,【スカッとする話】18年間家賃を払ってきた私を罵倒する夫と連れ子「月10万の家賃程度で偉そうにw」夫「支払い止めてみろw」私「喜んで」→3ヶ月後w,https://www.youtube.com/watch?v=_V1B47r9TQE,100%
207,【スカッとする話】長男夫婦と同居中、毎月家に30万入れる私と夫に長男嫁「家事もしない老害は出ていけw」夫「じゃあ今から引っ越すか」私「うん」→翌日、長男嫁から鬼電が来て、永久に無視した結果w【修羅場】,https://www.youtube.com/watch?v=g9b-y4iFR5M,12万回視聴 / 3 年前,Elliot Fox,https://www.youtube.com/channel/UC2oMJhfszretZ5tJIUdx51A,1 年前,0 回視聴,【スカッと】長男夫婦と同居中、毎月家に25万入れる私と夫に長男嫁「家事もしない老害は出ていけw」夫「じゃあ今から引っ越すか」私「うん」→翌日、長男嫁から鬼電が来て、永久に無視した結果,https://www.youtube.com/watch?v=9t9mFauRmD4,97%
208,【スカッとする話】10年間介護した義母が他界すると夫「愛人が妊娠したから離婚でw」愛人「賞味期限切れた嫁は失せろw」6ヶ月後、愛人が子供を産むと→夫は半狂乱に。だって目と鼻が…,https://www.youtube.com/watch?v=0o71wb5Xrwc,7.3万回視聴 / 2 年前,Elliot Perry,https://www.youtube.com/channel/UCu6sSOVx4IweXf0aPxIradQ,1 年前,0 回視聴,【スカッとする話】10年間介護した義母が他界すると夫「愛人が妊娠したから離婚でw」愛人「賞味期限切れた嫁は失せろw」6ヶ月後、愛人が子供を産むと→夫は半狂乱に。だ,https://www.youtube.com/watch?v=Qko9ANOykkc,95%
209,【スカッとする話】大学から10年付き合った婚約者「10代の嫁が良い！そろそろ婚活するからもう別れよ！」捨てられ3年後に婚約者から鬼電→私「あんた誰だっけ？」,https://www.youtube.com/watch?v=N9NwywjCXnU,6.7万回視聴 / 2 年前,Elliot Perry,https://www.youtube.com/channel/UCu6sSOVx4IweXf0aPxIradQ,1 年前,0 回視聴,【スカッとする話】大学から10年付き合った婚約者「10代の嫁が良い！そろそろ婚活するからもう別れよ！」捨てられ3年後に婚約者から鬼電→私,https://www.youtube.com/watch?v=YI-bX_pqL4E,94%
210,【スカッとする話】妹の出産祝いに義両親と行くと、夫「俺も自分の子供欲しいな」私「え？何言ってるの？目の前にいるじゃない」義母と義父「は？」二人がブチギレ,https://www.youtube.com/watch?v=4cntzQ0KsAA,13万回視聴 / 2 年前,Elliot Perry,https://www.youtube.com/channel/UCu6sSOVx4IweXf0aPxIradQ,1 年前,0 回視聴,【スカッとする話】妹の出産祝いに義両親と行くと、夫「俺も自分の子供欲しいな」私「え？何言ってるの？目の前にいるじゃない」義母と義父「は？」二,https://www.youtube.com/watch?v=8vT71_hh6AE,94%
211,【スカッとする話】病室で夫が他界した3秒後...長男「遺産は俺が配分するぞw」私「では今後一切援助は無しで」長男嫁「は？ババァもさっさと逝けw」次の瞬間、次男がとんでもないことを…,https://www.youtube.com/watch?v=WZyGcrwc7t8,7.6万回視聴 / 3 年前,Elliot Perry,https://www.youtube.com/channel/UCu6sSOVx4IweXf0aPxIradQ,1 年前,0 回視聴,【スカッとする話】病室で夫が他界した3秒後   長男「遺産は俺が配分するぞw」私「では今後一切援助は無しで」長男嫁「は？ババァもさっさと逝けw」次の瞬間、次男がとんでも,https://www.youtube.com/watch?v=0V6tfkCg-4o,96%
212,【スカッとする話】18年間家賃を払ってきた私を罵倒する夫と連れ子「月10万の家賃程度で偉そうにw」夫「支払い止めてみろw」私「喜んで」3ヶ月後w,https://www.youtube.com/watch?v=IaHdv7dT6Sc,12万回視聴 / 2 年前,Elmer Andrew,https://www.youtube.com/channel/UCvDLcMYCKd0cUqMzjdhuCqQ,2 年前,0 回視聴,【スカッとする話】18年間家賃を払ってきた私を罵倒する夫と連れ子「月10万の家賃程度で偉そうにw」夫「支払い止めてみろw」私「喜んで」→3ヶ月後w【修羅場】,https://www.youtube.com/watch?v=TG_5-6i1ygg,100%
213,【スカッとする話】18年間家賃を払ってきた私を罵倒する夫と連れ子「月10万の家賃程度で偉そうにw」夫「支払い止めてみろw」私「喜んで」3ヶ月後w,https://www.youtube.com/watch?v=IaHdv7dT6Sc,12万回視聴 / 2 年前,Emmie Major,https://www.youtube.com/channel/UCp5E4I6sIMeRmbQ0bKDY9FA,1 年前,0 回視聴,【スカッとする話】18年間家賃を払ってきた私を罵倒する夫と連れ子「月10万の家賃程度で偉そうにw」夫「支払い止めてみろw」私「喜んで」→3ヶ月後w【修羅場】,https://www.youtube.com/watch?v=zFDAdHA5r4Y,100%
214,【スカッとする話】私名義の新築戸建と知らず里帰り出産で我が家に来た娘「母さんの部屋は私が使うw」夫「お前は車で寝てろw」私「わかりました...」→キレた私が家を売り払うと...w,https://www.youtube.com/watch?v=yefpSXnGZOg,15万回視聴 / 3 年前,Estefani Vanesa Ramos,https://www.youtube.com/channel/UC3yIsglOVnvLMw5T1EqGaRQ,2 年前,0 回視聴,【スカッと感動】私名義の新築戸建と知らず里帰り出産で我が家に来た娘「母さんの部屋は私が使うw」夫「お前は車で寝てろw」私「わかりました   」→キレた私が家を売り払うと,https://www.youtube.com/watch?v=-aLaeneu-6A,100%
215,【スカッとする話】年間7億円の家賃収入がある私をATM扱いする長男嫁「ババアは私達の財布！冠婚葬祭の時だけ連絡してｗ」私「わかりました」→次男夫婦に家をあげた結果ｗ【修羅場】【スカッと】,https://www.youtube.com/watch?v=GnxC9hbl3M8,8万回視聴 / 3 年前,Fakhra Almansoori,https://www.youtube.com/channel/UCJTikiCJs0ecMqkyyFTmLFw,4 か月前,3回視聴,【スカッとする話】年間7億円の家賃収入がある私をATM扱いする長男嫁「ババアは私達の財布！冠婚葬祭の時だけ連絡してｗ」私「わかりました」→次男夫婦に,https://www.youtube.com/watch?v=FKr_ZrMZZS8,84%
216,【スカッとする話】長男夫婦との二世帯住宅ローンを月25万全額支払う私に長男嫁「小銭ぐらいで偉そうにｗ」長男「支払い止めてみろｗ」私「喜んで！」支払い止めた結果w【修羅場】【スカッと】,https://www.youtube.com/watch?v=WHx8h3F0pU0,34万回視聴 / 3 年前,Fakhra Almansoori,https://www.youtube.com/channel/UCJTikiCJs0ecMqkyyFTmLFw,4 か月前,30回視聴,【スカッとする話】長男夫婦との二世帯住宅ローンを月25万全額支払う私に長男嫁「小銭ぐらいで偉そうにｗ」長男「支払い止めてみろｗ」私「じゃあ喜んで！」家を出て支,https://www.youtube.com/watch?v=mDDNbxd7x_U,88%
217,【スカッとする話】38歳で第一子を出産した私を捨て、19歳年下の不倫相手を優先した夫「可愛い子供が欲しかったな。お前との子はブスだから離婚で」18年後、娘と再会した夫が青ざめw【朗読】【スカッと】,https://www.youtube.com/watch?v=6wF7ONOegQ0,3万回視聴 / 1 か月前,FutureLens,https://www.youtube.com/channel/UC1l4HieEbZPmgNoaCJdgHdw,4 週間前,74回視聴,【スカッとする話】38歳で第一子を出産した私を捨て、19歳年下の不倫相手を優先した夫「可愛い子供が欲しかったな。お前との子はブスだから離婚で」18年後、娘と再会した夫が青ざめw【朗読】【スカッと】,https://www.youtube.com/watch?v=CRlkbIQAxQk,100%
218,【スカッとする話】5年ぶりに本社に復帰した私。年下部長が英語資料を投げつけ「残業よろしくw朝締切で」私が一瞬で翻訳すると…w【朗読】【スカッと】,https://www.youtube.com/watch?v=0APTrXx_onI,3.7万回視聴 / 4 週間前,FutureLens,https://www.youtube.com/channel/UC1l4HieEbZPmgNoaCJdgHdw,4 週間前,61回視聴,【スカッとする話】5年ぶりに本社に復帰した私。年下部長が英語資料を投げつけ「残業よろしくw朝締切で」私が一瞬で翻訳すると…w【朗読】【スカッと】,https://www.youtube.com/watch?v=_OVJ0fwr77M,82%
219,【スカッとする話】私を嫌う義両親が私を無視。私「おやすみ」2人「…」ハワイ旅行当日に姿を消すと鬼電。義両親「今どこ？」私「…」無視して空港に置き去りにするとw【朗読】【スカッと】,https://www.youtube.com/watch?v=VqAVQppeIsM,2万回視聴 / 1 か月前,FutureLens,https://www.youtube.com/channel/UC1l4HieEbZPmgNoaCJdgHdw,1 か月前,0 回視聴,私を嫌う義両親が私を無視。私「おやすみ」2人「…」ハワイ旅行当日に姿を消すと鬼電。義両親「今どこ？」私「…」無視して空港に置き去りにするとw,https://www.youtube.com/watch?v=-FMxoKbRH9g,100%
220,【感動する話】離婚当日、私にカードを渡した夫「2度と俺の前に現れるな」屈辱で3年間使えなかったので、解約しに銀行窓口に行くと、行員「奥様、お伝えしたいことが…」【朗読】,https://www.youtube.com/watch?v=j1whEo65tTY,18万回視聴 / 1 か月前,FutureLens,https://www.youtube.com/channel/UC1l4HieEbZPmgNoaCJdgHdw,1 か月前,6回視聴,離婚当日、私にカードを渡した夫「2度と俺の前に現れるな」屈辱で3年間使えなかったので、解約しに銀行窓口に行くと、行員「奥様、お伝えしたいことが…」,https://www.youtube.com/watch?v=xD8A5LAOXcU,100%
221,【スカッとする話】私名義の新築戸建と知らず里帰り出産で我が家に来た娘「母さんの部屋は私が使うw」夫「お前は車で寝てろw」私「わかりました...」→キレた私が家を売り払うと...w,https://www.youtube.com/watch?v=yefpSXnGZOg,15万回視聴 / 3 年前,Fyhis Gysoa,https://www.youtube.com/channel/UC_ij0K82sQ5mMj-NbK9n5xQ,2 年前,1 回視聴,【スカッと感動】私名義の新築戸建と知らず里帰り出産で我が家に来た娘「母さんの部屋は私が使うw」夫「お前は車で寝てろw」私「わかりました   」→キレた私が家を売り払うとw,https://www.youtube.com/watch?v=yRRy2cAG4Es,100%
222,【スカッとする話】親族の集まりでエリート夫「嫁の飯はまずいんだよなw」私「え？私の料理食べた事ある？食事はいつも愛人宅じゃないの」義父「は？」義両親がブチギレ...,https://www.youtube.com/watch?v=GZtalGoS6qE,11万回視聴 / 3 年前,Gabriel Rosal,https://www.youtube.com/channel/UCaDAL5l0S86MuukWBi-Gv9Q,2 年前,"3,834回視聴",【スカッとする話】親族の集まりでエリート夫「嫁の飯はまずいんだよなw」私「え？私の料理食べた事ある？食事はいつも愛人宅じゃないの」義父「は？」義両親がブチギレ   【修羅場】,https://www.youtube.com/watch?v=ADccuqOnr20,100%
223,【スカッとする話】18年間家賃を払ってきた私を罵倒する夫と連れ子「月10万の家賃程度で偉そうにw」夫「支払い止めてみろw」私「喜んで」3ヶ月後w,https://www.youtube.com/watch?v=IaHdv7dT6Sc,12万回視聴 / 2 年前,Gabriela Holden,https://www.youtube.com/channel/UC_6JZzaI85QHdxCHO359yJg,1 年前,0 回視聴,【スカッとする話】18年間家賃を払ってきた私を罵倒する夫と連れ子「月10万の家賃程度で偉そうにw」夫「支払い止めてみろw」私「喜んで」→3ヶ月後w【修羅場】,https://www.youtube.com/watch?v=ZHTFFCyhXXU,100%
224,【スカッとする話】姑の誕生会でも私を家政婦扱いする夫「バカ嫁さっさと料理出せ」義父「これ全部1人で！？」私「いつものことですから…」すると義父が豹変し…【修羅場】,https://www.youtube.com/watch?v=My7bUq_jaIs,11万回視聴 / 3 年前,Gaona Christy,https://www.youtube.com/channel/UC_PehoOExy78_YV_ZCRJ0TA,2 年前,0 回視聴,【スカッと】義母の誕生会でも私を家政婦扱いする夫「バカ嫁さっさと料理出せ」義父「これ全部1人で！？」私「いつものことですから…」すると義父が豹変し…【修羅場】,https://www.youtube.com/watch?v=N1LueKqDbNw,85%
225,【スカッとする話】浮気中の夫が意識不明で運ばれ、救急隊員「意識不明の重体です！」私「旦那じゃありません」無視して夫の人生終了させた結果w,https://www.youtube.com/watch?v=a207sJNOihM,8.7万回視聴 / 2 年前,Ghsjdjd Cvsbhss,https://www.youtube.com/channel/UCZQA1MaKYUZYK9i475Uv_7Q,1 年前,0 回視聴,【スカッとする話】浮気中の夫が意識不明で運ばれ、救急隊員「意識不明の重体です！」私「旦那じゃありません」無視して夫の人生終了させた結果w,https://www.youtube.com/watch?v=keINS--TmO0,100%
226,【スカッとする話】夫が突然大量の荷物を持ってきて、夫「今日から俺の両親と姉を養う！嫌なら離婚だ！」私「え？もう離婚済みだけど？」夫「え？」結果w,https://www.youtube.com/watch?v=G4O12jIGPfg,8.7万回視聴 / 3 年前,Ginger Hamblin,https://www.youtube.com/channel/UCbuK5EyAABk4NgoHcBVHDqg,2 年前,0 回視聴,【スカッと感動】夫が突然大量の荷物を持ってきて、夫「今日から俺の両親と姉を養う！嫌なら離婚だ！」私「え？もう離婚済みだけど？」夫「え？」結果w【修羅場】,https://www.youtube.com/watch?v=vRTTG8PDqP0,88%
227,【スカッと】起業した夫を支えてきた私を裏切った夫「21歳のバイトを妊娠させた！離婚しで！」私「はーい、仕事も辞めるね！」夫「は？仕事は続けてくれよ」私「嫌よ。だってあのバイト...」,https://www.youtube.com/watch?v=n-_5T-nb0dg,3.7万回視聴 / 2 年前,Glasgow Blaise,https://www.youtube.com/channel/UCpgekY72DbNLBcPSI1lSVRA,1 年前,1 回視聴,【スカッと】起業した夫を支えてきた私を裏切った夫「21歳のバイトを妊娠させた！離婚しで！」私「はーい、仕事も辞めるね！」夫「は？仕事は続けてくれよ」私「嫌よ。だってあのバイト   」,https://www.youtube.com/watch?v=kN8Y-iG8bRI,100%
228,【スカッとする話】1億の一軒家に住む金持ち自慢の婚約者の実家へ結婚挨拶に行くと、義父「なんだ？不細工な嫁だなw」義母「親の顔が見てみたいわねw」→母「どうも、不細工の母です」義両親「え？あなたは…」,https://www.youtube.com/watch?v=AkFPFwnz6fs,5.5万回視聴 / 2 年前,Glasgow Blaise,https://www.youtube.com/channel/UCpgekY72DbNLBcPSI1lSVRA,1 年前,1 回視聴,【スカッとする話】1億の一軒家に住む金持ち自慢の婚約者の実家へ結婚挨拶に行くと、義父「なんだ？不細工な嫁だなw」義母「親の顔が見てみたいわねw」→母「どうも、不細工の母です」義両親「え？あな,https://www.youtube.com/watch?v=P3EcV0iP7Ls,99%
229,【スカッとする話】私がフルタイムで働き家計を支えていると知らず夫と引っ越した義両親「同居するなら月給80万の息子の新居教えるわw」私「では手取り8万の旦那とは離婚で」義両親「嘘つくなw」結果w,https://www.youtube.com/watch?v=da0XdCuaRR4,13万回視聴 / 2 年前,Glasgow Blaise,https://www.youtube.com/channel/UCpgekY72DbNLBcPSI1lSVRA,1 年前,1 回視聴,【スカッとする話】私がフルタイムで働き家計を支えていると知らず夫と引っ越した義両親「同居するなら月給80万の息子の新居教えるわw」私「では手取り8万の旦那とは離婚で」義両親「嘘つくなw」結果,https://www.youtube.com/watch?v=l9B23TL6F8w,100%
230,【スカッとする話】私が年商300億の社長だと知らず婚約者を奪った姉｢社長の旦那の子妊娠しちゃったw慰謝料はいくらでも請求してw｣→弁護士｢え？社長は妹さんの方ですよ？｣姉「はい？」,https://www.youtube.com/watch?v=k6Uv2NHfBM0,5.5万回視聴 / 2 年前,Glasgow Blaise,https://www.youtube.com/channel/UCpgekY72DbNLBcPSI1lSVRA,1 年前,1 回視聴,【スカッとする話】私が年商300億の社長だと知らず婚約者を奪った姉｢社長の旦那の子妊娠しちゃったw慰謝料はいくらでも請求してw｣→弁護士｢え？社長は妹さんの方ですよ？｣姉「はい？」,https://www.youtube.com/watch?v=pMgKtrLBa3I,100%
231,【スカッとする話】私が役員報酬で家計を支えていると知らず夫を略奪し引越した愛人。愛人「家政婦で良いなら住所教えるよw」私「じゃ時給780円の夫とは離婚で」愛人「寝言は寝て言えw」結果w,https://www.youtube.com/watch?v=7BkfeUd5plU,7.6万回視聴 / 2 年前,Glasgow Blaise,https://www.youtube.com/channel/UCpgekY72DbNLBcPSI1lSVRA,1 年前,1 回視聴,【スカッとする話】私が役員報酬で家計を支えていると知らず夫を略奪し引越した愛人。愛人「家政婦で良いなら住所教えるよw」私「じゃ時給780円の夫とは離婚で」愛人「寝言は寝て言えw」結果,https://www.youtube.com/watch?v=cWddAaBiXqk,100%
232,【スカッとする話】私が義家族全員のクレカ代を支払ってるとは知らず私を追い出す夫「うちの家族は5人だけ！寄生虫の役立たずは出てけ！」私「分かりました」→全てのクレカを即解約し引越した結果w,https://www.youtube.com/watch?v=2bSmbmDKYEg,7.2万回視聴 / 2 年前,Glasgow Blaise,https://www.youtube.com/channel/UCpgekY72DbNLBcPSI1lSVRA,1 年前,0 回視聴,【スカッとする話】私が義家族全員のクレカ代を支払ってるとは知らず私を追い出す夫「うちの家族は5人だけ！寄生虫の役立たずは出てけ！」私「分かりました」→全てのクレカを即解約し引越した結果,https://www.youtube.com/watch?v=6_GjdoLwnkc,100%
233,【スカッとする話】長男夫婦の家に行くと孫が鎖に繋がれていた…私「一体今どこにいるの？」長男「長男嫁と北海道旅行中w」キレた私は家を売却し更地にし...w,https://www.youtube.com/watch?v=pi7V_7cf01o,5.5万回視聴 / 2 年前,Glasgow Blaise,https://www.youtube.com/channel/UCpgekY72DbNLBcPSI1lSVRA,1 年前,2回視聴,【スカッとする話】長男夫婦の家に行くと孫が鎖に繋がれていた…私「一体今どこにいるの？」長男「長男嫁と北海道旅行中w」キレた私は家を売却し更地にし,https://www.youtube.com/watch?v=b4nOCZ_tUkg,100%
234,【スカッと総集編】庭で錦鯉が泳ぐ医者一族の婚約者の豪邸へ両家顔合わせに行くと、義母「我が家の財産が目的？」義父「親の顔が見てみたいなw」→私「パパ、部下が呼んでる」「え」,https://www.youtube.com/watch?v=gaOSzriwNcA,9.3万回視聴 / 2 年前,Glasgow Blaise,https://www.youtube.com/channel/UCpgekY72DbNLBcPSI1lSVRA,1 年前,1 回視聴,【スカッと総集編】庭で錦鯉が泳ぐ医者一族の婚約者の豪邸へ両家顔合わせに行くと、義母「我が家の財産が目的？」義父「親の顔が見てみたいなw」→私「パパ、部下が呼んでる」「え」,https://www.youtube.com/watch?v=aQNAw65VZNg,100%
235,【スカッとする話】夫の出張中に息子に誘われ高級ホテルへディナーに行くと女性にプロポーズする夫「亡き妻と息子の分まで幸せにする！」直後、静かに席を立ち上がり求婚に乱入→私と息子「死んだ全家族です」,https://www.youtube.com/watch?v=-fE68tebmjk,7.2万回視聴 / 2 年前,Glasgow Branson,https://www.youtube.com/channel/UCQWSFMSAYrBIDwXy8fBrPwA,2 年前,0 回視聴,【スカッとする話】夫の出張中に息子に誘われ高級ホテルへディナーに行くと女性にプロポーズする夫「亡き妻と息子の分まで幸せにする！」→直後、静かに席を立ち求婚に乱入「どうも、亡き妻と息子です」【,https://www.youtube.com/watch?v=e5oMsiGl8H4,89%
236,【スカッとする話】夫と義両親から13年間も嫌われ続けた私。ある日、離婚届を置いて引っ越すと、ボロボロの夫と義両親から鬼電が→私（やっと気づいたかw）実は...,https://www.youtube.com/watch?v=Wk9S9SoTHxU,9.2万回視聴 / 3 年前,Gordon Joey,https://www.youtube.com/channel/UCvTVPXPMLuJNoyELR45FX2Q,1 年前,0 回視聴,【スカッと】夫と義両親から13年間も嫌われ続けた私。ある日、私は離婚届をそっと置いて引っ越すと、ボロボロの夫と義両親から鬼電→私（やっと気づいたのねw）実は…【総集編】,https://www.youtube.com/watch?v=uECzNP5cNO0,93%
237,【スカッとする話】私が田舎に庭付き一軒家を購入すると、夫「母さん達も引っ越してくるってw」義母「嫌なら息子と離婚させるからw」引越し当日、義母から鬼電→私「もう気づいたかw」実は…,https://www.youtube.com/watch?v=FT6UKghkomY,14万回視聴 / 2 年前,Gordon Joey,https://www.youtube.com/channel/UCvTVPXPMLuJNoyELR45FX2Q,2 年前,1 回視聴,【スカッと】私が田舎に庭付き一軒家を購入すると、夫「母さん達も引っ越してくるってw」義母「嫌なら息子と離婚させるからw」引越し当日、義母から鬼電→私「もう気づいたかw」実は…【総集編】,https://www.youtube.com/watch?v=6BitmXibJwU,100%
238,【スカッとする話】私が余命半年と聞いて愛人と豪遊しはじめた夫「いつまで生きてるの？w」 私「余命なのはあなただよ？」後日、半狂乱の夫が...【修羅場】【スカッと】,https://www.youtube.com/watch?v=Tm9DKLFF30M,25万回視聴 / 3 年前,Grace Forest,https://www.youtube.com/channel/UCfM7O2Ja6Pr4TGtc0o0NejA,2 年前,8回視聴,【スカッと感動】私が余命半年と聞いて愛人と豪遊しはじめた夫「いつまで生きてるの？w」 私「余命なのはあなただよ？」後日、半狂乱の夫が…【修羅場】,https://www.youtube.com/watch?v=zCmi5CIzIag,100%
239,【スカッとする話】私の母と暮らす新築戸建が完成した途端、私を追い出した夫「やっぱこの家は俺のお袋と暮らすwお前は離婚して出てけｗ」私「はーい」3日後、銀行から夫の元へ鬼電がw,https://www.youtube.com/watch?v=Fh364ViwyOM,2.8万回視聴 / 2 年前,Gsiraossi Vruaeudai,https://www.youtube.com/channel/UC8gHfjoV9kPRHkUwmeLA5XA,2 年前,0 回視聴,【スカッとする話】私の母と暮らす新築戸建が完成した途端、私を追い出した夫「やっぱこの家は俺のお袋と暮らすwお前は離婚して出てけｗ」私「はーい」3日後、銀行から夫の元へ鬼電がw,https://www.youtube.com/watch?v=3YG6zBZqd8k,100%
240,【スカッとする話】16年前に私を捨て愛人を選んだ夫と再会「まだ不妊とか惨めだなw娘はスタイル抜群で天才だぞw」私「私も今年高１の娘紹介するね」夫「え、その子は...」結果w,https://www.youtube.com/watch?v=ssgss5ggqNw,4万回視聴 / 2 年前,Hadlee Davion,https://www.youtube.com/channel/UCIN7AfYRItpkSr2BxnU2ONQ,2 年前,0 回視聴,【スカッとする話】16年前に私を捨て愛人を選んだ夫と再会「まだ不妊とか惨めだなw娘はスタイル抜群で天才だぞw」私「私も今年高１の娘紹介するね」夫「え、その子は   」結果,https://www.youtube.com/watch?v=SUYRynhBdCI,100%
241,【スカッとする話】出産した親友のお見舞いに行くと、赤ん坊の父親が夫だった。私「何があっても幸せになってね！」速攻で帰宅して家を売り払い夫の荷物を義実家に送り付た結果ｗ,https://www.youtube.com/watch?v=2RDxlE4gtqw,8.3万回視聴 / 2 年前,Hadlee Davion,https://www.youtube.com/channel/UCIN7AfYRItpkSr2BxnU2ONQ,2 年前,0 回視聴,427  【スカッとする話】出産した親友のお見舞いに行くと、赤ん坊の父親が夫だった。私「何があっても幸せになってね！」速攻で帰宅して家を売り払い夫の荷物を義実家に送り付た結果,https://www.youtube.com/watch?v=gsD9e65McX8,98%
242,【スカッとする話】13億の資産を築いた母の葬儀後に夫が突然「義母さんの遺産いくらだった？w」私「1億くらいだったよ」翌日、離婚届けを置き通帳と印鑑を盗んだ夫から鬼電→私（やっと気づいたかw）実は...,https://www.youtube.com/watch?v=APi08wHpBE0,6.5万回視聴 / 3 年前,Hammesxex Bernardoqba,https://www.youtube.com/channel/UCYdyYXWkzsgjWn38u7Hj2-w,1 年前,0 回視聴,【スカッとする話】13億の資産を築いた母の葬儀後に夫が突然「義母さんの遺産いくらだった？w」私「1億くらいだったよ」翌日、離婚届けを置き通帳と印鑑を盗んだ夫から鬼電→私（やっと気づいたかw,https://www.youtube.com/watch?v=7WOt0AdMSdg,99%
243,【スカッとする話】8歳の姪「1日だけ泊めて下さい...」大雪の中、赤ちゃんを抱き抱えボロボロの姿で現れた姪...。夫「え？それは無理だよ？」姪「そんな…涙」→結果,https://www.youtube.com/watch?v=Eh0FIn_sub0,5.6万回視聴 / 2 年前,Hammesxex Bernardoqba,https://www.youtube.com/channel/UCYdyYXWkzsgjWn38u7Hj2-w,1 年前,0 回視聴,【スカッとする話】8歳の姪「1日だけ泊めて下さい   」大雪の中、赤ちゃんを抱き抱えボロボロの姿で現れた姪   。夫「え？それは無理だよ？」姪「そんな…涙」→結果,https://www.youtube.com/watch?v=yo4Jdhjh0xI,100%
244,【スカッとする話】注文した料理に一切手をつけない夫。私「食べないの？」夫「...」会計時、店員の手の動きを見た瞬間、私はガクガク震えだし...,https://www.youtube.com/watch?v=QYxlZ4M3Tcs,8.1万回視聴 / 2 年前,Haneieu Clinthbj,https://www.youtube.com/channel/UCn8HAGL-EYDeyURkmYZXgYw,1 年前,3回視聴,【スカッとする話】注文した料理に一切手をつけない夫。私「食べないの？」夫「   」会計時、店員の手の動きを見た瞬間、私はガクガク震えだし,https://www.youtube.com/watch?v=behKihw57bM,100%
245,【スカッと】長男夫婦が正月に帰省し、長男嫁「高級寿司買ってきたけど家族分なので義母さんにはあげないのでw」夫「じゃあ今日で会うのは最後だ」長男嫁「え？最後？」,https://www.youtube.com/watch?v=2lmuqrtMxKM,11万回視聴 / 2 年前,Haylee Susan,https://www.youtube.com/channel/UCredgjqIO2e8_U4KAP1eBvQ,2 年前,0 回視聴,【スカッと】長男夫婦が正月に帰省し、長男嫁「高級寿司買ってきたけど家族分なので義母さんにはあげないのでw」夫「じゃあ今日で会うのは最後だ」長男嫁「え？最後？」【修羅場】,https://www.youtube.com/watch?v=W1cSau4qKag,100%
246,【スカッとする話】娘と18年間不倫していた夫「お前と離婚して娘と結婚するw」娘「パパのお嫁になるから出てけw」私「いいけど大丈夫？だってその人…」直後、2人は半狂乱にw,https://www.youtube.com/watch?v=Isn1R-6LWjk,9万回視聴 / 2 年前,Haylee Susan,https://www.youtube.com/channel/UCredgjqIO2e8_U4KAP1eBvQ,1 年前,0 回視聴,【スカッと】娘と18年間不倫していた夫「お前と離婚して娘と結婚するw」娘「パパのお嫁になるから出てけw」私「いいけど大丈夫？だってその人…」,https://www.youtube.com/watch?v=uaxIdi_nTig,92%
247,【スカッとする話】夫が突然ビールをぶっかけ、夫「俺のおかげで暮らせてる寄生虫が…文句あるなら離婚して出て行け！」私「わかりました…」3日後、夫からの鬼電を全無視した結果w,https://www.youtube.com/watch?v=Z7gS0PmgiuQ,2.6万回視聴 / 3 年前,Hbaban Nhabah habba,https://www.youtube.com/channel/UCfnTcUh0O5AzBBq4SK1XvOQ,2 年前,1 回視聴,【スカッとする話】夫が突然ビールをぶっかけ、夫「俺のおかげで暮らせてる寄生虫が…文句あるなら離婚して出て行け！」私「わかりました…」3日後、夫からの鬼電を全無視した結果w,https://www.youtube.com/watch?v=rOKkhwEKVAA,100%
248,【スカッとする話】18年間家賃を払ってきた私を罵倒する夫と連れ子「月10万の家賃程度で偉そうにw」夫「支払い止めてみろw」私「喜んで」3ヶ月後w,https://www.youtube.com/watch?v=IaHdv7dT6Sc,12万回視聴 / 2 年前,Heidi Judge,https://www.youtube.com/channel/UCUinF1LRXZ039lhfwhchH-A,2 年前,0 回視聴,【スカッとする話】18年間家賃を払ってきた私を罵倒する夫と連れ子「月10万の家賃程度で偉そうにw」夫「支払い止めてみろw」私「喜んで」→3ヶ月後w【修羅場】,https://www.youtube.com/watch?v=4FfLOEGkhg4,100%
249,【スカッとする話】私が余命半年と聞いて愛人と豪遊しはじめた夫「いつまで生きてるの？w」 私「余命なのはあなただよ？」後日、半狂乱の夫が...【修羅場】【スカッと】,https://www.youtube.com/watch?v=Tm9DKLFF30M,25万回視聴 / 3 年前,Heidi Judge,https://www.youtube.com/channel/UCUinF1LRXZ039lhfwhchH-A,1 年前,468回視聴,【スカッと感動】私が余命半年と聞いて愛人と豪遊しはじめた夫「いつまで生きてるの？w」 私「余命なのはあなただよ？」後日、半狂乱の夫が…,https://www.youtube.com/watch?v=sJIroWf5HmQ,100%
250,【スカッとする話】私名義の新築戸建と知らず里帰り出産で我が家に来た娘「母さんの部屋は私が使うw」夫「お前は車で寝てろw」私「わかりました...」→キレた私が家を売り払うと...w,https://www.youtube.com/watch?v=yefpSXnGZOg,15万回視聴 / 3 年前,Heidi Judge,https://www.youtube.com/channel/UCUinF1LRXZ039lhfwhchH-A,2 年前,0 回視聴,【スカッと感動】私名義の新築戸建と知らず里帰り出産で我が家に来た娘「母さんの部屋は私が使うw」夫「お前は車で寝てろw」私「わかりました   」→キレた私が家を売り払うとw【修羅場】,https://www.youtube.com/watch?v=0t-40raOuRA,100%
251,【スカッとする話】夫の出張中に息子に誘われ高級ホテルへディナーに行くと女性にプロポーズする夫「亡き妻と息子の分まで幸せにする！」直後、静かに席を立ち上がり求婚に乱入→私と息子「死んだ全家族です」,https://www.youtube.com/watch?v=-fE68tebmjk,7.2万回視聴 / 2 年前,Helen Chaney,https://www.youtube.com/channel/UCknZc7rOLWhfFlVN8PKKzGQ,2 年前,0 回視聴,【スカッとする話】夫の出張中に息子に誘われ高級ホテルへディナーに行くと女性にプロポーズする夫「亡き妻と息子の分まで幸せにする！」→直後、静かに席を立ち求婚に乱入「どうも、亡き妻と息子です」【修羅場】,https://www.youtube.com/watch?v=_IAxrzRiK5o,90%
252,【スカッとする話】娘の結婚式当日に夫がいない…私「何してるの？式始まってるよ！」夫「悪い、緊急の仕事が入って！」私「…OK」1時間後、ある人物から電話を受けた夫が半狂乱にw,https://www.youtube.com/watch?v=9x2mRPOpvjQ,7万回視聴 / 2 年前,Helen Chaney,https://www.youtube.com/channel/UCknZc7rOLWhfFlVN8PKKzGQ,2 年前,62回視聴,【スカッと】娘の結婚式当日に夫がいない…私「何してるの？式始まってるよ！」夫「悪い、緊急の仕事が入って！」私「OK」1時間後、ある人物から電話を受けた夫が半狂乱に,https://www.youtube.com/watch?v=VN4pcX92erg,100%
253,【スカッとする話】一緒に起業した私を裏切った親友「アンタの旦那と会社やるw」夫「売上と社員は貰うねw」63歳のおばちゃん「私は残ります」残ったのはパートのおばちゃんのみ...→その後、まさかの展開にw,https://www.youtube.com/watch?v=dAD2oL93V18,5.7万回視聴 / 2 年前,Hidalgo Jesus,https://www.youtube.com/channel/UCmHPxolrDN4OJyWrR31soAA,2 年前,2回視聴,【スカッとする話】一緒に起業した私を裏切った親友「アンタの旦那と会社やるw」夫「売上と社員は貰うねw」63歳のおばちゃん「私は残ります」残ったのはパートのおばちゃんのみ   →その後、まさかの,https://www.youtube.com/watch?v=zQ9OavjmL2c,98%
254,【スカッとする話】牛乳アレルギーの私に牛乳を飲ませ愛人と旅行に行った夫「計算おかしい！浮気したな！」私「違う、助けて...」放置され3日後→血相変えた夫から鬼電がw,https://www.youtube.com/watch?v=32PcmmzXwLY,4.2万回視聴 / 2 年前,Hidalgo Jesus,https://www.youtube.com/channel/UCmHPxolrDN4OJyWrR31soAA,2 年前,3回視聴,【スカッとする話】牛乳アレルギーの私に牛乳を飲ませ愛人と旅行に行った夫「計算おかしい！浮気したな！」私「違う、助けて   」放置され3日後→血相変えた夫から鬼電がw 1,https://www.youtube.com/watch?v=5i1G0TyWfOs,99%
255,【スカッとする話】私がローン20万払ってる二世帯住宅と知らず子供4人を連れて出戻ってきた夫の連れ子「ババァの部屋は私が使うw」義両親「クズ嫁は倉庫で生活しろｗ」キレた私が家を売り払い更地にすると...,https://www.youtube.com/watch?v=s0Ym0gxTLF4,2.9万回視聴 / 2 年前,Hidalgo Jesus,https://www.youtube.com/channel/UCmHPxolrDN4OJyWrR31soAA,2 年前,2回視聴,【スカッとする話】私がローン20万払ってる二世帯住宅と知らず子供4人を連れて出戻ってきた夫の連れ子「ババァの部屋は私が使うw」義両親「クズ嫁は倉庫で生活しろｗ」キレた私が家を売り払い更地にす,https://www.youtube.com/watch?v=MOLVHVpA7kE,99%
256,【スカッとする話】長男夫婦に初孫が生まれ出産祝いに行くと私だけカップ麺...長男嫁「家族の分しか無いですw」夫「...帰りますか」私「はい」直後、長男嫁に大惨事がw,https://www.youtube.com/watch?v=2bkFoDUO1Qo,15万回視聴 / 2 年前,Hidalgo Jesus,https://www.youtube.com/channel/UCmHPxolrDN4OJyWrR31soAA,2 年前,0 回視聴,【スカッとする話】長男夫婦に初孫が生まれ出産祝いに行くと私だけカップ麺   長男嫁「家族の分しか無いですw」夫「   帰りますか」私「はい」直後、長男嫁に大惨事がw,https://www.youtube.com/watch?v=jFXlACv0pLg,100%
257,【スカッとする話】長男嫁が出産し親族へのお披露目会へ行くと、長男嫁「他人は赤ん坊には触るな！」私「はーい」親族一同も他人なので永遠に他人扱いした結果w,https://www.youtube.com/watch?v=-iA0Yh4B6l8,11万回視聴 / 2 年前,Hidalgo Jesus,https://www.youtube.com/channel/UCmHPxolrDN4OJyWrR31soAA,2 年前,0 回視聴,【スカッとする話】長男嫁が出産し親族へのお披露目会へ行くと、長男嫁「他人は赤ん坊には触るな！」私「はーい」親族一同も他人なので永遠に他人扱いした結果w 1,https://www.youtube.com/watch?v=NvJ88cML0BQ,99%
258,【スカッとする話】私を捨て金持ちの愛人と再婚した元夫と再会すると、元夫「お前ら2人貧乏臭いぞw」愛人「年収500万の貧乏人は消えてw」→夫「500万は月収ですが？」元夫・愛人「は？」,https://www.youtube.com/watch?v=patHNGtYPXQ,8.7万回視聴 / 2 年前,Huelsdhq Deborawpr,https://www.youtube.com/channel/UChV202JJ5uNR-YfEG8kqqsA,1 年前,1 回視聴,【スカッとする話】私を捨て金持ちの愛人と再婚した元夫と再会すると、元夫「お前ら2人貧乏臭いぞw」愛人「年収500万の貧乏人は消えてw」→夫「500万は月収ですが？」元夫・愛人「は？」,https://www.youtube.com/watch?v=GjNBppm5Fg4,100%
259,【スカッとする話】私が余命半年と聞いて愛人と豪遊しはじめた夫「いつまで生きてるの？w」 私「余命なのはあなただよ？」後日、半狂乱の夫が...【修羅場】【スカッと】,https://www.youtube.com/watch?v=Tm9DKLFF30M,25万回視聴 / 3 年前,Hughes Davies,https://www.youtube.com/channel/UCES9PKKThNIdlUZQoLCckiQ,1 年前,1 回視聴,【スカッと感動】私が余命半年と聞いて愛人と豪遊しはじめた夫「いつまで生きてるの？w」 私「余命なのはあなただよ？」後日、半狂乱の夫,https://www.youtube.com/watch?v=F2RhrBFXbkQ,99%
260,【スカッとする話】私名義の新築戸建と知らず里帰り出産で我が家に来た娘「母さんの部屋は私が使うw」夫「お前は車で寝てろw」私「わかりました...」→キレた私が家を売り払うと...w,https://www.youtube.com/watch?v=yefpSXnGZOg,15万回視聴 / 3 年前,Hughes Davies,https://www.youtube.com/channel/UCES9PKKThNIdlUZQoLCckiQ,1 年前,0 回視聴,【スカッと感動】私名義の新築戸建と知らず里帰り出産で我が家に来た娘「母さんの部屋は私が使うw」夫「お前は車で寝てろw」私「わかりました   」→キレた私が家を売り払うと,https://www.youtube.com/watch?v=Qdui4CapWkw,100%
261,【スカッと】長男夫婦が正月に帰省し、長男嫁「高級寿司買ってきたけど家族分なので義母さんにはあげないのでw」夫「じゃあ今日で会うのは最後だ」長男嫁「え？最後？」,https://www.youtube.com/watch?v=2lmuqrtMxKM,11万回視聴 / 2 年前,Hung Quang,https://www.youtube.com/channel/UC5wM0zxEU-YsDx1NdpTnW1g,1 年前,0 回視聴,【スカッと】長男夫婦が正月に帰省し、長男嫁「高級寿司買ってきたけど家族分なので義母さんにはあげないのでw」夫「じゃあ今日で会うのは最後だ」長男嫁「え？最後？」【修羅場】,https://www.youtube.com/watch?v=ErUtWdZ_y7A,100%
262,【スカッとする話】婚約者を略奪した親友から結婚式の招待状が届くと、長男「嫁と2人で行ってくる」長男嫁「盛大に暴れてきます」普段温厚な長男夫婦が...w,https://www.youtube.com/watch?v=mLYItA9m_XY,9.8万回視聴 / 2 年前,Hung Quang,https://www.youtube.com/channel/UC5wM0zxEU-YsDx1NdpTnW1g,2 年前,0 回視聴,【スカッと】私の婚約者を略奪した親友から結婚式の招待状が届くと、長男「嫁と2人で行ってくる」長男嫁「盛大に暴れてきますねw」普段温厚な長男夫婦が…w【修羅場】,https://www.youtube.com/watch?v=2dTRWIeLhIY,97%
263,【スカッとする話】11年育てた連れ子の息子が医大に合格すると、連れ子「他人のくせに母親ぶるなw」私「は？お前こそ息子ぶるなよ…」入学費と仕送りを即停止し永久に他人扱いした結果w,https://www.youtube.com/watch?v=uja6sG8362w,2.4万回視聴 / 1 年前,Huong Nguyen,https://www.youtube.com/channel/UC_Apu0cy8FkXKDbBjFR3B0A,7 か月前,1 回視聴,11年育てた連れ子「医大受かったw 他人のくせに母親ぶるなw」私「は？お前こそ息子ぶるなよw」学費と仕送りを即停止し永久に他人扱いした結果w | スカッとする話 | 朗読 | 因果応報 | 泥沼,https://www.youtube.com/watch?v=5WOqiBpGKQw,75%
264,【スカッとする話】産婦人科で再会した元夫「俺の子？認知の子はしねぇよw」元義母「復縁要求はやめてねw」私「そんなことしないwだって…」直後、2人は震えだし…w【朗読】【スカッと】,https://www.youtube.com/watch?v=-TmKVAFTUIo,3.8万回視聴 / 9 か月前,Hutamaru Channel,https://www.youtube.com/channel/UC3ql7nj448YetYa6AvQ-_CQ,6 か月前,"14,199回視聴",【スカッとする話】産婦人科で再会した元夫「俺の子？認知の子はしねぇよw」元義母「復縁要求はやめてねw」私「そんなことしないwだって…」直後、2人は震えだし…w【朗読】【スカッと】,https://www.youtube.com/watch?v=65IyEZhLqOQ,100%
265,【スカッとする話】自ら命を絶った夫が亡くなり1週間後、私宛に夫から手紙が届いた...手紙「両親に見つからず読んでくれ」そこに記された場所に行き同封の鍵でコインロッカーを開けると...,https://www.youtube.com/watch?v=9kcEIi88egw,23万回視聴 / 2 年前,Hưng Nguyễn,https://www.youtube.com/channel/UCwc17qijn-2UxFMDeJw0ZyA,1 年前,0 回視聴,【スカッと】自ら命を絶った夫が亡くなり1週間後、私宛に夫から手紙が届いた…手紙「両親に見つからず読んでくれ」そこに記された場所に行き同封の鍵でコインロッカーを開けると【修羅場】,https://www.youtube.com/watch?v=c_JveHYjrAY,100%
266,【スカッとする話】深夜に母が倒れ夫と病院へ...私「急いで車出して！」夫「...はーい」だが、なぜか道中の海岸で置き去りに、夫「俺様に命令した罰だw」3時間後、病院に着くと血だらけの夫がw,https://www.youtube.com/watch?v=OaIj_8vvCdo,2.8万回視聴 / 2 年前,IMNOTAf888INGGOODBOY,https://www.youtube.com/channel/UCsyx4KopGhzGibj2qgsi_og,2 年前,"1,473回視聴",【スカッとする話】深夜に母が倒れ夫と病院へ...私「急いで車出して！」夫「...はーい」だが、なぜか道中の海岸で置き去りに、夫「俺様に命令した罰だw」3時間後、病院に着くと血だらけの夫がw,https://www.youtube.com/watch?v=OAQ5RmDf6OE,100%
267,【スカッとする話】家のローン毎月18万払い続けている私に夫「家と車は長男夫婦に相続する！」長男嫁「ババァは施設でも行けw」私「はーい（覚悟しろよ）」家を売却し更地にした結果w【スカッと】【朗読】,https://www.youtube.com/watch?v=StScq4cRqfc,12万回視聴 / 2 年前,Irene Murphy,https://www.youtube.com/channel/UC5JVl0EBLYR1bUruH4-y5ZQ,1 年前,0 回視聴,【スカッとする話】家のローン毎月18万払い続けている私に夫「家と車は長男夫婦に相続する！」長男嫁「ババァは施設でも行けw」私「はーい（覚悟しろよ）」家を売却し更地にした結果w【スカッと】【朗,https://www.youtube.com/watch?v=NVqLAtJG4N4,98%
268,【スカッと総集編】家のローン毎月18万払い続けている私に夫「家と車は長男夫婦に相続する」長男嫁「ババァは施設行けw」私「はーい（覚悟しろよ）」【スカッと】【朗読】【シニア】,https://www.youtube.com/watch?v=zcG7NOTbO5U,2.5万回視聴 / 11 か月前,Irene Murphy,https://www.youtube.com/channel/UC5JVl0EBLYR1bUruH4-y5ZQ,1 年前,0 回視聴,【スカッとする話】家のローン毎月18万払い続けている私に夫「家と車は長男夫婦に相続する！」長男嫁「ババァは施設でも行けw」私「はーい（覚悟しろよ）」家を売却し更地にした結果w【スカッと】【朗,https://www.youtube.com/watch?v=NVqLAtJG4N4,86%
269,【スカッとする話】18年間家賃を払ってきた私を罵倒する長男嫁「月9万の家賃程度で偉そうにw母親づらすんなよババァがw」長男「支払い止めてみろw」私「喜んで！」結果w,https://www.youtube.com/watch?v=gWWRbmvBG_A,3.4万回視聴 / 1 年前,ItsDabestTV,https://www.youtube.com/channel/UC7MuHVZzBSqOMtfuirZ-_Bw,1 年前,0 回視聴,スカッとする話】18年間家賃を払ってきた私を罵倒する長男嫁「月9万の家賃程度で偉そうにw母親づらすんなよババァがw」長男「支払い止めてみろw」私「喜んで！」結果w,https://www.youtube.com/watch?v=oJ6lKaAqBC4,94%
270,【スカッとする話】私が年商1500億の社長と知らず父の葬儀が終わった途端に豹変した夫「遺産は全部俺のw嫌なら離婚w」即離婚届を提出し夫の勤め先へ→私「全取引中止で」,https://www.youtube.com/watch?v=v6KeZkHFU7k,1.6万回視聴 / 1 年前,ItsDabestTV,https://www.youtube.com/channel/UC7MuHVZzBSqOMtfuirZ-_Bw,1 年前,0 回視聴,スカッとする話】私が年商1500億の社長と知らず父の葬儀が終わった途端に豹変した夫「遺産は全部俺のw嫌なら離婚w」即離婚届を提出し夫の勤め先へ→私「全取引中止で」,https://www.youtube.com/watch?v=imVqUixlRWM,94%
271,【スカッとする話】私が役員報酬で家計を支えていると知らず夫と引越した義母「月100万の息子にお前は不釣り合いw」義父「家政婦するなら住所教えるぞw」→私「では日給100円の夫は返品で」,https://www.youtube.com/watch?v=BO5_p_027rc,3.2万回視聴 / 1 年前,ItsDabestTV,https://www.youtube.com/channel/UC7MuHVZzBSqOMtfuirZ-_Bw,1 年前,0 回視聴,スカッとする話】私が役員報酬で家計を支えていると知らず夫と引越した義母「月100万の息子にお前は不釣り合いw」義父「家政婦するなら住所教えるぞw」→私「では日給100円の夫は返品で,https://www.youtube.com/watch?v=Jw_GaBy_ZJQ,95%
272,【スカッと総集編】35年連れ添った夫に愛人がいるのが発覚し離婚。義父「2日以内に引越せw」夫「ゴミ一つ残すなw」30分後、高級車が家に停車し→弟「姉ちゃん！迎えに来たよ！」,https://www.youtube.com/watch?v=NCNTWPZBfMA,7.3万回視聴 / 1 年前,ItsDabestTV,https://www.youtube.com/channel/UC7MuHVZzBSqOMtfuirZ-_Bw,1 年前,0 回視聴,スカッと総集編】35年連れ添った夫に愛人がいるのが発覚し離婚。義父「2日以内に引越せw」夫「ゴミ一つ残すなw」30分後、高級車が家に停車し→弟「姉ちゃん！迎えに来たよ！,https://www.youtube.com/watch?v=ykF_GwSeR_U,94%
273,【スカっとする話】長男の結婚式でなぜか私だけ席が無い。長男嫁「中卒の席はないわw」二人が勤める病院の院長が挨拶で私に「あなたのおかげで今の病院があります」→直後、長男嫁は全てを失う結果にw【修羅場】,https://www.youtube.com/watch?v=Rp0Fun6cuJA,1.4万回視聴 / 3 年前,Ivan Ilencow,https://www.youtube.com/channel/UC6IzQHpKzqIt1DgjPouEefQ,2 年前,0 回視聴,【スカっとする話】長男の結婚式でなぜか私だけ席が無い。長男嫁「中卒の席はないわw」二人が勤める病院の院長が挨拶で私に「あなたのおかげで今の病院があります」→直後、長男嫁は全てを失う結果にw,https://www.youtube.com/watch?v=3nZkkjGDjow,100%
274,【スカッとする話】勝手に我が家の庭でバーベキューをする長男嫁「お義母さんの家の庭借りてるよw肉とビール無いから買ってきてw」私「え？私の家そこじゃないわよ？」長男嫁「え？」,https://www.youtube.com/watch?v=ik5Oxry7o0g,3.1万回視聴 / 3 年前,Ivan Ilencow,https://www.youtube.com/channel/UC6IzQHpKzqIt1DgjPouEefQ,2 年前,0 回視聴,【スカッとする話】勝手に我が家の庭でバーベキューをする長男嫁「お義母さんの家の庭借りてるよw肉とビール無いから買ってきてw」私「え？私の家そこじゃないわよ？」長男嫁「え？」,https://www.youtube.com/watch?v=IZLbdwBj7XA,100%
275,【スカッとする話】天才外科女医である事を隠して生きてきた私。ある日、娘に連れられイチゴ狩りに行くとおばちゃんが倒れ緊急搬送！医者「この手術は私には無理だ…」緊急事態発生し…,https://www.youtube.com/watch?v=Zq9eORdDdX8,2.3万回視聴 / 3 年前,Ivan Ilencow,https://www.youtube.com/channel/UC6IzQHpKzqIt1DgjPouEefQ,2 年前,0 回視聴,【スカッとする話】天才外科女医である事を隠して生きてきた私。ある日、娘に連れられイチゴ狩りに行くとおばちゃんが倒れ緊急搬送！医者「この手術は私には無理だ…」緊急事態発生し…,https://www.youtube.com/watch?v=wud3iM-gqm0,100%
276,【スカッとする話】夫の海外出張前夜、ファミレスに行くと夫と長男嫁が。夫「今夜が日本での最後の食事だな」長男嫁「夫さんとの二人で海外暮らし楽しみｗ」→面白い会話が聞こえたので先手を打つと...ｗ,https://www.youtube.com/watch?v=UUTOHlp0M4c,2.2万回視聴 / 3 年前,Ivan Ilencow,https://www.youtube.com/channel/UC6IzQHpKzqIt1DgjPouEefQ,2 年前,0 回視聴,【スカッとする話】夫の海外出張前夜、ファミレスに行くと夫と長男嫁が。夫「今夜が日本での最後の食事だな」長男嫁「夫さんとの二人で海外暮らし楽しみｗ」→面白い会話が聞こえたので先手を打つと...ｗ,https://www.youtube.com/watch?v=xPe3noo1jfQ,100%
277,【スカッとする話】妊婦の私が倒れて入院するとワインをぶっかけ海外旅行に行く夫「帰るまでに産んでおけよ！」無視した私に夫がワインを投げるも当たって失神したのは...【修羅場】【スカッと】,https://www.youtube.com/watch?v=CTeggEwk2Nc,2.8万回視聴 / 3 年前,Ivan Ilencow,https://www.youtube.com/channel/UC6IzQHpKzqIt1DgjPouEefQ,2 年前,2回視聴,【スカッとする話】妊婦の私が倒れて入院するとワインをぶっかけ海外旅行に行く夫「帰るまでに産んでおけよ！」無視した私に夫がワインを投げるも当たって失神したのは...,https://www.youtube.com/watch?v=9GauLOUX3QM,100%
278,【スカッとする話】我が家が全焼し現場確認に行くと、長男嫁と夫が何かを探している....声をかけようとすると長男嫁と夫の恐ろしい会話が聞こえてきて→慌てて警察に通報した結果【修羅場】,https://www.youtube.com/watch?v=p1aAa-lOrzg,3.7万回視聴 / 3 年前,Ivan Ilencow,https://www.youtube.com/channel/UC6IzQHpKzqIt1DgjPouEefQ,2 年前,0 回視聴,【スカッとする話】我が家が全焼し現場確認に行くと、長男嫁と夫が何かを探している....声をかけようとすると長男嫁と夫の恐ろしい会話が聞こえてきて→慌てて警察に通報した結果,https://www.youtube.com/watch?v=DpE46mRFpIw,100%
279,【スカッとする話】私が社員900人の社長と知らず私の親友を妊娠させ再婚した夫「病気持ちの貧乏人とは離婚ｗ」退院後、真っ先に夫の勤め先へ。私「全取引を停止で」夫「は？」,https://www.youtube.com/watch?v=hhT_cSBqCts,6万回視聴 / 3 年前,Ivan Ilencow,https://www.youtube.com/channel/UC6IzQHpKzqIt1DgjPouEefQ,2 年前,3回視聴,【スカッとする話】私が社員900人の社長と知らず私の親友を妊娠させ再婚した夫「病気持ちの貧乏人とは離婚ｗ」退院後、真っ先に夫の勤め先へ。私「全取引を停止で」夫「は？」,https://www.youtube.com/watch?v=NF3p6kjJQmw,100%
280,【スカッとする話】私名義でローン5000万を残し私の親友と失踪した夫「貧乏で家売ったらしいなw」私「地価上昇2億で売れたよ」夫「は？」結果w,https://www.youtube.com/watch?v=R5Nl5gypj8M,2.7万回視聴 / 3 年前,Ivan Ilencow,https://www.youtube.com/channel/UC6IzQHpKzqIt1DgjPouEefQ,2 年前,0 回視聴,【スカッとする話】私名義でローン5000万を残し私の親友と失踪した夫「貧乏で家売ったらしいなw」私「地価上昇2億で売れたよ」夫「は？」結果w,https://www.youtube.com/watch?v=8mFT78LkY_o,100%
281,【スカッとする話】長男夫婦と同居する事になり長男と長男嫁と新築の見学へ行くと、なぜか私だけ強制的に別室に案内された。不動産「今すぐ警察に行って下さい...」明かされた衝撃の事実を知り…,https://www.youtube.com/watch?v=a5jUE4NP1Qo,3.8万回視聴 / 3 年前,Ivan Ilencow,https://www.youtube.com/channel/UC6IzQHpKzqIt1DgjPouEefQ,2 年前,0 回視聴,【スカッとする話】長男夫婦と同居する事になり長男と長男嫁と新築の見学へ行くと、なぜか私だけ強制的に別室に案内された。不動産「今すぐ警察に行って下さい...」明かされた衝撃の事実を知り…,https://www.youtube.com/watch?v=9u_E5KiGi8E,100%
282,【スカッとする話】親族の集まりでエリート夫「嫁の飯はまずいんだよなw」私「え？私の料理食べた事ある？食事はいつも愛人宅じゃないの」義父「は？」義両親がブチギレ...,https://www.youtube.com/watch?v=GZtalGoS6qE,11万回視聴 / 3 年前,Jackson Campbell,https://www.youtube.com/channel/UC_PWzQFu6GkdO0Rafe9EZgw,2 年前,0 回視聴,【スカッと感動】親族の集まりでエリート夫「嫁の飯はまずいんだよなw」私「え？私の料理食べた事ある？食事はいつも愛人宅じゃないの」義父「は？」義両親がブチギレ,https://www.youtube.com/watch?v=5PPMa_JFKvQ,100%
283,【スカッと総集編】家のローン月18万を払ってると知らず同居の長男嫁に1年間無視された...ある日、私「あれ？なんで私の荷物が...」長男嫁「キレイにしておいてあげたw」私の荷物を勝手に捨てられた,https://www.youtube.com/watch?v=bPcGySAd3gA,20万回視聴 / 2 年前,Jackson Campbell,https://www.youtube.com/channel/UC_PWzQFu6GkdO0Rafe9EZgw,2 年前,15回視聴,【スカッと感動】家のローン月18万を払ってると知らず同居の長男嫁に1年間無視された   ある日、私「あれ？なんで私の荷物が   」長男嫁「キレイにしておいてあげたw」私の荷物を勝手に捨てられ,https://www.youtube.com/watch?v=I-zS8aHf2vU,99%
284,【スカッとする話】夫「来月ママが引っ越してくる！お前の部屋片付けておけw」私「はーい、キレイにしておくね」夫の出張中に不動産屋に連絡し家を売り払いキレイに更地にした結果w,https://www.youtube.com/watch?v=vyDCAcHPme8,8.6万回視聴 / 2 年前,Jaeden Reese,https://www.youtube.com/channel/UCemzpqyF3E2deF1Dm-8PEYA,1 年前,0 回視聴,【スカッとする話】夫「来月ママが引っ越してくる！お前の部屋片付けておけw」私「はーい、キレイにしておくね」夫の出張中に不動産屋に連絡し家を売り払いキレイに更地にした結果w【修羅場】,https://www.youtube.com/watch?v=5QCeGKn6rik,100%
285,【スカッと】夫が不倫し残された息子を育てて19年。息子が結婚し子供が生まれると息子「偽者の親が俺の子に触るなw」直後、息子嫁が血相を変え→息子嫁「あなた知らないの？」,https://www.youtube.com/watch?v=CXYugbzMfW4,8.3万回視聴 / 2 年前,Jaitai Btisto,https://www.youtube.com/channel/UCbO4rHwFOXVdYsKKbUHQmkg,1 年前,1 回視聴,【スカッと】夫が不倫し残された息子を育てて19年。息子が結婚し子供が生まれると息子「偽者の親が俺の子に触るなw」直後、息子嫁が血相を変え→息子嫁「あなた知らないの？」,https://www.youtube.com/watch?v=s0AzTkaB1bw,100%
286,【スカッとする話】私の夫が亡くなった途端、家を勝手に解体した義両親「嫁は我が家で家政婦しなw」それを聞いた私は大爆笑→私「私は独身ですが？w」実は...,https://www.youtube.com/watch?v=cnVie20jJ4w,4.8万回視聴 / 2 年前,Jaitai Btisto,https://www.youtube.com/channel/UCbO4rHwFOXVdYsKKbUHQmkg,1 年前,0 回視聴,【スカッとする話】私の夫が亡くなった途端、家を勝手に解体した義両親「嫁は我が家で家政婦しなw」それを聞いた私は大爆笑→私「私は独身ですが？w」実は,https://www.youtube.com/watch?v=WlW75MRAHvc,100%
287,【スカッとする話】私が夫の入院費を払ってると知らず私の荷物を全て捨てた夫の連れ子「もうパパに寄生するなw」連れ子を残し1億のタワマンに引越し入院費の支払いも止めた結果w,https://www.youtube.com/watch?v=JaGjTAkTfxQ,30万回視聴 / 2 年前,JakubSarna,https://www.youtube.com/channel/UC6wXk_AiXfdRVdkdi5aNGgw,9 か月前,1 回視聴,私が夫の入院費を払ってると知らず私の荷物を全て捨てた夫の連れ子「もうパパに寄生するなw」→連れ子を残し1億のタワマンに引っ越し入院費の支払いも止めた結果ｗ,https://www.youtube.com/watch?v=1VOME_eHNt8,99%
288,【スカッと】365日間、私を無視し続けた年収1000万の夫「誰のおかげで生きてると思ってる！文句あるなら離婚して出てけw」私「後悔しない？」夫「しねぇよw」3日後、夫は会社をクビにw,https://www.youtube.com/watch?v=Mi69PEXjWFc,3.5万回視聴 / 2 年前,Jamison Abraham,https://www.youtube.com/channel/UCcUsK23eqHw3ZQA5HjspM9Q,1 年前,0 回視聴,【スカッと】365日間、私を無視し続けた年収1000万の夫「誰のおかげで生きてると思ってる！文句あるなら離婚して出てけw」私「後悔しない？」夫「しねぇよw」3日後、夫は会社をクビに,https://www.youtube.com/watch?v=Nududo1BLfA,100%
289,【スカッと】私が総資産19億と知らず子供の産めない私を捨て再婚した夫「欠陥品とは離婚ｗ家と車も俺が貰うｗ」私「いいよ！ 」→翌日、涙を流した夫から鬼電がw,https://www.youtube.com/watch?v=CNsn701Em6g,4.1万回視聴 / 2 年前,Jamison Abraham,https://www.youtube.com/channel/UCcUsK23eqHw3ZQA5HjspM9Q,1 年前,0 回視聴,【スカッと】私が総資産19億と知らず子供の産めない私を捨て再婚した夫「欠陥品とは離婚ｗ家と車も俺が貰うｗ」私「いいよ！ 」→翌日、涙を流した夫から鬼電が,https://www.youtube.com/watch?v=y8x7SoRM9mk,100%
290,【スカッとする話】10年前、盲目の義父を私に押し付け社長令嬢の愛人と駆け落ちした夫 「貧乏ジジィもう逝ったか？w」 私「うん、遺産11億貰っちゃった」 夫「は？」結果w,https://www.youtube.com/watch?v=LebL5tuESUQ,2.5万回視聴 / 2 年前,Jamison Abraham,https://www.youtube.com/channel/UCcUsK23eqHw3ZQA5HjspM9Q,1 年前,0 回視聴,【スカッとする話】10年前、盲目の義父を私に押し付け社長令嬢の愛人と駆け落ちした夫 「貧乏ジジィもう逝ったか？w」 私「うん、遺産11億貰っちゃった」 夫「は？」結果,https://www.youtube.com/watch?v=K05bRWGnqW8,100%
291,【スカッとする話】夫「来月ママが引っ越してくる！お前の部屋片付けておけw」私「はーい、キレイにしておくね」夫の出張中に不動産屋に連絡し家を売り払いキレイに更地にした結果w,https://www.youtube.com/watch?v=vyDCAcHPme8,8.6万回視聴 / 2 年前,Jamison Abraham,https://www.youtube.com/channel/UCcUsK23eqHw3ZQA5HjspM9Q,1 年前,0 回視聴,【スカッとする話】夫「来月ママが引っ越してくる！お前の部屋片付けておけw」私「はーい、キレイにしておくね」夫の出張中に不動産屋に連絡し家を売り払いキレイに更地にした結果,https://www.youtube.com/watch?v=1MZNyJiRpA8,100%
292,【スカッとする話】夫と姉が温泉旅行中、交通事故で半身不随に。夫「2人の面倒は宜しくな！」私「え？姉さんに頼みなよ！」直後、隣に姉が運ばれ叫んだ→だってその女は..,https://www.youtube.com/watch?v=24r-JE4M58Y,6.3万回視聴 / 2 年前,Jamison Abraham,https://www.youtube.com/channel/UCcUsK23eqHw3ZQA5HjspM9Q,1 年前,2回視聴,【スカッとする話】夫と姉が温泉旅行中、交通事故で半身不随に。夫「2人の面倒は宜しくな！」私「え？姉さんに頼みなよ！」直後、隣に姉が運ばれ叫んだ→だってその女は,https://www.youtube.com/watch?v=EU3EqDbgiQc,100%
293,【スカッとする話】夫の連れ子の娘と結婚挨拶に連れてきた婚約者「他人は今後一切関りませんw」私「分かりました」当日、他人全員で欠席した結果w,https://www.youtube.com/watch?v=rCNrL5SfFV8,2万回視聴 / 2 年前,Jamison Abraham,https://www.youtube.com/channel/UCcUsK23eqHw3ZQA5HjspM9Q,1 年前,2回視聴,【スカッとする話】夫の連れ子の娘と結婚挨拶に連れてきた婚約者「他人は今後一切関りませんw」私「分かりました」当日、他人全員で欠席した結果w,https://www.youtube.com/watch?v=e7zerXMRBNw,100%
294,【スカッとする話】孫の七五三祝いに行くと私だけ席がない...夫の連れ子「家族以外は立ってろw」夫「...帰るか」私「うん」直後、連れ子に大惨事がw,https://www.youtube.com/watch?v=zZV5oL3aIHY,3.7万回視聴 / 2 年前,Jamison Abraham,https://www.youtube.com/channel/UCcUsK23eqHw3ZQA5HjspM9Q,1 年前,0 回視聴,【スカッとする話】孫の七五三祝いに行くと私だけ席がない   夫の連れ子「家族以外は立ってろw」夫「   帰るか」私「うん」直後、連れ子に大惨事が,https://www.youtube.com/watch?v=I1fCJmwv5aM,100%
295,【スカッとする話】私に婚約破棄を告げ美人な姉と結婚した元婚約者から結婚招待状「ブスでも姉の結婚式は祝えよｗ新郎は元婚約者だけどw」私「え？私に姉はいないけど？」夫「は？」実は...,https://www.youtube.com/watch?v=4Zso73ZN2XQ,4.6万回視聴 / 2 年前,Jamison Abraham,https://www.youtube.com/channel/UCcUsK23eqHw3ZQA5HjspM9Q,1 年前,0 回視聴,【スカッとする話】私に婚約破棄を告げ美人な姉と結婚した元婚約者から結婚招待状「ブスでも姉の結婚式は祝えよｗ新郎は元婚約者だけどw」私「え？私に姉はいないけど？」夫「は？」実は,https://www.youtube.com/watch?v=l8-8ZGep2_s,100%
296,【スカッとする話】長男夫婦が他界し孫を育てる私に夫「あのガキども迷惑だったんだよなw」親友「アンタの金持ち旦那もらうわw」ボロボロの私に孫「ばあちゃん良かったね！だってあの人...」,https://www.youtube.com/watch?v=8a9QMDUv9kk,7.6万回視聴 / 2 年前,Jamison Abraham,https://www.youtube.com/channel/UCcUsK23eqHw3ZQA5HjspM9Q,1 年前,0 回視聴,【スカッとする話】長男夫婦が他界し孫を育てる私に夫「あのガキども迷惑だったんだよなw」親友「アンタの金持ち旦那もらうわw」ボロボロの私に孫「ばあちゃん良かったね！だってあの人   」,https://www.youtube.com/watch?v=aV0ins2fafw,100%
297,【スカッとする話】離婚した翌日に元夫と遭遇すると、元夫「今日20歳の社長令嬢と再婚したw若くて最高の嫁だぜw」直後、現れた新しい嫁を見た私は大爆笑→私「ご愁傷さまw」実は...,https://www.youtube.com/watch?v=YU1qKVkm094,3.9万回視聴 / 3 年前,Jamison Abraham,https://www.youtube.com/channel/UCcUsK23eqHw3ZQA5HjspM9Q,1 年前,0 回視聴,【スカッとする話】離婚した翌日に元夫と遭遇すると、元夫「今日20歳の社長令嬢と再婚したw若くて最高の嫁だぜw」直後、現れた新しい嫁を見た私は大爆笑→私「ご愁傷さまw」実は,https://www.youtube.com/watch?v=GzndWl7nPNM,100%
298,【スカッと総集編】私が総資産19億と知らず子供の産めない私を捨て再婚した夫「子供も産めない欠陥品とは離婚ｗ家と車も俺が貰うからｗ」私「いいよ！はい、離婚届け！ 」→翌日、涙を流した夫から鬼電がw,https://www.youtube.com/watch?v=DdmscVg2GO0,14万回視聴 / 2 年前,Jamison Abraham,https://www.youtube.com/channel/UCcUsK23eqHw3ZQA5HjspM9Q,1 年前,0 回視聴,【スカッと】私が総資産19億と知らず子供の産めない私を捨て再婚した夫「欠陥品とは離婚ｗ家と車も俺が貰うｗ」私「いいよ！ 」→翌日、涙を流した夫から鬼電が,https://www.youtube.com/watch?v=y8x7SoRM9mk,89%
299,【スカッとする話】10億の資産を築いた社長の夫が亡くなり葬儀後、長男嫁「遺産10億と社長の座は、長男である旦那が相続しますw」それを聞いた私は大爆笑w→だって夫は…【修羅場】,https://www.youtube.com/watch?v=3-5Li1E7eCQ,4.1万回視聴 / 3 年前,Jay Connor,https://www.youtube.com/channel/UCy819L_3O_Dd0-bKp9dHsSw,2 年前,0 回視聴,【スカッとする話】10億の資産を築いた社長の夫が亡くなり葬儀後、長男嫁「遺産10億と社長の座は、長男である旦那が相続しますw」それを聞いた私は大爆笑w→だって夫は…【修羅場】,https://www.youtube.com/watch?v=p83vU-ZICuM,100%
300,【スカッとする話】がん末期の母を置いて海外旅行に行った長男夫婦「ババァの介護は頼んだわｗ」翌日、母が笑顔で行動開始すると長男夫婦は帰らぬ人に...【修羅場】,https://www.youtube.com/watch?v=uBvDuF4U2Aw,4.8万回視聴 / 3 年前,Jay Connor,https://www.youtube.com/channel/UCy819L_3O_Dd0-bKp9dHsSw,2 年前,0 回視聴,【スカッとする話】がん末期の母を置いて海外旅行に行った長男夫婦「ババァの介護は頼んだわｗ」翌日、母が笑顔で行動開始すると長男夫婦は帰らぬ人に   【修羅場】,https://www.youtube.com/watch?v=KXZ7s6-K4kQ,100%
301,【スカッとする話】有名大学に合格した息子にエリート夫「学費で俺の車買ったw行きたきゃ自分の金で行けｗ」息子「...はい」息子が密かに復讐を計画→私も全力で協力した結果,https://www.youtube.com/watch?v=gidrazFEDug,5.9万回視聴 / 2 年前,Jay Connor,https://www.youtube.com/channel/UCy819L_3O_Dd0-bKp9dHsSw,2 年前,0 回視聴,【スカッとする話】有名大学に合格した息子にエリート夫「学費で俺の車買ったw行きたきゃ自分の金で行けｗ」息子「   はい」息子が密かに復讐を計画→私も全力で協力した結果,https://www.youtube.com/watch?v=h9jNvCm5ZMQ,100%
302,【スカッとする話】長男嫁「お義母さん今月の仕送り10万まだ！？」怒り狂った長男嫁から鬼電が...私「長男は他界しましたのでもう他人に仕送りできません」長男嫁「はい？」実は...【修羅場】,https://www.youtube.com/watch?v=Zj2veQRj8wE,9.4万回視聴 / 3 年前,Jay Connor,https://www.youtube.com/channel/UCy819L_3O_Dd0-bKp9dHsSw,2 年前,0 回視聴,【スカッとする話】長男嫁「お義母さん今月の仕送り10万まだ！？」怒り狂った長男嫁から鬼電が   私「長男は他界しましたのでもう他人に仕送りできません」長男嫁「はい？」実は   【修羅場】,https://www.youtube.com/watch?v=E-6YGQ5Iar8,100%
303,【スカッとする話】夫の連れ子の娘と暮らし始めて1年。しかし、全くなつく気配がない…夫が海外出張に行った日に娘が初めて話しかけてきた。娘「お母さん、実は...」そう言って差し出された手には...,https://www.youtube.com/watch?v=BKC9CbFIESk,5.2万回視聴 / 3 年前,Jodie Mcdowell,https://www.youtube.com/channel/UCzWXB2jIc12Zjemu59x5Y1A,1 年前,0 回視聴,【スカッとする話】夫の連れ子の娘と暮らし始めて1年。しかし、全くなつく気配がない…夫が海外出張に行った日に娘が初めて話しかけてきた。娘「お母さん、実は   」そう言って差し出された手には【修羅,https://www.youtube.com/watch?v=9UfC6qfOAJg,98%
304,【スカッとする話】35年間連れ添った夫と離婚すると夫「家も貯金も退職金も俺が貰う！お前は施設でも入れw」私「承知しました…」1億の超高級施設に入った結果w,https://www.youtube.com/watch?v=FYnOSSomStE,4.9万回視聴 / 2 年前,Joe Perry,https://www.youtube.com/channel/UCUDLjmHB0rs4nKGT_byCePg,2 年前,0 回視聴,【スカッとする話】35年間連れ添った夫と離婚すると夫「家も貯金も退職金も俺が貰う！お前は施設でも入れw」私「承知しました…」1億の超高級施設に入った結果w,https://www.youtube.com/watch?v=WFoqmAQR0hA,100%
305,【スカッとする話】夫婦の結婚記念日に財布を持たず便乗する長男嫁「今回もゴチになりますw」夫「今回は俺の両親も来るよw」私「どうぞ、今日で最後なので」嫁・夫「は？」,https://www.youtube.com/watch?v=og8_GjJd8PU,1.3万回視聴 / 3 年前,Joe Perry,https://www.youtube.com/channel/UCUDLjmHB0rs4nKGT_byCePg,2 年前,0 回視聴,【スカッとする話】夫婦の結婚記念日に財布を持たず便乗する長男嫁「今回もゴチになりますw」夫「今回は俺の両親も来るよw」私「どうぞ、今日で最後なので」嫁・夫「は？」,https://www.youtube.com/watch?v=kOJVUmXpDFs,100%
306,【スカッとする話】娘の結婚式後、礼服を投げつけた夫「おい奴隷！クリーニング出しとけ！」なぜかポケットに記入済みの離婚届…私「出せって事だし出しとこ！」速役所に提出し引っ越した結果w,https://www.youtube.com/watch?v=uYHfF8rKZnA,16万回視聴 / 2 年前,Joe Perry,https://www.youtube.com/channel/UCUDLjmHB0rs4nKGT_byCePg,2 年前,0 回視聴,【スカッとする話】娘の結婚式後、礼服を投げつけた夫「おい奴隷！クリーニング出しとけ！」なぜかポケットに記入済みの離婚届…私「出せって事だし出しとこ！」速役所に提出し引っ越した結果w,https://www.youtube.com/watch?v=f-oxtLY5Fcc,100%
307,【スカッとする話】親族の集まりでエリート夫「嫁の飯はまずいんだよなw」私「え？私の料理食べた事ある？食事はいつも愛人宅じゃないの」義父「は？」義両親がブチギレ...,https://www.youtube.com/watch?v=GZtalGoS6qE,11万回視聴 / 3 年前,Juire Danton,https://www.youtube.com/channel/UC7-EH8b52VBucWj4cIIvOgg,2 年前,0 回視聴,【スカッとする話】親族の集まりでエリート夫「嫁の飯はまずいんだよなw」私「え？私の料理食べた事ある？食事はいつも愛人宅じゃないの」義父「は？」義両親がブチギレ   【修羅場】,https://www.youtube.com/watch?v=atJaaofNes4,100%
308,【スカッと】長男夫婦がお盆に帰省し私が店を予約すると長男嫁「何この汚い店w年金生活の貧乏ババァじゃ仕方ないかw」直後、普段温厚な夫→夫「調子乗るなよガキが」長男嫁「え？」,https://www.youtube.com/watch?v=LXxfsTZeuZU,11万回視聴 / 2 年前,Julia Baturin,https://www.youtube.com/channel/UCc_D9dXz9N4TBoWURdRZ9Lg,1 か月前,24回視聴,長男夫婦がお盆に帰省し私が店を予約すると長男嫁「何この汚い店w年金生活の貧乏ババアじゃ仕方ないかw」→直後、普段温厚な夫「調子乗るなよガキが」長男嫁「え？」,https://www.youtube.com/watch?v=xto1lEkbOl4,98%
309,【スカッとする話】夫「来月ママが引っ越してくる！お前の部屋片付けておけw」私「はーい、キレイにしておくね」夫の出張中に不動産屋に連絡し家を売り払いキレイに更地にした結果w,https://www.youtube.com/watch?v=vyDCAcHPme8,8.6万回視聴 / 2 年前,Justice Gibson,https://www.youtube.com/channel/UCB_S_Dk5yPlmw43S7RpQxDw,1 年前,0 回視聴,【スカッとする話】夫「来月ママが引っ越してくる！お前の部屋片付けておけw」私「はーい、キレイにしておくね」夫の出張中に不動産屋に連絡し家を売り払いキレイに更地にした結果w【修羅場】,https://www.youtube.com/watch?v=aZwlCyPOXQ8,100%
310,【スカッとする話】私を毛嫌いする息子夫婦が私を無視。私「お弁当できたよ！」2人「…」3日後、息子嫁が高熱で倒れ、息子「助けてくれ！」私「…」無視して家を出た結果w【朗読】【スカッと】,https://www.youtube.com/watch?v=z0vZvZ-U3js,4.7万回視聴 / 1 か月前,KAGE NO MISE,https://www.youtube.com/channel/UCtkP6jBvCd8AA8i1Q_YhEiA,1 か月前,2回視聴,【スカッとする話】私を毛嫌いする息子夫婦が私を無視。私「お弁当できたよ!」2人「……」3日後、息子嫁が高熱で倒れ、息子「助けてくれ!」私「……」無視して家を出た結果 (フィクション・スカッとする話),https://www.youtube.com/watch?v=VJYmrUZZBMI,89%
311,【スカッとする話】親代わりで育てた妹の結婚式で、着物姿の妹が式場に1人ポツン…義家族「嘘に決まってるじゃんw」私「なら契約も嘘か！了解」義家族「え？」実はw【朗読】【スカッと】,https://www.youtube.com/watch?v=t9x4VmiCRI4,4.3万回視聴 / 1 か月前,KAGE NO MISE,https://www.youtube.com/channel/UCtkP6jBvCd8AA8i1Q_YhEiA,1 か月前,5回視聴,【スカッとする話】親代わりで育てた妹の結婚式で、着物姿の妹が式場に1人ポツン…義家族「嘘に決まってるじゃんw」私「なら、契約も嘘ってことですね。了解しました」義家族「え?」実は(フィクション・),https://www.youtube.com/watch?v=h1enXZZT1qU,85%
312,【スカッとする話】姑の誕生会でも私を家政婦扱いする夫「バカ嫁さっさと料理出せ」義父「これ全部1人で！？」私「いつものことですから…」すると義父が豹変し…【修羅場】,https://www.youtube.com/watch?v=My7bUq_jaIs,11万回視聴 / 3 年前,Kailani Isaiah,https://www.youtube.com/channel/UCFuOZBBiOOX0fcfkVilk6GA,2 年前,0 回視聴,【スカッと感動】義母の誕生会でも私を家政婦扱いする夫「バカ嫁さっさと料理出せ」義父「これ全部1人で！？」私「いつものことですから…」すると義父が豹変し…,https://www.youtube.com/watch?v=xWIA9JHpd78,85%
313,【スカッとする話】私名義の新築戸建と知らず里帰り出産で我が家に来た娘「母さんの部屋は私が使うw」夫「お前は車で寝てろw」私「わかりました...」→キレた私が家を売り払うと...w,https://www.youtube.com/watch?v=yefpSXnGZOg,15万回視聴 / 3 年前,Kailani Isaiah,https://www.youtube.com/channel/UCFuOZBBiOOX0fcfkVilk6GA,2 年前,0 回視聴,【スカッと感動】私名義の新築戸建と知らず里帰り出産で我が家に来た娘「母さんの部屋は私が使うw」夫「お前は車で寝てろw」私「わかりました   」→キレた私が家を売り払うと,https://www.youtube.com/watch?v=dXL2sK7JPlA,100%
314,【スカッとする話】夫「来月ママが引っ越してくる！お前の部屋片付けておけw」私「はーい、キレイにしておくね」夫の出張中に不動産屋に連絡し家を売り払いキレイに更地にした結果w,https://www.youtube.com/watch?v=vyDCAcHPme8,8.6万回視聴 / 2 年前,Kaiser,https://www.youtube.com/channel/UCZgQ6DZPJTikcw9LJikxP5w,1 年前,0 回視聴,【スカッとする話】夫「来月ママが引っ越してくる！お前の部屋片付けておけw」私「はーい、キレイにしておくね」夫の出張中に不動産屋に連絡し家を売り払いキレイに更地にした結果,https://www.youtube.com/watch?v=Fw4OiWtBu1Y,100%
315,【スカッとする話】公園で10年前に医者の婚約者を奪われ絶縁した姉と再会。姉「あんたまだ子無しなの？孫も見せれない不良品ねw」私「うちの子はそこ居るよ？」直後、姉はガクガク震えだし…,https://www.youtube.com/watch?v=w0_-BgUpgXI,4.8万回視聴 / 2 年前,Kaopsi Ntidri,https://www.youtube.com/channel/UCH-hxAsQa_LYllj3h6_j3eA,1 年前,0 回視聴,【スカッとする話】公園で10年前に医者の婚約者を奪われ絶縁した姉と再会。姉「あんたまだ子無しなの？孫も見せれない不良品ねw」私「うちの子はそこ居るよ？」直後、姉はガクガク震えだし…,https://www.youtube.com/watch?v=lxUeGuXOTbc,100%
316,【スカッとする話】医者の長男の招待でハワイ旅行へ行くと、長男嫁「息子の金で贅沢するなw貧乏なジジババは帰れw」私「じゃ帰ろっか...」夫「だな」速攻で帰った結果w,https://www.youtube.com/watch?v=aQpyR3G6AWI,5.8万回視聴 / 3 年前,Kaopsi Ntidri,https://www.youtube.com/channel/UCH-hxAsQa_LYllj3h6_j3eA,1 年前,0 回視聴,【スカッとする話】医者の長男の招待でハワイ旅行へ行くと、長男嫁「息子の金で贅沢するなw貧乏なジジババは帰れw」私「じゃ帰ろっか   」夫「だな」速攻で帰った結果w,https://www.youtube.com/watch?v=aAFI-MhWykU,100%
317,【スカッとする話】連れ子に初孫が生まれ出産祝いに行くと私だけ席が無い…連れ子「家族の席しか無いよw」夫「…帰るぞ」私「...はい」次の瞬間、連れ子に大惨事がw,https://www.youtube.com/watch?v=yjvtXiMQodc,6.1万回視聴 / 2 年前,Kaopsi Ntidri,https://www.youtube.com/channel/UCH-hxAsQa_LYllj3h6_j3eA,1 年前,1 回視聴,【スカッとする話】連れ子に初孫が生まれ出産祝いに行くと私だけ席が無い…連れ子「家族の席しか無いよw」夫「…帰るぞ」私「   はい」次の瞬間、連れ子に大惨事がw,https://www.youtube.com/watch?v=M_1I3K11wNQ,100%
318,【スカッとする話】夫が突然大量の荷物を持ってきて、夫「今日から俺の両親と姉を養う！嫌なら離婚だ！」私「え？もう離婚済みだけど？」夫「え？」結果w,https://www.youtube.com/watch?v=G4O12jIGPfg,8.7万回視聴 / 3 年前,Karole Baldridge,https://www.youtube.com/channel/UCZ35i4tiP0okzHY-iHg8JEg,1 年前,0 回視聴,【スカッと感動】夫が突然大量の荷物を持ってきて、夫「今日から俺の両親と姉を養う！嫌なら離婚だ！」私「え？もう離婚済みだけど？」夫「え？」結果w,https://www.youtube.com/watch?v=JV7HstkIHU0,88%
319,【スカッと総集編】家のローン月18万を払ってると知らず同居の長男嫁に1年間無視された...ある日、私「あれ？なんで私の荷物が...」長男嫁「キレイにしておいてあげたw」私の荷物を勝手に捨てられた,https://www.youtube.com/watch?v=bPcGySAd3gA,20万回視聴 / 2 年前,Karole Baldridge,https://www.youtube.com/channel/UCZ35i4tiP0okzHY-iHg8JEg,2 年前,0 回視聴,【スカッと感動】家のローン月18万を払ってると知らず同居の長男嫁に1年間無視された   ある日、私「あれ？なんで私の荷物が   」長男嫁「キレイにしておいてあげたw」私の荷物を勝手に捨てられ,https://www.youtube.com/watch?v=vDgESN-IU-A,99%
320,【スカッとする話】私が余命半年と聞いて愛人と豪遊しはじめた夫「いつまで生きてるの？w」 私「余命なのはあなただよ？」後日、半狂乱の夫が...【修羅場】【スカッと】,https://www.youtube.com/watch?v=Tm9DKLFF30M,25万回視聴 / 3 年前,Ketut Kerner,https://www.youtube.com/channel/UC6Y1K-VnCQY6HjM43zAbtVA,1 年前,0 回視聴,【スカッと感動】私が余命半年と聞いて愛人と豪遊しはじめた夫「いつまで生きてるの？w」 私「余命なのはあなただよ？」後日、半狂乱の夫が…,https://www.youtube.com/watch?v=9Hu-Vzj5k3k,100%
321,【スカッとする話】18年間家賃を払ってきた私を罵倒する夫と連れ子「月10万の家賃程度で偉そうにw」夫「支払い止めてみろw」私「喜んで」3ヶ月後w,https://www.youtube.com/watch?v=IaHdv7dT6Sc,12万回視聴 / 2 年前,Khloe Dollie,https://www.youtube.com/channel/UC0qyuyoGmlTjhcgifiYR3KQ,2 年前,2回視聴,【スカッとする話】18年間家賃を払ってきた私を罵倒する夫と連れ子「月10万の家賃程度で偉そうにw」夫「支払い止めてみろw」私「喜んで」→3ヶ月後w,https://www.youtube.com/watch?v=tVGBSuWjl-4,100%
322,【スカッとする話】夫「来月ママが引っ越してくる！お前の部屋片付けておけw」私「はーい、キレイにしておくね」夫の出張中に不動産屋に連絡し家を売り払いキレイに更地にした結果w,https://www.youtube.com/watch?v=vyDCAcHPme8,8.6万回視聴 / 2 年前,Khloe Dollie,https://www.youtube.com/channel/UC0qyuyoGmlTjhcgifiYR3KQ,2 年前,273回視聴,【スカッとする話】夫「来月ママが引っ越してくる！お前の部屋片付けておけw」私「はーい、キレイにしておくね」夫の出張中に不動産屋に連絡し家を売り払いキレイに更地にした結果w【修羅場】,https://www.youtube.com/watch?v=Ebg52fMg0S0,100%
323,【スカッとする話】夫と車を返しに行くと5歳の姪「夫さんなんで赤ちゃん山に埋めたの？」私「え？」不思議な力を持つ姪の言葉に夫が顔面蒼白になり...,https://www.youtube.com/watch?v=HRvVDFnN1Y0,4.9万回視聴 / 3 年前,Kieutien Nguyen,https://www.youtube.com/channel/UCY3qa75ZZLlAjHUpEqXD4Ag,7 か月前,3回視聴,車を返しに行くと5歳の姪「夫さん、なんで赤ちゃん山に埋めたの？」私「え？」不思議な力を持つ姪の言葉に夫が顔面蒼白w 必死に隠した「1年前の秘密」が暴かれ、夫と浮気相手が辿った衝撃の末路w,https://www.youtube.com/watch?v=8hNOcfhSM5Q,75%
324,【スカッとする話】亡くなった元夫の保険金3000万で新築一軒屋を建てた夫「母さんに家買ったｗ逆らうなら離婚だw」私「わかりました。いいけど後悔するよ？」夫「しねぇよw」→1ヶ月後...【修羅場】,https://www.youtube.com/watch?v=dW-opdxTbYQ,11万回視聴 / 3 年前,Kli Omed,https://www.youtube.com/channel/UChxNiqWLSabAYRJXQZOuc9Q,3 年前,7回視聴,【修羅場な話】ｗｗｗ亡くなった元夫の保険金3000万で新築一軒屋を建てた夫「母さんに家を買ったw逆らうなら離婚だw」私「わかりました。いいけど後悔するよ？」夫「しねぇよw」→1ヶ月後…【修羅場】,https://www.youtube.com/watch?v=FuuDREJk6Oc,99%
325,【スカッとする話】私と夫が年金暮らしと知った途端、絶縁宣言する息子夫婦。息子「貧乏な親の介護とか無理w」息子嫁「絶縁でお願いしますw」私「いいよ（資産2億あるけど…）」息子「ばいび〜w」3ヶ月後ｗ,https://www.youtube.com/watch?v=OkM8PSI_Q9M,4.3万回視聴 / 11 か月前,LINEの箱,https://www.youtube.com/channel/UCiZIrm6UtkIXf-mSoM5Xb6Q,4 か月前,88回視聴,【LINE】私と夫が年金暮らしと知った途端に絶縁宣言する息子夫婦。息子「貧乏人と関わるの無理w」息子嫁「介護イヤだし絶縁でw」→私「いいよ（資産3億あるけど…）」息子夫婦「やったーw」,https://www.youtube.com/watch?v=6VSUU5EEOXc,72%
326,【スカッとする話】医者の夫を奪ったママ友「年収3千万の医者の旦那くんの子供出来たw3ヶ月後の結婚式来てねw」私「わかった」（年収3千万の医者は私なんだけど黙っとこw）3ヶ月後w【スカッと】【朗読】,https://www.youtube.com/watch?v=B-nqblWpeIE,5.4万回視聴 / 2 年前,LINE修羅場ステーション,https://www.youtube.com/channel/UCDkdGgFuVD3C25klPsUX35A,9 か月前,68回視聴,【LINE】私の夫を奪ったママ友「年収3000万の医者の旦那くんの子供できたw3ヶ月後の結婚式来てねw」→私「分かった（年収3000万の医者は私だけど黙っとこ）」3ヶ月後w,https://www.youtube.com/watch?v=JvQzRRPFDnc,86%
327,【スカッとする話】単身赴任中の夫から離婚届が郵送されてきた→家族全員で大喜びして即提出、家を売り払い引越すと…w【スカッと】【朗読】【修羅場】,https://www.youtube.com/watch?v=J569p3RUscE,7.5万回視聴 / 1 年前,LINE劇場,https://www.youtube.com/channel/UCpDQwkj2ZG5Tct1IucnrXsA,1 年前,"66,171回視聴",【LINE】単身赴任中のオレ様夫から離婚届が郵送されてきた…夫「俺に逆らうなら離婚だぞ？懲りたなら改めろ！」→家族全員で大喜びして即提出、家を売り払い引越した結果…w,https://www.youtube.com/watch?v=ZwYXwZJI654,74%
328,【スカッとする話】私と夫が年金暮らしと知った途端、絶縁宣言する息子夫婦。息子「貧乏な親の介護とか無理w」息子嫁「絶縁でお願いしますw」私「いいよ（資産2億あるけど…）」息子「ばいび〜w」3ヶ月後ｗ,https://www.youtube.com/watch?v=OkM8PSI_Q9M,4.3万回視聴 / 11 か月前,LINE夜桜,https://www.youtube.com/channel/UCHIoXAXIXCgT8R7HjnKcb2A,5 か月前,"6,982回視聴",【LINE】私と夫が年金暮らしと知った途端に絶縁宣言する息子夫婦。息子「貧乏人と関わるの無理w」息子嫁「介護イヤだし絶縁でw」→私「いいよ（資産3億あるけど…）」息子夫婦「やったーw」,https://www.youtube.com/watch?v=9QU_TUMYBOI,72%
329,【スカッとする話】年末年始の親族の集まりで20人分のおせちをゴミ箱にぶちまけたエリート夫「親戚にマズイ飯を作るな！」私「私は何も作ってないよ？」夫「え？」実は...,https://www.youtube.com/watch?v=iT0GjRHrB6w,26万回視聴 / 2 年前,LINE岩本 結菜,https://www.youtube.com/channel/UCW-raRd7iw8yU0txFdBCelA,1 か月前,"2,060回視聴",【LINE】 年末年始の親族の集まりで20人分のおせちをゴミ箱にぶちまけたエリート夫「親戚にマズイ飯を作るな！」私「私は何も作ってないよ？」夫「え？」実は..,https://www.youtube.com/watch?v=ebZxN9V-_xc,100%
330,【スカッとする話】30年連れ添った夫と離婚すると、義母「引っ越しはまだ？」夫「早く出てけ」私「30分後に消えます」荷物が運ばれ私が車に乗ると→義母「え？何なのこの高級車は？」,https://www.youtube.com/watch?v=Tlkag3rVT5s,18万回視聴 / 2 年前,LINE感情物語,https://www.youtube.com/channel/UCmCPsdt26NGQwolcoomPw0g,2 週間前,32回視聴,30年連れ添った夫と離婚すると、義母「引っ越しはまだ？早く出てけ」私「30分後に消えます」→30分後、荷物が運ばれ私が車に乗ると…,https://www.youtube.com/watch?v=66n9zvP-K2E,86%
331,【スカッとする話】年末年始の親族の集まりで20人分のおせちをゴミ箱にぶちまけたエリート夫「親戚にマズイ飯を作るな！」私「私は何も作ってないよ？」夫「え？」実は...,https://www.youtube.com/watch?v=iT0GjRHrB6w,26万回視聴 / 2 年前,LINE感情物語,https://www.youtube.com/channel/UCmCPsdt26NGQwolcoomPw0g,2 か月前,18回視聴,年末年始の親族の集まりで20人分のおせちをゴミ箱にぶちまけたエリート夫「親戚にマズイ飯を作るな！」私「私は何も作ってないよ？」夫「え？」実は..,https://www.youtube.com/watch?v=lf2PUZEu-Po,100%
332,【スカッとする話】医者の夫を奪ったママ友「年収3千万の医者の旦那くんの子供出来たw3ヶ月後の結婚式来てねw」私「わかった」（年収3千万の医者は私なんだけど黙っとこw）3ヶ月後w【スカッと】【朗読】,https://www.youtube.com/watch?v=B-nqblWpeIE,5.4万回視聴 / 2 年前,LINE秘,https://www.youtube.com/channel/UC_Q9oIkKYp5wCnKvzLdeIrw,1 か月前,1 回視聴,私の夫を奪ったママ友「年収3000万の医者の旦那くんの子供できたw3ヶ月後の結婚式来てねw」→私「分かった（年収3000万の医者は私だけど黙っとこ）」3ヶ月後w,https://www.youtube.com/watch?v=duu-MgWOatI,86%
333,【スカッとする話】30年連れ添った夫と離婚すると、義母「引っ越しはまだ？」夫「早く出てけ」私「30分後に消えます」荷物が運ばれ私が車に乗ると→義母「え？何なのこの高級車は？」,https://www.youtube.com/watch?v=Tlkag3rVT5s,18万回視聴 / 2 年前,LINE説明する,https://www.youtube.com/channel/UCXziKPDsBisEjWnWzkrAc0g,1 年前,30回視聴,【LINE】30年連れ添った夫と離婚すると、義母「引っ越しはまだ？早く出てけ」私「30分後に消えます」→30分後、荷物が運ばれ私が車に乗ると…,https://www.youtube.com/watch?v=jY5aJ8xQb9M,86%
334,【スカッと】単身赴任の夫の家へサプライズで行くと記入済みの離婚届が...私「お望み通り提出するか」速攻で提出して携帯解約し家を売却して海外移住した結果w,https://www.youtube.com/watch?v=jcLkESG2h5U,4.7万回視聴 / 2 年前,La primera dinastía,https://www.youtube.com/channel/UCcoNEsDFchbWKIhodPJpGeQ,1 年前,705回視聴,【スカッと】単身赴任の夫の家へサプライズで行くと記入済みの離婚届が…私「お望み通り提出してやるか」速攻で提出して携帯解約し家を売却して海外移住した結果,https://www.youtube.com/watch?v=Fd0qmuXfNL4,97%
335,【スカッとする話】愛人と隠し子を連れ帰宅した夫「息子はお前にやる！離婚だ！」息子「母さんとは離婚出来ないよ？だって...」息子の衝撃の一言で夫と愛人が半狂乱にw,https://www.youtube.com/watch?v=E6hGGRc68uY,15万回視聴 / 2 年前,La primera dinastía,https://www.youtube.com/channel/UCcoNEsDFchbWKIhodPJpGeQ,1 年前,702回視聴,【スカッと】愛人と隠し子を連れ帰宅した夫「息子はお前にやる!!離婚だ!!」息子「母さんとは離婚出来ないよ？だって父さんは…」息子の衝撃の一言で夫と愛人が半狂乱に,https://www.youtube.com/watch?v=oeF9zz1xxdk,97%
336,【スカッと総集編】夫が土下座「20歳の愛人が妊娠した！離婚してくれ！」私「はい離婚届け。じゃ娘以外は連れてくね」夫「は？娘も連れていけよ」私「無理、だってこの子は…」【スカッとする話】,https://www.youtube.com/watch?v=70JSyEr3ztQ,34万回視聴 / 3 年前,La Última Verdad、思わず涙する感動物語,,1 か月前,4回視聴,夫が土下座 「20歳の愛人が妊娠した!離婚してくれ!」私 「はい離婚届け。じゃ娘以外は連れてくね」夫 「は？娘も連れていけよ」私 「無理、だってこの子は…」,https://www.youtube.com/watch?v=zw4MbBvsh0g,100%
337,【スカッとする話】私が余命半年と聞いて愛人と豪遊しはじめた夫「いつまで生きてるの？w」 私「余命なのはあなただよ？」後日、半狂乱の夫が...【修羅場】【スカッと】,https://www.youtube.com/watch?v=Tm9DKLFF30M,25万回視聴 / 3 年前,Laurentina Bertelle,https://www.youtube.com/channel/UCxBLVRbeuoxJFng1exAV29A,1 年前,3回視聴,【スカッと感動】私が余命半年と聞いて愛人と豪遊しはじめた夫「いつまで生きてるの？w」 私「余命なのはあなただよ？」後日、半狂乱の夫,https://www.youtube.com/watch?v=3mxPE8FcD0Q,99%
338,【スカッとする話】夫を略奪した姉から結婚式の招待状が届くと、父「母さんと2人で行くよ」母「地獄を見せてくるわね」普段温厚な両親がこの後...w,https://www.youtube.com/watch?v=g4FVXeIsDTQ,14万回視聴 / 2 年前,LeeHanson940552,https://www.youtube.com/channel/UCiFpfZ4zxQrKJWwuR5vCHpQ,1 年前,0 回視聴,【スカッとする話】夫を略奪した姉から結婚式の招待状が届くと、父「母さんと2人で行くよ」母「地獄を見せてくるわね」普段温厚な両親がこの後   w,https://www.youtube.com/watch?v=jETuccVhfX8,100%
339,【スカッとする話】長男が娘を残して他界。長男嫁「金持ちの医者と再婚するw双子はババァが育てろw」私「いいの？喜んで！」60歳の私が工場の皆と育てると→15年後、まさかの展開に,https://www.youtube.com/watch?v=VPQPhd_XW-o,11万回視聴 / 2 年前,LeeHanson940552,https://www.youtube.com/channel/UCiFpfZ4zxQrKJWwuR5vCHpQ,1 年前,0 回視聴,【スカッとする話】長男が娘を残して他界。長男嫁「金持ちの医者と再婚するw双子はババァが育てろw」私「いいの？喜んで！」60歳の私が工場の皆と育てると→15年後、まさかの展開に,https://www.youtube.com/watch?v=rQIgbkH3W5g,100%
340,【スカッとする話】10年前、私と長男を捨てて職場の年上男性と駆け落ちした長男嫁「旦那と家に戻るからあんた達は家から出てって！」私「家はもうないけど？」嫁「え？」長男と結託し、地獄を見せてやった結果w,https://www.youtube.com/watch?v=QYxvtK-welQ,5.3万回視聴 / 3 年前,Legacy Apollo,https://www.youtube.com/channel/UC2YwIXq-utTkNLQgcRVloyQ,2 年前,0 回視聴,【スカッとする話】10年前、私と長男を捨てて職場の年上男性と駆け落ちした長男嫁「旦那と家に戻るからあんた達は家から出てって！」私「家はもうないけど？」嫁「え？」長男と結託し、地獄を見せてや,https://www.youtube.com/watch?v=WscqTpYLrIY,97%
341,【スカッとする話】39歳で高齢妊娠した私が病院へ行くと、エリート銀行の元夫に遭遇「ババァが妊婦とかキモw」直後、現夫が現れ「私の妻が何か？」すると元夫がガクガク震え出し...【修羅場】,https://www.youtube.com/watch?v=164f_ZUgz7E,4.4万回視聴 / 3 年前,Legacy Apollo,https://www.youtube.com/channel/UC2YwIXq-utTkNLQgcRVloyQ,2 年前,0 回視聴,【スカッとする話】39歳で高齢妊娠した私が病院へ行くと、エリート銀行の元夫に遭遇「ババァが妊婦とかキモw」直後、現夫が現れ「私の妻が何か？」すると元夫がガクガク震え出し   【修羅場】,https://www.youtube.com/watch?v=yNLHCpUS1JA,100%
342,【スカッとする話】73歳の誕生日に長男夫婦がくれた10万円の時計をゴミ箱に捨てた私に夫「長男と長男嫁さんに土下座して謝れ！」私「これ見ても同じこと言える？」夫「え？」実は…【修羅場】,https://www.youtube.com/watch?v=-WjRVa4jNLk,5.9万回視聴 / 3 年前,Legacy Apollo,https://www.youtube.com/channel/UC2YwIXq-utTkNLQgcRVloyQ,2 年前,175回視聴,【スカッとする話】73歳の誕生日に長男夫婦がくれた10万円の時計をゴミ箱に捨てた私に夫「長男と長男嫁さんに土下座して謝れ！」私「これ見ても同じこと言える？」夫「え？」実は…【修羅場】,https://www.youtube.com/watch?v=c0b7OwI4zCw,100%
343,【スカッとする話】息子「引っ越しはまだか？！」息子夫婦に父の遺産を独占され実家から追い出しだされた私と夫。夫「そ、そんな...」私「うまくいったわね！作戦成功！」夫「は？」実は...【修羅場】,https://www.youtube.com/watch?v=BdrL9Al-wcc,2.4万回視聴 / 3 年前,Legacy Apollo,https://www.youtube.com/channel/UC2YwIXq-utTkNLQgcRVloyQ,2 年前,0 回視聴,【スカッとする話】息子「引っ越しはまだか？！」息子夫婦に父の遺産を独占され実家から追い出しだされた私と夫。夫「そ、そんな   」私「うまくいったわね！作戦成功！」夫「は？」実は   【修羅,https://www.youtube.com/watch?v=dSZVeRv2AUo,98%
344,【スカッとする話】着物を着て嫁の実家へ行くと長男嫁「何ですかその安物w弁償するんで新しいの買ってきてくださいw」とワインをぶっかけられた→私「この着物300万だけど…」長男嫁「は？」【修羅場】,https://www.youtube.com/watch?v=rPypPSQZ3YI,6.4万回視聴 / 3 年前,Legacy Apollo,https://www.youtube.com/channel/UC2YwIXq-utTkNLQgcRVloyQ,2 年前,0 回視聴,【スカッとする話】着物を着て嫁の実家へ行くと長男嫁「何ですかその安物w弁償するんで新しいの買ってきてくださいw」とワインをぶっかけられた→私「この着物300万だけど…」長男嫁「は？」【修羅,https://www.youtube.com/watch?v=FB12yimfK1E,98%
345,【スカッとする話】長男の結婚式へ出席すると私の席だけが無い。私の事が大嫌いな長男嫁「席の用意忘れたwお祝儀払って帰れw」私「いいけど後悔するよ？」長男嫁「黙れババァw」1時間後w【修羅場】【スカッと】,https://www.youtube.com/watch?v=sjdVGMyS0Gs,5.9万回視聴 / 3 年前,Legacy Apollo,https://www.youtube.com/channel/UC2YwIXq-utTkNLQgcRVloyQ,2 年前,10回視聴,【スカッとする話】長男の結婚式へ出席すると私の席だけが無い。私の事が大嫌いな長男嫁「席の用意忘れたwお祝儀払って帰れw」私「いいけど後悔するよ？」長男嫁「黙れババァw」1時間後w【修羅場】【,https://www.youtube.com/watch?v=kfmZxFYpE4Q,99%
346,【スカッとする話】長男夫婦「ババァは口を開くな！」食事さえ許されずガリガリの私…久々に帰国した次男「母さんは食べないの？」私「いつもの事よ…」次男「は？」その後..【修羅場】,https://www.youtube.com/watch?v=uSa9TRN9UTA,4.4万回視聴 / 3 年前,Legacy Apollo,https://www.youtube.com/channel/UC2YwIXq-utTkNLQgcRVloyQ,2 年前,0 回視聴,【スカッとする話】長男夫婦「ババァは口を開くな！」食事さえ許されずガリガリの私…久々に帰国した次男「母さんは食べないの？」私「いつもの事よ…」次男「は？」その後  【修羅場】,https://www.youtube.com/watch?v=Vk35R5f7G2w,100%
347,【スカッとする話】長男夫婦が私の持ち家から引っ越した途端、老後の為に貯めた3000万が無くなった...。私「警察を呼んで！」長男「やめろ！長男嫁が疑われる！」→私「もう通報したよ？」30分後【修羅場】,https://www.youtube.com/watch?v=XH3CEgYvbAI,15万回視聴 / 3 年前,Legacy Apollo,https://www.youtube.com/channel/UC2YwIXq-utTkNLQgcRVloyQ,2 年前,0 回視聴,【スカッとする話】長男夫婦が私の持ち家から引っ越した途端、老後の為に貯めた3000万が無くなった   。私「警察を呼んで！」長男「やめろ！長男嫁が疑われる！」→私「もう通報したよ？」30分,https://www.youtube.com/watch?v=xyN57zqS76Q,99%
348,【スカッとする話】長男嫁のスマホに夫から着信。手を離せない長男嫁の代わりに私がスピーカーにして電話に出ると、嫁と勘違いした夫と長男がトンデモナイ会話をしはじめ…私は慌てて警察に通報した結果【修羅場】,https://www.youtube.com/watch?v=W_2WifFIdxI,6.1万回視聴 / 3 年前,Legacy Apollo,https://www.youtube.com/channel/UC2YwIXq-utTkNLQgcRVloyQ,2 年前,0 回視聴,【スカッとする話】長男嫁のスマホに夫から着信。手を離せない長男嫁の代わりに私がスピーカーにして電話に出ると、嫁と勘違いした夫と長男がトンデモナイ会話をしはじめ…私は慌てて警察に通報した結果,https://www.youtube.com/watch?v=HTl3ryWNJfI,100%
349,【スカッとする話】夫が亡くなり1年後の法事にわざと結婚式をかぶせた親友「友人みんなこっちに来るってw弔いはあんた独りだねw」その言葉に私ニッコリ、実は...,https://www.youtube.com/watch?v=Y2dW4Y_TW6k,3.4万回視聴 / 2 年前,Lehner Karine,https://www.youtube.com/channel/UCA0SvKgidYZcjxppihuhV5A,2 年前,0 回視聴,【スカッとする話】夫が亡くなり1年後の法事にわざと結婚式をかぶせた親友「友人みんなこっちに来るってw弔いはあんた独りだねw」その言葉に私ニッコリ、実は,https://www.youtube.com/watch?v=PW3h59CPtT0,100%
350,【スカッとする話】癌でボロボロの状態で姉夫婦に追い出された祖母。姉「コイツはお前が面倒見ろw」私「いいよ！」夫婦で高級中華を営む私が祖母を引き取った結果w,https://www.youtube.com/watch?v=X-XsOSVdcY8,2.9万回視聴 / 2 年前,Lehner Karine,https://www.youtube.com/channel/UCA0SvKgidYZcjxppihuhV5A,2 年前,0 回視聴,【スカッとする話】癌でボロボロの状態で姉夫婦に追い出された祖母。姉「コイツはお前が面倒見ろw」私「いいよ！」夫婦で高級中華を営む私が祖母を引き取った結果w,https://www.youtube.com/watch?v=DmJi1NAql6Y,100%
351,【スカッとする話】夫「来月ママが引っ越してくる！お前の部屋片付けておけw」私「はーい、キレイにしておくね」夫の出張中に不動産屋に連絡し家を売り払いキレイに更地にした結果w,https://www.youtube.com/watch?v=vyDCAcHPme8,8.6万回視聴 / 2 年前,Leo Ashley,https://www.youtube.com/channel/UC0_exr8Mbdhx2c_GKxI4BsA,2 年前,0 回視聴,【スカッとする話】夫「来月ママが引っ越してくる！お前の部屋片付けておけw」私「はーい、キレイにしておくね」夫の出張中に不動産屋に連絡し家を売り払いキレイに更地にした結果w【修羅場】,https://www.youtube.com/watch?v=ph9DM3Dvf_w,100%
352,【スカッとする話】5歳の娘の病気が判明した途端、私と娘を捨て愛人と消えた夫。9年後、娘のある秘密を知ると夫「迎えに来たぞ！パパと帰ろう」娘「え？誰このおじさん」夫「え？」,https://www.youtube.com/watch?v=SA1PcWksbus,3.8万回視聴 / 2 年前,Leoma Nora,https://www.youtube.com/channel/UC2gLuwqmbz63MW-40k4j78Q,2 年前,1 回視聴,【スカッとする話】5歳の娘の病気が判明した途端、私と娘を捨て愛人と消えた夫。9年後、娘のある秘密を知ると夫「迎えに来たぞ！パパと帰ろう」娘「え？誰このおじさん」夫「え？」,https://www.youtube.com/watch?v=cSrj4CwVfys,100%
353,【スカッとする話】父から相続した2億円の豪邸を勝手に自分名義に変更した夫「これで家は俺のw文句あるなら離婚ｗ」私「じゃあ離婚でいいけど、後悔しない？」夫「しねぇよw」3日後w,https://www.youtube.com/watch?v=oTP6l6MCmBU,5.5万回視聴 / 2 年前,Leoma Nora,https://www.youtube.com/channel/UC2gLuwqmbz63MW-40k4j78Q,2 年前,0 回視聴,【スカッとする話】父から相続した2億円の豪邸を勝手に自分名義に変更した夫「これで家は俺のw文句あるなら離婚ｗ」私「じゃあ離婚でいいけど、後悔しない？」夫「しねぇよw」3日後w,https://www.youtube.com/watch?v=rv6Uzrlj0FA,100%
354,【スカッと】2年間、義母と義姉にいびられ続け離婚を決めた私に義父「出来損ないはとっとと失せろw」夫「やっと寄生虫が消えるぜw」迎えに来た両親が玄関に車を回すと義父が真っ青になり…,https://www.youtube.com/watch?v=xIwpDyPA1ng,5.3万回視聴 / 2 年前,Linh Hung,https://www.youtube.com/channel/UCxkNSDwcVwK6VUDS-ml1CMA,1 年前,1 回視聴,【スカッと】2年間、義母と義姉にいびられ続け離婚を決めた私に義父「出来損ないはとっとと失せろw」夫「やっと寄生虫が消えるぜw」迎えに来た両親が玄関に車を回すと義父が真っ青になり…,https://www.youtube.com/watch?v=eAsCePTw4Ww,100%
355,【スカッとする話】10億の資産を築いた父の葬儀後に母と高級料亭へ行くと、なぜか欠席してた夫と姑の姿が…。声をかけようとすると夫と姑のとんでもない会話が聞こえたのでこっそり先手を打った結果w,https://www.youtube.com/watch?v=7RO_1nL2V5U,7.9万回視聴 / 3 年前,Loan Vu,https://www.youtube.com/channel/UCcSWImAU76lOLjftF7FbrNA,1 年前,0 回視聴,【スカッとする話】10億の資産を築いた父の葬儀後に母と高級料亭へ行くと、なぜか欠席してた夫と姑の姿が…。声をかけようとすると夫と姑のとんでもない会話が聞こえたのでこっそり先手,https://www.youtube.com/watch?v=SpdaOsDOKuY,96%
356,【スカッとする話】10年介護した義父の葬儀後に義母「介護終わったし離婚して出てけw」夫「実は愛人と隠し子がいるんだw」翌日、家を引越し出ていくと→涙を流した義母と夫から鬼電がw,https://www.youtube.com/watch?v=6GdpFfoyDeI,9.3万回視聴 / 2 年前,Loan Vu,https://www.youtube.com/channel/UCcSWImAU76lOLjftF7FbrNA,1 年前,0 回視聴,【スカッとする話】10年介護した義父の葬儀後に義母「介護終わったし離婚して出てけw」夫「実は愛人と隠し子がいるんだw」翌日、家を引越し出ていくと→涙を流した義母と夫か,https://www.youtube.com/watch?v=435aIR-zvJk,97%
357,【スカッとする話】15年前に私と娘を捨て愛人を選び、音信不通だった元夫から電話「娘の結婚式始まるぞ！早く来い」私「え？娘はまだ高校生よ？」元夫「え？」実は...,https://www.youtube.com/watch?v=gFcbBfixNWk,9.3万回視聴 / 2 年前,Loan Vu,https://www.youtube.com/channel/UCcSWImAU76lOLjftF7FbrNA,1 年前,1 回視聴,【スカッとする話】15年前に私と娘を捨て愛人を選び、音信不通だった元夫から電話「娘の結婚式始まるぞ！早く来い」私「え？娘はまだ高校生よ？」元夫,https://www.youtube.com/watch?v=Xj6plivPahE,97%
358,【スカッとする話】9年前、夫を奪い駆け落ちした元親友「旦那と実家に帰るから！アンタは家から出てけw」私「え？家は解体して更地だよ？」元親友・元夫「え？」実は…,https://www.youtube.com/watch?v=dWVCzj4UgzQ,8.4万回視聴 / 2 年前,Loan Vu,https://www.youtube.com/channel/UCcSWImAU76lOLjftF7FbrNA,1 年前,0 回視聴,【スカッとする話】9年前、夫を奪い駆け落ちした元親友「旦那と実家に帰るから！アンタは家から出てけw」私「え？家は解体して更地だよ？」元親友・元夫,https://www.youtube.com/watch?v=fP3svBwILjw,97%
359,【スカッとする話】中学から18年付き合った婚約者「やっぱババァの嫁は無理！若い嫁探すから婚約破棄でw」1年後、半狂乱の婚約者から鬼電→永久に無視した結果w,https://www.youtube.com/watch?v=WMiRJzlQfg4,3.1万回視聴 / 2 年前,Loan Vu,https://www.youtube.com/channel/UCcSWImAU76lOLjftF7FbrNA,1 年前,0 回視聴,【スカッとする話】中学から18年付き合った婚約者「やっぱババァの嫁は無理！若い嫁探すから婚約破棄でw」1年後、半狂乱の婚約者から鬼電→永久に無視した結果w,https://www.youtube.com/watch?v=GLXz3u2zLQw,100%
360,【スカッとする話】夫と娘に10年間も嫌われ続けた母親の私。ある日、勝手に鍵を変えられ閉め出されたので離婚届けを置いて引越し家を売却して更地にした結果w,https://www.youtube.com/watch?v=KFzrZl6FN1Y,8.5万回視聴 / 3 年前,Loan Vu,https://www.youtube.com/channel/UCcSWImAU76lOLjftF7FbrNA,1 年前,0 回視聴,【スカッとする話】夫と娘に10年間も嫌われ続けた母親の私。ある日、勝手に鍵を変えられ閉め出されたので離婚届けを置いて引越し家を売却して更地にし,https://www.youtube.com/watch?v=aHM7oJBq7Xw,98%
361,【スカッとする話】愛人と隠し子と高級ホテルから出てきた夫と遭遇した私「家族がいたのね！ごめん！」夫「ち、違うんだ！待ってくれ！」即離婚届を提出し義両親に報告→半狂乱の夫から鬼電がw,https://www.youtube.com/watch?v=hCybFW2PLUE,10万回視聴 / 2 年前,Loan Vu,https://www.youtube.com/channel/UCcSWImAU76lOLjftF7FbrNA,1 年前,0 回視聴,【スカッとする話】愛人と隠し子と高級ホテルから出てきた夫と遭遇した私「家族がいたのね！ごめん！」夫「ち、違うんだ！待ってくれ！」即離婚届を提出し義両親に報告→半狂,https://www.youtube.com/watch?v=iY63ZL4OS8c,94%
362,【スカッとする話】夫の連れ子の娘と暮らし始めて1年。しかし、全くなつく気配がない…夫が海外出張に行った日に娘が初めて話しかけてきた。娘「お母さん、実は...」そう言って差し出された手には...,https://www.youtube.com/watch?v=BKC9CbFIESk,5.2万回視聴 / 3 年前,Lorenzo Lander,https://www.youtube.com/channel/UCGgHMZzhTAtyHP-dA0eVITQ,2 年前,"2,069回視聴",【スカッとする話】夫の連れ子の娘と暮らし始めて1年。しかし、全くなつく気配がない…夫が海外出張に行った日に娘が初めて話しかけてきた。娘「お母さん、実は   」そう言って差し出された手には,https://www.youtube.com/watch?v=-9F2VzF-Jdc,100%
363,【スカッと】長男夫婦がお盆に帰省し私が店を予約すると長男嫁「何この汚い店w年金生活の貧乏ババァじゃ仕方ないかw」直後、普段温厚な夫→夫「調子乗るなよガキが」長男嫁「え？」,https://www.youtube.com/watch?v=LXxfsTZeuZU,11万回視聴 / 2 年前,Loreta Chiodino,https://www.youtube.com/channel/UCSs6WrsDTPM9nGoHTP01SFw,1 か月前,0 回視聴,長男夫婦がお盆に帰省し私が店を予約すると長男嫁「何この汚い店w年金生活の貧乏ババアじゃ仕方ないかw」→直後、普段温厚な夫「調子乗るなよガキが」長男嫁「え？」,https://www.youtube.com/watch?v=GU7G5dnZZ4Y,98%
364,【スカッとする話】私が夫の入院費を払ってると知らず私の荷物を全て捨てた夫の連れ子「もうパパに寄生するなw」連れ子を残し1億のタワマンに引越し入院費の支払いも止めた結果w,https://www.youtube.com/watch?v=JaGjTAkTfxQ,30万回視聴 / 2 年前,Loreta Chiodino,https://www.youtube.com/channel/UCSs6WrsDTPM9nGoHTP01SFw,1 か月前,0 回視聴,私が夫の入院費を払ってると知らず私の荷物を全て捨てた夫の連れ子「もうパパに寄生するなw」→連れ子を残し1億のタワマンに引っ越し入院費の支払いも止めた結果ｗ,https://www.youtube.com/watch?v=v3ZJf3G1vao,99%
365,【スカッとする話】38歳の私と新生児を捨て若い女と再婚した夫と別れ3年後、義両親から突然の電話「旦那の葬式なのに喪主は早く来い！」私「元夫の葬儀は去年出ましたが？」義両親「はい？」,https://www.youtube.com/watch?v=reFrC-La47k,6万回視聴 / 2 年前,Luciana Moises,https://www.youtube.com/channel/UCUiplhS7h-ESdVt3At79m6g,2 年前,0 回視聴,【スカッとする話】38歳の私と新生児を捨て若い女と再婚した夫と別れ3年後、義両親から突然の電話「旦那の葬式なのに喪主は早く来い！」私「元夫の葬儀は去年出ましたが？」義両親「はい？」,https://www.youtube.com/watch?v=280n9HHLgCA,100%
366,【スカッとする話】私が役員報酬で家計を支えていると知らず夫を略奪し引越した愛人。愛人「家政婦で良いなら住所教えるよw」私「じゃ時給780円の夫とは離婚で」愛人「寝言は寝て言えw」結果w,https://www.youtube.com/watch?v=7BkfeUd5plU,7.6万回視聴 / 2 年前,Luciana Moises,https://www.youtube.com/channel/UCUiplhS7h-ESdVt3At79m6g,2 年前,1 回視聴,【スカッとする話】私が役員報酬で家計を支えていると知らず夫を略奪し引越した愛人。愛人「家政婦で良いなら住所教えるよw」私「じゃ時給780円の夫とは離婚で」愛人「寝言は寝て言えw」結果w,https://www.youtube.com/watch?v=s60XlJHkZB8,100%
367,【スカッとする話】親族の集まりでエリート夫「嫁の飯はまずいんだよなw」私「え？私の料理食べた事ある？食事はいつも愛人宅じゃないの」義父「は？」義両親がブチギレ...,https://www.youtube.com/watch?v=GZtalGoS6qE,11万回視聴 / 3 年前,Lucio Arteaga,https://www.youtube.com/channel/UCHVHba8ZgBskJtgaB44gXLQ,1 年前,0 回視聴,【スカッとする話】親族の集まりでエリート夫「嫁の飯はまずいんだよなw」私「え？私の料理食べた事ある？食事はいつも愛人宅じゃないの」義父「は？」義両親がブチギ,https://www.youtube.com/watch?v=jKyeBzROlSU,99%
368,【スカッと総集編】家のローン月18万を払ってると知らず同居の長男嫁に1年間無視された...ある日、私「あれ？なんで私の荷物が...」長男嫁「キレイにしておいてあげたw」私の荷物を勝手に捨てられた,https://www.youtube.com/watch?v=bPcGySAd3gA,20万回視聴 / 2 年前,Lucio Arteaga,https://www.youtube.com/channel/UCHVHba8ZgBskJtgaB44gXLQ,1 年前,0 回視聴,【スカッとする話】家のローン月18万を払ってると知らず同居の長男嫁に1年間無視された   ある日、私「あれ？なんで私の荷物が   」長男嫁「キレイにしておいてあげたw」私,https://www.youtube.com/watch?v=DtKiTd5pAvE,91%
369,【スカッとする話】息子のために買った200万のミニバンを勝手に義母に売った夫「母さんが欲しがってたから売ったw」私「はい離婚届。お世話になりました」息子「おっさんバイバーイ」結果w,https://www.youtube.com/watch?v=G5EW79OqTe8,4.3万回視聴 / 1 年前,Lân Nguyễn,https://www.youtube.com/channel/UCz1LoLpbgZe9zf0J7YeLm8g,7 か月前,0 回視聴,息子のために買った200万のミニバンを勝手に義母へ売った夫「母さんが欲しがってたから売ったw」私「はい離婚届。お世話になりました」息子「おっさんバイバーイw」結果w|スカッとする話|朗読|スカッと,https://www.youtube.com/watch?v=2atoO7P0Al4,89%
370,【スカッとする話】姑の誕生会でも私を家政婦扱いする夫「バカ嫁さっさと料理出せ」義父「これ全部1人で！？」私「いつものことですから…」すると義父が豹変し…【修羅場】,https://www.youtube.com/watch?v=My7bUq_jaIs,11万回視聴 / 3 年前,M Kelley,https://www.youtube.com/channel/UCaPMn8p5elXnsSTDAwCN1vg,2 年前,0 回視聴,【スカッと】義母の誕生会でも私を家政婦扱いする夫「バカ嫁さっさと料理出せ」義父「これ全部1人で！？」私「いつものことですから…」すると義父が豹変し…【修羅場】,https://www.youtube.com/watch?v=C6SUPeP05J8,85%
371,【スカッと】私が新築タワマンを購入した途端に夫「明日から愛人と同居する！」愛人「ババァは私の家から出てけw」私「え？私は独身ですが？」夫・愛人「は？」結果w,https://www.youtube.com/watch?v=fz32YDbWe1Q,5.3万回視聴 / 2 年前,Maci Abner,https://www.youtube.com/channel/UC_RzCxoVj1guzlsls0mTtaA,1 年前,4回視聴,【スカッと】私が新築タワマンを購入した途端に夫「明日から愛人と同居する！」愛人「ババァは私の家から出てけw」私「え？私は独身ですが？」夫・愛人「は？」結果,https://www.youtube.com/watch?v=Dp4pffWnT1Q,100%
372,【スカッと総集編】私が新築タワマンを購入した途端に夫「明日から愛人と同居する！」愛人「ババァは私の家から出てけw」私「え？私は独身ですが？」夫・愛人「は？」結果w,https://www.youtube.com/watch?v=b7xMpCmS-ec,14万回視聴 / 2 年前,Maci Abner,https://www.youtube.com/channel/UC_RzCxoVj1guzlsls0mTtaA,1 年前,4回視聴,【スカッと】私が新築タワマンを購入した途端に夫「明日から愛人と同居する！」愛人「ババァは私の家から出てけw」私「え？私は独身ですが？」夫・愛人「は？」結果,https://www.youtube.com/watch?v=Dp4pffWnT1Q,100%
373,【スカッとする話】夫の出張中に息子に誘われ高級ホテルへディナーに行くと女性にプロポーズする夫「亡き妻と息子の分まで幸せにする！」直後、静かに席を立ち上がり求婚に乱入→私と息子「死んだ全家族です」,https://www.youtube.com/watch?v=-fE68tebmjk,7.2万回視聴 / 2 年前,Macie Sylas,https://www.youtube.com/channel/UCY_Wl-VWrOoEA1KYvNoz4Jg,2 年前,0 回視聴,【スカッとする話】夫の出張中に息子に誘われ高級ホテルへディナーに行くと女性にプロポーズする夫「亡き妻と息子の分まで幸せにする！」→直後、静かに席を立ち求婚に乱入「どうも、亡き妻と息子です」,https://www.youtube.com/watch?v=bpfnjmCr7WY,90%
374,【スカッとする話】私が余命半年と聞いて愛人と豪遊しはじめた夫「いつまで生きてるの？w」 私「余命なのはあなただよ？」後日、半狂乱の夫が...【修羅場】【スカッと】,https://www.youtube.com/watch?v=Tm9DKLFF30M,25万回視聴 / 3 年前,Madisyn Remington,https://www.youtube.com/channel/UC5SAa5zLq3oso9V2i7av9gw,1 年前,0 回視聴,【スカッとする話】私が余命半年と聞いて愛人と豪遊しはじめた夫「いつまで生きてるの？w」 私「余命なのはあなただよ？」後日、半狂乱の夫が…【修羅場】 1,https://www.youtube.com/watch?v=uGQfkcBijUQ,99%
375,【スカッとする話】長男夫婦との二世帯住宅ローンを月25万全額支払う私に長男嫁「小銭ぐらいで偉そうにｗ」長男「支払い止めてみろｗ」私「喜んで！」支払い止めた結果w【修羅場】【スカッと】,https://www.youtube.com/watch?v=WHx8h3F0pU0,34万回視聴 / 3 年前,Mai Ho,https://www.youtube.com/channel/UCiiq4SeNAzJyjKqG7kr0j8A,1 年前,2回視聴,【スカッとする話】長男夫婦との二世帯住宅ローンを月25万全額支払う私に長男嫁「小銭ぐらいで偉そうにｗ」長男「支払い止めてみろｗ」私「じゃあ喜んで！」家を出て支払い止めた結果w【修羅場】,https://www.youtube.com/watch?v=-MblJUS2lCg,94%
376,【スカッとする話】5歳の娘の病気が判明した途端、私と娘を捨て愛人と消えた夫。9年後、娘のある秘密を知ると夫「迎えに来たぞ！パパと帰ろう」娘「え？誰このおじさん」夫「え？」,https://www.youtube.com/watch?v=SA1PcWksbus,3.8万回視聴 / 2 年前,Maisie Lyric,https://www.youtube.com/channel/UCZOrmIrIIIvGK7hhRVUgmfw,1 年前,0 回視聴,【スカッとする話】5歳の娘の病気が判明した途端、私と娘を捨て愛人と消えた夫。9年後、娘のある秘密を知ると夫「迎えに来たぞ！パパと帰ろう」娘「え？誰このおじさん」夫「え？」 1,https://www.youtube.com/watch?v=-3i13IJut2k,99%
377,【スカッとする話】姉の夫を奪った親友と４年ぶりに再会。元親友「子供出来たからお祝いに30万頂戴ｗ」元姉夫「アイツと違って美人生まれそうｗ」私「あ、実はその子なんだけど…」私の一言で2人は右往左往し,https://www.youtube.com/watch?v=qg4aYM5y7fM,5.2万回視聴 / 2 年前,Maisie Lyric,https://www.youtube.com/channel/UCZOrmIrIIIvGK7hhRVUgmfw,1 年前,3回視聴,【スカッとする話】姉の夫を奪った親友と４年ぶりに再会。元親友「子供出来たからお祝いに30万頂戴ｗ」元姉夫「アイツと違って美人生まれそう」私「あ、実はその子なんだけど…」私の一言で2人は右往,https://www.youtube.com/watch?v=rVLC4igdnlc,98%
378,【スカッとする話】長男嫁との同居を勝手に決める夫「長男夫婦の荷物届いただろ？何処にある？」 私「送り返したから無いわよ。私が引っ越そうか？」夫「え？」 結果w【修羅場】,https://www.youtube.com/watch?v=1THk2u4bt3s,5.3万回視聴 / 3 年前,Maisie Lyric,https://www.youtube.com/channel/UCZOrmIrIIIvGK7hhRVUgmfw,1 年前,0 回視聴,【スカッとする話】長男嫁との同居を勝手に決める夫「長男夫婦の荷物届いただろ？何処にある？」 私「送り返したから無いわよ。私が引っ越そうか？」夫「え？」 結果,https://www.youtube.com/watch?v=XVsoNHZRhWA,100%
379,【スカッと総集編】家のローン月18万を払ってると知らず同居の長男嫁に1年間無視された...ある日、私「あれ？なんで私の荷物が...」長男嫁「キレイにしておいてあげたw」私の荷物を勝手に捨てられた,https://www.youtube.com/watch?v=bPcGySAd3gA,20万回視聴 / 2 年前,Malaki Parry,https://www.youtube.com/channel/UCYKTgNySPpHB4nSql-ZtrWQ,1 年前,0 回視聴,【スカッと】家のローン月18万を払ってると知らず同居の長男嫁に1年間無視された   ある日、私「あれ？なんで私の荷物が   」長男嫁「キレイにしておいてあげたw」私の荷物を勝手に捨てられた,https://www.youtube.com/watch?v=UBpd3d39qyw,100%
380,【スカッとする話】13年前、私の姉と駆け落ちした夫に高級中華で再会すると…元夫「あれ？まだ独身なの？wババァなのに惨めだなw」私「え？言ってなかった？」13年間の出来事を教えてあげた結果ｗ【修羅場】,https://www.youtube.com/watch?v=5xbpxKhI7qc,2.7万回視聴 / 3 年前,Malani Darren,https://www.youtube.com/channel/UCGjfIdDymNvLcybwzheXAnQ,1 年前,0 回視聴,【スカッとする話】13年前、私の姉と駆け落ちした夫に高級中華で再会すると…元夫「あれ？まだ独身なの？wババァなのに惨めだなw」私「え？言ってなかった？」13年間の出来事を教えてあげた結果,https://www.youtube.com/watch?v=NzwRCsLRWOk,100%
381,【スカッとする話】夫が亡くなり葬式後、更に最愛の長男と孫まで亡くした私に長男嫁「遺産は私が貰うからババァも逝けw」と深夜に家を追い出された。公園で号泣してると、懐かしい声が聞こえ振り返ると...,https://www.youtube.com/watch?v=xGHuS24cdnQ,1.6万回視聴 / 3 年前,Malani Darren,https://www.youtube.com/channel/UCGjfIdDymNvLcybwzheXAnQ,1 年前,0 回視聴,【スカッとする話】夫が亡くなり葬式後、更に最愛の長男と孫まで亡くした私に長男嫁「遺産は私が貰うからババァも逝けw」と深夜に家を追い出された。公園で号泣してると、懐かしい声が聞こえ振り返ると,https://www.youtube.com/watch?v=nk--vBe6ElI,100%
382,【スカッとする話】家のローンを月15万払っている私に夫「料理が下手な役立たずは出てけ！」私「いいけどホームレスになっても大丈夫？」夫「ならねぇよw」結果w【修羅場】,https://www.youtube.com/watch?v=l5TmQouYi48,6.4万回視聴 / 3 年前,Malani Darren,https://www.youtube.com/channel/UCGjfIdDymNvLcybwzheXAnQ,1 年前,0 回視聴,【スカッとする話】家のローンを月15万払っている私に夫「料理が下手な役立たずは出てけ！」私「いいけどホームレスになっても大丈夫？」夫「ならねぇよ」結果,https://www.youtube.com/watch?v=_ZWaNI5zlHg,100%
383,【スカッとする話】年間1億円の家賃収入がある私を奴隷扱いする息子嫁「お義母さんは私達のATM！支払い以外は関わるなｗ」私「承知しました」→娘夫婦に家を譲った結果ｗ,https://www.youtube.com/watch?v=yTa9HcXuLPs,2.5万回視聴 / 3 年前,Malani Darren,https://www.youtube.com/channel/UCGjfIdDymNvLcybwzheXAnQ,1 年前,0 回視聴,【スカッとする話】年間1億円の家賃収入がある私を奴隷扱いする息子嫁「お義母さんは私達のATM！支払い以外は関わるなｗ」私「承知しました」→娘夫婦に家を譲った結果,https://www.youtube.com/watch?v=2ylmoQ7alw8,98%
384,【スカッとする話】私の事が大嫌いな長男嫁から着信「ババァは家に絶対来るな！w」スピーカーにしていた会話を私の隣で一緒に聞いていた長男「こいつ捨てようか？」結果、長男嫁は地獄へ…【修羅場】,https://www.youtube.com/watch?v=XCglgNpMBiM,6.2万回視聴 / 3 年前,Malani Darren,https://www.youtube.com/channel/UCGjfIdDymNvLcybwzheXAnQ,1 年前,0 回視聴,【スカッとする話】私の事が大嫌いな長男嫁から着信「ババァは家に絶対来るな！w」スピーカーにしていた会話を私の隣で一緒に聞いていた長男「こいつ捨てようか？」結果、長男嫁は地獄へ,https://www.youtube.com/watch?v=70S6NWjVOOI,100%
385,【スカッとする話】長男夫婦が経営する高級寿司屋に行くとガリしか料理を出さない長男嫁「貧乏臭いジジババにはこれで十分w」直後、普段温厚な夫が大激怒「じゃあ賃料300万アップな」長男嫁「は？」【修羅場】,https://www.youtube.com/watch?v=lp-CDBvDiYk,2万回視聴 / 3 年前,Malani Darren,https://www.youtube.com/channel/UCGjfIdDymNvLcybwzheXAnQ,1 年前,0 回視聴,【スカッとする話】長男夫婦が経営する高級寿司屋に行くとガリしか料理を出さない長男嫁「貧乏臭いジジババにはこれで十分w」直後、普段温厚な夫が大激怒「じゃあ賃料300万アップな」長男嫁「は？」,https://www.youtube.com/watch?v=S7YEiucouR8,100%
386,【スカッとする話】夫の連れ子の娘と暮らし始めて1年。しかし、全くなつく気配がない…夫が海外出張に行った日に娘が初めて話しかけてきた。娘「お母さん、実は...」そう言って差し出された手には...,https://www.youtube.com/watch?v=BKC9CbFIESk,5.2万回視聴 / 3 年前,Maria Karlie,https://www.youtube.com/channel/UCOoffl3aoCpYtmh1HZZUMJA,2 年前,0 回視聴,【スカッとする話】夫の連れ子の娘と暮らし始めて1年。しかし、全くなつく気配がない…夫が海外出張に行った日に娘が初めて話しかけてきた。娘「お母さん、実は   」そう言って差し出された手には,https://www.youtube.com/watch?v=CPMIhW2L1dg,100%
387,【スカッとする話】夫の連れ子の娘と暮らし始めて1年。しかし、全くなつく気配がない…夫が海外出張に行った日に娘が初めて話しかけてきた。娘「お母さん、実は...」そう言って差し出された手には...,https://www.youtube.com/watch?v=BKC9CbFIESk,5.2万回視聴 / 3 年前,Maya Dorian,https://www.youtube.com/channel/UCXhh7tkOEVs3GfJdiuLODRQ,1 年前,0 回視聴,【スカッとする話】夫の連れ子の娘と暮らし始めて1年。しかし、全くなつく気配がない…夫が海外出張に行った日に娘が初めて話しかけてきた。娘「お母さん、実は   」そう言って差し出された手には【修羅,https://www.youtube.com/watch?v=kE3qpOlcYQk,98%
388,【スカッとする話】夫の出張中に息子に誘われ高級ホテルへディナーに行くと女性にプロポーズする夫「亡き妻と息子の分まで幸せにする！」直後、静かに席を立ち上がり求婚に乱入→私と息子「死んだ全家族です」,https://www.youtube.com/watch?v=-fE68tebmjk,7.2万回視聴 / 2 年前,McIntosh Elizabeth,https://www.youtube.com/channel/UCy-uK2Jf97mj12koZ2hekBw,1 年前,0 回視聴,【スカッとする話】夫の出張中に息子に誘われ高級ホテルへディナーに行くと女性にプロポーズする夫「亡き妻と息子の分まで幸せにする！」→直後、静かに席を立ち求婚に乱入「どうも、亡き妻と息子です」【修,https://www.youtube.com/watch?v=wWQvK0C8uYU,88%
389,【スカッとする話】夫「来週から両親と姉夫婦が引越してくるからお前の部屋片付けておけ！」私「じゃあ、家ごと片付けとく」夫の出勤中にリサイクル業者に連絡→私の家具家電を全て売り払いキレイに片付けた結果w,https://www.youtube.com/watch?v=qMhTN_bkSgg,1.6万回視聴 / 2 年前,Mckenna Taylor,https://www.youtube.com/channel/UCiOkxyuw3ooIVLGqdy7TLPg,2 年前,0 回視聴,【スカッとする話】夫「来週から両親と姉夫婦が引越してくるからお前の部屋片付けておけ！」私「じゃあ、家ごと片付けとく」夫の出勤中にリサイクル業者に連絡→私の家具家電を全て売り払いキレイに片付けた,https://www.youtube.com/watch?v=i5UQ0DknKR0,99%
390,【スカッとする話】夫の出張中に息子に誘われ高級ホテルへディナーに行くと女性にプロポーズする夫「亡き妻と息子の分まで幸せにする！」直後、静かに席を立ち上がり求婚に乱入→私と息子「死んだ全家族です」,https://www.youtube.com/watch?v=-fE68tebmjk,7.2万回視聴 / 2 年前,Meyers Kaleb,https://www.youtube.com/channel/UCw8yxZFROW81IviFtSfQqjQ,1 年前,0 回視聴,【スカッとする話】夫の出張中に息子に誘われ高級ホテルへディナーに行くと女性にプロポーズする夫「亡き妻と息子の分まで幸せにする！」→直後、静かに席を立ち求婚に乱入「どうも、亡き妻と息子です」,https://www.youtube.com/watch?v=54JY_9kJflU,90%
391,【スカッとする話】年間7億円の家賃収入がある私をATM扱いする長男嫁「ババアは私達の財布！冠婚葬祭の時だけ連絡してｗ」私「わかりました」→次男夫婦に家をあげた結果ｗ【修羅場】【スカッと】,https://www.youtube.com/watch?v=GnxC9hbl3M8,8万回視聴 / 3 年前,Michela Foti,https://www.youtube.com/channel/UCVvLCeJwdpBQ4Aw1Ym-w7dg,4 か月前,3回視聴,【スカッとする話】年間7億円の家賃収入がある私をATM扱いする長男嫁「ババアは私達の財布！冠婚葬祭の時だけ連絡してｗ」私「わかりました」→次男夫婦に家,https://www.youtube.com/watch?v=sOvZbcmXe48,85%
392,【スカッとする話】年間7億円の家賃収入がある私をATM扱いする長男嫁「ババアは私達の財布！冠婚葬祭の時だけ連絡してｗ」私「わかりました」→次男夫婦に家をあげた結果ｗ【修羅場】【スカッと】,https://www.youtube.com/watch?v=GnxC9hbl3M8,8万回視聴 / 3 年前,Michela Foti,https://www.youtube.com/channel/UCVvLCeJwdpBQ4Aw1Ym-w7dg,6 か月前,18回視聴,【スカッとする話】年間7億円の家賃収入がある私をATM扱いする長男嫁「ババアは私達の財布！冠婚葬祭の時だけ連絡してｗ」私「わかりました」→次男夫婦に家を,https://www.youtube.com/watch?v=QIBFNX3zFbE,86%
393,【スカッとする話】長男夫婦との二世帯住宅ローンを月25万全額支払う私に長男嫁「小銭ぐらいで偉そうにｗ」長男「支払い止めてみろｗ」私「喜んで！」支払い止めた結果w【修羅場】【スカッと】,https://www.youtube.com/watch?v=WHx8h3F0pU0,34万回視聴 / 3 年前,Michela Foti,https://www.youtube.com/channel/UCVvLCeJwdpBQ4Aw1Ym-w7dg,5 か月前,6回視聴,【スカッとする話】長男夫婦との二世帯住宅ローンを月25万全額支払う私に長男嫁「小銭ぐらいで偉そうにｗ」長男「支払い止めてみろｗ」私「じゃあ喜んで！」家を出て支,https://www.youtube.com/watch?v=RZq5nAMbczc,88%
394,【スカッとする話】長男夫婦との二世帯住宅ローンを月25万全額支払う私に長男嫁「小銭ぐらいで偉そうにｗ」長男「支払い止めてみろｗ」私「喜んで！」支払い止めた結果w【修羅場】【スカッと】,https://www.youtube.com/watch?v=WHx8h3F0pU0,34万回視聴 / 3 年前,Michela Foti,https://www.youtube.com/channel/UCVvLCeJwdpBQ4Aw1Ym-w7dg,4 か月前,2回視聴,【スカッとする話】長男夫婦との二世帯住宅ローンを月25万全額支払う私に長男嫁「小銭ぐらいで偉そうにｗ」長男「支払い止めてみろｗ」私「じゃあ喜んで！」家を出て支,https://www.youtube.com/watch?v=eNoGKP_DYCI,88%
395,【スカッとする話】夫の連れ子の娘と暮らし始めて1年。しかし、全くなつく気配がない…夫が海外出張に行った日に娘が初めて話しかけてきた。娘「お母さん、実は...」そう言って差し出された手には...,https://www.youtube.com/watch?v=BKC9CbFIESk,5.2万回視聴 / 3 年前,Minh Ly,https://www.youtube.com/channel/UC91HrwI53FksOoiFHWlBnpw,1 年前,0 回視聴,【スカッとする話】夫の連れ子の娘と暮らし始めて1年。しかし、全くなつく気配がない…夫が海外出張に行った日に娘が初めて話しかけてきた。娘「お母さん、実は   」そう言って差し出された手には【修羅,https://www.youtube.com/watch?v=P58JUchwvHw,98%
396,【スカッとする話】娘の葬儀に愛人を連れてきた婿「最期に間に合わなくて残念w」愛人「遺産2億は私達が相続ねw」私「…ですってw」夫「助かるなw」愛人「え？」実はw【朗読ドラマ】【朗読】【スカッと】,https://www.youtube.com/watch?v=IsPanDg1vH0,2.8万回視聴 / 2 週間前,Mirai Sho - 繁栄のビジョン ,https://www.youtube.com/channel/UCTjoCcEdlhBRfL_rp551TSA,4 日前,"1,638回視聴",娘の葬儀に愛人を連れてきた婿「最期に間に合わなくて残念w」愛人「遺産2億は私達が相続ねw.................,https://www.youtube.com/watch?v=eKIPqww2nfc,84%
397,【スカッとする話】夫が突然、姉と姪の大量の荷物を送ってきて、夫「姉と姪の荷物は届いた？今日から二人は俺達が養う！」私「うん、荷物届いて私も今新居に引越した所！」夫「え？新居？」結果w,https://www.youtube.com/watch?v=St5t2rltjZE,9.6万回視聴 / 2 年前,Moss Izaiah,https://www.youtube.com/channel/UC5lpBbEgjn9jwhdAyBjFswQ,1 年前,0 回視聴,【スカッとする話】夫が突然、姉と姪の大量の荷物を送ってきて、夫「姉と姪の荷物は届いた？今日から二人は俺達が養う！」私「うん、荷物届いて私も今新居に引越した所！」夫「え？新居？」結果w,https://www.youtube.com/watch?v=83wz2OFoBuo,98%
398,【スカッとする話】妹の出産祝いに義両親と行くと、夫「俺も自分の子供欲しいな」私「え？何言ってるの？目の前にいるじゃない」義母と義父「は？」二人がブチギレ,https://www.youtube.com/watch?v=4cntzQ0KsAA,13万回視聴 / 2 年前,Moss Izaiah,https://www.youtube.com/channel/UC5lpBbEgjn9jwhdAyBjFswQ,1 年前,0 回視聴,【スカッとする話】妹の出産祝いに義両親と行くと、夫「俺も自分の子供欲しいな」私「え？何言ってるの？目の前にいるじゃない」義母と義父「は？」二人がブチギレ,https://www.youtube.com/watch?v=CIqNUjURwD0,100%
399,【スカッとする話】旦那の出世祝いに贈ったネクタイを即行で捨てた夫「安物のゴミはいらん！」私「ちゃんと中、確認した？」夫「え？」実は...,https://www.youtube.com/watch?v=dteWMwt6L4Y,3.2万回視聴 / 2 年前,Moss Izaiah,https://www.youtube.com/channel/UC5lpBbEgjn9jwhdAyBjFswQ,1 年前,0 回視聴,【スカッとする話】旦那の出世祝いに贈ったネクタイを即行で捨てた夫「安物のゴミはいらん！」私「ちゃんと中、確認した？」夫「え？」実は,https://www.youtube.com/watch?v=p5AGY_8Onno,97%
400,【スカッとする話】台風の夜、5歳の孫からSOS「ママに家を追い出された！助けて」私「パパは？」孫「知らない女の人と出て行った」私「え？」キレた私は...,https://www.youtube.com/watch?v=k6GWqtIXUlQ,4.2万回視聴 / 3 年前,Mr Slugma,https://www.youtube.com/channel/UCqUVtjSCJrFMeOa7iOTDpGw,2 年前,1 回視聴,【スカッとする話】台風の夜、5歳の孫からSOS「ママに家を追い出された！助けて」私「パパは？」孫「知らない女の人と出て行った」私「え？」キレた私は...,https://www.youtube.com/watch?v=aDauIf_VIZU,100%
401,【スカッとする話】夫「俺の両親がこの家に来るからお前は実家に帰れw」私（生活費16万払ってるの私だけど）翌日、ゴミ回収業者に電話し家具家電全て捨て引越した結果w,https://www.youtube.com/watch?v=V38H9pAFLlk,6.8万回視聴 / 3 年前,Mr Slugma,https://www.youtube.com/channel/UCqUVtjSCJrFMeOa7iOTDpGw,2 年前,0 回視聴,【スカッとする話】夫「俺の両親がこの家に来るからお前は実家に帰れw」私（生活費16万払ってるの私だけど）翌日、ゴミ回収業者に電話し家具家電全て捨て引越した結果w,https://www.youtube.com/watch?v=L6XUBsdoCv8,100%
402,【スカッとする話】13億の資産を築いた夫の葬儀後、通帳と印鑑を盗んだ義両親「3000万の家買っちゃったw」それを聞いてお腹を抱えて大爆笑→私「御愁傷さまw」実は...【スカッと】【朗読】,https://www.youtube.com/watch?v=KMhlovvuqDg,2.8万回視聴 / 1 年前,MrOrilsp,https://www.youtube.com/channel/UC3AWBIaP0jDKtLkWHdHem2A,1 年前,0 回視聴,スカッとする話】13億の資産を築いた夫の葬儀後、通帳と印鑑を盗んだ義両親「3000万の家買っちゃったw」それを聞いてお腹を抱えて大爆笑→私「御愁傷さまw」実は...【スカッと】,https://www.youtube.com/watch?v=60YA3EusabI,94%
403,【スカッとする話】嫁いびり姑からの着信にスピーカーで出ると、義母「今年の年末はうちに来ないでねw来たら残飯食わせるからねw」直後、偶然うちに来ていた義父→義父「誰に残飯食わせるって？」,https://www.youtube.com/watch?v=iOfe2vger2M,4.4万回視聴 / 1 年前,MrOrilsp,https://www.youtube.com/channel/UC3AWBIaP0jDKtLkWHdHem2A,1 年前,1 回視聴,スカッとする話】嫁いびり姑からの着信にスピーカーで出ると、義母「今年の年末はうちに来ないでねw来たら残飯食わせるからねw」直後、偶然うちに来ていた義父→義父「誰に残飯食わせるって？,https://www.youtube.com/watch?v=-xX7LuPi4rk,95%
404,【スカッとする話】私「もう限界。離婚して出てく」夫「は？母さんの面倒は？出てったら慰謝料請求するぞw」無視して離婚届を提出して父に報告すると涙を流した夫から鬼電がw【スカッと】【朗読】,https://www.youtube.com/watch?v=QuotQUCYjjA,2.7万回視聴 / 1 年前,MrOrilsp,https://www.youtube.com/channel/UC3AWBIaP0jDKtLkWHdHem2A,1 年前,1 回視聴,スカッとする話】私「もう限界。離婚して出てく」夫「は？母さんの面倒は？出てったら慰謝料請求するぞw」無視して離婚届を提出して父に報告すると涙を流した夫から鬼電がw【スカッと】【朗読】,https://www.youtube.com/watch?v=DoCJm4IbRoo,94%
405,【スカッと総集編】私「もう限界。離婚して出てく」夫「は？母さんの面倒は？出てったら慰謝料請求するぞw」無視して離婚届を提出し父に報告→涙を流した夫から鬼電がw,https://www.youtube.com/watch?v=DEqAxr8uF3k,8.5万回視聴 / 2 年前,MrOrilsp,https://www.youtube.com/channel/UC3AWBIaP0jDKtLkWHdHem2A,1 年前,1 回視聴,スカッとする話】私「もう限界。離婚して出てく」夫「は？母さんの面倒は？出てったら慰謝料請求するぞw」無視して離婚届を提出して父に報告すると涙を流した夫から鬼電がw【スカッと】【朗読】,https://www.youtube.com/watch?v=DoCJm4IbRoo,91%
406,【スカッとする話】私名義の新築戸建と知らず里帰り出産で我が家に来た娘「母さんの部屋は私が使うw」夫「お前は車で寝てろw」私「わかりました...」→キレた私が家を売り払うと...w,https://www.youtube.com/watch?v=yefpSXnGZOg,15万回視聴 / 3 年前,Myla Jaxen,https://www.youtube.com/channel/UC1vl_acJtZbDV0iYzv0_9KQ,1 年前,0 回視聴,【スカッと】私名義の新築戸建と知らず里帰り出産で我が家に来た娘「母さんの部屋は私が使うw」夫「お前は車で寝てろw」私「わかりました   」→キレた私が家を売り払う,https://www.youtube.com/watch?v=vAc4c5yAnKI,99%
407,【スカッとする話】母のスーツを借りて夢だったアパレル会社の面接へ行くと、私の身なりを見下す面接官「古臭い格好w貧乏人は帰れw」母「これは私の仕立てたスーツだけど？」面接官「あ、あなたは！」結果w,https://www.youtube.com/watch?v=Lhrb2i9uX0Q,2.8万回視聴 / 2 年前,MyrtleRice227285,https://www.youtube.com/channel/UCjjqSC4ZS6m68Zoo8gi2sgA,1 年前,2回視聴,【スカッとする話】母のスーツを借りて夢だったアパレル会社の面接へ行くと、私の身なりを見下す面接官「古臭い格好w貧乏人は帰れw」母「これは私の仕立てたスーツだけど？」面接官「あ、あなたは！」結果,https://www.youtube.com/watch?v=YMgImhOqdt0,100%
408,【スカッとする話】親族の集まりで30人分の夕食を捨てた義母「親戚にマズい飯出すな」夫「走って高級寿司買ってこい！」私「私は盛り付けしかしてないよ？」義母・夫「え？」,https://www.youtube.com/watch?v=L3_h-v4eNTs,9.2万回視聴 / 2 年前,MyrtleRice227285,https://www.youtube.com/channel/UCjjqSC4ZS6m68Zoo8gi2sgA,1 年前,0 回視聴,【スカッとする話】親族の集まりで30人分の夕食を捨てた義母「親戚にマズい飯出すな」夫「走って高級寿司買ってこい！」私「私は盛り付けしかしてないよ？」義母・夫「え？」,https://www.youtube.com/watch?v=_AcMbC4NYOw,100%
409,【スカッと】義母との同居を勝手に決めた夫「離婚か介護どっちが良い？ｗ」私「今日で引越すから離婚で。介護は23歳の愛人に頼めば？」夫「え？」結果w,https://www.youtube.com/watch?v=pZ4iyUzji4k,2.7万回視聴 / 2 年前,Mái đìnhMa Maidin,https://www.youtube.com/channel/UCgQnVsk093pLzBiutDFFa1A,1 年前,0 回視聴,【スカッと】義母との同居を勝手に決めた夫「離婚か介護どっちが良い？ｗ」私「今日で引越すから離婚で。介護は23歳の愛人に頼めば？」夫「え？」結果w,https://www.youtube.com/watch?v=Lqzc5bez7sk,100%
410,【スカッとする話】姑の誕生会でも私を家政婦扱いする夫「バカ嫁さっさと料理出せ」義父「これ全部1人で！？」私「いつものことですから…」すると義父が豹変し…【修羅場】,https://www.youtube.com/watch?v=My7bUq_jaIs,11万回視聴 / 3 年前,Mạnh Văn,https://www.youtube.com/channel/UCDMYI9lfqVlMFzglwjAJuOQ,2 年前,0 回視聴,【スカッと】義母の誕生会でも私を家政婦扱いする夫「バカ嫁さっさと料理出せ」義父「これ全部1人で！？」私「いつものことですから…」すると義父が豹変し…【修羅場】,https://www.youtube.com/watch?v=uXPRQUnwHyU,85%
411,【スカッと】姑「里帰り出産で長男嫁が帰って来るからお前は出てけ！」私「分かりました…」1週間後、義兄嫁一家が引越して来ると姑は顔面蒼白になり…w,https://www.youtube.com/watch?v=hEPrdr0zwPk,10万回視聴 / 1 年前,NGUYEN Tran,https://www.youtube.com/channel/UCT9dD8tTpHu2pj3jcPsrGFw,7 か月前,0 回視聴,【スカッと】姑「里帰り出産で長男嫁が帰って来るからお前は出てけ！」私「分かりました…」1週間後、義兄嫁一家が引越して来ると姑は顔面蒼白になり…w output wav,https://www.youtube.com/watch?v=zCeCPexqkR4,93%
412,【スカッとする話】350人招待の連れ子の結婚式で私の席だけ無い…。連れ子「席は家族分だけｗ」私（援助は全部打ち切りね）他人扱いし永久無視した結果w,https://www.youtube.com/watch?v=AvB5cl7oflg,3.5万回視聴 / 1 年前,NGUYEN Tran,https://www.youtube.com/channel/UCT9dD8tTpHu2pj3jcPsrGFw,7 か月前,0 回視聴,350人招待の連れ子の結婚式で私の席だけ無しｗ 連れ子「席は家族分だけｗ」私「了解ｗ 援助は全打ち切りねｗ」→他人扱いし永久無視した結果ｗ 30分後、支払いが滞り式が中断した末路ｗ,https://www.youtube.com/watch?v=pnNwAUkRmYk,82%
413,【スカッとする話】帰宅した私に気づかない夫「嫁は一家のお荷物w」義母「ATMにはちょうどいいわねw」キレた私は夫の荷物を捨て家を売却→義母の家も売り更地にするとw【朗読】【スカッと】【シニア】,https://www.youtube.com/watch?v=Pgi3Oa4VGfA,5.3万回視聴 / 10 か月前,NGUYEN Tran,https://www.youtube.com/channel/UCT9dD8tTpHu2pj3jcPsrGFw,7 か月前,0 回視聴,帰宅した私に気づかない夫「嫁は一家のお荷物ｗ」義母「ATMにはちょうどいいわねｗ」キレた私「へぇ、じゃあ全額回収ね」→夫の荷物を捨て家を売却！ さらに義母の家も更地にしてやった結果ｗ【スカッとする話】,https://www.youtube.com/watch?v=suY1ErzJbd4,82%
414,【スカッとする話】突然、義妹夫婦を連れてきた義母「今日から皆で暮らすｗ」義妹「文句あるなら出てってねｗ」夫「じゃ引っ越すか」私「お達者で」義母・義妹「え？」,https://www.youtube.com/watch?v=KKvSV1JKlt0,2.9万回視聴 / 1 年前,NGUYEN Tran,https://www.youtube.com/channel/UCT9dD8tTpHu2pj3jcPsrGFw,7 か月前,3回視聴,突然、義妹夫婦を連れてきた義母「今日から皆で暮らすｗ」義妹「文句あるなら出てってねｗ」夫「じゃ引っ越すか」私「お達者で」義母・義妹「え？」実はこの家…w|スカッとする話|朗読|スカッと|因果応報|泥沼,https://www.youtube.com/watch?v=o0ZwfZ3KluM,79%
415,【スカッとする話】姑の誕生会でも私を家政婦扱いする夫「バカ嫁さっさと料理出せ」義父「これ全部1人で！？」私「いつものことですから…」すると義父が豹変し…【修羅場】,https://www.youtube.com/watch?v=My7bUq_jaIs,11万回視聴 / 3 年前,Nate Nygaro,https://www.youtube.com/channel/UC-Qm-LX1B5SC4xjzo2tPBBw,2 年前,0 回視聴,【スカッと感動】義母の誕生会でも私を家政婦扱いする夫「バカ嫁さっさと料理出せ」義父「これ全部1人で！？」私「いつものことですから…」すると義父が豹変し…【修羅場】,https://www.youtube.com/watch?v=bPcOYT1ehYU,85%
416,【スカッとする話】幸せな日常を送ってた夫が急逝し1週間後、私宛に夫から手紙が届いた...手紙「絶対に子供達に見つからないよう読んでください」そこに記された住所に行き同封の鍵で金庫を開けると...,https://www.youtube.com/watch?v=Llt6RtfGJC8,10万回視聴 / 2 年前,Naya Johnny,https://www.youtube.com/channel/UCSYY27QMid6mwgyx6rchxgA,2 年前,1 回視聴,【スカッとする話】幸せな日常を送ってた夫が急逝し1週間後、私宛に夫から手紙が届いた   手紙「絶対に子供達に見つからないよう読んでください」そこに記された住所に行き同封の鍵で金庫を開けると,https://www.youtube.com/watch?v=UMaL9x-DSi4,100%
417,【スカッとする話】深夜に母が倒れ夫と病院へ...私「急いで車出して！」夫「...はーい」だが、なぜか道中の海岸で置き去りに、夫「俺様に命令した罰だw」3時間後、病院に着くと血だらけの夫がw,https://www.youtube.com/watch?v=OaIj_8vvCdo,2.8万回視聴 / 2 年前,Naya Johnny,https://www.youtube.com/channel/UCSYY27QMid6mwgyx6rchxgA,2 年前,0 回視聴,【スカッとする話】深夜に母が倒れ夫と病院へ   私「急いで車出して！」夫「   はーい」だが、なぜか道中の海岸で置き去りに、夫「俺様に命令した罰だw」3時間後、病院に着くと血だらけの夫がw,https://www.youtube.com/watch?v=bmitCGyseL0,100%
418,【スカッとする話】夫が突然大量の荷物を持ってきて、夫「今日から俺の両親と姉を養う！嫌なら離婚だ！」私「え？もう離婚済みだけど？」夫「え？」結果w,https://www.youtube.com/watch?v=G4O12jIGPfg,8.7万回視聴 / 3 年前,Neil Perry,https://www.youtube.com/channel/UC7QxE0r3cadbxIE3JwnAUmA,1 年前,1 回視聴,【スカッと】夫が突然大量の荷物を持ってきて、夫「今日から俺の両親と姉を養う！嫌なら離婚だ！」私「え？もう離婚済みだけど？」夫「え？」結果,https://www.youtube.com/watch?v=4HbqXFVXWGw,88%
419,【スカッとする話】親族の集まりでエリート夫「嫁の飯はまずいんだよなw」私「え？私の料理食べた事ある？食事はいつも愛人宅じゃないの」義父「は？」義両親がブチギレ...,https://www.youtube.com/watch?v=GZtalGoS6qE,11万回視聴 / 3 年前,Nga Trần Thị,https://www.youtube.com/channel/UCks_GS1IChnFCQkT88UmMJQ,2 年前,0 回視聴,【スカッとする話】親族の集まりでエリート夫「嫁の飯はまずいんだよなw」私「え？私の料理食べた事ある？食事はいつも愛人宅じゃないの」義父「は？」義両親がブチギレ,https://www.youtube.com/watch?v=02VuuzmbYE8,100%
420,【スカッとする話】3年間、生活苦の長男夫婦に月10万仕送りする私に長男「年金暮らしババァが10万程度で偉そうに！」長男嫁「孫も見せたし逆に感謝しろｗ」私「では返金してもらいますね」長男嫁「え？」,https://www.youtube.com/watch?v=BVMMbJF1Yyg,1.4万回視聴 / 3 年前,Ngoc Binh,https://www.youtube.com/channel/UC2o0ydwTFxAPQfVReVz8v_g,1 年前,0 回視聴,【スカッとする話】3年間、生活苦の長男夫婦に月10万仕送りする私に長男「年金暮らしババァが10万程度で偉そうに！」長男嫁「孫も見せたし逆に感謝しろ」私「では返金してもらいますね」長男嫁「,https://www.youtube.com/watch?v=03ebclP446A,99%
421,【スカッとする話】夫の連れ子の娘と暮らし始めて1年。しかし、全くなつく気配がない…夫が海外出張に行った日に娘が初めて話しかけてきた。娘「お母さん、実は...」そう言って差し出された手には...,https://www.youtube.com/watch?v=BKC9CbFIESk,5.2万回視聴 / 3 年前,NgocTinh Nguyen,https://www.youtube.com/channel/UCtlSfJyc803RBEXz2C1pjWQ,2 年前,0 回視聴,【スカッとする話】夫の連れ子の娘と暮らし始めて1年。しかし、全くなつく気配がない…夫が海外出張に行った日に娘が初めて話しかけてきた。娘「お母さん、実は   」そう言って差し出された手には【修羅,https://www.youtube.com/watch?v=-l926qEGQkc,98%
422,【スカッとする話】姑の誕生会でも私を家政婦扱いする夫「バカ嫁さっさと料理出せ」義父「これ全部1人で！？」私「いつものことですから…」すると義父が豹変し…【修羅場】,https://www.youtube.com/watch?v=My7bUq_jaIs,11万回視聴 / 3 年前,NgocTinh Nguyen,https://www.youtube.com/channel/UCtlSfJyc803RBEXz2C1pjWQ,2 年前,0 回視聴,【スカッと感動】義母の誕生会でも私を家政婦扱いする夫「バカ嫁さっさと料理出せ」義父「これ全部1人で！？」私「いつものことですから…」すると義父が豹変し…【修羅場】,https://www.youtube.com/watch?v=v_D4AoSIAw0,85%
423,【スカッとする話】夫の出張中に息子に誘われ高級ホテルへディナーに行くと女性にプロポーズする夫「亡き妻と息子の分まで幸せにする！」直後、静かに席を立ち上がり求婚に乱入→私と息子「死んだ全家族です」,https://www.youtube.com/watch?v=-fE68tebmjk,7.2万回視聴 / 2 年前,Nguyết Ánh Đồng,https://www.youtube.com/channel/UChLe7gFG0TnTDbGbx3LftFw,2 年前,0 回視聴,【スカッとする話】夫の出張中に息子に誘われ高級ホテルへディナーに行くと女性にプロポーズする夫「亡き妻と息子の分まで幸せにする！」→直後、静かに席を立ち求婚に乱入「どうも、亡き妻と息子です」【修,https://www.youtube.com/watch?v=9-a4k6or4SE,88%
424,【スカッとする話】18年間家賃を払ってきた私を罵倒する夫と連れ子「月10万の家賃程度で偉そうにw」夫「支払い止めてみろw」私「喜んで」3ヶ月後w,https://www.youtube.com/watch?v=IaHdv7dT6Sc,12万回視聴 / 2 年前,Nguyệt Hà Thái,https://www.youtube.com/channel/UC0Fa-RST2mz9JyJdxeyA4Nw,2 年前,0 回視聴,【スカッとする話】18年間家賃を払ってきた私を罵倒する夫と連れ子「月10万の家賃程度で偉そうにw」夫「支払い止めてみろw」私「喜んで」→3ヶ月後w【修羅場】,https://www.youtube.com/watch?v=IPCSlnyRQs0,100%
425,【スカッとする話】夫の連れ子の娘と暮らし始めて1年。しかし、全くなつく気配がない…夫が海外出張に行った日に娘が初めて話しかけてきた。娘「お母さん、実は...」そう言って差し出された手には...,https://www.youtube.com/watch?v=BKC9CbFIESk,5.2万回視聴 / 3 年前,Nguyệt Hà Thái,https://www.youtube.com/channel/UC0Fa-RST2mz9JyJdxeyA4Nw,2 年前,0 回視聴,【スカッとする話】夫の連れ子の娘と暮らし始めて1年。しかし、全くなつく気配がない…夫が海外出張に行った日に娘が初めて話しかけてきた。娘「お母さん、実は   」そう言って差し出された手には【修羅,https://www.youtube.com/watch?v=baqP7IS_Oy4,98%
426,【スカッとする話】夫の出張中に息子に誘われ高級ホテルへディナーに行くと女性にプロポーズする夫「亡き妻と息子の分まで幸せにする！」直後、静かに席を立ち上がり求婚に乱入→私と息子「死んだ全家族です」,https://www.youtube.com/watch?v=-fE68tebmjk,7.2万回視聴 / 2 年前,Nha Doula I,https://www.youtube.com/channel/UCuYYh7_ts2LjtWAmJTQVrxQ,2 年前,0 回視聴,【スカッとする話】夫の出張中に息子に誘われ高級ホテルへディナーに行くと女性にプロポーズする夫「亡き妻と息子の分まで幸せにする！」→直後、静かに席を立ち求婚に乱入「どうも、亡き妻と息子です」【修,https://www.youtube.com/watch?v=y9XMHsYyPro,88%
427,【スカッとする話】夜勤明けで帰ると夫と親友が真っ最中…夫「娘と慰謝料やるから離婚でw」親友「あんた達用済みだってw」娘「パパそれは無理だよ？だって…」娘の一言で夫・親友は顔面蒼白w【朗読】【スカッと】,https://www.youtube.com/watch?v=hJ8jUcnVIG0,4.1万回視聴 / 11 か月前,Nhi Thanh,https://www.youtube.com/channel/UC7IbPIoUZ8QPCmq59clcdDA,7 か月前,0 回視聴,夜勤明けで帰宅。夫と親友が真っ最中…夫「娘と慰謝料やるから離婚ｗ」親友「あんた用済みｗ」娘「パパ、それは無理だよ？だって…」娘の一言で夫が顔面蒼白ｗ 実は娘が…ｗ｜因果応報｜修羅場,https://www.youtube.com/watch?v=iQmqKKxWL_I,82%
428,【スカッとする話】夫の出張中、義母と義妹が離婚届を持って家に来ると、義母「30分以内にサインして提出しろ！」義妹「年収3000万の兄の寄生虫がw」私「喜んで！」義妹「強がっちゃってw」3日後…,https://www.youtube.com/watch?v=TFj28JG7kF0,5万回視聴 / 1 年前,Nhi Thanh,https://www.youtube.com/channel/UC7IbPIoUZ8QPCmq59clcdDA,7 か月前,1 回視聴,【スカッとする話】夫の出張中、義母と義妹が離婚届を持って家に来ると、義母「30分以内にサインして提出しろ！」義妹「年収3000万の兄の寄生虫がw」私「喜んで！」義妹「強がっちゃってw」3日後…,https://www.youtube.com/watch?v=uRbUlIG0K9E,100%
429,【スカッとする話】夫「来月ママが引っ越してくる！お前の部屋片付けておけw」私「はーい、キレイにしておくね」夫の出張中に不動産屋に連絡し家を売り払いキレイに更地にした結果w,https://www.youtube.com/watch?v=vyDCAcHPme8,8.6万回視聴 / 2 年前,Nhung Bùi,https://www.youtube.com/channel/UC8L6vl51IXg1BX1PwKZGg0w,2 年前,0 回視聴,【スカッとする話】夫「来月ママが引っ越してくる！お前の部屋片付けておけw」私「はーい、キレイにしておくね」夫の出張中に不動産屋に連絡し家を売り払いキレイに更地にした結果w,https://www.youtube.com/watch?v=8NVHYWi0Am0,100%
430,【スカッとする話】夫の出張中に息子に誘われ高級ホテルへディナーに行くと女性にプロポーズする夫「亡き妻と息子の分まで幸せにする！」直後、静かに席を立ち上がり求婚に乱入→私と息子「死んだ全家族です」,https://www.youtube.com/watch?v=-fE68tebmjk,7.2万回視聴 / 2 年前,Nhã Hồng Khang,https://www.youtube.com/channel/UCuz48lWFRNOYx-N-1rfqVwg,2 年前,0 回視聴,【スカッとする話】夫の出張中に息子に誘われ高級ホテルへディナーに行くと女性にプロポーズする夫「亡き妻と息子の分まで幸せにする！」→直後、静かに席を立ち求婚に乱入「どうも、亡き妻と息子です」【修羅場】,https://www.youtube.com/watch?v=s1-VUjy0980,90%
431,【スカッとする話】夫「来月ママが引っ越してくる！お前の部屋片付けておけw」私「はーい、キレイにしておくね」夫の出張中に不動産屋に連絡し家を売り払いキレイに更地にした結果w,https://www.youtube.com/watch?v=vyDCAcHPme8,8.6万回視聴 / 2 年前,Nhã Mai Cái,https://www.youtube.com/channel/UCDox7tIGtKuRo-7ywGQ-11w,2 年前,0 回視聴,【スカッとする話】夫「来月ママが引っ越してくる！お前の部屋片付けておけw」私「はーい、キレイにしておくね」夫の出張中に不動産屋に連絡し家を売り払いキレイに更地にした結果,https://www.youtube.com/watch?v=m3tC_BgTcuc,100%
432,【スカッとする話】18年親代わりに私を育ててくれた兄とエリート銀行員の婚約者との結婚挨拶に行くと、義母「貧乏人とは婚約破棄でw」直後、キレた兄が銀行へ連絡,https://www.youtube.com/watch?v=Hj7yYfAf4ow,16万回視聴 / 1 年前,Noah Qumi,https://www.youtube.com/channel/UCH4l3-r5NgR2RlKdoRwfzAw,11 日前,0 回視聴,【スカッとする話】18年親代わりに私を育ててくれた兄とエリート銀行員の婚約者との結婚挨拶に行くと、義母「貧乏人とは婚約破棄でw」直後、キレた兄が銀行へ連絡,https://www.youtube.com/watch?v=zBTIx1Hbi6c,95%
433,【スカッとする話】35歳で妊娠した私を捨て19歳の女子大生と再婚した学歴主義の夫。夫「高齢出産だとバカ生まれそうw」15年後、学校で元夫と遭遇すると息子を見た元夫は震えだし…【朗読】【スカッと】,https://www.youtube.com/watch?v=Q8wTXMZ6iys,14万回視聴 / 1 年前,Noah Qumi,https://www.youtube.com/channel/UCH4l3-r5NgR2RlKdoRwfzAw,11 日前,0 回視聴,【スカッとする話】35歳で妊娠した私を捨て19歳の女子大生と再婚した学歴主義の夫。夫「高齢出産だとバカ生まれそうw」15年後、学校で元夫と遭遇すると息子を見た元夫は震えだし…【朗読】【スカッと】,https://www.youtube.com/watch?v=95_XVcEcx7c,100%
434,【スカッとする話】4歳で発語なしの娘に夫「高学歴一族の恥。離婚だ」義妹「ゴミ一つ残すなよクズ共」引越し当日、私の両親が迎えに来ると→娘「ばいばい、おじさん」,https://www.youtube.com/watch?v=mFMjiHyQUKY,23万回視聴 / 1 年前,Noah Qumi,https://www.youtube.com/channel/UCH4l3-r5NgR2RlKdoRwfzAw,11 日前,1 回視聴,【スカッとする話】4歳で発語なしの娘に夫「高学歴一族の恥。離婚だ」義妹「ゴミ一つ残すなよクズ共」引越し当日、私の両親が迎えに来ると→娘「ばいばい、おじさん」,https://www.youtube.com/watch?v=1j5E_rhz3MM,81%
435,【スカッとする話】亭主関白夫「明日から食費は月3000円！予算超えたら離婚だからな！」私「はーい、後悔しないでね？」夫「しねぇよw」1ヶ月後w【朗読】【スカッと】,https://www.youtube.com/watch?v=PN93A1chfSU,17万回視聴 / 1 年前,Noah Qumi,https://www.youtube.com/channel/UCH4l3-r5NgR2RlKdoRwfzAw,10 日前,0 回視聴,【スカッとする話】亭主関白夫「明日から食費は月3000円！予算超えたら離婚だからな！」私「はーい、後悔しないでね？」夫「しねぇよw」1ヶ月後w【朗読】【スカッと】,https://www.youtube.com/watch?v=-pck5MfMrj4,100%
436,【スカッとする話】余命3ヶ月と診断された夫「俺の貯金も家も車もすべて愛人に渡す。お前に渡す金は無いw」翌朝、荷物をまとめ出ていくと、真実を知った夫から鬼電がw,https://www.youtube.com/watch?v=JuCiUOLk2v4,16万回視聴 / 1 年前,Noah Qumi,https://www.youtube.com/channel/UCH4l3-r5NgR2RlKdoRwfzAw,10 日前,0 回視聴,【スカッとする話】余命3ヶ月と診断された夫「俺の貯金も家も車もすべて愛人に渡す。お前に渡す金は無いw」翌朝、荷物をまとめ出ていくと、真実を知った夫から鬼電がw,https://www.youtube.com/watch?v=FNOxd1vSuQs,95%
437,【スカッとする話】入院中、義父から突然怒りの電話。義父「夫が入院中なのに嫁のお前が何遊んでるんだ！」私「え？入院してるのは私ですよ？」義父「え？」実は…【朗読】【スカッと】,https://www.youtube.com/watch?v=aaaPLdvdBeU,15万回視聴 / 10 か月前,Noah Qumi,https://www.youtube.com/channel/UCH4l3-r5NgR2RlKdoRwfzAw,10 日前,0 回視聴,【スカッとする話】入院中、義父から突然怒りの電話。義父「夫が入院中なのに嫁のお前が何遊んでるんだ！」私「え？入院してるのは私ですよ？」義父「え？」実は…【朗読】【スカッと】,https://www.youtube.com/watch?v=rQ-I-Ahmn_k,87%
438,【スカッとする話】同窓会で結婚直前に私を捨てた夫と再会。夫「金持ちの社長令嬢と結婚したw俺だけ幸せでごめんなw」私「本当にそう思う？」真実を伝えると元夫が震え出し…【朗読】【スカッと】,https://www.youtube.com/watch?v=aCFKEISe330,36万回視聴 / 1 年前,Noah Qumi,https://www.youtube.com/channel/UCH4l3-r5NgR2RlKdoRwfzAw,10 日前,0 回視聴,【スカッとする話】同窓会で結婚直前に私を捨てた夫と再会。夫「金持ちの社長令嬢と結婚したw俺だけ幸せでごめんなw」私「本当にそう思う？」真実を伝えると元夫が震え出し…【朗読】【スカッと】,https://www.youtube.com/watch?v=kwDoLkr5Sbk,100%
439,【スカッとする話】外科医の兄が挙げる豪華挙式で義妹「低学歴なんて一族の汚点よｗ」私の着物にワインをぶっかけてきた。直後、乾杯の挨拶で私の名前が呼ばれると…【スカッと】【朗読】,https://www.youtube.com/watch?v=UDP-lajdyc4,16万回視聴 / 1 年前,Noah Qumi,https://www.youtube.com/channel/UCH4l3-r5NgR2RlKdoRwfzAw,8 日前,0 回視聴,【スカッとする話】外科医の兄が挙げる豪華挙式で義妹「低学歴なんて一族の汚点よｗ」私の着物にワインをぶっかけてきた。直後、乾杯の挨拶で私の名前が呼ばれると…【スカッと】【朗読】,https://www.youtube.com/watch?v=aT_AvQ2_b7A,84%
440,【スカッとする話】夫「限界だ…。離婚してくれ…。お前と老後は耐えられん…」私「はい離婚届。義父の介護任せるね」即離婚して姿を消すと夫から大量着信→私（あ、もうバレたかw）実は…【朗読】【スカッと】,https://www.youtube.com/watch?v=HTXg2kgO-aI,14万回視聴 / 1 年前,Noah Qumi,https://www.youtube.com/channel/UCH4l3-r5NgR2RlKdoRwfzAw,8 日前,0 回視聴,【スカッとする話】夫「限界だ…。離婚してくれ…。お前と老後は耐えられん…」私「はい離婚届。義父の介護任せるね」即離婚して姿を消すと夫から大量着信→私（あ、もうバレたかw）実は…【朗読】【スカッと】,https://www.youtube.com/watch?v=Mrocl2zI9zA,100%
441,【スカッとする話】夫を亡くし1Kのアパートで年金暮らしの私を見下す長男嫁「孤独で極貧人生惨めですねw」1ヶ月後、娘夫婦と一軒家建て同居する事になり新居に長男夫婦も招くと…【朗読】【スカッと】,https://www.youtube.com/watch?v=FBxAecHRyv4,27万回視聴 / 1 年前,Noah Qumi,https://www.youtube.com/channel/UCH4l3-r5NgR2RlKdoRwfzAw,8 日前,0 回視聴,【スカッとする話】夫を亡くし1Kのアパートで年金暮らしの私を見下す長男嫁「孤独で極貧人生惨めですねw」1ヶ月後、娘夫婦と一軒家建て同居する事になり新居に長男夫婦も招くと…【朗読】【スカッと,https://www.youtube.com/watch?v=s22fDmWOq9s,89%
442,【スカッとする話】愛人に夫を奪われた私。2人「すまん、離婚してくれ…」離婚届が置かれた瞬間、即サインし夫を譲ると、相手弁護士がガタガタ震え出しw【朗読】【スカッと】,https://www.youtube.com/watch?v=blo_a56_T1U,37万回視聴 / 2 か月前,Noah Qumi,https://www.youtube.com/channel/UCH4l3-r5NgR2RlKdoRwfzAw,7 日前,0 回視聴,【スカッとする話】愛人に夫を奪われた私。2人「すまん、離婚してくれ…」離婚届が置かれた瞬間、即サインし夫を譲ると、相手弁護士がガタガタ震え出しw【朗読】【スカッと】,https://www.youtube.com/watch?v=MHsVbMKecBY,100%
443,【スカッとする話】月9万円で年金暮らしの私に長男嫁「頼られるの嫌だし絶縁でw」長男「今後一切関わらないからw」私「本当にいいのね？」長男嫁「え？」絶縁して2ヶ月後…w,https://www.youtube.com/watch?v=_m8w5ILU3u0,33万回視聴 / 1 年前,Noah Qumi,https://www.youtube.com/channel/UCH4l3-r5NgR2RlKdoRwfzAw,7 日前,0 回視聴,【スカッとする話】月9万円で年金暮らしの私に長男嫁「頼られるの嫌だし絶縁でw」長男「今後一切関わらないからw」私「本当にいいのね？」長男嫁「え？」絶縁して2ヶ月後…w,https://www.youtube.com/watch?v=_KqB9ErM7HI,100%
444,【スカッとする話】母の手術費のためにバケモノ御曹司と婚約した私。父「すまんな…」結婚初日、別人の彼の姿に驚愕し…【朗読】【スカッと】,https://www.youtube.com/watch?v=2meTtNT2fJ8,25万回視聴 / 7 か月前,Noah Qumi,https://www.youtube.com/channel/UCH4l3-r5NgR2RlKdoRwfzAw,7 日前,1 回視聴,【スカッとする話】母の手術費のためにバケモノ御曹司と婚約した私。父「すまんな…」結婚初日、別人の彼の姿に驚愕し…【朗読】【スカッと】,https://www.youtube.com/watch?v=0HyRkakDfNI,100%
445,【スカッと総集編】月9万円で年金暮らしの私に長男嫁「頼られるの嫌だし絶縁w」長男「今後一切関わらないw」私「本当にいいのね？」長男嫁「え？」【朗読】【スカッと】【スカッとする話】,https://www.youtube.com/watch?v=2jJCIGafP3k,8.7万回視聴 / 1 年前,Noah Qumi,https://www.youtube.com/channel/UCH4l3-r5NgR2RlKdoRwfzAw,7 日前,0 回視聴,【スカッとする話】月9万円で年金暮らしの私に長男嫁「頼られるの嫌だし絶縁でw」長男「今後一切関わらないからw」私「本当にいいのね？」長男嫁「え？」絶縁して2ヶ月後…w,https://www.youtube.com/watch?v=_KqB9ErM7HI,90%
446,【スカッとする話】姑の誕生会でも私を家政婦扱いする夫「バカ嫁さっさと料理出せ」義父「これ全部1人で！？」私「いつものことですから…」すると義父が豹変し…【修羅場】,https://www.youtube.com/watch?v=My7bUq_jaIs,11万回視聴 / 3 年前,Norah Atencio,https://www.youtube.com/channel/UC44u7YZWnkdU5Dgzzyycv8g,1 年前,1 回視聴,【スカッと感動】義母の誕生会でも私を家政婦扱いする夫「バカ嫁さっさと料理出せ」義父「これ全部1人で！？」私「いつものことですから…」すると義父が豹変し,https://www.youtube.com/watch?v=dy1Zk2IVEv8,85%
447,【スカッと】13年間、義実家のローンを払ってきた私に義両親「家は長男夫婦に売った！」夫「他人は今すぐ出ていけw」私「じゃあ引っ越しますね」翌日、半狂乱の義両親から鬼電がw,https://www.youtube.com/watch?v=Txz_ssCTCJk,17万回視聴 / 2 年前,Pendelton Gideon,https://www.youtube.com/channel/UCIRVjzjmTHwXA3X81dpyNeQ,1 年前,0 回視聴,【スカッと】13年間、義実家のローンを払ってきた私に義両親「家は長男夫婦に売った！」夫「他人は今すぐ出ていけw」私「じゃあ引っ越しますね」翌日、半狂乱の義両親,https://www.youtube.com/watch?v=CLe1giaxE8I,96%
448,【スカッと】私が新築タワマンを購入した途端に夫「明日から愛人と同居する！」愛人「ババァは私の家から出てけw」私「え？私は独身ですが？」夫・愛人「は？」結果w,https://www.youtube.com/watch?v=fz32YDbWe1Q,5.3万回視聴 / 2 年前,Pendelton Gideon,https://www.youtube.com/channel/UCIRVjzjmTHwXA3X81dpyNeQ,1 年前,0 回視聴,【スカッと】私が新築タワマンを購入した途端に夫「明日から愛人と同居する！」愛人「ババァは私の家から出てけw」私「え？私は独身ですが？」夫・愛人「は？」,https://www.youtube.com/watch?v=BKdnXXwAz_8,98%
449,【スカッとする話】医者一族の婚約者と結婚挨拶に行くと私達の席だけない。義母「片親の貧乏人とは婚約破棄w」母「ではおたくの病院潰すわ」義家族「え？」,https://www.youtube.com/watch?v=tOHZbuZysA4,7.4万回視聴 / 2 年前,Pendelton Gideon,https://www.youtube.com/channel/UCIRVjzjmTHwXA3X81dpyNeQ,1 年前,2回視聴,【スカッとする話】医者一族の婚約者と結婚挨拶に行くと私達の席だけない。義母「片親の貧乏人とは婚約破棄w」母「ではおたくの病院潰すわ」義家族「え？」,https://www.youtube.com/watch?v=yAg-ur38iSY,100%
450,【スカッとする話】大雪の中、赤ちゃんを背負い2時間歩いてきた8歳の姪「3000円貸して下さい...」夫「はぁ？貸すわけないだろ！」次の瞬間、ブチギレた夫は...,https://www.youtube.com/watch?v=8p7Hl5wjPok,37万回視聴 / 2 年前,Pendelton Gideon,https://www.youtube.com/channel/UCIRVjzjmTHwXA3X81dpyNeQ,1 年前,1 回視聴,【スカッとする話】大雪の中、赤ちゃんを背負い2時間歩いてきた8歳の姪「3000円貸して下さい   」夫「はぁ？貸すわけないだろ！」次の瞬間、ブチギレた夫,https://www.youtube.com/watch?v=bK4E6flKw4g,99%
451,【スカッとする話】深夜に母が倒れ夫と病院へ...私「急いで車出して！」夫「...はーい」だが、なぜか道中の海岸で置き去りに、夫「俺様に命令した罰だw」3時間後、病院に着くと血だらけの夫がw,https://www.youtube.com/watch?v=OaIj_8vvCdo,2.8万回視聴 / 2 年前,Pendelton Gideon,https://www.youtube.com/channel/UCIRVjzjmTHwXA3X81dpyNeQ,1 年前,0 回視聴,【スカッとする話】深夜に母が倒れ夫と病院へ   私「急いで車出して！」夫「   はーい」だが、なぜか道中の海岸で置き去りに、夫「俺様に命令した罰だw」3時間後、病院に着くと血だ,https://www.youtube.com/watch?v=GSpb3yXQF2I,96%
452,【スカッとする話】破水し動けなくなった私を見た5歳の息子「父さん！病院連れてって！」夫「社員旅行中だから無理w」1週間後、電話で夫「明日帰るぞ！母さんは？」息子「...今から埋めるよ」夫「え？」,https://www.youtube.com/watch?v=cVBDhgoNCIQ,7.6万回視聴 / 2 年前,Pendelton Gideon,https://www.youtube.com/channel/UCIRVjzjmTHwXA3X81dpyNeQ,1 年前,0 回視聴,【スカッとする話】破水し動けなくなった私を見た5歳の息子「父さん！病院連れてって！」夫「社員旅行中だから無理w」1週間後、電話で夫「明日帰るぞ！母さんは？」息子「   今から,https://www.youtube.com/watch?v=CCycBNB6BSY,95%
453,【スカッとする話】長男夫婦が他界し孫を育てる私に夫「あのガキども迷惑だったんだよなw」親友「アンタの金持ち旦那もらうわw」ボロボロの私に孫「ばあちゃん良かったね！だってあの人...」,https://www.youtube.com/watch?v=8a9QMDUv9kk,7.6万回視聴 / 2 年前,Pendelton Gideon,https://www.youtube.com/channel/UCIRVjzjmTHwXA3X81dpyNeQ,1 年前,0 回視聴,【スカッとする話】長男夫婦が他界し孫を育てる私に夫「あのガキども迷惑だったんだよなw」親友「アンタの金持ち旦那もらうわw」ボロボロの私に孫「ばあちゃん良かったね,https://www.youtube.com/watch?v=0K5l93rI-NY,96%
454,【スカッとする話】離婚して2週間後、30歳で不妊の私を見下す夫「23歳で若い彼女と再婚したｗ30過ぎたババァは失せろｗ」直後、現れた新しい女を見て大爆笑→私「ご愁傷様ｗ」実は...,https://www.youtube.com/watch?v=Gx1fLUdVHGk,6.6万回視聴 / 2 年前,Pendelton Gideon,https://www.youtube.com/channel/UCIRVjzjmTHwXA3X81dpyNeQ,1 年前,0 回視聴,【スカッとする話】離婚して2週間後、30歳で不妊の私を見下す夫「23歳で若い彼女と再婚したｗ30過ぎたババァは失せろｗ」直後、現れた新しい女を見て大爆笑→私,https://www.youtube.com/watch?v=Jv-TkkLHFng,95%
455,【スカッと総集編】私が新築タワマンを購入した途端に夫「明日から愛人と同居する！」愛人「ババァは私の家から出てけw」私「え？私は独身ですが？」夫・愛人「は？」結果w,https://www.youtube.com/watch?v=b7xMpCmS-ec,14万回視聴 / 2 年前,Pendelton Gideon,https://www.youtube.com/channel/UCIRVjzjmTHwXA3X81dpyNeQ,1 年前,0 回視聴,【スカッと】私が新築タワマンを購入した途端に夫「明日から愛人と同居する！」愛人「ババァは私の家から出てけw」私「え？私は独身ですが？」夫・愛人「は？」,https://www.youtube.com/watch?v=BKdnXXwAz_8,98%
456,【スカッとする話】農家の私だけ引っ越し祝いに呼ばなかった長男嫁「新築に汚いババアは困りますw今後も関わらないで下さいw」私「汚くてごめんなさいね」翌日、慌てた嫁から鬼電が...w【修羅場】【スカッと】,https://www.youtube.com/watch?v=BxbIB3mhgsg,11万回視聴 / 3 年前,Phabab Nhaban habba,https://www.youtube.com/channel/UC2I_csm2dYiRlSvWeFDMr7A,2 年前,0 回視聴,【スカッと】農家の私と夫だけ引っ越し祝いに呼ばなかった長男嫁「新築に汚いババアは困りますんでw金輪際関わらないで下さいw」私「汚くてごめんなさいね」翌日、慌てた嫁から鬼電が,https://www.youtube.com/watch?v=sB4bUEZfSc4,93%
457,【スカッとする話】夫「来月ママが引っ越してくる！お前の部屋片付けておけw」私「はーい、キレイにしておくね」夫の出張中に不動産屋に連絡し家を売り払いキレイに更地にした結果w,https://www.youtube.com/watch?v=vyDCAcHPme8,8.6万回視聴 / 2 年前,Polina Shetinkina,https://www.youtube.com/channel/UCt_VEeJdhjBe1InwJgwjYDw,2 年前,0 回視聴,【スカッとする話】夫「来月ママが引っ越してくる！お前の部屋片付けておけw」私「はーい、キレイにしておくね」夫の出張中に不動産屋に連絡し家を売り払いキレイに更地にした結果w【修羅場】,https://www.youtube.com/watch?v=ffOlB2oJIs0,100%
458,【スカッとする話】体調不良でパートを早退し家に帰ると夫が親友と真っ最中...コッソリ二人の動画を撮影し親友の夫に送ってやった結果w,https://www.youtube.com/watch?v=NTuf2k99EWQ,27万回視聴 / 2 年前,Prime Stories,https://www.youtube.com/channel/UCmzQkoRLdndquRvLDr2uSJg,3 か月前,22回視聴,体調不良でパートを早退し家に帰ると夫が親友と真っ最中...コッソリ二人の動画を撮影し親友の夫に送ってやった結果w,https://www.youtube.com/watch?v=3kDilLfB3jI,100%
459,【スカッとする話】義両親に蹴られ骨折した私に夫「寝かせとけば治るw」翌日、病室に嘲笑いに来た義家族「あれ、嫁は？w」医師「警察署です」義家族「え？」【朗読】【スカッと】,https://www.youtube.com/watch?v=p4pyD9SD1Tk,8.1万回視聴 / 2 か月前,Prime Stories,https://www.youtube.com/channel/UCmzQkoRLdndquRvLDr2uSJg,2 か月前,12回視聴,【スカッとする話】義両親に蹴られ骨折した私に夫「寝かせとけば治るw」翌日、病室に嘲笑いに来た義家族「あれ、嫁は？w」医師「警察署です」義家族「え？」,https://www.youtube.com/watch?v=DExd1MasPGM,100%
460,【スカッと総集編】長男の結婚式前夜、ペットカメラを確認すると誰もいないはずの寝室で夫と長男嫁が真っ最中…音量を最大にして式場で実況中継してやった結果w【修羅場】,https://www.youtube.com/watch?v=ggQWFYLMQqE,43万回視聴 / 3 年前,Prime Stories,https://www.youtube.com/channel/UCmzQkoRLdndquRvLDr2uSJg,5 か月前,28回視聴,長男の結婚式前夜、ペットカメラを確認すると誰もいないはずの寝室で夫と長男嫁が真っ最中…音量を最大にして式場で実況中継してやった結果w,https://www.youtube.com/watch?v=czDbOrMm4kc,95%
461,【スカッとする話】亡くなった元夫の保険金3000万で新築一軒屋を建てた夫「母さんに家買ったｗ逆らうなら離婚だw」私「わかりました。いいけど後悔するよ？」夫「しねぇよw」→1ヶ月後...【修羅場】,https://www.youtube.com/watch?v=dW-opdxTbYQ,11万回視聴 / 3 年前,Quang Nguyễn Minh,https://www.youtube.com/channel/UCcqacqBK6ivIzVdiDuAZxoQ,1 年前,5回視聴,【スカッと】亡くなった元夫の保険金3000万で新築一軒屋を建てた夫「母さんに家を買ったw逆らうなら離婚だw」私「わかりました。いいけど後悔するよ？」夫「しねぇよw」→1ヶ月後…【修羅場】,https://www.youtube.com/watch?v=REsool_fZUc,99%
462,【スカッとする話】ハワイ旅行中の夫から突然の連絡「女子大生の愛人と再婚するから離婚でwガキ連れて家から出ていけw」私「もう娘と引越し済みだけど？」夫「え？」結果w,https://www.youtube.com/watch?v=5OeuGN05XeY,1.4万回視聴 / 1 年前,Quyen Nguyen,https://www.youtube.com/channel/UCESw5LoWhPBhI-XhRGuytig,7 か月前,0 回視聴,ハワイ旅行中の夫から突然の連絡「女子大生の愛人と再婚するから離婚でｗ ガキ連れて家から出ていけｗ」私「もう娘と引越し済みだけど？」夫「え？」→実は私が「家の所有者」だった結果ｗ,https://www.youtube.com/watch?v=RlS-DL5fpu8,91%
463,【スカッとする話】ハワイ旅行中の夫から突然の連絡「女子大生の愛人と再婚するから離婚でwガキ連れて家から出ていけw」私「もう娘と引越し済みだけど？」夫「え？」結果w,https://www.youtube.com/watch?v=5OeuGN05XeY,1.4万回視聴 / 1 年前,Quyen Nguyen,https://www.youtube.com/channel/UCESw5LoWhPBhI-XhRGuytig,7 か月前,0 回視聴,ハワイ旅行中の夫から突然の連絡「女子大生の愛人と再婚するから離婚でｗ ガキ連れて家から出ていけｗ」私「もう娘と引越し済みだけど？」夫「え？」→実は私が「家の所有者」だった結果ｗ,https://www.youtube.com/watch?v=f7e5KCxDAyQ,91%
464,【スカッとする話】初孫を見に来た義両親を迎えに行くと、義母「何このボロいミニバンwハイヤーでも用意しなさいよw」私「では歩いて来てください」置き去りにして発車した結果w【朗読】,https://www.youtube.com/watch?v=JwCyMTMKqaI,2.6万回視聴 / 1 年前,Quyen Nguyen,https://www.youtube.com/channel/UCESw5LoWhPBhI-XhRGuytig,7 か月前,0 回視聴,初孫を見に来た義両親。迎えに行くと義母「何このボロいミニバンwハイヤーでも用意しなさいよw」私「では歩いて来てください」置き去りにして発車ｗ 翌日、号泣した義父から電話が来て…【スカッとする話】,https://www.youtube.com/watch?v=jxlQBIId26o,89%
465,【スカッとする話】姑の誕生会でも私を家政婦扱いする夫「バカ嫁さっさと料理出せ」義父「これ全部1人で！？」私「いつものことですから…」すると義父が豹変し…【修羅場】,https://www.youtube.com/watch?v=My7bUq_jaIs,11万回視聴 / 3 年前,Quế Chi Thạch,https://www.youtube.com/channel/UCUOs-MxG8si0ICMK76sHhGg,2 年前,0 回視聴,【スカッと感動】義母の誕生会でも私を家政婦扱いする夫「バカ嫁さっさと料理出せ」義父「これ全部1人で！？」私「いつものことですから…」すると義父が豹変,https://www.youtube.com/watch?v=5faezKMRyL8,84%
466,【スカッとする話】夫が突然大量の荷物を持ってきて、夫「今日から俺の両親と姉を養う！嫌なら離婚だ！」私「え？もう離婚済みだけど？」夫「え？」結果w,https://www.youtube.com/watch?v=G4O12jIGPfg,8.7万回視聴 / 3 年前,Ragna Whitby,https://www.youtube.com/channel/UCd_tUic081oRY0jx7_CvHhw,1 年前,0 回視聴,【スカッと感動】夫が突然大量の荷物を持ってきて、夫「今日から俺の両親と姉を養う！嫌なら離婚だ！」私「え？もう離婚済みだけど？」夫「え？」結果,https://www.youtube.com/watch?v=nr2yhePUBok,88%
467,【スカッとする話】亡くなった母から相続した3億円の豪邸を勝手に義両親の名義に変更した夫「家は両親に譲るw逆らったら離婚ｗ」私「いいけど後悔するよ？」夫「うるせぇバーカw」→翌日w,https://www.youtube.com/watch?v=5aFfHFGkhME,4万回視聴 / 2 年前,Reapin365,https://www.youtube.com/channel/UCQZrGKEGPVP0gJ8OV05LNoA,2 年前,298回視聴,【スカッとする話】亡くなった母から相続した3億円の豪邸を勝手に義両親の名義に変更した夫「家は両親に譲るw逆らったら離婚ｗ」私「いいけど後悔するよ？」夫「うるせぇバーカw」→翌日w,https://www.youtube.com/watch?v=9hatBUA1iv0,100%
468,【スカッとする話】台風の夜、妊娠9ヶ月の娘が意識不明の孫を抱いて玄関前に来て、娘「お願い救急車呼んで下さい！」夫「は？救急車など呼べるか！」直後、夫と孫を強引に車に押し込むと...,https://www.youtube.com/watch?v=flrvvWY1BxE,4.4万回視聴 / 2 年前,Reapin365,https://www.youtube.com/channel/UCQZrGKEGPVP0gJ8OV05LNoA,2 年前,"1,317回視聴",【スカッとする話】台風の夜、妊娠9ヶ月の娘が意識不明の孫を抱いて玄関前に来て、娘「お願い救急車呼んで下さい！」夫「は？救急車など呼べるか！」直後、夫と孫を強引に車に押し込むと...,https://www.youtube.com/watch?v=AsMq6Tq3HLY,100%
469,【スカッとする話】夫「来月ママが引っ越してくる！お前の部屋片付けておけw」私「はーい、キレイにしておくね」夫の出張中に不動産屋に連絡し家を売り払いキレイに更地にした結果w,https://www.youtube.com/watch?v=vyDCAcHPme8,8.6万回視聴 / 2 年前,Reapin365,https://www.youtube.com/channel/UCQZrGKEGPVP0gJ8OV05LNoA,2 年前,"4,662回視聴",【スカッとする話】夫「来月ママが引っ越してくる！お前の部屋片付けておけw」私「はーい、キレイにしておくね」夫の出張中に不動産屋に連絡し家を売り払いキレイに更地にした結果w,https://www.youtube.com/watch?v=sHqzGnxM6s8,100%
470,【スカッとする話】夫が突然、義両親と姉夫婦の大量の荷物を送ってきて、夫「両親と姉の荷物受け取った？今日から俺達が養うからな！」私「受けったよ！私の荷物も今新居のタワマンに送ったところ！」夫「は？」,https://www.youtube.com/watch?v=mhbfrpGwDpw,6.7万回視聴 / 2 年前,Reapin365,https://www.youtube.com/channel/UCQZrGKEGPVP0gJ8OV05LNoA,2 年前,908回視聴,【スカッとする話】夫が突然、義両親と姉夫婦の大量の荷物を送ってきて、夫「両親と姉の荷物受け取った？今日から俺達が養うからな！」私「受けったよ！私の荷物も今新居のタワマンに送ったところ！」夫「は？」,https://www.youtube.com/watch?v=NjR0Xs0wEkM,98%
471,【スカッとする話】延期された結婚式前日、式場に行くと夫が愛人と挙式の真っ最中...私「始まってますので急いで！」急遽、参列者と親戚一同を呼ぶと二人は地獄にw,https://www.youtube.com/watch?v=Y6QCc-iUUxc,6.5万回視聴 / 2 年前,Rogers Canaan,https://www.youtube.com/channel/UCe6evHOAj-OyuG2_7HuwkWA,1 年前,1 回視聴,【スカッとする話】延期された結婚式前日、式場に行くと夫が愛人と挙式の真っ最中   私「始まってますので急いで！」急遽、参列者と親戚一同を呼ぶと二人は地獄にw,https://www.youtube.com/watch?v=W5gO4Amh9as,100%
472,【スカッとする話】義母に車を貸した翌日、事故で入院した私。義母「タイヤがパンクなんて不運w車椅子生活とか可哀想にw」私「車椅子は夫ですけど？」義母「え？」結果w,https://www.youtube.com/watch?v=X-4klsI7p0M,6.8万回視聴 / 2 年前,Roi Lucnghe,https://www.youtube.com/channel/UCfe3NoSoVpZVvDqeSP1GxQw,1 年前,0 回視聴,スカッとする話】義母に車を貸した翌日、事故で入院した私。義母「タイヤがパンクなんて不運w車椅子生活とか可哀想にw」私「車椅子は夫ですけど？」義母「え？」結果w,https://www.youtube.com/watch?v=KPZMSZARAng,94%
473,【スカッとする話】夫「来月ママが引っ越してくる！お前の部屋片付けておけw」私「はーい、キレイにしておくね」夫の出張中に不動産屋に連絡し家を売り払いキレイに更地にした結果w,https://www.youtube.com/watch?v=vyDCAcHPme8,8.6万回視聴 / 2 年前,Roosmsbs Qoakambs,https://www.youtube.com/channel/UC2nOEGy__uf1Jhs8s4UvUhw,1 年前,1 回視聴,【スカッとする話】夫「来月ママが引っ越してくる！お前の部屋片付けておけw」私「はーい、キレイにしておくね」夫の出張中に不動産屋に連絡し家を売り払いキレイに更地にした結果w【修羅場】,https://www.youtube.com/watch?v=GYPANTvtKu8,100%
474,【スカッと総集編】家のローン月18万を払ってると知らず同居の長男嫁に1年間無視された...ある日、私「あれ？なんで私の荷物が...」長男嫁「キレイにしておいてあげたw」私の荷物を勝手に捨てられた,https://www.youtube.com/watch?v=bPcGySAd3gA,20万回視聴 / 2 年前,Rosana Better,https://www.youtube.com/channel/UCuCMo3Ak903sOT3eN-HSqHw,2 年前,0 回視聴,【スカッとする話】家のローン月18万を払ってると知らず同居の長男嫁に1年間無視された   ある日、私「あれ？なんで私の荷物が   」長男嫁「キレイにしておいてあげたw」私の荷物を勝手に捨てら,https://www.youtube.com/watch?v=BzoAMZU73C0,99%
475,【スカッとする話】孫の七五三のお祝いに親戚一同と行くと私だけ席がない...長男嫁「他人の席は無いから立ってればw」私「じゃ帰るか」親戚一同「うん」全員で帰宅した結果w,https://www.youtube.com/watch?v=bI91wh-7IMg,19万回視聴 / 2 年前,Royalty John,https://www.youtube.com/channel/UCgd06sKG4oxWb-XCO0h4BTA,1 年前,1 回視聴,【スカッと】孫の七五三のお祝いに親戚一同と行くと私だけ席がない…長男嫁「他人の席は無いから立ってればw」私「じゃ帰るか」親戚一同「うん」全員で帰宅した結果,https://www.youtube.com/watch?v=RPcTlMqYfpA,100%
476,【スカッとする話】私と夫の事が大嫌いな長男夫婦「俺達の結婚式は欠席しろ。嫌なら絶縁する」私「いいけど、アナタ達本当に大丈夫？後悔するよ？」長男「しねぇよw二度と連絡してくんなw」数ヶ月後w【修羅場】,https://www.youtube.com/watch?v=luo2hcOOZik,14万回視聴 / 3 年前,Ruth Aller,https://www.youtube.com/channel/UCagnK-FOQG2Sxj9-ytSdIfw,1 年前,856回視聴,【2ch修羅場スレ】  私と夫の事が大嫌いなエリート長男夫婦「低学歴は俺達の結婚式を欠席しろ！嫌なら絶縁な」私「いいけど、アナタ達本当に大丈夫？後悔するよ」長男「しねぇよw二度と連絡して,https://www.youtube.com/watch?v=CNKtLz62EV8,87%
477,【スカッとする話】大好きな母が73歳で他界。葬儀中、長男嫁から鬼電「明日は私の結婚式の日よ！今すぐ帰って準備しろ！」私「はい..」泣きながら帰るとなぜかボコボコになった嫁が待っていて...w【修羅場】,https://www.youtube.com/watch?v=EJjcsX_1CGg,2.2万回視聴 / 3 年前,Ryleigh Kathleen,https://www.youtube.com/channel/UCmHfO5yrYFjsYslb7ehEZjg,1 年前,1 回視聴,【スカッとする話】大好きな母が73歳で他界。葬儀中、長男嫁から鬼電「明日は私の結婚式の日よ！今すぐ帰って準備しろ！」私「はい  」泣きながら帰るとなぜかボコボコになった嫁が待っていて,https://www.youtube.com/watch?v=5OBI9yhO3Lw,100%
478,【スカッとする話】夫がくれた出産プレゼントのベビー服を即行で捨てた私。義両親「何て事を！謝りなさい！」私「タグ、見ました？」プレゼントを見ると義両親が震え出し...【スカッと】,https://www.youtube.com/watch?v=fu-ITgtPXqY,15万回視聴 / 3 年前,Ryleigh Kathleen,https://www.youtube.com/channel/UCmHfO5yrYFjsYslb7ehEZjg,1 年前,0 回視聴,【スカッとする話】夫がくれた出産プレゼントのベビー服を即行で捨てた私。義両親「何て事を！謝りなさい！」私「タグ、見ました？」プレゼントを見ると義両親が震え出し,https://www.youtube.com/watch?v=76yuFVnygb0,77%
479,【スカッとする話】長男夫婦「ババァは口を開くな！」食事さえ許されずガリガリの私…久々に帰国した次男「母さんは食べないの？」私「いつもの事よ…」次男「は？」その後..【修羅場】,https://www.youtube.com/watch?v=uSa9TRN9UTA,4.4万回視聴 / 3 年前,Ryleigh Kathleen,https://www.youtube.com/channel/UCmHfO5yrYFjsYslb7ehEZjg,1 年前,0 回視聴,【スカッとする話】長男夫婦「ババァは口を開くな！」食事さえ許されずガリガリの私…久々に帰国した次男「母さんは食べないの？」私「いつもの事よ…」次男「は？」その後  【修羅場】,https://www.youtube.com/watch?v=Sqjfk8mqkF0,100%
480,【スカッとする話】ハネムーン先で目覚めると夫と社長令嬢の浮気相手が真っ最中...夫の財布とパスポートを持って勝手に帰国し海外に閉じ込めてやった結果w,https://www.youtube.com/watch?v=z-k8D-43D14,6万回視聴 / 2 年前,Salvatore Fortune,https://www.youtube.com/channel/UCjS9Y9RvFnUlN3YqtLcGv1w,2 年前,0 回視聴,【スカッとする話】ハネムーン先で目覚めると夫と社長令嬢の浮気相手が真っ最中   夫の財布とパスポートを持って勝手に帰国し海外に閉じ込めてやった結果w,https://www.youtube.com/watch?v=WkOFVSrTJt0,100%
481,【スカッとする話】亡くなった元夫の保険金3000万で新築一軒屋を建てた夫「母さんに家買ったｗ逆らうなら離婚だw」私「わかりました。いいけど後悔するよ？」夫「しねぇよw」→1ヶ月後...【修羅場】,https://www.youtube.com/watch?v=dW-opdxTbYQ,11万回視聴 / 3 年前,Sandy Harris,https://www.youtube.com/channel/UCb9_xOkhb67lfOngQZdJqyA,2 年前,1 回視聴,【スカッと】亡くなった元夫の保険金3000万で新築一軒屋を建てた夫「母さんに家を買ったw逆らうなら離婚だw」私「わかりました。いいけど後悔するよ？」夫「しねぇよw」→1ヶ月後…その他３作品【総集編】,https://www.youtube.com/watch?v=38_8NM6a_uc,95%
482,【スカッとする話】夫と姉が温泉旅行中、交通事故で半身不随に。夫「2人の面倒は宜しくな！」私「え？姉さんに頼みなよ！」直後、隣に姉が運ばれ叫んだ→だってその女は..,https://www.youtube.com/watch?v=24r-JE4M58Y,6.3万回視聴 / 2 年前,Sasha Shevchenko,https://www.youtube.com/channel/UCOgrtJldEC9BQW44SAV0z2Q,2 年前,2回視聴,【スカッとする話】夫と姉が温泉旅行中、交通事故で半身不随に。夫「2人の面倒は宜しくな！」私「え？姉さんに頼みなよ！」直後、隣に姉が運ばれ叫んだ→だってその女は,https://www.youtube.com/watch?v=HlGHYRCkmJg,100%
483,【スカッとする話】家のローンを返済している私に夫の連れ子「婚約者と同居するから出てけw」婚約者「ローン6万は俺達が払うよｗ」→私「じゃあ出てく（ローン60万だけどw）」名義を連れ子に変更し引越した結果,https://www.youtube.com/watch?v=qHEtxZ99tkg,6.2万回視聴 / 2 年前,Sasha Shevchenko,https://www.youtube.com/channel/UCOgrtJldEC9BQW44SAV0z2Q,2 年前,0 回視聴,【スカッとする話】家のローンを返済している私に夫の連れ子「婚約者と同居するから出てけw」婚約者「ローン6万は俺達が払うよｗ」→私「じゃあ出てく（ローン60万だけどw）」名義を連れ子に変更し引,https://www.youtube.com/watch?v=9Pm44yhoIHw,97%
484,【スカッとする話】高熱のため弁当に冷凍食品を入れると花瓶を投げてきた夫の連れ子「パパの寄生虫が家事サボるなw」間一髪避けると後ろから大声が→振り返ると鬼の形相の夫が...,https://www.youtube.com/watch?v=riN31j1iV0Q,4.3万回視聴 / 2 年前,Sasha Shevchenko,https://www.youtube.com/channel/UCOgrtJldEC9BQW44SAV0z2Q,2 年前,1 回視聴,【スカッとする話】高熱のため弁当に冷凍食品を入れると花瓶を投げてきた夫の連れ子「パパの寄生虫が家事サボるなw」間一髪避けると後ろから大声が→振り返ると鬼の形相の夫が,https://www.youtube.com/watch?v=srWT8bdDQH0,100%
485,【スカッとする話】夫の出張中に息子に誘われ高級ホテルへディナーに行くと女性にプロポーズする夫「亡き妻と息子の分まで幸せにする！」直後、静かに席を立ち上がり求婚に乱入→私と息子「死んだ全家族です」,https://www.youtube.com/watch?v=-fE68tebmjk,7.2万回視聴 / 2 年前,Sawyer Eden,https://www.youtube.com/channel/UCwMb3fipva8XO4AWu3kExUg,2 年前,0 回視聴,【スカッとする話】夫の出張中に息子に誘われ高級ホテルへディナーに行くと女性にプロポーズする夫「亡き妻と息子の分まで幸せにする！」→直後、静かに席を立ち求婚に乱入「どうも、亡き妻と息子です」【修,https://www.youtube.com/watch?v=5-D_cd9Bc5w,88%
486,【スカッとする話】私の事が大嫌いな長男嫁「ウチの冠婚葬祭に義両親は絶対来ないで。嫌なら離婚する」私「いいけど、アナタ本当に大丈夫？後悔するよ？」長男嫁「しねぇよw二度と連絡してくんなw」→数ヶ月後w,https://www.youtube.com/watch?v=xyoQNySkFhc,10万回視聴 / 3 年前,Selina Schwinghammer,https://www.youtube.com/channel/UChCQdD4jfpxBAot3eswHK5g,1 年前,3回視聴,【スカッと】私の事が大嫌いな長男嫁「ウチの冠婚葬祭に義両親は絶対来ないで。嫌なら婚約破棄する」私「いいけど、アナタ本当に大丈夫？後悔するよ？」長男嫁「しねぇよ二度と連絡してくんな」→数,https://www.youtube.com/watch?v=LfFpvvS0gNM,95%
487,【スカッとする話】私が余命半年と聞いて愛人と豪遊しはじめた夫「いつまで生きてるの？w」 私「余命なのはあなただよ？」後日、半狂乱の夫が...【修羅場】【スカッと】,https://www.youtube.com/watch?v=Tm9DKLFF30M,25万回視聴 / 3 年前,Seth Louie,https://www.youtube.com/channel/UCxnr_rgyYXC9AK3H7v3KYHA,1 年前,0 回視聴,【スカッとする話】私が余命半年と聞いて愛人と豪遊しはじめた夫「いつまで生きてるの？w」 私「余命なのはあなただよ？」後日、半狂乱の夫が…【修羅場】,https://www.youtube.com/watch?v=NW9oAsbl-z8,100%
488,【スカッと総集編】家のローン月18万を払ってると知らず同居の長男嫁に1年間無視された...ある日、私「あれ？なんで私の荷物が...」長男嫁「キレイにしておいてあげたw」私の荷物を勝手に捨てられた,https://www.youtube.com/watch?v=bPcGySAd3gA,20万回視聴 / 2 年前,Sevelyn Yuro,https://www.youtube.com/channel/UCTB976mkRm0RogVyBwiNQ4A,1 年前,0 回視聴,【スカッとする話】家のローン月18万を払ってると知らず同居の長男嫁に1年間無視された   ある日、私「あれ？なんで私の荷物が   」長男嫁「キレイにしておいてあげ,https://www.youtube.com/watch?v=22ziY8Behfg,90%
489,【スカッとする話】私名義の新築とは知らず私を追い出す長男嫁「義母さんの全てが大嫌い！家族だけで住むから出てけ！」稼ぎ頭の私「分かりました」引っ越し業者を手配し家賃20万残して出ていった結果w,https://www.youtube.com/watch?v=aRLV6JyQhS4,8.5万回視聴 / 3 年前,Shemarr Jones,https://www.youtube.com/channel/UCVD4byKCO45GTTf9bIZBU6w,2 年前,0 回視聴,【スカッと感動】私名義の新築とは知らず私を追い出す長男嫁「義母さんの全てが大嫌い！家族だけで住むから出てけ！」稼ぎ頭の私「分かりました」引っ越し業者を手配し家賃20万残して出ていった結果w【修羅場】,https://www.youtube.com/watch?v=WjhzA6VKrAM,91%
490,【スカッと】起業した夫を支えてきた私を裏切った夫「21歳のバイトを妊娠させた！離婚しで！」私「はーい、仕事も辞めるね！」夫「は？仕事は続けてくれよ」私「嫌よ。だってあのバイト...」,https://www.youtube.com/watch?v=n-_5T-nb0dg,3.7万回視聴 / 2 年前,Shinji Datの人生物語,https://www.youtube.com/channel/UCpdX_bFCePsYvPWZAMQoaeg,2 か月前,20回視聴,起業した夫を支えてきた私を裏切った夫「21歳のバイトを妊娠させた！悪いが、離婚してくれ！」私「はーい、仕事も辞めるね！」夫「は？仕事は続けてくれよ」,https://www.youtube.com/watch?v=F-JFquYn4l8,86%
491,【スカッとする話】夫「俺の年金は1円もやらん」40年間夫を支えてきたのに、他人のように突き放された私（もう我慢しなくていっかw）→翌日、なぜか夫が泣き叫びw【朗読】【スカッと】,https://www.youtube.com/watch?v=gqjIGgB7rlA,4万回視聴 / 4 か月前,Shinji Datの人生物語,https://www.youtube.com/channel/UCpdX_bFCePsYvPWZAMQoaeg,2 か月前,11回視聴,夫「俺の年金は1円もやらん」40年間夫を支えてきたのに、他人のように突き放された私（もう我慢しなくていっかw）→翌日、なぜか夫が泣き叫びw【朗読】【スカッとする話】,https://www.youtube.com/watch?v=FiGEQo_QLoY,100%
492,【スカッとする話】女4姉妹を育てる私に夫「離婚して愛人と再婚するから」私「いいけど長女は連れてってね」夫「え？母親のお前が育てろよ」私「嫌よ。だって…」,https://www.youtube.com/watch?v=tQe8apURLKM,20万回視聴 / 1 年前,Shinji Datの人生物語,https://www.youtube.com/channel/UCpdX_bFCePsYvPWZAMQoaeg,2 か月前,178回視聴,女4姉妹を育てる私に夫「離婚して愛人と再婚するから」私「いいけど長女は連れてってね」夫「え？母親のお前が育てろよ」私「嫌よ。だって…」,https://www.youtube.com/watch?v=XIKb95pkTjk,92%
493,【スカッとする話】手術当日、怯える私を見捨て、平然と飲み会へ向かった夫。1年後、夫の癌が発覚すると夫「怖いから来てくれ、頼む」私「飲み会だから無理w」結果w【朗読】【スカッと】,https://www.youtube.com/watch?v=ZSMzLBZN4z0,1.2万回視聴 / 4 か月前,Shinji Datの人生物語,https://www.youtube.com/channel/UCpdX_bFCePsYvPWZAMQoaeg,2 か月前,24回視聴,手術当日、怯える私を見捨て、平然と飲み会へ向かった夫。1年後、夫の癌が発覚すると夫「怖いから来てくれ、頼む」私「飲み会だから無理w」結果w【朗読】【スカッと】,https://www.youtube.com/watch?v=9ec8TRW_FFY,95%
494,【スカッとする話】私が義父の入院費を払ってると知らず私の荷物を全て捨てた夫「もう俺に寄生するな穀潰しがw」夫を残し1億の豪邸に引越し入院費の支払いも止めた結果w,https://www.youtube.com/watch?v=Yfo6v4-ZtHc,22万回視聴 / 2 年前,Shinji Datの人生物語,https://www.youtube.com/channel/UCpdX_bFCePsYvPWZAMQoaeg,2 か月前,125回視聴,私が義父の入院費を払ってると知らず私の荷物を全て捨てた夫「もう俺に寄生するな穀潰しがw」夫を残し1億の豪邸に引越し入院費の支払いも止めた結果w,https://www.youtube.com/watch?v=eoTIjHaKblI,100%
495,【スカッとする話】私の両親が亡くなった途端、実家を勝手に解体した夫「今日から俺の家で両親と同居だ！」それを聞いた私は大爆笑→私「あんた達、知らないの？」実は...,https://www.youtube.com/watch?v=3WlCnGLe67U,55万回視聴 / 2 年前,Shinji Datの人生物語,https://www.youtube.com/channel/UCpdX_bFCePsYvPWZAMQoaeg,2 か月前,11回視聴,私の両親が亡くなった途端、実家を勝手に解体した夫「今日から俺の家で両親と同居だ！」それを聞いた私は大爆笑→私「あんた達、知らないの？」実は   【朗読】,https://www.youtube.com/watch?v=pFrUHPf1Esk,100%
496,【スカッとする話】私の資産が9億あると知らず社長令嬢の愛人と再婚した元夫と再会「生活保護の貧乏人じゃんw元気？w」私「は？誰と勘違いしてるの？」真実を伝えると元夫が半狂乱にw【スカッと】【朗読】,https://www.youtube.com/watch?v=uYt37nxwb0o,1.8万回視聴 / 2 年前,Shinji Datの人生物語,https://www.youtube.com/channel/UCpdX_bFCePsYvPWZAMQoaeg,2 か月前,13回視聴,私の資産が9億あると知らず社長令嬢の愛人と再婚した元夫と再会「生活保護の貧乏人じゃんw元気？w」私「は？誰と勘違いしてるの？」真実を伝えると元夫が半狂乱にw,https://www.youtube.com/watch?v=5SfD5lmv8GY,100%
497,【スカッと総集編】夫が亡くなった途端、我が家を勝手に解体した義両親「今日からうちで同居しろ！嫁は家政婦にしてやるw」それを聞いた私は大爆笑→私「アンタら知らないの？」実は...,https://www.youtube.com/watch?v=yUWQozZU0zY,18万回視聴 / 2 年前,Shinji Datの人生物語,https://www.youtube.com/channel/UCpdX_bFCePsYvPWZAMQoaeg,2 か月前,371回視聴,夫が亡くなった途端、我が家を勝手に解体した義両親「今日からうちで同居しろ！嫁は家政婦にしてやるw」それを聞いた私は大爆笑→私「アンタら知らないの？」実は,https://www.youtube.com/watch?v=ZDiYHoGLBCY,100%
498,【スカッと総集編】夫が土下座「20歳の愛人が妊娠した！離婚してくれ！」私「はい離婚届け。じゃ娘以外は連れてくね」夫「は？娘も連れていけよ」私「無理、だってこの子は…」【スカッとする話】,https://www.youtube.com/watch?v=70JSyEr3ztQ,34万回視聴 / 3 年前,Shinji Datの人生物語,https://www.youtube.com/channel/UCpdX_bFCePsYvPWZAMQoaeg,2 か月前,47回視聴,夫が土下座「20歳の愛人が妊娠した！離婚してくれ！」私「はい離婚届け。じゃ娘以外は連れてくね」夫「は？娘も連れていけよ」私「無理、だってこの子は…」,https://www.youtube.com/watch?v=wjcsqrJMXOI,100%
499,【スカッと総集編】私の年収が2000万と知らず入院中の私を捨て愛人と再婚した夫「離婚届け出しといたｗ慰謝料として家と車は貰うｗ」私「承知しました」→3日後、半狂乱の夫から200件の鬼電がw【修羅場】,https://www.youtube.com/watch?v=sd-a4XIE7jQ,36万回視聴 / 3 年前,Shinji Datの人生物語,https://www.youtube.com/channel/UCpdX_bFCePsYvPWZAMQoaeg,2 か月前,"1,143回視聴",私の年収が2000万と知らず入院中の私を捨て愛人と再婚した夫「離婚届け出しといたｗ慰謝料として家と車は貰うｗ」私「承知しました」→3日後、半狂乱の夫から200件の鬼電がw【スカッとする話】,https://www.youtube.com/watch?v=hd4Ky5rKbEo,100%
500,【スカッと総集編】私の総資産が11億と知らず妊娠9ヶ月の私を捨て社長令嬢と再婚した夫「腹がデカくて女として見れんｗガキはお前が育てろｗ」私「いいよ！はい、離婚届け！」3ヶ月後、半狂乱の夫から鬼電がw,https://www.youtube.com/watch?v=gp0iCrgbXh8,38万回視聴 / 3 年前,Shinji Datの人生物語,https://www.youtube.com/channel/UCpdX_bFCePsYvPWZAMQoaeg,2 か月前,120回視聴,私の総資産が11億と知らず妊娠9ヶ月の私を捨て社長令嬢と再婚した夫「腹がデカくて女として見れんｗガキはお前が育てろｗ」私「いいよ！はい、離婚届け！」3ヶ月後、半狂乱の夫から鬼電がw,https://www.youtube.com/watch?v=VqJfyORB9O0,100%
501,【スカッと総集編】私の資産が9億あると知らず社長令嬢の愛人と再婚した元夫と再会「生活保護の貧乏人じゃんw元気？w」私「は？誰と勘違いしてるの？」真実を伝えると元夫が半狂乱にw,https://www.youtube.com/watch?v=lVGupM23LsE,31万回視聴 / 2 年前,Shinji Datの人生物語,https://www.youtube.com/channel/UCpdX_bFCePsYvPWZAMQoaeg,2 か月前,13回視聴,私の資産が9億あると知らず社長令嬢の愛人と再婚した元夫と再会「生活保護の貧乏人じゃんw元気？w」私「は？誰と勘違いしてるの？」真実を伝えると元夫が半狂乱にw,https://www.youtube.com/watch?v=5SfD5lmv8GY,100%
502,【スカッと総集編】義父の入院費を払ってると知らず私の荷物を全て捨てた夫「俺に寄生するな穀潰しw」夫を残し1億の豪邸に引越し入院費の支払いも止めた結果w【スカッとする話】【スカッと】,https://www.youtube.com/watch?v=EmiUvKJTw3c,5.8万回視聴 / 1 年前,Shinji Datの人生物語,https://www.youtube.com/channel/UCpdX_bFCePsYvPWZAMQoaeg,2 か月前,125回視聴,私が義父の入院費を払ってると知らず私の荷物を全て捨てた夫「もう俺に寄生するな穀潰しがw」夫を残し1億の豪邸に引越し入院費の支払いも止めた結果w,https://www.youtube.com/watch?v=eoTIjHaKblI,96%
503,【スカッと総集編】起業した夫を支えてきた私を裏切った夫「21歳のバイトを妊娠させた！悪いが、離婚してくれ！」私「はーい、仕事も辞めるね！」夫「は？仕事は続けてくれよ」,https://www.youtube.com/watch?v=C6r_ataNQZU,18万回視聴 / 2 年前,Shinji Datの人生物語,https://www.youtube.com/channel/UCpdX_bFCePsYvPWZAMQoaeg,2 か月前,20回視聴,起業した夫を支えてきた私を裏切った夫「21歳のバイトを妊娠させた！悪いが、離婚してくれ！」私「はーい、仕事も辞めるね！」夫「は？仕事は続けてくれよ」,https://www.youtube.com/watch?v=F-JFquYn4l8,100%
504,【スカッとする話】私の両親が亡くなった途端、実家を勝手に解体した夫「今日から俺の家で両親と同居だ！」それを聞いた私は大爆笑→私「あんた達、知らないの？」実は...,https://www.youtube.com/watch?v=3WlCnGLe67U,55万回視聴 / 2 年前,Sikana Nkc,https://www.youtube.com/channel/UCVhv7UYDXednIBcOxnH8WLA,5 か月前,29回視聴,「今日から俺の家で両親と同居だ！」私の両親が亡くなった途端、実家を勝手に解体し宣言する夫。それを聞いた私は大爆笑→私「あんた達、知らないの？」実は【シニアライフ】【60代以上の方へ】,https://www.youtube.com/watch?v=4sEje0NL8mo,73%
505,【スカッとする話】私の両親が亡くなった途端、実家を勝手に解体した夫「今日から俺の家で両親と同居だ！」それを聞いた私は大爆笑→私「あんた達、知らないの？」実は...,https://www.youtube.com/watch?v=3WlCnGLe67U,55万回視聴 / 2 年前,Slava Molozin,https://www.youtube.com/channel/UC_SaaXepZrECoA9B68jRtEw,5 か月前,43回視聴,「今日から俺の家で両親と同居だ！」私の両親が亡くなった途端、実家を勝手に解体し宣言する夫。それを聞いた私は大爆笑→私「あんた達、知らないの？」実は【シニアライフ】【60代以上の方へ】,https://www.youtube.com/watch?v=mzrx0-weyyo,73%
506,【スカッとする話】私が資産170億の不動産王と知らず私から夫を奪った美人な姉「生活保護でも貰え貧乏人w」後日、示談交渉で弁護士が大爆笑→弁護士「生活保護はアナタでは？w」姉「え？」実は...,https://www.youtube.com/watch?v=y8ReyKKeUUQ,10万回視聴 / 2 年前,Slipleaf13,https://www.youtube.com/channel/UCpTchICAhhs5PrtXaqFAsDA,1 年前,0 回視聴,私が資産170億の不動産王と知らず私から夫を奪った美人な姉「生活保護でも貰え貧乏人w」後日、示談交渉で弁護士が大爆笑→弁護士「生活保護はアナタでは？w」姉「え？」実は…,https://www.youtube.com/watch?v=MmTr66-HP7M,100%
507,【スカッとする話】夫と姉の出産祝いに行くと5歳の娘「赤ちゃんが言いたい事あるみたい」不思議な力を持つ娘の言葉に戦慄し私は慌てて警察へ駆け込み...,https://www.youtube.com/watch?v=b8ZAxV1gG_4,2万回視聴 / 2 年前,Smtih Landry,https://www.youtube.com/channel/UCnpwEpHYgkmbLhk3PZecjNw,1 年前,0 回視聴,【スカッとする話】夫と姉の出産祝いに行くと5歳の娘「赤ちゃんが言いたい事あるみたい」不思議な力を持つ娘の言葉に戦慄し私は慌てて警察へ駆け込み,https://www.youtube.com/watch?v=yEVLrx4DQpI,100%
508,【スカッとする話】妹の出産祝いに義両親と行くと、夫「俺も自分の子供欲しいな」私「え？何言ってるの？目の前にいるじゃない」義母と義父「は？」二人がブチギレ,https://www.youtube.com/watch?v=4cntzQ0KsAA,13万回視聴 / 2 年前,Smtih Landry,https://www.youtube.com/channel/UCnpwEpHYgkmbLhk3PZecjNw,1 年前,0 回視聴,【スカッとする話】妹の出産祝いに義両親と行くと、夫「俺も自分の子供欲しいな」私「え？何言ってるの？目の前にいるじゃない」義母と義父「は？」二人がブチギレ,https://www.youtube.com/watch?v=x_EYY6LoEj0,100%
509,【スカッとする話】新築の我が家が3ヶ月で全焼し現場確認に行くと、長男夫婦が何かを探している....話かけようとすると長男と長男嫁の会話が聞こえてきて→慌てて警察に通報した結果【修羅場】,https://www.youtube.com/watch?v=y6TWW4C9Zhg,10万回視聴 / 3 年前,Smtih Landry,https://www.youtube.com/channel/UCnpwEpHYgkmbLhk3PZecjNw,1 年前,0 回視聴,【スカッとする話】新築の我が家が3ヶ月で全焼し現場確認に行くと、長男夫婦が何かを探している    話かけようとすると長男と長男嫁の会話が聞こえてきて→慌てて警察に通報した結果,https://www.youtube.com/watch?v=4NE0ZvjZjMQ,100%
510,【スカッとする話】私がローン20万払ってる二世帯住宅と知らず子供4人を連れて出戻ってきた夫の連れ子「ババァの部屋は私が使うw」義両親「クズ嫁は倉庫で生活しろｗ」キレた私が家を売り払い更地にすると...,https://www.youtube.com/watch?v=s0Ym0gxTLF4,2.9万回視聴 / 2 年前,Smtih Landry,https://www.youtube.com/channel/UCnpwEpHYgkmbLhk3PZecjNw,1 年前,0 回視聴,【スカッとする話】私がローン20万払ってる二世帯住宅と知らず子供4人を連れて出戻ってきた夫の連れ子「ババァの部屋は私が使う」義両親「クズ嫁は倉庫で生活しろ」キレた私が家を売り払い更地にす,https://www.youtube.com/watch?v=WYmlmiIn-Oc,99%
511,【スカッとする話】突然友人5人を連れて来た夫「今日は友達とBBQだ！早く肉とビール買ってこいｗ」私「私も今から旅行なので無理です」夫「は？」全員無視して家を出ると夫は警察に連行された。実は...,https://www.youtube.com/watch?v=mQJTB_WsrDk,5.3万回視聴 / 2 年前,Song Lamcho,https://www.youtube.com/channel/UCyJyX83klsUe_oEnVe2jcKA,2 年前,1 回視聴,【スカッとする話】突然友人5人を連れて来た夫「今日は友達とBBQだ！早く肉とビール買ってこいｗ」私「私も今から旅行なので無理です」夫「は？」全員無視して家を出ると夫は警察に連行された。実は,https://www.youtube.com/watch?v=szN2N2J7_S8,100%
512,【スカッとする話】里帰り出産中で家にいない私の通帳と印鑑を持ち逃げした夫と愛人「彼女の為に全額使ったｗ」私「通帳の名義、確認した？」夫「え？」→実は...,https://www.youtube.com/watch?v=kxHIst_B2HY,3.2万回視聴 / 2 年前,Song Lamcho,https://www.youtube.com/channel/UCyJyX83klsUe_oEnVe2jcKA,2 年前,2回視聴,【スカッとする話】里帰り出産中で家にいない私の通帳と印鑑を持ち逃げした夫と愛人「彼女の為に全額使ったｗ」私「通帳の名義、確認した？」夫「え？」→実は,https://www.youtube.com/watch?v=ALEuc93STNg,100%
513,【スカッとする話】長男が娘を残して他界。長男嫁「金持ちの医者と再婚するw双子はババァが育てろw」私「いいの？喜んで！」60歳の私が工場の皆と育てると→15年後、まさかの展開に,https://www.youtube.com/watch?v=VPQPhd_XW-o,11万回視聴 / 2 年前,Song Lukas,https://www.youtube.com/channel/UCfaOHU5Jbp5FjUEctfCsKUQ,2 年前,0 回視聴,【スカッとする話】長男が娘を残して他界。長男嫁「金持ちの医者と再婚するw双子はババァが育てろw」私「いいの？喜んで！」60歳の私が工場の皆と育てると→18年後、まさかの展開に【修羅場】,https://www.youtube.com/watch?v=8KrsBy0AFqk,99%
514,【スカッとする話】長男夫婦に初孫が生まれ出産祝いに行くと長男嫁「二人は汚いので床でいいですか？w」長男「ジジババは段ボールの上でw」夫「...帰るか」私「うん」速帰宅し→永久に無視した結果w,https://www.youtube.com/watch?v=Y2GawdK7Q9E,10万回視聴 / 2 年前,Song Lukas,https://www.youtube.com/channel/UCfaOHU5Jbp5FjUEctfCsKUQ,2 年前,1 回視聴,【スカッと】長男夫婦に初孫が生まれ出産祝いに行くと長男嫁「お二人は汚いので床でいいですか？w」長男「ジジババは段ボールの上でw」夫「帰るか…」私「うん」速帰宅し→永久に無視した結果w【修羅場,https://www.youtube.com/watch?v=zjDT2KRVUAg,97%
515,【スカッとする話】夫のドナーとなり臓器提供した私が車いす生活になると、私を捨て23歳の愛人と駆け落ちした夫「介護とか嫌だし離婚でｗ」1週間後、半狂乱の夫から鬼電が来て永久に無視してやった結果w,https://www.youtube.com/watch?v=od402_O8_4U,6.4万回視聴 / 3 年前,Sonya P yaneira,https://www.youtube.com/channel/UC7A_-HTOkhwa_hNYJA0Ix3g,1 年前,0 回視聴,【スカッとする話】夫のドナーとなり臓器提供した私が車いす生活になると、私を捨て23歳の愛人と駆け落ちした夫「介護とか嫌だし離婚でｗ」1週間後、半狂乱の夫から鬼電が来て永久に無視してやった結果,https://www.youtube.com/watch?v=kHuEA2CdXs0,100%
516,【スカッとする話】私が役員報酬で家計を支えていると知らず夫を略奪し引越した親友。親友「奴隷で良いなら新住所教えるw」私「じゃあ無職の夫とは離婚で」親友「負け犬がw」結果w,https://www.youtube.com/watch?v=ePhhfbutCKw,3.9万回視聴 / 2 年前,Sonya P yaneira,https://www.youtube.com/channel/UC7A_-HTOkhwa_hNYJA0Ix3g,1 年前,1 回視聴,【スカッとする話】私が役員報酬で家計を支えていると知らず夫を略奪し引越した親友。親友「奴隷で良いなら新住所教えるw」私「じゃあ無職の夫とは離婚で」親友「負け犬がw」結果w,https://www.youtube.com/watch?v=24AfQxnebzc,100%
517,【スカッとする話】夫「来月ママが引っ越してくる！お前の部屋片付けておけw」私「はーい、キレイにしておくね」夫の出張中に不動産屋に連絡し家を売り払いキレイに更地にした結果w,https://www.youtube.com/watch?v=vyDCAcHPme8,8.6万回視聴 / 2 年前,Sương Sương Hoàng,https://www.youtube.com/channel/UCJpPaQTKAxla148XKTBFhwg,2 年前,0 回視聴,【スカッとする話】夫「来月ママが引っ越してくる！お前の部屋片付けておけw」私「はーい、キレイにしておくね」夫の出張中に不動産屋に連絡し家を売り払いキレイに更地にした結果w【修羅場】,https://www.youtube.com/watch?v=MD8hLXSRvLU,100%
518,【スカッとする話】私が夫の入院費を払ってると知らず私の荷物を全て捨てた夫の連れ子「もうパパに寄生するなw」連れ子を残し1億のタワマンに引越し入院費の支払いも止めた結果w,https://www.youtube.com/watch?v=JaGjTAkTfxQ,30万回視聴 / 2 年前,T22carr,https://www.youtube.com/channel/UCf4_u2UPxKvUzzeplvQoz0Q,1 年前,2回視聴,私が夫の入院費を払ってると知らず私の荷物を全て捨てた夫の連れ子「もうパパに寄生するなw」→連れ子を残し1億のタワマンに引っ越し入院費の支払いも止めた結果ｗ【スカッとする話】,https://www.youtube.com/watch?v=ie2fnnhAFRg,99%
519,【スカッとする話】夫の連れ子が息子を残して失踪。連れ子「社長令嬢の金持ちと再婚するw赤ん坊はババァが育ててw」私「いいの？喜んで！」65歳の私が職場の皆と育てると→16年後、まさかの展開に,https://www.youtube.com/watch?v=TfRo58MWvrI,5.8万回視聴 / 2 年前,TEL人生相談,https://www.youtube.com/channel/UC8h96aFQ0J8wvyM6y-koWYg,2 年前,10回視聴,【スカッとする話】夫の連れ子が息子を残して失踪連れ子社長令嬢の金持ちと再婚するw赤ん坊はババァが育ててw私いいの喜んで65歳の私が職場の皆と育てると16年後まさかの展開に,https://www.youtube.com/watch?v=TTaxbzsVYME,100%
520,【スカッとする話】夫・息子・義母に9年間嫌われ続けた私。義母が亡くなり葬儀の日、離婚届を置いて引越すと、半狂乱の夫から鬼電がw,https://www.youtube.com/watch?v=5HWlENHS8h8,10万回視聴 / 2 年前,TEL人生相談,https://www.youtube.com/channel/UC8h96aFQ0J8wvyM6y-koWYg,2 年前,5回視聴,【スカッとする話】夫息子義母に9年間嫌われ続けた私義母が亡くなり葬儀の日離婚届を置いて引越すと半狂乱の夫から鬼電がw,https://www.youtube.com/watch?v=VJdWEaPu6lw,98%
521,【スカッとする話】私名義の4LDKマンションと知らず、強引に私を追い出す姑と義姉「家は貰う！寄生虫は出て行け！」稼ぎ頭の私「わかりました…」→私物を全て回収し、家賃30万の家だけ残した結果w【修羅場】,https://www.youtube.com/watch?v=NAEwCqwiBcg,6.7万回視聴 / 3 年前,TEL人生相談,https://www.youtube.com/channel/UC8h96aFQ0J8wvyM6y-koWYg,2 年前,0 回視聴,【スカッとする話】私名義の4LDKマンションと知らず、強引に私を追い出す姑と義姉「家は貰う！寄生虫は出て行け！」稼ぎ頭の私「わかりました…」→私物を全て回収し、家賃30万の家だけ残した結果w,https://www.youtube.com/watch?v=Rk6V-ZwRMH0,100%
522,【スカッとする話】義母の介護放棄した夫と義姉「ウチに老いぼれ貧乏神は不要ｗ」ブチ切れた私が義母を引き取ると「ごめんねぇ。家と車とバリアフリー代、1億で足りるかねぇ～？」夫「え？」【修羅場】,https://www.youtube.com/watch?v=a4R11NoEbg0,8.6万回視聴 / 3 年前,TEL人生相談,https://www.youtube.com/channel/UC8h96aFQ0J8wvyM6y-koWYg,2 年前,2回視聴,【スカッとする話】義母の介護放棄した夫と義姉「ウチに老いぼれ貧乏神は不要ｗ」ブチ切れた私が義母を引き取ると「ごめんねぇ。家と車とバリアフリー代、1億で足りるかねぇ～？」夫「え？」,https://www.youtube.com/watch?v=7nr62Q22Ybw,100%
523,【スカッとする話】10億の資産を築いた社長の夫が亡くなり葬儀後、長男嫁「遺産10億と社長の座は、長男である旦那が相続しますw」それを聞いた私は大爆笑w→だって夫は…【修羅場】,https://www.youtube.com/watch?v=3-5Li1E7eCQ,4.1万回視聴 / 3 年前,TINA SHTIBKO,https://www.youtube.com/channel/UCIQbb4FNm2BhP5GfSTbrQ4w,2 年前,0 回視聴,【スカッとする話】10億の資産を築いた社長の夫が亡くなり葬儀後、長男嫁「遺産10億と社長の座は、長男である旦那が相続しますw」それを聞いた私は大爆笑w→だって夫は…,https://www.youtube.com/watch?v=zO6WL0SGYMg,100%
524,【スカッとする話】11億の資産を築いた父の葬儀後に夫が突然「父さんの遺産いくらあるんだ？w」私「3億通帳に入れてるよ」翌朝、離婚届けを置き通帳と印鑑を盗んだ夫が家に来て「あ、あの通帳って」,https://www.youtube.com/watch?v=U9HQWEyzPVc,6.4万回視聴 / 3 年前,TINA SHTIBKO,https://www.youtube.com/channel/UCIQbb4FNm2BhP5GfSTbrQ4w,2 年前,4回視聴,【スカッとする話】11億の資産を築いた父の葬儀後に夫が突然「父さんの遺産いくらあるんだ？w」私「3億通帳に入れてるよ」翌朝、離婚届けを置き通帳と印鑑を盗んだ夫が家に来て「あ、あの通帳って」,https://www.youtube.com/watch?v=zOePfR4T-cY,100%
525,【スカッとする話】がん末期の母を置いて海外旅行に行った長男夫婦「ババァの介護は頼んだわｗ」翌日、母が笑顔で行動開始すると長男夫婦は帰らぬ人に...【修羅場】,https://www.youtube.com/watch?v=uBvDuF4U2Aw,4.8万回視聴 / 3 年前,TINA SHTIBKO,https://www.youtube.com/channel/UCIQbb4FNm2BhP5GfSTbrQ4w,2 年前,2回視聴,【スカッとする話】がん末期の母を置いて海外旅行に行った長男夫婦「ババァの介護は頼んだわｗ」翌日、母が笑顔で行動開始すると長男夫婦は帰らぬ人に...,https://www.youtube.com/watch?v=QZKjXXA1C5A,100%
526,【スカッとする話】兄嫁に奴隷扱いされてる祖母「家から出して！」兄に相談すると「そんならお前らが引き取れ！」私「はい、預かります」祖母を夫の別荘に住ませた結果w,https://www.youtube.com/watch?v=iknFXLIJR7c,3.7万回視聴 / 3 年前,TINA SHTIBKO,https://www.youtube.com/channel/UCIQbb4FNm2BhP5GfSTbrQ4w,2 年前,0 回視聴,【スカッとする話】兄嫁に奴隷扱いされてる祖母「家から出して！」兄に相談すると「そんならお前らが引き取れ！」私「はい、預かります」祖母を夫の別荘に住ませた結果w,https://www.youtube.com/watch?v=OJFNQ_YQztc,100%
527,【スカッとする話】夫「低収入の役立たずは出てけ」長男「こんなババァいらねぇw」私を低収入の無能扱いするので、口座の残高を1000円にして永久に家を出てやった結果w,https://www.youtube.com/watch?v=ZbEqeHKJvPE,1.3万回視聴 / 3 年前,TINA SHTIBKO,https://www.youtube.com/channel/UCIQbb4FNm2BhP5GfSTbrQ4w,2 年前,0 回視聴,【スカッとする話】夫「低収入の役立たずは出てけ」長男「こんなババァいらねぇw」私を低収入の無能扱いするので、口座の残高を1000円にして永久に家を出てやった結果w,https://www.youtube.com/watch?v=tZiNGkGUQ9c,100%
528,【スカッとする話】夫と姉夫婦4人で高級寿司屋に行くと、夫「義姉さんは妊娠中だからダメ」私・姉夫「え？そうなの？」夫「...」実は...【修羅場】,https://www.youtube.com/watch?v=L7V4moDtbKk,3.7万回視聴 / 3 年前,TINA SHTIBKO,https://www.youtube.com/channel/UCIQbb4FNm2BhP5GfSTbrQ4w,2 年前,0 回視聴,【スカッとする話】夫と姉夫婦4人で高級寿司屋に行くと、夫「義姉さんは妊娠中だからダメ」私・姉夫「え？そうなの？」夫「...」実は...,https://www.youtube.com/watch?v=WA8oCPKSt3c,100%
529,【スカッとする話】夫と長女に18年間も嫌われ続けた母親の私「もう疲れたので出ていきます...」娘の高校卒業式の日に家族を捨てると、血相を変えた長女から鬼電がきて私「えっと、私に娘はいませんが？」,https://www.youtube.com/watch?v=y4DFItjpFPM,3.2万回視聴 / 3 年前,TINA SHTIBKO,https://www.youtube.com/channel/UCIQbb4FNm2BhP5GfSTbrQ4w,2 年前,1 回視聴,【スカッとする話】夫と長女に18年間も嫌われ続けた母親の私「もう疲れたので出ていきます...」娘の高校卒業式の日に家族を捨てると、血相を変えた長女から鬼電がきて私,https://www.youtube.com/watch?v=bWjdmtTUfPQ,92%
530,【スカッとする話】家のローンを月15万払っている私に夫「料理が下手な役立たずは出てけ！」私「いいけどホームレスになっても大丈夫？」夫「ならねぇよw」結果w【修羅場】,https://www.youtube.com/watch?v=l5TmQouYi48,6.4万回視聴 / 3 年前,TINA SHTIBKO,https://www.youtube.com/channel/UCIQbb4FNm2BhP5GfSTbrQ4w,2 年前,0 回視聴,【スカッとする話】家のローンを月15万払っている私に夫「料理が下手な役立たずは出てけ！」私「いいけどホームレスになっても大丈夫？」夫「ならねぇよw」結果w,https://www.youtube.com/watch?v=6HZZFlUIbqQ,100%
531,【スカッとする話】祖母と同居の長男夫婦に毎月25万の仕送りをする私が祖母の様子を見に行くと伝えると長男が激怒「何しにくる気だ！？今まで何もしなかったくせに！」私「は？」実は…,https://www.youtube.com/watch?v=l5MOnDUec8k,3.4万回視聴 / 3 年前,TINA SHTIBKO,https://www.youtube.com/channel/UCIQbb4FNm2BhP5GfSTbrQ4w,2 年前,0 回視聴,【スカッとする話】祖母と同居の長男夫婦に毎月25万の仕送りをする私が祖母の様子を見に行くと伝えると長男が激怒「何しにくる気だ！？今まで何もしなかったくせに！」私「は？」実は…,https://www.youtube.com/watch?v=vH2vcM_uFO8,100%
532,【スカッとする話】私が家のローンを毎月21万払ってるとも知らず家族旅行で長男嫁「他人ババアは帰って家の掃除でもしてろw」私「分かりました」家を売却して引っ越し更地にしてやった結果w,https://www.youtube.com/watch?v=xjUmLGx_XWw,8.9万回視聴 / 3 年前,TINA SHTIBKO,https://www.youtube.com/channel/UCIQbb4FNm2BhP5GfSTbrQ4w,2 年前,0 回視聴,【スカッとする話】私が家のローンを毎月21万払ってるとも知らず家族旅行で長男嫁「他人ババアは帰って家の掃除でもしてろw」私「分かりました」家を売却して引っ越し更地にしてやった結果w,https://www.youtube.com/watch?v=UDZwf08BfkQ,100%
533,【スカッとする話】長男が結婚し実家で同居すると、長男嫁「狭いので出てって下さいw」我が家を追い出され1ヶ月後、私の新居を見にきた長男嫁「こ、この家って」,https://www.youtube.com/watch?v=4XaTm2Lo-tc,5.1万回視聴 / 3 年前,TINA SHTIBKO,https://www.youtube.com/channel/UCIQbb4FNm2BhP5GfSTbrQ4w,2 年前,0 回視聴,【スカッとする話】長男が結婚し実家で同居すると、長男嫁「狭いので出てって下さいw」我が家を追い出され1ヶ月後、私の新居を見にきた長男嫁「こ、この家って」,https://www.youtube.com/watch?v=LFh5HyZqSaY,100%
534,【スカッとする話】長男嫁「お義母さん今月の仕送り10万まだ！？」怒り狂った長男嫁から鬼電が...私「長男は他界しましたのでもう他人に仕送りできません」長男嫁「はい？」実は...【修羅場】,https://www.youtube.com/watch?v=Zj2veQRj8wE,9.4万回視聴 / 3 年前,TINA SHTIBKO,https://www.youtube.com/channel/UCIQbb4FNm2BhP5GfSTbrQ4w,2 年前,0 回視聴,【スカッとする話】長男嫁「お義母さん今月の仕送り10万まだ！？」怒り狂った長男嫁から鬼電が...私「長男は他界しましたのでもう他人に仕送りできません」長男嫁「はい？」実は..,https://www.youtube.com/watch?v=VSZ_A55F4VY,100%
535,【スカッとする話】高級料亭の女将の私に突然融資を打ち切り1000万返済を要求する銀行員「赤字のゴミ料亭は金返せw」私「いいけど後悔しますよ？」銀行員「しねぇよw」結果w,https://www.youtube.com/watch?v=OP4Cn0qElcw,2.8万回視聴 / 3 年前,TINA SHTIBKO,https://www.youtube.com/channel/UCIQbb4FNm2BhP5GfSTbrQ4w,2 年前,0 回視聴,【スカッとする話】高級料亭の女将の私に突然融資を打ち切り1000万返済を要求する銀行員「赤字のゴミ料亭は金返せw」私「いいけど後悔しますよ？」銀行員「しねぇよw」結果w,https://www.youtube.com/watch?v=lOw_5j4cYj8,100%
536,【スカッとする話】姑の誕生会でも私を家政婦扱いする夫「バカ嫁さっさと料理出せ」義父「これ全部1人で！？」私「いつものことですから…」すると義父が豹変し…【修羅場】,https://www.youtube.com/watch?v=My7bUq_jaIs,11万回視聴 / 3 年前,Tan og Khuc,https://www.youtube.com/channel/UCP3a8E8PVIYycHM9GZcyBtw,2 年前,"1,325回視聴",【スカッと】義母の誕生会でも家政婦扱いの私。姑「バカ嫁さっさと料理だせ」義父「これ全部一人で、ですか！？」→私「いつものことですから…」すると義父が豹変し…【修羅場】,https://www.youtube.com/watch?v=NulZf8ZrJe4,73%
537,【スカッとする話】深夜に母が倒れ夫と病院へ...私「急いで車出して！」夫「...はーい」だが、なぜか道中の海岸で置き去りに、夫「俺様に命令した罰だw」3時間後、病院に着くと血だらけの夫がw,https://www.youtube.com/watch?v=OaIj_8vvCdo,2.8万回視聴 / 2 年前,Teresa Edward,https://www.youtube.com/channel/UCpiccVqO66rV_6PR-YM4yLQ,1 年前,0 回視聴,【スカッとする話】深夜に母が倒れ夫と病院へ   私「急いで車出して！」夫「   はーい」だが、なぜか道中の海岸で置き去りに、夫「俺様に命令した罰だw」3時間後、病院に着くと血だらけの夫がw,https://www.youtube.com/watch?v=PhBAE0wcPwI,100%
538,【スカッとする話】私を育てるため大学を退学した母と結婚挨拶に行くと、母にお茶をぶっかけた義両親「高卒の母親？w婚約は破棄でw」直後、普段温厚な母が立ち上がり、母「じゃ、あんたの会社潰すわね」,https://www.youtube.com/watch?v=cuZyDAiF8Js,6.5万回視聴 / 2 年前,Teresa Edward,https://www.youtube.com/channel/UCpiccVqO66rV_6PR-YM4yLQ,1 年前,0 回視聴,【スカッとする話】私を育てるため大学を退学した母と結婚挨拶に行くと、母にお茶をぶっかけた義両親「高卒の母親？w婚約は破棄でw」直後、普段温厚な母が立ち上がり、母「じゃ、あんたの会社潰すわね」,https://www.youtube.com/watch?v=A6usr1tfHTw,100%
539,【スカッとする話】長男夫婦が他界し孫を育てる私に夫「あのガキども迷惑だったんだよなw」親友「アンタの金持ち旦那もらうわw」ボロボロの私に孫「ばあちゃん良かったね！だってあの人...」,https://www.youtube.com/watch?v=8a9QMDUv9kk,7.6万回視聴 / 2 年前,Teresa Edward,https://www.youtube.com/channel/UCpiccVqO66rV_6PR-YM4yLQ,1 年前,0 回視聴,【スカッとする話】長男夫婦が他界し孫を育てる私に夫「あのガキども迷惑だったんだよなw」親友「アンタの金持ち旦那もらうわw」ボロボロの私に孫「ばあちゃん良かったね！だってあの人   」,https://www.youtube.com/watch?v=Ghdnq_wvq80,100%
540,【スカッとする話】18年間家賃を払ってきた私を罵倒する夫と連れ子「月10万の家賃程度で偉そうにw」夫「支払い止めてみろw」私「喜んで」3ヶ月後w,https://www.youtube.com/watch?v=IaHdv7dT6Sc,12万回視聴 / 2 年前,Thanh Hoàng,https://www.youtube.com/channel/UCe0BR0pleSRKlrzDsZRzQng,1 年前,0 回視聴,【スカッとする話】18年間家賃を払ってきた私を罵倒する夫と連れ子「月10万の家賃程度で偉そうにw」夫「支払い止めてみろw」私「喜んで」→3ヶ月後w【修羅場】,https://www.youtube.com/watch?v=yDcRPobPZtk,100%
541,【スカッとする話】18年間家賃を払ってきた私を罵倒する夫と連れ子「月10万の家賃程度で偉そうにw」夫「支払い止めてみろw」私「喜んで」3ヶ月後w,https://www.youtube.com/watch?v=IaHdv7dT6Sc,12万回視聴 / 2 年前,Thanh Hoàng,https://www.youtube.com/channel/UCe0BR0pleSRKlrzDsZRzQng,1 年前,0 回視聴,【スカッとする話】18年間家賃を払ってきた私を罵倒する夫と連れ子「月10万の家賃程度で偉そうにw」夫「支払い止めてみろw」私「喜んで」→3ヶ月後,https://www.youtube.com/watch?v=02vjHNTtfmQ,100%
542,【スカッとする話】ある日突然、激怒した夫「息子夫婦への仕送り10万はどこだ！息子嫁さんガリガリだったぞ！」私「息子嫁の通帳見た？」夫「は？通帳？」結果ｗ【修羅場】【スカッと】,https://www.youtube.com/watch?v=MwADfvlYVM8,6.4万回視聴 / 3 年前,Thao Nghiem,https://www.youtube.com/channel/UCwF9VMiXEEEnyBLU70odmIQ,1 年前,0 回視聴,【スカッとする話】ある日突然、激怒した夫「息子夫婦への仕送り10万はどこだ！息子嫁さんガリガリだったぞ！」私「息子嫁の通帳見た？」夫「は？通帳？」結果,https://www.youtube.com/watch?v=tzJlCkrSYVk,100%
543,【スカッとする話】夫が誕生日に愛人と温泉旅行。夫「ケーキ？ゴミは捨てといて」私「わかった、ゴミは捨てておくね…」夫の大事なアレもコレも捨てた結果w【修羅場】,https://www.youtube.com/watch?v=0sVwSDIsx5c,4.1万回視聴 / 3 年前,Thao Nghiem,https://www.youtube.com/channel/UCwF9VMiXEEEnyBLU70odmIQ,1 年前,3回視聴,【スカッとする話】夫が誕生日に愛人と温泉旅行。夫「ケーキ？ゴミは捨てといて」私「わかった、ゴミは捨てておくね…」夫の大事なアレもコレも捨てた結果,https://www.youtube.com/watch?v=vosW3Vm18gw,100%
544,【スカッとする話】私と夫の事が大嫌いな息子夫婦と高級旅館へ行くと私達だけ予約がない。息子「予約忘れたw財布おいて帰れw」夫「いいけど後悔するぞ？」息子嫁「するかw」3時間後w【修羅場】【スカッと】,https://www.youtube.com/watch?v=bpB9XpndhCk,3.5万回視聴 / 3 年前,Thao Nghiem,https://www.youtube.com/channel/UCwF9VMiXEEEnyBLU70odmIQ,1 年前,0 回視聴,【スカッとする話】私と夫の事が大嫌いな息子夫婦と高級旅館へ行くと私達だけ予約がない。息子「予約忘れたw財布おいて帰れw」夫「いいけど後悔するぞ？」息子嫁「するかw」3時間後,https://www.youtube.com/watch?v=j5vnLJth_OM,100%
545,【スカッとする話】勝手に離婚届を提出した夫「離婚届出しておいたぞw」愛人「1週間で出て行けw」私「いや、今すぐ出てくわ」3秒で出ていくと夫から鬼電がw,https://www.youtube.com/watch?v=ZQpFSTa8aRk,13万回視聴 / 2 年前,Thoi Andanh,https://www.youtube.com/channel/UCjGfmnjMicO4W2K6GyuoKPw,1 年前,8回視聴,【スカッと】勝手に離婚届を提出した夫「離婚届出しておいたぞw」愛人「1週間で出て行けw」私「いや、今すぐ出てくわ」5秒で出ていくと夫から鬼電がw【修羅場】,https://www.youtube.com/watch?v=TilFS0KexA0,98%
546,【スカッとする話】夫が突然ビールをぶっかけ、夫「俺のおかげで暮らせてる寄生虫が…文句あるなら離婚して出て行け！」私「わかりました…」3日後、夫からの鬼電を全無視した結果w,https://www.youtube.com/watch?v=Z7gS0PmgiuQ,2.6万回視聴 / 3 年前,Thoi Andanh,https://www.youtube.com/channel/UCjGfmnjMicO4W2K6GyuoKPw,1 年前,1 回視聴,【スカッとする話】夫が突然ビールをぶっかけ、夫「俺のおかげで暮らせてる寄生虫が…文句あるなら離婚して出て行け！」私「わかりました…」3日後、夫からの鬼電を全無視した結果w,https://www.youtube.com/watch?v=WKYZTQBDClk,100%
547,【スカッと総集編】家のローン月18万を払ってると知らず同居の長男嫁に1年間無視された...ある日、私「あれ？なんで私の荷物が...」長男嫁「キレイにしておいてあげたw」私の荷物を勝手に捨てられた,https://www.youtube.com/watch?v=bPcGySAd3gA,20万回視聴 / 2 年前,Thoi Làm việc,https://www.youtube.com/channel/UCBquJ8sc6ZNToBbow0sQ8PQ,1 年前,0 回視聴,【スカッとする話】家のローン月18万を払ってると知らず同居の長男嫁に1年間無視された   ある日、私「あれ？なんで私の荷物が   」長男嫁「キレイにしておいて,https://www.youtube.com/watch?v=c2FqAQHTHJ0,88%
548,【スカッとする話】仕事と子育てに疲れた私「実家に帰らせて頂きます」夫「はぁ？俺の飯は？掃除は？帰るなら離婚届書いて行け！」即提出して義父に報告すると涙を流した夫が家に来て...,https://www.youtube.com/watch?v=Qr4xotQ_yg4,8.9万回視聴 / 2 年前,Thompson Max,https://www.youtube.com/channel/UCi0KcZGu2IPPHUniuCIiOjA,1 年前,0 回視聴,【スカッとする話】仕事と子育てに疲れた私「実家に帰らせて頂きます」夫「はぁ？俺の飯は？掃除は？帰るなら離婚届書いて行け！」即提出して義父に報告すると涙を流した夫が家に来て,https://www.youtube.com/watch?v=nnJoW_pe8n4,100%
549,【スカッとする話】長男が永眠後も孫の世話をする私に長男嫁「なんでまだいるの？w他人ババァは消えろw」私「じゃあ出ていきます」永久に他人扱いしてやた結果w【修羅場】【スカッと】,https://www.youtube.com/watch?v=2-KYbNOEFwA,3.9万回視聴 / 3 年前,Thompson Max,https://www.youtube.com/channel/UCi0KcZGu2IPPHUniuCIiOjA,1 年前,0 回視聴,【スカッとする話】長男が永眠後も孫の世話をする私に長男嫁「なんでまだいるの？w他人ババァは消えろw」私「じゃあ出ていきます」永久に他人扱いしてやた結果w【修羅場】【スカッと】,https://www.youtube.com/watch?v=_-kEF_XgZTk,100%
550,【スカッとする話】親族の集まりでエリート夫「嫁の飯はまずいんだよなw」私「え？私の料理食べた事ある？食事はいつも愛人宅じゃないの」義父「は？」義両親がブチギレ...,https://www.youtube.com/watch?v=GZtalGoS6qE,11万回視聴 / 3 年前,Thpt.mk.12c8.2019 VNA.,https://www.youtube.com/channel/UCpLaYj_SIm0SbDW44jarrhA,2 年前,0 回視聴,【スカッとする話】親族の集まりでエリート夫「嫁の飯はまずいんだよなw」私「え？私の料理食べた事ある？食事はいつも愛人宅じゃないの」義父「は？」義両親がブチギレ...【修羅場】,https://www.youtube.com/watch?v=f-884K7KqcE,100%
551,【スカっとする話】夫の浮気が発覚すると夫の連れ子「パパと新しいママと暮らす！偽物は離婚して出てけ！」1年後、笑顔で再会した娘に私「あんた誰？」娘「は？」,https://www.youtube.com/watch?v=jwP1fK1sfSY,5万回視聴 / 2 年前,Thuong Le,https://www.youtube.com/channel/UCxXjwf3LJAKSZP_9Thu5meA,1 年前,0 回視聴,【スカっとする話】夫の浮気が発覚すると夫の連れ子「パパと新しいママと暮らす！偽物は離婚して出てけ！」1年後、笑顔で再会した娘に私「あんた誰？」娘「は？」,https://www.youtube.com/watch?v=WUNQJvfMUC4,100%
552,【スカッと】10年介護した義父の葬儀後に夫「おい家政婦！これ洗濯しとけ！」なぜかポッケに記入済みの離婚届が…速攻で役所に提出し引越すと半狂乱の夫から鬼電がw,https://www.youtube.com/watch?v=aWa2vGRXJF8,3.8万回視聴 / 2 年前,Thuong Le,https://www.youtube.com/channel/UCxXjwf3LJAKSZP_9Thu5meA,1 年前,0 回視聴,【スカッと】10年介護した義父の葬儀後に夫「おい家政婦！これ洗濯しとけ！」なぜかポッケに記入済みの離婚届が…速攻で役所に提出し引越すと半狂乱の夫から鬼電,https://www.youtube.com/watch?v=ZBhiDg4Gc2g,99%
553,【スカッとする話】事故で昏睡状態の夫を見舞いに来た愛人「この手紙、娘さんから預かったの。夫さんに隠れて見てって」手紙を確認した私は慌てて夫のシャツを脱がせると...,https://www.youtube.com/watch?v=A5CUcQsHdDg,6.9万回視聴 / 2 年前,Thuong Le,https://www.youtube.com/channel/UCxXjwf3LJAKSZP_9Thu5meA,1 年前,0 回視聴,【スカッとする話】事故で昏睡状態の夫を見舞いに来た愛人「この手紙、娘さんから預かったの。夫さんに隠れて見てって」手紙を確認した私は慌てて夫のシャツを脱がせると,https://www.youtube.com/watch?v=Lnu9yYMStWM,100%
554,【スカッとする話】夫と姉が温泉旅行中、交通事故で半身不随に。夫「2人の面倒は宜しくな！」私「え？姉さんに頼みなよ！」直後、隣に姉が運ばれ叫んだ→だってその女は..,https://www.youtube.com/watch?v=24r-JE4M58Y,6.3万回視聴 / 2 年前,Thuong Le,https://www.youtube.com/channel/UCxXjwf3LJAKSZP_9Thu5meA,1 年前,0 回視聴,【スカッとする話】夫と姉が温泉旅行中、交通事故で半身不随に。夫「2人の面倒は宜しくな！」私「え？姉さんに頼みなよ！」直後、隣に姉が運ばれ叫んだ→だっ,https://www.youtube.com/watch?v=q7VjgOMgtss,96%
555,【スカッとする話】家事、育児、介護、パートをこなし10年。ある日、出張後に夫が突然の土下座「お前の親友を妊娠させた！」親友「旦那は貰うから出てけw」私「喜んで！」3日後、血相変えた親友から鬼電がw,https://www.youtube.com/watch?v=8Tm2R7t4MCc,14万回視聴 / 2 年前,Thuong Le,https://www.youtube.com/channel/UCxXjwf3LJAKSZP_9Thu5meA,1 年前,0 回視聴,【スカッとする話】家事、育児、介護、パートをこなし10年。ある日、出張後に夫が突然の土下座「お前の親友を妊娠させた！」親友「旦那は貰うから出てけw」私「喜んで！」3日後、血相変,https://www.youtube.com/watch?v=NDxtFRLD5uY,93%
556,【スカッとする話】私が実家に帰省中に娘夫婦の引越し荷物を勝手に我が家に運び入れた夫「お前は独り施設で暮らせw」私「わかりました...」高級施設に引越した結果w,https://www.youtube.com/watch?v=oTzD0RvM_9o,5.7万回視聴 / 2 年前,Thuong Le,https://www.youtube.com/channel/UCxXjwf3LJAKSZP_9Thu5meA,1 年前,0 回視聴,【スカッとする話】私が実家に帰省中に娘夫婦の引越し荷物を勝手に我が家に運び入れた夫「お前は独り施設で暮らせw」私「わかりました   」高級施設に引越,https://www.youtube.com/watch?v=AzGN1PpdlCM,97%
557,【スカッとする話】夫の連れ子の出産祝いに行くと、連れ子「ババァは戸籍上は他人w赤ちゃん触るなら1回30万払えw」夫「...帰るか」私「うん」速攻で帰宅→永遠に他人扱いした結果w,https://www.youtube.com/watch?v=iWpWDCY4L5o,10万回視聴 / 2 年前,Thy Oanh Viên,https://www.youtube.com/channel/UC7dBy4JO4yQ_HhVItLOnfAw,1 年前,0 回視聴,【スカッと】夫の連れ子の出産祝いに行くと、連れ子「ババアは戸籍上は他人w赤ちゃんに触るなら1回30万払えw」夫「帰るか…」私「うん…」速攻で帰宅→永遠に他人扱いした結果w【修羅場】,https://www.youtube.com/watch?v=ZrIrgRng2_U,98%
558,【スカッとする話】18年間家賃を払ってきた私を罵倒する夫と連れ子「月10万の家賃程度で偉そうにw」夫「支払い止めてみろw」私「喜んで」3ヶ月後w,https://www.youtube.com/watch?v=IaHdv7dT6Sc,12万回視聴 / 2 年前,Thảo Quyên Chung,https://www.youtube.com/channel/UCK5EDA7YkT7FlmA8xR1wEHg,2 年前,0 回視聴,【スカッとする話】18年間家賃を払ってきた私を罵倒する夫と連れ子「月10万の家賃程度で偉そうにw」夫「支払い止めてみろw」私「喜んで」→3ヶ月後w【修羅場】,https://www.youtube.com/watch?v=q9C8-B2-nuw,100%
559,【スカッとする話】18年間家賃を払ってきた私を罵倒する夫と連れ子「月10万の家賃程度で偉そうにw」夫「支払い止めてみろw」私「喜んで」3ヶ月後w,https://www.youtube.com/watch?v=IaHdv7dT6Sc,12万回視聴 / 2 年前,Thảo Vy Đèo,https://www.youtube.com/channel/UCUAKQ64W_0A4l4EKASG1oJg,2 年前,0 回視聴,【スカッとする話】18年間家賃を払ってきた私を罵倒する夫と連れ子「月10万の家賃程度で偉そうにw」夫「支払い止めてみろw」私「喜んで」→3ヶ月後w【修羅場】 1,https://www.youtube.com/watch?v=NR7R9ZTotJk,99%
560,【スカッとする話】親族の集まりでエリート夫「嫁の飯はまずいんだよなw」私「え？私の料理食べた事ある？食事はいつも愛人宅じゃないの」義父「は？」義両親がブチギレ...,https://www.youtube.com/watch?v=GZtalGoS6qE,11万回視聴 / 3 年前,Thủy Đoàn,https://www.youtube.com/channel/UCIPOfUGIbzFYlvAFFt7ZlxQ,2 年前,0 回視聴,【スカッとする話】親族の集まりでエリート夫「嫁の飯はまずいんだよなw」私「え？私の料理食べた事ある？食事はいつも愛人宅じゃないの」義父「は？」義両親がブチギレ   【修羅場】,https://www.youtube.com/watch?v=pEMk3cdZwdc,100%
561,【スカッとする話】姑の誕生会でも私を家政婦扱いする夫「バカ嫁さっさと料理出せ」義父「これ全部1人で！？」私「いつものことですから…」すると義父が豹変し…【修羅場】,https://www.youtube.com/watch?v=My7bUq_jaIs,11万回視聴 / 3 年前,Tin Nguyen,https://www.youtube.com/channel/UCyvjLL92T0ynJEvGUsZcocw,1 年前,0 回視聴,【スカッと】義母の誕生会でも家政婦扱いの私。姑「バカ嫁さっさと料理だせ」義父「これ全部一人で、ですか！？」→私「いつものことですから…」すると義父が豹変し…【修羅場】,https://www.youtube.com/watch?v=iL0hPj92W2Y,73%
562,【スカッとする話】夫が突然大量の荷物を持ってきて、夫「今日から俺の両親と姉を養う！嫌なら離婚だ！」私「え？もう離婚済みだけど？」夫「え？」結果w,https://www.youtube.com/watch?v=G4O12jIGPfg,8.7万回視聴 / 3 年前,Toan Nguyen,https://www.youtube.com/channel/UC5YD-PjsH6QglL4YiVgDdzg,2 年前,0 回視聴,【スカッと感動】夫が突然大量の荷物を持ってきて、夫「今日から俺の両親と姉を養う！嫌なら離婚だ！」私「え？もう離婚済みだけど？」夫「え？」結果w【修羅場】,https://www.youtube.com/watch?v=R2E8S3CntDo,88%
563,【スカッとする話】医者の長男の招待でハワイ旅行へ行くと、長男嫁「息子の金で贅沢するなw貧乏なジジババは帰れw」私「じゃ帰ろっか...」夫「だな」速攻で帰った結果w,https://www.youtube.com/watch?v=aQpyR3G6AWI,5.8万回視聴 / 3 年前,Tran Nguyen,https://www.youtube.com/channel/UCkbLQFcmS_semy5V4yy7JCA,7 か月前,0 回視聴,医者の長男の招待でハワイ旅行へ。長男嫁「息子の金で贅沢するなｗ 貧乏なジジババは帰れｗ」私「じゃ帰ろっか」夫「だな」速攻で帰宅。実は旅行代も息子の開業資金も「私の資産」だった結果ｗ,https://www.youtube.com/watch?v=-kohkhD9Fgk,83%
564,【スカッとする話】毎週家族を置いて旅行に行く夫「休みは1人になりたいんだ」私「はーい、ご自由にどうぞ」息子＆娘「おじさんバイバーイ」徹底的に1人にしてやった結果w,https://www.youtube.com/watch?v=Inkt788oa7g,1.1万回視聴 / 1 年前,Tran Nguyen,https://www.youtube.com/channel/UCkbLQFcmS_semy5V4yy7JCA,7 か月前,0 回視聴,毎週家族を置いて旅行に行く夫「休みは1人になりたいんだ」私「はーい、ご自由にどうぞw」息子＆娘「おじさんバイバーイw」徹底的に望み通り1人にしてやった結果w | スカッとする話 | 朗読 | 因果応報,https://www.youtube.com/watch?v=1hmzqxms-hk,86%
565,【スカッとする話】海外赴任中の夫の家にサプライズで行き料理をしてると記入済の離婚届が…私「お望み通り離婚してやるか」即提出して家を引越し携帯解約し永久に姿を消すと…w【スカッと】,https://www.youtube.com/watch?v=D_8isHKZfYQ,2.7万回視聴 / 1 年前,Trinh Nguyen,https://www.youtube.com/channel/UCXU2J6ozl1uCSaj2Xz0MdTw,8 か月前,0 回視聴,【スカッとする話】海外赴任中の夫の家にサプライズで行き料理をしてると記入済の離婚届が…私「お望み通り離婚してやるか」即提出して家を引越し携帯解約し永久に姿を消すと…w【スカッと】 output wav,https://www.youtube.com/watch?v=9j2tRb9CF-M,95%
566,【スカッと総集編】海外赴任中の夫の家にサプライズで行き料理をしてると記入済の離婚届が…私「お望み通り離婚してやるか」即提出して家を引越し携帯解約し永久に姿を消すと…w,https://www.youtube.com/watch?v=oAXdFkKqxuk,6万回視聴 / 1 年前,Trinh Nguyen,https://www.youtube.com/channel/UCXU2J6ozl1uCSaj2Xz0MdTw,8 か月前,0 回視聴,【スカッとする話】海外赴任中の夫の家にサプライズで行き料理をしてると記入済の離婚届が…私「お望み通り離婚してやるか」即提出して家を引越し携帯解約し永久に姿を消すと…w【スカッと】 output wav,https://www.youtube.com/watch?v=9j2tRb9CF-M,95%
567,【スカッとする話】親族の集まりでエリート夫「嫁の飯はまずいんだよなw」私「え？私の料理食べた事ある？食事はいつも愛人宅じゃないの」義父「は？」義両親がブチギレ...,https://www.youtube.com/watch?v=GZtalGoS6qE,11万回視聴 / 3 年前,Trull Holden,https://www.youtube.com/channel/UCgH3P5DbmrtpotA7-8Fk1fA,2 年前,0 回視聴,【スカッとする話】親族の集まりでエリート夫「嫁の飯はまずいんだよなw」私「え？私の料理食べた事ある？食事はいつも愛人宅じゃないの」義父「は？」義両親がブチギレ   【修羅場】,https://www.youtube.com/watch?v=--nm2eqooA8,100%
568,【スカッとする話】実家帰省すると寝たきりの母「少し痩せたみたいだけど毎月11万の仕送りで足りてる？」息子「え？俺も10万振り込んでるよ？」私・母「はい？」実は…【朗読】【スカッと】,https://www.youtube.com/watch?v=NTJU7H3ItQI,3.9万回視聴 / 2 年前,Trân Nguyên,https://www.youtube.com/channel/UC7ZJWnHmDswUmLcwFRf8gYg,7 か月前,0 回視聴,【スカッとする話】実家帰省すると寝たきりの母「少し痩せたみたいだけど毎月11万の仕送りで足りてる？」息子「え？俺も10万振り込んでるよ？」私・母「はい？」実は…【朗読】【スカッと】,https://www.youtube.com/watch?v=n4Bhbr3bSTE,100%
569,【スカッとする話】私が資産180億の不動産王と知らず夫を奪った幼馴染「タワマンと金持ち旦那頂きwお礼に一部屋三倍で貸すよw」直後、大爆笑した私と弁護士→弁護士「名義は,https://www.youtube.com/watch?v=oPFYTqZMLxg,4万回視聴 / 1 年前,Tuyen Nguyen,https://www.youtube.com/channel/UCuKb8fABJezcvEkvABp-ifw,7 か月前,0 回視聴,資産180億の不動産王と知らず夫を奪った幼馴染「タワマンと金持ち旦那頂きｗ お礼に一部屋3倍の家賃で貸してあげるｗ」直後、大爆笑した私と弁護士→弁護士「このビルのオーナー、彼女ですよ？」,https://www.youtube.com/watch?v=fERtt2cX1mM,76%
570,【スカッとする話】我が家が火事で全焼すると夫の連れ子「女の人が火傷で重症と聞いたけど大丈夫だった？w」私「え？私は買い物中だけど？」連れ子「え？」全身火傷で搬送されたのは...,https://www.youtube.com/watch?v=FJiSauJbihQ,4.4万回視聴 / 2 年前,UnforgivenSmiley,https://www.youtube.com/channel/UC7X74plv5Qdz-X5NwsDZ2yA,2 年前,0 回視聴,【スカッとする話】我が家が火事で全焼すると夫の連れ子「女の人が火傷で重症と聞いたけど大丈夫だった？w」私「え？私は買い物中だけど？」連れ子「え？」全身火傷で搬送されたのは...,https://www.youtube.com/watch?v=YbHAKfvintg,100%
571,【スカッとする話】浮気した夫と離婚すると夫の連れ子「部屋はちゃんとキレイにしてねw」愛人「明日中に出てってねw」私「はーい」私の家具家電全てを捨て家をキレイにして引越した結果w,https://www.youtube.com/watch?v=4gs5Zq6DMCY,8.6万回視聴 / 2 年前,UnforgivenSmiley,https://www.youtube.com/channel/UC7X74plv5Qdz-X5NwsDZ2yA,2 年前,28回視聴,【スカッとする話】浮気した夫と離婚すると夫の連れ子「部屋はちゃんとキレイにしてねw」愛人「明日中に出てってねw」私「はーい」私の家具家電全てを捨て家をキレイにして引越した結果w,https://www.youtube.com/watch?v=_m5Hz5LJjNI,100%
572,【スカッとする話】私と夫が年金暮らしと知った途端、絶縁宣言する息子夫婦。息子「貧乏な親の介護とか無理w」息子嫁「絶縁でお願いしますw」私「いいよ（資産2億あるけど…）」息子「ばいび〜w」3ヶ月後ｗ,https://www.youtube.com/watch?v=OkM8PSI_Q9M,4.3万回視聴 / 11 か月前,Utaha,https://www.youtube.com/channel/UCVI0V5_ZvUR3ZpnE-rwHatA,2 か月前,0 回視聴,【LINE】私と夫が年金暮らしと知った途端に絶縁宣言する息子夫婦。息子「貧乏人と関わるの無理w」息子嫁「介護イヤだし絶縁でw」→私「いいよ（資産3億あるけど…）」息子夫婦「やったーw」,https://www.youtube.com/watch?v=tytpgTpuT-w,72%
573,【スカッとする話】私の両親が亡くなった途端、実家を勝手に解体した夫「今日から俺の家で両親と同居だ！」それを聞いた私は大爆笑→私「あんた達、知らないの？」実は...,https://www.youtube.com/watch?v=3WlCnGLe67U,55万回視聴 / 2 年前,Vathana Kh,https://www.youtube.com/channel/UC8FrYd0Tcz-p0HIg8l0J9ww,6 か月前,20回視聴,「今日から俺の家で両親と同居だ！」私の両親が亡くなった途端、実家を勝手に解体し宣言する夫。それを聞いた私は大爆笑,https://www.youtube.com/watch?v=xoN8z37kzY0,59%
574,【スカッとする話】私が余命半年と聞いて愛人と豪遊しはじめた夫「いつまで生きてるの？w」 私「余命なのはあなただよ？」後日、半狂乱の夫が...【修羅場】【スカッと】,https://www.youtube.com/watch?v=Tm9DKLFF30M,25万回視聴 / 3 年前,Vay Sao ăn,https://www.youtube.com/channel/UCohIjwQZPWq1DHBc69XcfoA,1 年前,0 回視聴,【スカッとする話】私が余命半年と聞いて愛人と豪遊しはじめた夫「いつまで生きてるの？w」 私「余命なのはあなただよ？」後日、半狂乱の夫が…【修羅場】,https://www.youtube.com/watch?v=ylPzSPGxTuc,100%
575,【スカッとする話】3000万の新築一戸建てを建てて6ヶ月。義父「もう家政婦の部屋はないぞw」月収9万の夫「離婚して失せろw」私「いいの！？はい離婚届！」即引越して着信拒否した結果w,https://www.youtube.com/watch?v=I6qp6e_WxnE,2.4万回視聴 / 1 年前,Vflover29,https://www.youtube.com/channel/UCzayI-qu-jcXDQUegF8vXUw,1 年前,0 回視聴,スカッとする話】3000万の新築一戸建てを建てて6ヶ月。義父「もう家政婦の部屋はないぞw」月収9万の夫「離婚して失せろw」私「いいの！？はい離婚届！」即引越して着信拒否した結果w,https://www.youtube.com/watch?v=cctpkyj75DY,94%
576,【スカッとする話】夫と義両親から13年間も嫌われ続けた私。ある日、離婚届を置いて引っ越すと、ボロボロの夫と義両親から鬼電が→私（やっと気づいたかw）実は...,https://www.youtube.com/watch?v=Wk9S9SoTHxU,9.2万回視聴 / 3 年前,Vân Vũ,https://www.youtube.com/channel/UCW1WFGBTXKApa9R1KDpaaPw,1 年前,0 回視聴,【スカッと】夫と義両親から13年間も嫌われ続けた私。ある日、私は離婚届をそっと置いて引っ越すと、ボロボロの夫と義両親から鬼電→私（やっと気づいたのねw）実は…【修羅場】,https://www.youtube.com/watch?v=Ueyu21N4cOs,93%
577,【スカッとする話】夫「引越しは済んだか？」私「今日中に出ていくわ」ATM扱いされ家を追い出された私。1ヶ月後、夫が血相を変えて鬼電してきて...【修羅場】,https://www.youtube.com/watch?v=mRlS0rHQ-lY,12万回視聴 / 3 年前,Vân Đinh,https://www.youtube.com/channel/UCC8Yu9To3ec1550XuRRpRdg,1 年前,148回視聴,【スカッと】夫「引越しは済んだのか？」私「今日中に出ていくわ」ATM扱いされ家を追い出された私。1ヶ月後、夫が血相を変えて鬼電してきて…【修羅場】,https://www.youtube.com/watch?v=iyWPv7mS_X8,99%
578,【スカッとする話】事故で半身不随の夫の見舞いに来た8歳の姪「この手紙ばぁばから預かったの。夫さんに隠れて読んでって」手紙を確認した私は慌てて夫のズボンを脱がし...,https://www.youtube.com/watch?v=urrn4wk835o,10万回視聴 / 2 年前,Văn Sơn Lã,https://www.youtube.com/channel/UCnSrambnfB2Nc_4BliQ4Aug,1 年前,0 回視聴,【スカッとする話】事故で半身不随の夫の見舞いに来た8歳の姪「この手紙ばぁばから預かったの。夫さんに隠れて読んでって」手紙を確認した私は慌てて夫のズ,https://www.youtube.com/watch?v=x6IaaxpWj6s,95%
579,【スカッとする話】夫と愛人が旅行中、飛行機が墜落し半身不随に。夫「頼む！2人の介護してくれ！」私「は？両親にでも頼めば？」直後、隣に愛人が運ばれ絶叫→だってそこに居た女は...,https://www.youtube.com/watch?v=2nMrGRmMcZg,8.8万回視聴 / 2 年前,Văn Sơn Lã,https://www.youtube.com/channel/UCnSrambnfB2Nc_4BliQ4Aug,1 年前,0 回視聴,【スカッとする話】夫と愛人が旅行中、飛行機が墜落し半身不随に。夫「頼む！2人の介護してくれ！」私「は？両親にでも頼めば？」直後、隣に愛人が運ばれ絶叫,https://www.youtube.com/watch?v=CsArzigwylQ,92%
580,【スカッとする話】夫のドナーとなり臓器提供した私が車いす生活になると、私を捨て23歳の愛人と駆け落ちした夫「介護とか嫌だし離婚でｗ」1週間後、半狂乱の夫から鬼電が来て永久に無視してやった結果w,https://www.youtube.com/watch?v=od402_O8_4U,6.4万回視聴 / 3 年前,Văn Sơn Lã,https://www.youtube.com/channel/UCnSrambnfB2Nc_4BliQ4Aug,1 年前,0 回視聴,【スカッとする話】夫のドナーとなり臓器提供した私が車いす生活になると、私を捨て23歳の愛人と駆け落ちした夫「介護とか嫌だし離婚でｗ」1週間後、半狂乱の夫から鬼電が来て永,https://www.youtube.com/watch?v=Licf37mEbcw,93%
581,【スカッとする話】姑との同居を断り続けた私に夫「誰のおかげで生活出来てるんだ！」姑「調子乗ってると離婚させるわよw」翌日、離婚届を置いて引っ越すと涙を流した夫と姑から鬼電がw,https://www.youtube.com/watch?v=A2Bru1QfIL8,7.8万回視聴 / 2 年前,Văn Sơn Lã,https://www.youtube.com/channel/UCnSrambnfB2Nc_4BliQ4Aug,1 年前,0 回視聴,【スカッとする話】姑との同居を断り続けた私に夫「誰のおかげで生活出来てるんだ！」姑「調子乗ってると離婚させるわよw」翌日、離婚届を置いて引っ越すと涙を流した夫と,https://www.youtube.com/watch?v=RIji9vTwWLY,96%
582,【スカッとする話】家事に疲れて休憩していると妊娠9ヶ月の私を蹴ってきた夫「妊婦だからは甘え！家事サボるな！」無視した私に夫がビール瓶を投げるも当たって血まみれになったのは...,https://www.youtube.com/watch?v=14YEbx6YYwk,4.2万回視聴 / 3 年前,Văn Sơn Lã,https://www.youtube.com/channel/UCnSrambnfB2Nc_4BliQ4Aug,1 年前,1 回視聴,【スカッとする話】家事に疲れて休憩していると妊娠9ヶ月の私を蹴ってきた夫「妊婦だからは甘え！家事サボるな！」無視した私に夫がビール瓶を投げるも当たって血,https://www.youtube.com/watch?v=xOwGZi2Qd64,93%
583,【スカッとする話】浮気中の夫が意識不明で運ばれ、救急隊員「意識不明の重体です！」私「旦那じゃありません」無視して夫の人生終了させた結果w,https://www.youtube.com/watch?v=a207sJNOihM,8.7万回視聴 / 2 年前,Văn Sơn Lã,https://www.youtube.com/channel/UCnSrambnfB2Nc_4BliQ4Aug,1 年前,0 回視聴,【スカッとする話】浮気中の夫が意識不明で運ばれ、救急隊員「意識不明の重体です！」私「旦那じゃありません」無視して夫の人生終了させた結果w,https://www.youtube.com/watch?v=hDurNSA0XVU,100%
584,【スカッとする話】給料日に3万しかくれない夫「同僚はこれで生活できてるって！1円もいれてないのに文句言うな！」私「毎月20万家に入れてるよ」夫「え？」結果w,https://www.youtube.com/watch?v=Ltedq0Li5TU,3.4万回視聴 / 3 年前,Văn Sơn Lã,https://www.youtube.com/channel/UCnSrambnfB2Nc_4BliQ4Aug,1 年前,0 回視聴,【スカッとする話】給料日に3万しかくれない夫「同僚はこれで生活できてるって！1円もいれてないのに文句言うな！」私「毎月20万家に入れてるよ」夫「え？」,https://www.youtube.com/watch?v=ax6TS7MsQOw,98%
585,【スカッとする話】10年間大切に育てた夫の連れ子（娘）の結婚式当日、顔に火傷を負った私に連れ子「火傷がキモいバケモノは帰れw」私「分かった…帰るね…」1時間後、連れ子から鬼電がw,https://www.youtube.com/watch?v=3b6H8jZbyXI,4.6万回視聴 / 2 年前,Vũ Thị Ánhu0236632 Vũ Thị Ánh,https://www.youtube.com/channel/UCv69G_Vx6JItDpPYNZrhX8w,1 年前,0 回視聴,【スカッとする話】10年間大切に育てた夫の連れ子（娘）の結婚式当日、顔に火傷を負った私に連れ子「火傷がキモいバケモノは帰れw」私「分かった…帰るね…」1時間後、連,https://www.youtube.com/watch?v=aGLsy1RxGUk,95%
586,【スカッとする話】13億の資産を築いた母の葬儀後に夫が突然「義母さんの遺産いくらだった？w」私「1億くらいだったよ」翌日、離婚届けを置き通帳と印鑑を盗んだ夫から鬼電→私（やっと気づいたかw）実は...,https://www.youtube.com/watch?v=APi08wHpBE0,6.5万回視聴 / 3 年前,Vũ Thị Ánhu0236632 Vũ Thị Ánh,https://www.youtube.com/channel/UCv69G_Vx6JItDpPYNZrhX8w,1 年前,0 回視聴,【スカッとする話】13億の資産を築いた母の葬儀後に夫が突然「義母さんの遺産いくらだった？w」私「1億くらいだったよ」翌日、離婚届けを置き通帳と印鑑を盗んだ夫から鬼電→私（やっ,https://www.youtube.com/watch?v=oqtsKd9LuOE,95%
587,【スカッとする話】タワマンのローンを私が払っているのに夫「28万程度で偉そうにw」長男嫁「寄生虫のババァは出てけw」私「分かりました...」大喜びで出て行った結果w,https://www.youtube.com/watch?v=REtWO3bISWw,8.2万回視聴 / 3 年前,Vũ Thị Ánhu0236632 Vũ Thị Ánh,https://www.youtube.com/channel/UCv69G_Vx6JItDpPYNZrhX8w,1 年前,0 回視聴,【スカッとする話】タワマンのローンを私が払っているのに夫「28万程度で偉そうにw」長男嫁「寄生虫のババァは出てけw」私「分かりました   」大喜びで出て行っ,https://www.youtube.com/watch?v=6KKpOcwoiu0,90%
588,【スカッとする話】延期された結婚式前日、式場に行くと夫が愛人と挙式の真っ最中...私「始まってますので急いで！」急遽、参列者と親戚一同を呼ぶと二人は地獄にw,https://www.youtube.com/watch?v=Y6QCc-iUUxc,6.5万回視聴 / 2 年前,Vũ Thị Ánhu0236632 Vũ Thị Ánh,https://www.youtube.com/channel/UCv69G_Vx6JItDpPYNZrhX8w,1 年前,0 回視聴,【スカッとする話】延期された結婚式前日、式場に行くと夫が愛人と挙式の真っ最中   私「始まってますので急いで！」急遽、参列者と親戚一同を呼ぶと二,https://www.youtube.com/watch?v=EJeJbXlSr60,96%
589,【スカッとする話】母の死の直後、中1の私を捨て愛人と再婚した父「子供はいらねぇよw」しかし1ヶ月後、半狂乱の父から鬼電→永久に無視してやった結果w,https://www.youtube.com/watch?v=poGSdfKH9Og,9.2万回視聴 / 2 年前,Vũ Thị Ánhu0236632 Vũ Thị Ánh,https://www.youtube.com/channel/UCv69G_Vx6JItDpPYNZrhX8w,1 年前,1 回視聴,【スカッとする話】母の死の直後、中1の私を捨て愛人と再婚した父「子供はいらねぇよw」しかし1ヶ月後、半狂乱の父から鬼電→永久に無視してやった結,https://www.youtube.com/watch?v=hnAlN3urUOE,99%
590,【スカッとする話】私の入院中に家を勝手に売った義母「あんたの家2000万で売れたw息子と離婚して失せろw」私に7歳の息子「大丈夫！手は打ったから！」1週間後、半狂乱の義母から鬼電がw,https://www.youtube.com/watch?v=wfp4FYMR-KU,12万回視聴 / 2 年前,Vũ Thị Ánhu0236632 Vũ Thị Ánh,https://www.youtube.com/channel/UCv69G_Vx6JItDpPYNZrhX8w,1 年前,0 回視聴,【スカッとする話】私の入院中に家を勝手に売った義母「あんたの家2000万で売れたw息子と離婚して失せろw」私に7歳の息子「大丈夫！手は打ったから！」1週間後、半狂乱の義母か,https://www.youtube.com/watch?v=QQMVtBYJbhM,97%
591,【スカッとする話】結婚5年目の夫を霊感のある兄に紹介…その3秒後、兄の衝撃の一言で夫がガクガク震え出し…,https://www.youtube.com/watch?v=VXr2EWwrnTg,17万回視聴 / 2 年前,Vũ Thị Ánhu0236632 Vũ Thị Ánh,https://www.youtube.com/channel/UCv69G_Vx6JItDpPYNZrhX8w,1 年前,0 回視聴,【スカッとする話】結婚5年目の夫を霊感のある兄に紹介…その3秒後、兄の衝撃の一言で夫がガクガク震え出し…,https://www.youtube.com/watch?v=wzfgeDBgZW8,100%
592,【スカッとする話】長男夫婦のハワイ豪華挙式が決まると、長男嫁「他人のババァは式呼ばないよw」私「はーい、分かりました…」お望み通り欠席すると式当日→半狂乱の長男嫁から鬼電がw,https://www.youtube.com/watch?v=Jst1X6cPwE8,10万回視聴 / 2 年前,Vũ Thị Ánhu0236632 Vũ Thị Ánh,https://www.youtube.com/channel/UCv69G_Vx6JItDpPYNZrhX8w,1 年前,0 回視聴,【スカッとする話】長男夫婦のハワイ豪華挙式が決まると、長男嫁「他人のババァは式呼ばないよw」私「はーい、分かりました…」お望み通り欠席すると式当日→半狂乱の長男嫁,https://www.youtube.com/watch?v=iD9OP9B1isE,96%
593,【スカッとする話】がん末期の母を置いて海外旅行に行った長男夫婦「ババァの介護は頼んだわｗ」翌日、母が笑顔で行動開始すると長男夫婦は帰らぬ人に...【修羅場】,https://www.youtube.com/watch?v=uBvDuF4U2Aw,4.8万回視聴 / 3 年前,Willa Foster,https://www.youtube.com/channel/UC7nkCg1JMAHSogXTPbb6taQ,1 年前,0 回視聴,【スカッとする話】がん末期の母を置いて海外旅行に行った長男夫婦「ババァの介護は頼んだわｗ」翌日、母が笑顔で行動開始すると長男夫婦は帰らぬ人に   【修羅場】,https://www.youtube.com/watch?v=SPKevPybhhY,100%
594,【スカッとする話】夫と義両親から13年間も嫌われ続けた私。ある日、離婚届を置いて引っ越すと、ボロボロの夫と義両親から鬼電が→私（やっと気づいたかw）実は...,https://www.youtube.com/watch?v=Wk9S9SoTHxU,9.2万回視聴 / 3 年前,XUÂN TRÌNH ĐỖ,https://www.youtube.com/channel/UCiXEtk9L9KiZw50o_ay26jA,1 年前,0 回視聴,【スカッと】夫と義両親から13年間も嫌われ続けた私。ある日、私は離婚届をそっと置いて引っ越すと、ボロボロの夫と義両親から鬼電→私（やっと気づいたのね,https://www.youtube.com/watch?v=YlNLukQGxTM,91%
595,【スカッとする話】私名義の新築戸建と知らず里帰り出産で我が家に来た娘「母さんの部屋は私が使うw」夫「お前は車で寝てろw」私「わかりました...」→キレた私が家を売り払うと...w,https://www.youtube.com/watch?v=yefpSXnGZOg,15万回視聴 / 3 年前,Yannalys Valera,https://www.youtube.com/channel/UCMQLZAfaz3Mhcv5y_UgblpA,2 年前,0 回視聴,【スカッと感動】私名義の新築戸建と知らず里帰り出産で我が家に来た娘「母さんの部屋は私が使うw」夫「お前は車で寝てろw」私「わかりました   」→キレた私が家を売り払うとw,https://www.youtube.com/watch?v=txg56dzBa2o,100%
596,【スカッとする話】親族の集まりでエリート夫「嫁の飯はまずいんだよなw」私「え？私の料理食べた事ある？食事はいつも愛人宅じゃないの」義父「は？」義両親がブチギレ...,https://www.youtube.com/watch?v=GZtalGoS6qE,11万回視聴 / 3 年前,Zariah Jacoby,https://www.youtube.com/channel/UCL2Nlv5oIjJ9cXx-Ttcg4RA,1 年前,1 回視聴,【スカッと感動】親族の集まりでエリート夫「嫁の飯はまずいんだよなw」私「え？私の料理食べた事ある？食事はいつも愛人宅じゃないの」義父「は？」義両親がブチギレ,https://www.youtube.com/watch?v=jZMFFqBZRak,100%
597,【スカッとする話】夫の連れ子の娘と暮らし始めて1年。しかし、全くなつく気配がない…夫が海外出張に行った日に娘が初めて話しかけてきた。娘「お母さん、実は...」そう言って差し出された手には...,https://www.youtube.com/watch?v=BKC9CbFIESk,5.2万回視聴 / 3 年前,Zechariah Fritz,https://www.youtube.com/channel/UCb9LcYcLF3rYq8aB-X06I3A,1 年前,0 回視聴,【スカッとする話】夫の連れ子の娘と暮らし始めて1年。しかし、全くなつく気配がない…夫が海外出張に行った日に娘が初めて話しかけてきた。娘「お母さん、実は   」そう言って差し出された手には【修羅,https://www.youtube.com/watch?v=1kmwdK59vxY,98%
598,【スカッとする話】年末に息子夫婦が泊まりにくると、深夜に夫が突然私を裏口に…夫「今のうちに家から出よう」私「え？年越しそば食べないの？」夫「お前気づいてないのか？」【朗読】【スカッと】,https://www.youtube.com/watch?v=AdhCK-BGvg4,13万回視聴 / 11 か月前,abdo mahmoud,https://www.youtube.com/channel/UCrxa_WY68BFnORAzSv_jnVw,4 か月前,85回視聴,年末に息子夫婦が泊まりに来ると、深夜に夫が突然私を裏口に呼んだ...夫「今のうちに家から出よう」私「え？年越しそば食べないの？」夫「お前気づいてないのか？」【シニアライフ】【60代以上の方へ】,https://www.youtube.com/watch?v=tkwX1L6u61E,96%
599,【スカッとする話】体調不良で夕飯に冷凍食品を出すとビール瓶を投げてきた夫「家政婦が料理サボるとは何事だ！」間一髪避けると後ろから叫び声...→振り返ると鬼の形相の義父が...,https://www.youtube.com/watch?v=GUlWy08QqT0,6.8万回視聴 / 2 年前,anh le,https://www.youtube.com/channel/UCarxn6vtJCi169Mjzrmzo4A,1 年前,0 回視聴,【スカッとする話】体調不良で夕飯に冷凍食品を出すとビール瓶を投げてきた夫「家政婦が料理サボるとは何事だ！」間一髪避けると後ろから叫び声   →振り返ると鬼の形,https://www.youtube.com/watch?v=mXJGPiwViMI,96%
600,【スカッとする話】夫の社長退任祝いで、夫「好きな人ができた。離婚してくれ」私「いいよ！はい、離婚届」離婚後、夫と再婚した20歳の新入社員に私「あ、言い忘れてたけど…」ある事実を告げると2人は発狂し..,https://www.youtube.com/watch?v=faMNblUzAj0,4.7万回視聴 / 3 年前,anh le,https://www.youtube.com/channel/UCarxn6vtJCi169Mjzrmzo4A,1 年前,0 回視聴,【スカッとする話】夫の社長退任祝いで、夫「好きな人ができた。離婚してくれ」私「いいよ！はい、離婚届」離婚後、夫と再婚した20歳の新入社員に私「あ、言い忘れてたけど…」ある事実を,https://www.youtube.com/watch?v=7WKTuM4uBOM,93%
601,【スカッとする話】夫の義両親を介護する事になり義父母と施設へ見学へ行くと、なぜか私だけ別室に案内。介護職員「今すぐ逃げて！あの人達は10年前に...」衝撃の事実を知り私は慌てて警察へ駆け込み...,https://www.youtube.com/watch?v=WvmKd2bSK-Q,2.4万回視聴 / 3 年前,anh le,https://www.youtube.com/channel/UCarxn6vtJCi169Mjzrmzo4A,1 年前,1 回視聴,【スカッとする話】夫の義両親を介護する事になり義父母と施設へ見学へ行くと、なぜか私だけ別室に案内。介護職員「今すぐ逃げて！あの人達は10年前に   」衝撃の事実を知り私は慌て,https://www.youtube.com/watch?v=Ou8MZz21n1U,95%
602,【スカッとする話】私が社員1900人の夫の会社の社長と知らず結婚した途端に豹変したエリート夫「料理、洗濯、介護は家政婦のお前が全部やれ！嫌なら離婚してでてけw」→私「じゃあアンタは解雇で」,https://www.youtube.com/watch?v=YyOQLdcFhQo,12万回視聴 / 2 年前,anh le,https://www.youtube.com/channel/UCarxn6vtJCi169Mjzrmzo4A,1 年前,1 回視聴,【スカッとする話】私が社員1900人の夫の会社の社長と知らず結婚した途端に豹変したエリート夫「料理、洗濯、介護は家政婦のお前が全部やれ！嫌なら離婚してでてけw」,https://www.youtube.com/watch?v=nyXh1OG0Ga4,92%
603,【スカッとする話】義母に車を貸した翌日、事故で入院した私。義母「タイヤがパンクなんて不運w車椅子生活とか可哀想にw」私「車椅子は夫ですけど？」義母「え？」結果w,https://www.youtube.com/watch?v=X-4klsI7p0M,6.8万回視聴 / 2 年前,anh le,https://www.youtube.com/channel/UCarxn6vtJCi169Mjzrmzo4A,1 年前,0 回視聴,【スカッとする話】義母に車を貸した翌日、事故で入院した私。義母「タイヤがパンクなんて不運w車椅子生活とか可哀想にw」私「車椅子は夫ですけど？」義母,https://www.youtube.com/watch?v=9KJurDT1N8M,97%
604,【スカッとする話】親族の集まりで夫の実家へ行くと、記入済みの離婚届が机に...私「出せって事だし提出しよ」速攻で提出し姿を消した結果w,https://www.youtube.com/watch?v=ochYsslDkKg,9.8万回視聴 / 2 年前,anh le,https://www.youtube.com/channel/UCarxn6vtJCi169Mjzrmzo4A,1 年前,0 回視聴,【スカッとする話】親族の集まりで夫の実家へ行くと、記入済みの離婚届が机に 私 「出せって事だし提出しよ」速攻で提出し姿を消した結果w,https://www.youtube.com/watch?v=tETIUjJQ8Xg,100%
605,【スカッと総集編】家のローン月18万を払ってると知らず同居の長男嫁に1年間無視された...ある日、私「あれ？なんで私の荷物が...」長男嫁「キレイにしておいてあげたw」私の荷物を勝手に捨てられた,https://www.youtube.com/watch?v=bPcGySAd3gA,20万回視聴 / 2 年前,baldwin horne,https://www.youtube.com/channel/UCO43eAIiTIAeUy99gMhxIsA,2 年前,0 回視聴,【スカッと感動】家のローン月18万を払ってると知らず同居の長男嫁に1年間無視された   ある日、私「あれ？なんで私の荷物が   」長男嫁「キレイにしておいてあげたw」私の荷物を勝手に捨てられ,https://www.youtube.com/watch?v=gS_1a7wV1g0,99%
606,【スカッとする話】私の年収が3000万と知らず事故で片手を失った私を捨て再婚した夫「料理できない欠陥人間とは離婚w慰謝料300万請求するｗ」私「いいよ！」1年後、夫から29件の鬼電がw【スカッと】,https://www.youtube.com/watch?v=RRj1e7jQNis,3.9万回視聴 / 2 年前,can ustacı,https://www.youtube.com/channel/UCSowiEoSGygYsDjLjAZWTWg,8 か月前,1 回視聴,【スカッと総集編】私の年収が3000万と知らず事故で片手を失った私を捨て親友と再婚したエリート夫「料理できない欠陥人間とは離婚w慰謝料300万請求するｗ」私「いいよ！」1年後、夫から29件の鬼電がw,https://www.youtube.com/watch?v=_9V_RoIt42Y,96%
607,【スカッとする話】結婚5年目の夫を霊感のある兄に紹介…その3秒後、兄の衝撃の一言で夫がガクガク震え出し…,https://www.youtube.com/watch?v=VXr2EWwrnTg,17万回視聴 / 2 年前,can ustacı,https://www.youtube.com/channel/UCSowiEoSGygYsDjLjAZWTWg,7 か月前,0 回視聴,【スカッとする話】結婚5年目の夫を霊感のある兄に紹介…その3秒後、兄の衝撃の一言で夫がガクガク震え出し…,https://www.youtube.com/watch?v=s4WR9030lbo,100%
608,【スカッと総集編】私の年収が3000万と知らず事故で片手を失った私を捨て親友と再婚したエリート夫「料理できない欠陥人間とは離婚w慰謝料300万請求するｗ」私「いいよ！」1年後、夫から29件の鬼電がw,https://www.youtube.com/watch?v=3rdkfF0wavs,19万回視聴 / 2 年前,can ustacı,https://www.youtube.com/channel/UCSowiEoSGygYsDjLjAZWTWg,8 か月前,1 回視聴,【スカッと総集編】私の年収が3000万と知らず事故で片手を失った私を捨て親友と再婚したエリート夫「料理できない欠陥人間とは離婚w慰謝料300万請求するｗ」私「いいよ！」1年後、夫から29件の鬼電がw,https://www.youtube.com/watch?v=_9V_RoIt42Y,100%
609,【スカッと総集編】長男嫁が腕を骨折して入院。夫「嫁子さんはお前に折られたって言ってるぞ！」直後、我が家へ警察官が来たが連れて行かれたのは私ではなく…【修羅場】,https://www.youtube.com/watch?v=HMSyKMmqIc0,17万回視聴 / 3 年前,can ustacı,https://www.youtube.com/channel/UCSowiEoSGygYsDjLjAZWTWg,7 か月前,1 回視聴,【スカッと総集編】長男嫁が腕を骨折して入院。夫「嫁子さんはお前に折られたって言ってるぞ！」直後、我が家へ警察官が来たが連れて行かれたのは私ではなく…【修羅場】,https://www.youtube.com/watch?v=odJ3ItTa8i4,100%
610,【スカッとする話】 義父の遺産11億を手に入れた夫「離婚しよう！遺産入ったからATMのお前は用済みになったw」私「いいよ！はい、離婚届」家を売却し豪邸に引越すと夫は地獄を見ることにw,https://www.youtube.com/watch?v=22HXuHlqWcQ,7.6万回視聴 / 2 年前,catmanfistybottom,https://www.youtube.com/channel/UCfNwMUwI6SEklVq03ZatTFw,2 年前,1 回視聴,【スカッとする話】 義父の遺産11億を手に入れた夫「離婚しよう！遺産入ったからATMのお前は用済みになったw」私「いいよ！はい、離婚届」家を売却し豪邸に引越すと夫は地獄を見ることにw,https://www.youtube.com/watch?v=VxYQjoDBR0c,100%
611,【スカッとする話】私の旅行中に無断で義両親の引越し荷物を我が家に運び入れた夫「お前はもう帰ってくるなw」私「はーい、私も勝手に引越すね」海外の豪邸に引越した結果w,https://www.youtube.com/watch?v=5U30Sda_BcM,7.2万回視聴 / 2 年前,catmanfistybottom,https://www.youtube.com/channel/UCfNwMUwI6SEklVq03ZatTFw,2 年前,1 回視聴,【スカッとする話】私の旅行中に無断で義両親の引越し荷物を我が家に運び入れた夫「お前はもう帰ってくるなw」私「はーい、私も勝手に引越すね」海外の豪邸に引越した結果w,https://www.youtube.com/watch?v=2_ftTR_y-9g,100%
612,【スカッとする話】私名義の新築とは知らず里帰り出産で居座る妹「妊婦の邪魔だから出てけw」夫「お前は倉庫で寝てろw」私「分かりました...」キレた私が家を売却し更地にすると,https://www.youtube.com/watch?v=JZQBw8qut7E,8.2万回視聴 / 2 年前,catmanfistybottom,https://www.youtube.com/channel/UCfNwMUwI6SEklVq03ZatTFw,2 年前,0 回視聴,【スカッとする話】私名義の新築とは知らず里帰り出産で居座る妹「妊婦の邪魔だから出てけw」夫「お前は倉庫で寝てろw」私「分かりました...」キレた私が家を売却し更地にすると,https://www.youtube.com/watch?v=bUd5sDKj-hI,100%
613,【スカッとする話】義両親が近所に引越してくると、突然家の電気代が13万に爆上がりし高額請求...慌てて電力会社を呼び出すと職員「こんな線ありました？」先を辿ると義両親の家→速攻で断線すると悲鳴がw,https://www.youtube.com/watch?v=l9dE9mHc4dw,7.3万回視聴 / 2 年前,catmanfistybottom,https://www.youtube.com/channel/UCfNwMUwI6SEklVq03ZatTFw,2 年前,5回視聴,【スカッとする話】義両親が近所に引越してくると、突然家の電気代が13万に爆上がりし高額請求...慌てて電力会社を呼び出すと職員「こんな線ありました？」先を辿ると義両親の家→速攻で断線すると悲鳴がw,https://www.youtube.com/watch?v=OHHXZ4t467E,98%
614,【スカッとする話】私が夫の入院費を払ってると知らず私の荷物を全て捨てた夫の連れ子「もうパパに寄生するなw」連れ子を残し1億のタワマンに引越し入院費の支払いも止めた結果w,https://www.youtube.com/watch?v=JaGjTAkTfxQ,30万回視聴 / 2 年前,cheetos20011,https://www.youtube.com/channel/UCCtlc3_75eUZr79WgtPS65A,9 か月前,6回視聴,私が夫の入院費を払ってると知らず私の荷物を全て捨てた夫の連れ子「もうパパに寄生するなw」→連れ子を残し1億のタワマンに引っ越し入院費の支払いも止めた結果ｗ,https://www.youtube.com/watch?v=iRYIkf66LwY,99%
615,【スカッとする話】同居中の父が亡くなった瞬間、突然我が家に引っ越してきた義両親「他人は今すぐ出てけw」それを聞いた夫が血相を変えて、夫「お、お袋知らないのか？」,https://www.youtube.com/watch?v=NW2djFvCjds,13万回視聴 / 2 年前,deathale1234,https://www.youtube.com/channel/UCODd8hU5i9vBxy9CH0uCpCw,2 年前,3回視聴,【スカッとする話】同居中の父が亡くなった瞬間、突然我が家に引っ越してきた義両親「他人は今すぐ出てけw」それを聞いた夫が血相を変えて、夫「お、お袋知らないのか？」,https://www.youtube.com/watch?v=HfgJfoQkZNI,100%
616,【スカッとする話】破水し病院へ行く私を山に置き去りにし夫と旅行に行った連れ子の娘「私からパパを奪った罰よw」2時間後、陣痛で苦しむ私に半狂乱の娘から鬼電→私「あんた誰？」,https://www.youtube.com/watch?v=RWD2prHXals,2.8万回視聴 / 2 年前,deathale1234,https://www.youtube.com/channel/UCODd8hU5i9vBxy9CH0uCpCw,2 年前,4回視聴,【スカッとする話】破水し病院へ行く私を山に置き去りにし夫と旅行に行った連れ子の娘「私からパパを奪った罰よw」2時間後、陣痛で苦しむ私に半狂乱の娘から鬼電→私「あんた誰？」,https://www.youtube.com/watch?v=KEe65bfB-ss,100%
617,【スカッとする話】私「もう限界！実家に帰ります！」実家帰省した私が家に帰ると私「ただい...ま？」机の上に記入済みの離婚届が...私「出せっていうから提出しよw」大喜びで市役所へ行った結果w,https://www.youtube.com/watch?v=jpA_PiL1qKA,3.1万回視聴 / 2 年前,deathale1234,https://www.youtube.com/channel/UCODd8hU5i9vBxy9CH0uCpCw,2 年前,49回視聴,【スカッとする話】私「もう限界！実家に帰ります！」実家帰省した私が家に帰ると私「ただい...ま？」机の上に記入済みの離婚届が...私「出せっていうから提出しよw」大喜びで市役所へ行った結果w,https://www.youtube.com/watch?v=ir9HYti65ps,100%
618,【スカッとする話】夫の連れ子の娘と暮らし始めて1年。しかし、全くなつく気配がない…夫が海外出張に行った日に娘が初めて話しかけてきた。娘「お母さん、実は...」そう言って差し出された手には...,https://www.youtube.com/watch?v=BKC9CbFIESk,5.2万回視聴 / 3 年前,duyen nguyen,https://www.youtube.com/channel/UClIVIVm31CuApuvRJzYC4ng,1 年前,48回視聴,【スカッとする話】夫の連れ子の娘と暮らし始めて1年。しかし、全くなつく気配がない…夫が海外出張に行った日に娘が初めて話しかけてきた。娘「お母さん、実は   」そう言って差し出された手には,https://www.youtube.com/watch?v=RN9FpoecIoc,100%
619,【スカっとする話】夫の浮気が発覚すると夫の連れ子「パパと新しいママと暮らす！偽物は離婚して出てけ！」1年後、笑顔で再会した娘に私「あんた誰？」娘「は？」,https://www.youtube.com/watch?v=jwP1fK1sfSY,5万回視聴 / 2 年前,emerfpa dcandid,https://www.youtube.com/channel/UCSNh7sQCnANvFKcVxjvmvnA,2 年前,1 回視聴,【スカっとする話】夫の浮気が発覚すると夫の連れ子「パパと新しいママと暮らす！偽物は離婚して出てけ！」1年後、笑顔で再会した娘に私「あんた誰？」娘「は？」,https://www.youtube.com/watch?v=5aAVNwytuVE,100%
620,【スカッと】娘の卒業式に有給中の夫が来ない。私「今どこ？もう始まったよ！」夫「母さんとハワイ旅行中w」キレた私は夫のクレカを全て解約→帰国出来なくした結果w,https://www.youtube.com/watch?v=_RoL9GYFgNY,3.5万回視聴 / 2 年前,ezebo chiamaka,https://www.youtube.com/channel/UCE-qld23FOqFEVR1e-zZk_g,1 年前,0 回視聴,【スカッと】娘の卒業式に有給中の夫が来ない。私「今どこ？もう始まったよ！」夫「母さんとハワイ旅行中w」キレた私は夫のクレカを全て解約→帰国出来なく,https://www.youtube.com/watch?v=KmpivmT5ZmI,97%
621,【スカッとする話】5LDKの新築祝いに親族で集まると、夫「来年から両親と同居するw嫁は両親の介護宜しくｗ」私「え？介護はしないよ？嫁は1週間前にやめたので」夫「はい？」実は…w,https://www.youtube.com/watch?v=hsj8uitT6I4,4.4万回視聴 / 2 年前,ezebo chiamaka,https://www.youtube.com/channel/UCE-qld23FOqFEVR1e-zZk_g,1 年前,0 回視聴,【スカッとする話】5LDKの新築祝いに親族で集まると、夫「来年から両親と同居するw嫁は両親の介護宜しくｗ」私「え？介護はしないよ？嫁は1週間前にやめたので」夫「は,https://www.youtube.com/watch?v=sUvK3bUzoT8,98%
622,【スカッとする話】うつ病の義父の介護を私に押し付け愛人と海外旅行へ行った夫「親父の介護は任せたぞｗ」義父「今すぐこの家を売り払うぞ」義父と家を売却し更地にした結果w,https://www.youtube.com/watch?v=g3-T_5JMrcU,4.9万回視聴 / 2 年前,ezebo chiamaka,https://www.youtube.com/channel/UCE-qld23FOqFEVR1e-zZk_g,1 年前,2回視聴,【スカッとする話】うつ病の義父の介護を私に押し付け愛人と海外旅行へ行った夫「親父の介護は任せたぞｗ」義父「今すぐこの家を売り払うぞ」義父と家を売却し更地にし,https://www.youtube.com/watch?v=aUS_QDDx5aY,98%
623,【スカッとする話】夫が他界すると夫の連れ子「遺産いくら？」私「夫の両親が相続して0円よ...」連れ子「じゃアンタの娘辞めるわw」後日、テレビを見た連れ子から鬼電→永久に無視してやった結果w,https://www.youtube.com/watch?v=UQlpAe4Omjw,6.1万回視聴 / 2 年前,ezebo chiamaka,https://www.youtube.com/channel/UCE-qld23FOqFEVR1e-zZk_g,1 年前,1 回視聴,【スカッとする話】夫が他界すると夫の連れ子「遺産いくら？」私「夫の両親が相続して0円よ   」連れ子「じゃアンタの娘辞めるわw」後日、テレビを見た連れ子から鬼電→永久に無視してやっ,https://www.youtube.com/watch?v=kVZyTmqZFtc,98%
624,【スカッとする話】孫の七五三のお祝いに親戚一同と行くと私だけ席がない...長男嫁「他人の席は無いから立ってればw」私「じゃ帰るか」親戚一同「うん」全員で帰宅した結果w,https://www.youtube.com/watch?v=bI91wh-7IMg,19万回視聴 / 2 年前,ezebo chiamaka,https://www.youtube.com/channel/UCE-qld23FOqFEVR1e-zZk_g,1 年前,0 回視聴,【スカッとする話】孫の七五三のお祝いに親戚一同と行くと私だけ席がない   長男嫁「他人の席は無いから立ってればw」私「じゃ帰るか」親戚一同「うん」全員で帰宅した,https://www.youtube.com/watch?v=9u_HA-5FRYI,98%
625,【スカッとする話】私「もう限界！実家に帰ります！」実家帰省した私が家に帰ると私「ただい...ま？」机の上に記入済みの離婚届が...私「出せっていうから提出しよw」大喜びで市役所へ行った結果w,https://www.youtube.com/watch?v=jpA_PiL1qKA,3.1万回視聴 / 2 年前,ezebo chiamaka,https://www.youtube.com/channel/UCE-qld23FOqFEVR1e-zZk_g,1 年前,0 回視聴,【スカッとする話】私「もう限界！実家に帰ります！」実家帰省した私が家に帰ると私「ただい   ま？」机の上に記入済みの離婚届が   私「出せっていうから提出しよw」大喜びで市役所へ行,https://www.youtube.com/watch?v=DKVl-7UIjmI,97%
626,【スカッとする話】13億を築いた父の遺産を相続した途端、夫「お前の金は全部俺の金だw逆らったら離婚だからな」義両親「嫁の金は私の金w」私「え？私は独身ですけど？」夫・義両親「え？」,https://www.youtube.com/watch?v=zoLRHo5Z1wA,5.6万回視聴 / 3 年前,faustino karisa,https://www.youtube.com/channel/UCh1wgkzk9PVxPJshc_EWlIA,2 年前,0 回視聴,【スカッとする話】13億を築いた父の遺産を相続した途端、夫「お前の金は全部俺の金だw逆らったら離婚だからな」義両親「嫁の金は私の金w」私「え？私は独身ですけど？」夫・義両親「え？」,https://www.youtube.com/watch?v=cuby2mvuIs4,100%
627,【スカッとする話】全員を私が養ってると知らずハワイ旅行で長男嫁「ババァは帰って掃除でもしろw」長男「タダで旅行とか100年早いw」私「承知しました...」速攻で帰宅し家を売り払い掃除した結果w,https://www.youtube.com/watch?v=8r9b0asur18,4.3万回視聴 / 3 年前,faustino karisa,https://www.youtube.com/channel/UCh1wgkzk9PVxPJshc_EWlIA,2 年前,0 回視聴,【スカッとする話】全員を私が養ってると知らずハワイ旅行で長男嫁「ババァは帰って掃除でもしろw」長男「タダで旅行とか100年早いw」私「承知しました...」速攻で帰宅し家を売り払い掃除した結果w,https://www.youtube.com/watch?v=7_2TawB2EPg,100%
628,【スカッとする話】夫と産婦人科へ行くと医者が激怒「今すぐ妻と別れて下さい！」私「はい？」話を聞くと衝撃の事実が判明し...【修羅場】【スカッと】,https://www.youtube.com/watch?v=C74qP-9DU04,3.6万回視聴 / 3 年前,faustino karisa,https://www.youtube.com/channel/UCh1wgkzk9PVxPJshc_EWlIA,2 年前,0 回視聴,【スカッとする話】夫と産婦人科へ行くと医者が激怒「今すぐ妻と別れて下さい！」私「はい？」話を聞くと衝撃の事実が判明し...,https://www.youtube.com/watch?v=t5cUcdG1_H0,100%
629,【スカッとする話】娘「毎月1300円の仕送り助かるよ！毎日半額の弁当食べてるよ！」私「え？毎月13万円振り込んでるわよ？」娘「え？」実は...,https://www.youtube.com/watch?v=Ne3lH19M3rA,9.5万回視聴 / 3 年前,faustino karisa,https://www.youtube.com/channel/UCh1wgkzk9PVxPJshc_EWlIA,2 年前,0 回視聴,【スカッとする話】娘「毎月1300円の仕送り助かるよ！毎日半額の弁当食べてるよ！」私「え？毎月13万円振り込んでるわよ？」娘「え？」実は...,https://www.youtube.com/watch?v=m7VimjLOEhY,100%
630,【スカッとする話】母子家庭で育てた娘の結婚式当日、なぜか私の席だけが無い...。医者一族の義両親「席がないなら帰れw」私「では帰りますね」お望み通り帰った結果w,https://www.youtube.com/watch?v=5ASi2YeIxuc,6.9万回視聴 / 3 年前,faustino karisa,https://www.youtube.com/channel/UCh1wgkzk9PVxPJshc_EWlIA,2 年前,0 回視聴,【スカッとする話】母子家庭で育てた娘の結婚式当日、なぜか私の席だけが無い...。医者一族の義両親「席がないなら帰れw」私「では帰りますね」お望み通り帰った結果w,https://www.youtube.com/watch?v=U38XPq9Ek98,100%
631,【スカッとする話】私が癌で入院になった途端に夫「通帳と印鑑はどこにあるんだ？俺が管理してやるから任せろw」私「5000万あるから宜しく」→1ヶ月後、通帳と印鑑と共に離婚届けだけを残し夫が消えた...,https://www.youtube.com/watch?v=0U4B813ccGQ,3.7万回視聴 / 3 年前,faustino karisa,https://www.youtube.com/channel/UCh1wgkzk9PVxPJshc_EWlIA,2 年前,2回視聴,【スカッとする話】私が癌で入院になった途端に夫「通帳と印鑑はどこにあるんだ？俺が管理してやるから任せろw」私「5000万あるから宜しく」→1ヶ月後、通帳と印鑑と共に離婚届けだけを残し夫が消えた...,https://www.youtube.com/watch?v=476_OOIfRAg,100%
632,【スカッとする話】夫が突然、姉と姪の大量の荷物を送ってきて、夫「姉と姪の荷物は届いた？今日から二人は俺達が養う！」私「うん、荷物届いて私も今新居に引越した所！」夫「え？新居？」結果w,https://www.youtube.com/watch?v=St5t2rltjZE,9.6万回視聴 / 2 年前,gceylon selenanf,https://www.youtube.com/channel/UCC0exR5uxAWEiC6o51l3K6w,2 年前,1 回視聴,【スカッとする話】夫が突然、姉と姪の大量の荷物を送ってきて、夫「姉と姪の荷物は届いた？今日から二人は俺達が養う！」私「うん、荷物届いて私も今新居に引越した所！」夫「え？新居？」結果w,https://www.youtube.com/watch?v=mnqWLIaPi6A,98%
633,【スカッとする話】旦那の出世祝いに贈ったネクタイを即行で捨てた夫「安物のゴミはいらん！」私「ちゃんと中、確認した？」夫「え？」実は...,https://www.youtube.com/watch?v=dteWMwt6L4Y,3.2万回視聴 / 2 年前,gceylon selenanf,https://www.youtube.com/channel/UCC0exR5uxAWEiC6o51l3K6w,2 年前,1 回視聴,【スカッとする話】旦那の出世祝いに贈ったネクタイを即行で捨てた夫「安物のゴミはいらん！」私「ちゃんと中、確認した？」夫「え？」実は,https://www.youtube.com/watch?v=3NBBYHQBzHc,97%
634,【スカッとする話】年末年始の親族の集まりで20人分のおせちをゴミ箱にぶちまけたエリート夫「親戚にマズイ飯を作るな！」私「私は何も作ってないよ？」夫「え？」実は...,https://www.youtube.com/watch?v=iT0GjRHrB6w,26万回視聴 / 2 年前,glareintheeyes,https://www.youtube.com/channel/UC5OqZ0UeeBDeW1Nm5kYg1lA,9 か月前,0 回視聴,年末年始の親族の集まりで20人分のおせちをゴミ箱にぶちまけたエリート夫「親戚にマズイ飯を作るな！」私「私は何も作ってないよ？」夫「え？」実は..,https://www.youtube.com/watch?v=xxziqzVbveo,100%
635,【スカッとする話】私の旅行中に無断で義両親の引越し荷物を我が家に運び入れた夫「お前はもう帰ってくるなw」私「はーい、私も勝手に引越すね」海外の豪邸に引越した結果w,https://www.youtube.com/watch?v=5U30Sda_BcM,7.2万回視聴 / 2 年前,goldyloco,https://www.youtube.com/channel/UCfiNz4GckMuO-IXNW81OhLA,1 年前,0 回視聴,私の旅行中に夫が義両親の引越しの荷物を無断で我が家に運び入れた。「お前はもう帰ってくるなw」→私「はい！私も勝手に引越すわw」その結果、海外に逃げて引越しましたwww,https://www.youtube.com/watch?v=Lgle5V35piU,81%
636,【スカッとする話】6年前、私から年商50億社長の夫を奪った妹「双子の赤ちゃん産んだのw出産祝い120万よろしくねw」私「OK！資産500億の不動産王の旦那と行くね！」妹「え？」結果w,https://www.youtube.com/watch?v=q5fQ6yF0DVU,11万回視聴 / 2 年前,gre grgr,https://www.youtube.com/channel/UC4Q14IPdBQFM6EdtHComnLw,1 年前,0 回視聴,【スカッとする話】6年前、私から年商50億社長の夫を奪った妹「双子の赤ちゃん産んだのw出産祝い120万よろしくねw」私「OK！資産500億の不動産王の旦那と行くね！」妹「え？」結果w,https://www.youtube.com/watch?v=LeDUq8lmSQ4,100%
637,【スカッとする話】有給休暇で愛人と不倫旅行中の夫…息子と大掃除をしてると夫の書斎から記入済の離婚届と隠し子の写真…全てを察し離婚届を勝手に提出→家を売り払い引越した結果w,https://www.youtube.com/watch?v=4YTCaxw121o,4.8万回視聴 / 2 年前,gre grgr,https://www.youtube.com/channel/UC4Q14IPdBQFM6EdtHComnLw,1 年前,0 回視聴,【スカッとする話】有給休暇で愛人と不倫旅行中の夫…息子と大掃除をしてると夫の書斎から記入済の離婚届と隠し子の写真…全てを察し離婚届を勝手に提出→家を売り払い引越した結果w,https://www.youtube.com/watch?v=a3CBaJTheFU,100%
638,【スカッとする話】私が年商1500億の社長と知らず夫を奪った夫の幼馴染「もやし生活頑張ってねw」後日、示談交渉で夫が大爆笑「貧乏生活は俺達の方だぞ？」幼馴染「は？」実は...,https://www.youtube.com/watch?v=SsTnEXgWzwI,14万回視聴 / 2 年前,gre grgr,https://www.youtube.com/channel/UC4Q14IPdBQFM6EdtHComnLw,1 年前,0 回視聴,【スカッとする話】私が年商1500億の社長と知らず夫を奪った夫の幼馴染「もやし生活頑張ってねw」後日、示談交渉で夫が大爆笑「貧乏生活は俺達の方だぞ？」幼馴染「は？」実は,https://www.youtube.com/watch?v=0wYMUssx-CY,100%
639,【スカッとする話】私を捨て金持ちの愛人と再婚した元夫と再会すると、元夫「お前ら2人貧乏臭いぞw」愛人「年収500万の貧乏人は消えてw」→夫「500万は月収ですが？」元夫・愛人「は？」,https://www.youtube.com/watch?v=patHNGtYPXQ,8.7万回視聴 / 2 年前,gre grgr,https://www.youtube.com/channel/UC4Q14IPdBQFM6EdtHComnLw,1 年前,0 回視聴,【スカッとする話】私を捨て金持ちの愛人と再婚した元夫と再会すると、元夫「お前ら2人貧乏臭いぞw」愛人「年収500万の貧乏人は消えてw」→夫「500万は月収ですが？」元夫・愛人「は？」,https://www.youtube.com/watch?v=oGwmSaT_DOI,100%
640,【スカッとする話】18年間家賃を払ってきた私を罵倒する夫と連れ子「月10万の家賃程度で偉そうにw」夫「支払い止めてみろw」私「喜んで」3ヶ月後w,https://www.youtube.com/watch?v=IaHdv7dT6Sc,12万回視聴 / 2 年前,hung nguyenvan,https://www.youtube.com/channel/UC1kZmiXsjFPmM_xF1cmp-Eg,2 年前,1 回視聴,【スカッとする話】18年間家賃を払ってきた私を罵倒する夫と連れ子「月10万の家賃程度で偉そうにw」夫「支払い止めてみろw」私「喜んで」→3ヶ月後w【修羅場】,https://www.youtube.com/watch?v=bZ-7CFqJznw,100%
641,【スカっとする話】夫の浮気が発覚すると夫の連れ子「パパと新しいママと暮らす！偽物は離婚して出てけ！」1年後、笑顔で再会した娘に私「あんた誰？」娘「は？」,https://www.youtube.com/watch?v=jwP1fK1sfSY,5万回視聴 / 2 年前,ijustwant1song,https://www.youtube.com/channel/UCvT840gpd08NuXbazRpVtKQ,2 年前,2回視聴,【スカっとする話】夫の浮気が発覚すると夫の連れ子「パパと新しいママと暮らす！偽物は離婚して出てけ！」1年後、笑顔で再会した娘に私「あんた誰？」娘「は？」,https://www.youtube.com/watch?v=4i8vWun_roY,100%
642,【スカッとする話】夫が突然、姉と姪の大量の荷物を送ってきて、夫「姉と姪の荷物は届いた？今日から二人は俺達が養う！」私「うん、荷物届いて私も今新居に引越した所！」夫「え？新居？」結果w,https://www.youtube.com/watch?v=St5t2rltjZE,9.6万回視聴 / 2 年前,ijustwant1song,https://www.youtube.com/channel/UCvT840gpd08NuXbazRpVtKQ,2 年前,2回視聴,【スカッとする話】夫が突然、姉と姪の大量の荷物を送ってきて、夫「姉と姪の荷物は届いた？今日から二人は俺達が養う！」私「うん、荷物届いて私も今新居に引越した所！」夫「え？新居？」結果w,https://www.youtube.com/watch?v=UGkdtCVwDP4,98%
643,【スカッとする話】夫のドナーとなり臓器提供した私が癌で入院中、私を捨て職場の社長令嬢と駆け落ちした夫「新しい嫁見つけたから離婚なｗ」3ヶ月後、半狂乱の夫が家に来ると私「...あんた誰？」,https://www.youtube.com/watch?v=wrHN2CzECxg,5.2万回視聴 / 2 年前,ijustwant1song,https://www.youtube.com/channel/UCvT840gpd08NuXbazRpVtKQ,2 年前,13回視聴,【スカッとする話】夫のドナーとなり臓器提供した私が癌で入院中、私を捨て職場の社長令嬢と駆け落ちした夫「新しい嫁見つけたから離婚なｗ」3ヶ月後、半狂乱の夫が家に来ると私「...あんた誰？」,https://www.youtube.com/watch?v=EuvdmM4qE7s,100%
644,【スカッとする話】30年連れ添った夫と離婚すると、義母「引っ越しはまだ？」夫「早く出てけ」私「30分後に消えます」荷物が運ばれ私が車に乗ると→義母「え？何なのこの高級車は？」,https://www.youtube.com/watch?v=Tlkag3rVT5s,18万回視聴 / 2 年前,katy rivera,https://www.youtube.com/channel/UCWTn1D2io3cwCg9YEH4m2VQ,2 週間前,13回視聴,30年連れ添った夫と離婚すると、義母「引っ越しはまだ？早く出てけ」私「30分後に消えます」→30分後、荷物が運ばれ私が車に乗ると…,https://www.youtube.com/watch?v=In5cL3GwDR8,86%
645,【スカッとする話】亡くなった元夫の保険金3000万で新築一軒屋を建てた夫「母さんに家買ったｗ逆らうなら離婚だw」私「わかりました。いいけど後悔するよ？」夫「しねぇよw」→1ヶ月後...【修羅場】,https://www.youtube.com/watch?v=dW-opdxTbYQ,11万回視聴 / 3 年前,keia0528,https://www.youtube.com/channel/UCaqpZXGKsakvdBn2GxRB6uA,2 年前,5回視聴,【スカっと感動】亡くなった元夫の保険金3000万で新築一軒屋を建てた義母と夫「母さんに家買ったｗ逆らうなら離婚だw」私「わかりました。いいけど後悔するよ？」夫「しねぇよw」→1ヶ月後,https://www.youtube.com/watch?v=9Y5_1Iiss0g,98%
646,【スカッとする話】私の祖父母と暮らす新築4LDKを購入した途端、エリート夫「ここで両親と同居する！」義両親「逆らったら離婚よw」私「じゃ出ていく」2週間後、銀行から夫達へ鬼電がw,https://www.youtube.com/watch?v=3IGV5bZh7Oo,8万回視聴 / 2 年前,kkkkkkk303,https://www.youtube.com/channel/UC7AQRgGO57VJtyaHJCEDtTA,2 年前,0 回視聴,【スカッとする話】私の祖父母と暮らす新築4LDKを購入した途端、エリート夫「ここで両親と同居する！」義両親「逆らったら離婚よw」私「じゃ出ていく」2週間後、銀行から夫達へ鬼電がw,https://www.youtube.com/watch?v=uwsB5--3Xxw,100%
647,【スカッとする話】亡くなった元夫の保険金3000万で新築一軒屋を建てた夫「母さんに家買ったｗ逆らうなら離婚だw」私「わかりました。いいけど後悔するよ？」夫「しねぇよw」→1ヶ月後...【修羅場】,https://www.youtube.com/watch?v=dW-opdxTbYQ,11万回視聴 / 3 年前,loveyou2334,https://www.youtube.com/channel/UCmvu6FWDEaLPuFWds5c2v9A,1 年前,2回視聴,【スカッと】亡くなった元夫の保険金3000万で新築一軒屋を建てた夫「母さんに家を買ったw逆らうなら離婚だw」私「わかりました。いいけど後悔するよ？」夫「しねぇよw」→1ヶ月後…その他３作品【総集編】,https://www.youtube.com/watch?v=P2ds_LZf1Ng,95%
648,【スカッとする話】私が夫の入院費を払ってると知らず私の荷物を全て捨てた夫の連れ子「もうパパに寄生するなw」連れ子を残し1億のタワマンに引越し入院費の支払いも止めた結果w,https://www.youtube.com/watch?v=JaGjTAkTfxQ,30万回視聴 / 2 年前,mactiago,https://www.youtube.com/channel/UCGZ1M3tcyGDwbZTbnsEj0yw,9 か月前,11回視聴,私が夫の入院費を払ってると知らず私の荷物を全て捨てた夫の連れ子「もうパパに寄生するなw」→連れ子を残し1億のタワマンに引っ越し入院費の支払いも止めた結果ｗ,https://www.youtube.com/watch?v=VKbf66jFe0Q,99%
649,【スカッと】長男夫婦がお盆に帰省し私が店を予約すると長男嫁「何この汚い店w年金生活の貧乏ババァじゃ仕方ないかw」直後、普段温厚な夫→夫「調子乗るなよガキが」長男嫁「え？」,https://www.youtube.com/watch?v=LXxfsTZeuZU,11万回視聴 / 2 年前,manh tran,https://www.youtube.com/channel/UC5VXnUDB-t4dOs8-i9dNUcQ,7 か月前,0 回視聴,【LINE】長男夫婦がお盆に帰省し私が店を予約すると長男嫁「何この汚い店w年金生活の貧乏ババアじゃ仕方ないかw」→直後、普段温厚な夫「調子乗るなよガキが」長男嫁「え？」【スカッとする話】,https://www.youtube.com/watch?v=rjxEiCjaQUI,98%
650,【スカッとする話】18年間家賃を払ってきた私を罵倒する夫と連れ子「月10万の家賃程度で偉そうにw」夫「支払い止めてみろw」私「喜んで」3ヶ月後w,https://www.youtube.com/watch?v=IaHdv7dT6Sc,12万回視聴 / 2 年前,mera naam,https://www.youtube.com/channel/UCzmH6TjCJhg5rOlhutO5ykg,2 年前,0 回視聴,【スカッとする話】18年間家賃を払ってきた私を罵倒する夫と連れ子「月10万の家賃程度で偉そうにw」夫「支払い止めてみろw」私「喜んで」→3ヶ月後w【修羅場】,https://www.youtube.com/watch?v=XV0n62aesfo,100%
651,【スカッと】365日間、私を無視し続けた年収1000万の夫「誰のおかげで生きてると思ってる！文句あるなら離婚して出てけw」私「後悔しない？」夫「しねぇよw」3日後、夫は会社をクビにw,https://www.youtube.com/watch?v=Mi69PEXjWFc,3.5万回視聴 / 2 年前,minh pham,https://www.youtube.com/channel/UCWK9Evpbj0xbkFyaTiFreXw,1 年前,2回視聴,【スカッと】365日間、私を無視し続けた年収1000万の夫「誰のおかげで生きてると思ってる！文句あるなら離婚して出てけw」私「後悔しない？」夫「しねぇよw」3日後、夫は会社をクビにw,https://www.youtube.com/watch?v=36vWLhIQEN8,100%
652,【スカッと】弟の結婚式当日、新婦両親に呼び出され、新婦母「貧乏人は立ち見w嫌なら帰れw」夫「じゃあ帰るか」私「そうね」5分後、新婦母から鬼電がw,https://www.youtube.com/watch?v=fe_WsV6bbNY,10万回視聴 / 2 年前,minh pham,https://www.youtube.com/channel/UCWK9Evpbj0xbkFyaTiFreXw,1 年前,0 回視聴,【スカッと】弟の結婚式当日、新婦両親に呼び出され、新婦母「貧乏人は立ち見w嫌なら帰れw」夫「じゃあ帰るか」私「そうね」5分後、新婦母から鬼電,https://www.youtube.com/watch?v=XVtBjY61kSY,99%
653,【スカッと】私が新築5LDKを購入した途端に夫「愛人と隠し子と同居する！」隠し子「寄生虫は出てけw」私「私は独身だけど？」夫・隠し子「え？」【スカッとする話】【朗読】,https://www.youtube.com/watch?v=RXy39KsrjSY,6.3万回視聴 / 2 年前,minh pham,https://www.youtube.com/channel/UCWK9Evpbj0xbkFyaTiFreXw,1 年前,0 回視聴,【スカッと】私が新築5LDKを購入した途端に夫「愛人と隠し子と同居する！」隠し子「寄生虫は出てけw」私「私は独身だけど？」夫・隠し子「え？,https://www.youtube.com/watch?v=ZU4fuSODmZ0,100%
654,【スカッとする話】夫が突然、姉と姪の大量の荷物を送ってきて、夫「姉と姪の荷物は届いた？今日から二人は俺達が養う！」私「うん、荷物届いて私も今新居に引越した所！」夫「え？新居？」結果w,https://www.youtube.com/watch?v=St5t2rltjZE,9.6万回視聴 / 2 年前,minh pham,https://www.youtube.com/channel/UCWK9Evpbj0xbkFyaTiFreXw,1 年前,0 回視聴,【スカッとする話】夫が突然、姉と姪の大量の荷物を送ってきて、夫「姉と姪の荷物は届いた？今日から二人は俺達が養う！」私「うん、荷物届いて私も今新居に引越した所！」夫「え？新,https://www.youtube.com/watch?v=t2u122y-rf8,95%
655,【スカッとする話】娘の1か月検診から帰宅すると家の鍵が開かない…夫「夜泣きうるさくて鍵換えたw」義両親「ガキとお前は野宿しろｗ」私「はーい、どこで寝ても文句言うなよ」夫・義両親「え？」,https://www.youtube.com/watch?v=Xd4dY1mjM78,5.7万回視聴 / 2 年前,minh pham,https://www.youtube.com/channel/UCWK9Evpbj0xbkFyaTiFreXw,1 年前,0 回視聴,【スカッとする話】娘の1か月検診から帰宅すると家の鍵が開かない…夫「夜泣きうるさくて鍵換えたw」義両親「ガキとお前は野宿しろｗ」私「はーい、どこで寝ても文句言うなよ」夫・義,https://www.youtube.com/watch?v=x6aYZVigEQQ,98%
656,【スカッとする話】息子がベランダから転落し緊急搬送されたと連絡。夫「息子がお前を呼んでる！急いで病院に来てくれ！」私「嫌よ。だってあの子は...」,https://www.youtube.com/watch?v=wwS7psB4Iuw,4.8万回視聴 / 2 年前,minh pham,https://www.youtube.com/channel/UCWK9Evpbj0xbkFyaTiFreXw,1 年前,0 回視聴,【スカッとする話】息子がベランダから転落し緊急搬送されたと連絡。夫「息子がお前を呼んでる！急いで病院に来てくれ！」私「嫌よ。だってあの子は   」,https://www.youtube.com/watch?v=ZvuKbHFTZcc,100%
657,【スカッとする話】旦那の出世祝いに贈ったネクタイを即行で捨てた夫「安物のゴミはいらん！」私「ちゃんと中、確認した？」夫「え？」実は...,https://www.youtube.com/watch?v=dteWMwt6L4Y,3.2万回視聴 / 2 年前,minh pham,https://www.youtube.com/channel/UCWK9Evpbj0xbkFyaTiFreXw,1 年前,0 回視聴,【スカッとする話】旦那の出世祝いに贈ったネクタイを即行で捨てた夫「安物のゴミはいらん！」私「ちゃんと中、確認した？」夫「え？」実は,https://www.youtube.com/watch?v=WsgNyyxDQ3s,97%
658,【スカッとする話】親族の集まりでエリート夫「嫁の飯はまずいんだよなw」私「え？私の料理食べた事ある？食事はいつも愛人宅じゃないの」義父「は？」義両親がブチギレ...,https://www.youtube.com/watch?v=GZtalGoS6qE,11万回視聴 / 3 年前,nga nga,https://www.youtube.com/channel/UC_rIspRIDipTScACm2WI0HQ,2 年前,90回視聴,【スカッとする話】親族の集まりでエリート夫「嫁の飯はまずいんだよなw」私「え？私の料理食べた事ある？食事はいつも愛人宅じゃないの」義父「は？」義両親がブチギレ   【修羅場】,https://www.youtube.com/watch?v=_X23hbfxuVw,100%
659,【スカッとする話】仕事と子育てに疲れた私「実家に帰らせて頂きます」夫「はぁ？俺の飯は？掃除は？帰るなら離婚届書いて行け！」即提出して義父に報告すると涙を流した夫が家に来て...,https://www.youtube.com/watch?v=Qr4xotQ_yg4,8.9万回視聴 / 2 年前,ngo ngoc,https://www.youtube.com/channel/UCHLDedkA2DnXJSOB3PK7PVg,2 年前,0 回視聴,【スカッとする話】仕事と子育てに疲れた私「実家に帰らせて頂きます」夫「はぁ？俺の飯は？掃除は？帰るなら離婚届書いて行け！」即提出して義父に報告すると涙を流した夫が家に来て,https://www.youtube.com/watch?v=N0v7w4Hx-AE,100%
660,【スカッとする話】夫の出張中に息子に誘われ高級ホテルへディナーに行くと女性にプロポーズする夫「亡き妻と息子の分まで幸せにする！」直後、静かに席を立ち上がり求婚に乱入→私と息子「死んだ全家族です」,https://www.youtube.com/watch?v=-fE68tebmjk,7.2万回視聴 / 2 年前,ngo ngoc,https://www.youtube.com/channel/UCHLDedkA2DnXJSOB3PK7PVg,1 年前,0 回視聴,【スカッとする話】夫の出張中に息子に誘われ高級ホテルへディナーに行くと女性にプロポーズする夫「亡き妻と息子の分まで幸せにする！」→直後、静かに席を立ち求婚に乱入「どうも、亡き妻と息子です,https://www.youtube.com/watch?v=pT9EqSJ7xlI,90%
661,【スカッとする話】年末年始の親族の集まりで20人分のおせちをゴミ箱にぶちまけたエリート夫「親戚にマズイ飯を作るな！」私「私は何も作ってないよ？」夫「え？」実は...,https://www.youtube.com/watch?v=iT0GjRHrB6w,26万回視聴 / 2 年前,raul joputa,https://www.youtube.com/channel/UC-4hVkk1bfgyG5yyEyXk0EA,1 か月前,244回視聴,年末年始の親族の集まりで20人分のおせちをゴミ箱にぶちまけたエリート夫「親戚にマズイ飯を作るな！」私「私は何も作ってないよ？」夫「え？」実は..,https://www.youtube.com/watch?v=W2Vayq9W8T4,100%
662,【スカッとする話】母が海で大ケガし緊急搬送！夫に病院に行くと相談するも「お前の母親より仕事が大事！逆らうなら離婚だ！」と離婚届を突きつけられたので、即提出してやった結果...【修羅場】,https://www.youtube.com/watch?v=SKo9NlLkMTQ,2.3万回視聴 / 4 年前,rey999888777,https://www.youtube.com/channel/UCaCa_K2nipqabH6L6rN-pYA,11 か月前,0 回視聴,【スカッとする話】母が海で大ケガし緊急搬送！夫に病院に行くと相談するも「お前の母親より仕事が大事！逆らうなら離婚だ！」と離婚届を突きつけられたので、即提出してやった結果...【修羅場】,https://www.youtube.com/watch?v=_mqFS3oOSC0,100%
663,【スカッとする話】長男夫婦が私の持ち家をリフォームすることになり完成すると長男が「母さんは４畳の物置部屋なw」長男嫁「嫌なら出てけw」→私「じゃあ出ていく」家を売却し引っ越してやった結果【修羅場】,https://www.youtube.com/watch?v=C3gUsFfqx7s,8.1万回視聴 / 3 年前,rey999888777,https://www.youtube.com/channel/UCaCa_K2nipqabH6L6rN-pYA,11 か月前,1 回視聴,【スカッとする話】長男夫婦が私の持ち家をリフォームすることになり完成すると長男が「母さんは４畳の物置部屋なw」長男嫁「嫌なら出てけw」→私「じゃあ出ていく」家を売却し引っ越してやった結果【修羅場】,https://www.youtube.com/watch?v=nU8W84Q22QY,100%
664,【スカッとする話】親友の豪邸に高級寿司を持って遊びに行くとなぜか夫が結婚挨拶をしていた。夫「娘さんは僕が一生守ります！」私「守ってもらえなかった妻です」→親友の両親の前で私が本妻だと告げた結果,https://www.youtube.com/watch?v=tMsWvTI1YgY,9万回視聴 / 2 年前,sacosuy wkeen,https://www.youtube.com/channel/UCsJq7G0YimVXlpTIPPxbB7g,2 年前,0 回視聴,【スカッとする話】親友の豪邸に高級寿司を持って遊びに行くとなぜか夫が結婚挨拶をしていた。夫「娘さんは僕が一生守ります！」私「守ってもらえなかった妻です」→親友の両親の前で私が本妻だと告げた結,https://www.youtube.com/watch?v=5BoYalfS764,99%
665,【スカッとする話】18年間家賃を払ってきた私を罵倒する夫と連れ子「月10万の家賃程度で偉そうにw」夫「支払い止めてみろw」私「喜んで」3ヶ月後w,https://www.youtube.com/watch?v=IaHdv7dT6Sc,12万回視聴 / 2 年前,sameera wigesinghe,https://www.youtube.com/channel/UCb9fNZiAlCNCS_XLYOFeiDg,2 年前,0 回視聴,【スカッとする話】18年間家賃を払ってきた私を罵倒する夫と連れ子「月10万の家賃程度で偉そうにw」夫「支払い止めてみろw」私「喜んで」→3ヶ月後w【修羅場】,https://www.youtube.com/watch?v=g5XuZlue7Lw,100%
666,【スカッとする話】夫が突然大量の荷物を持ってきて、夫「今日から俺の両親と姉を養う！嫌なら離婚だ！」私「え？もう離婚済みだけど？」夫「え？」結果w,https://www.youtube.com/watch?v=G4O12jIGPfg,8.7万回視聴 / 3 年前,sameera wigesinghe,https://www.youtube.com/channel/UCb9fNZiAlCNCS_XLYOFeiDg,2 年前,0 回視聴,【スカッと感動】夫が突然大量の荷物を持ってきて、夫「今日から俺の両親と姉を養う！嫌なら離婚だ！」私「え？もう離婚済みだけど？」夫「え？」結果w【修羅場】,https://www.youtube.com/watch?v=daMPY_tnrOc,88%
667,【スカッとする話】私が夫の入院費を払ってると知らず私の荷物を全て捨てた夫の連れ子「もうパパに寄生するなw」連れ子を残し1億のタワマンに引越し入院費の支払いも止めた結果w,https://www.youtube.com/watch?v=JaGjTAkTfxQ,30万回視聴 / 2 年前,shakirson,https://www.youtube.com/channel/UCAn8gzE_gIbLpaukKfN0w9Q,9 か月前,2回視聴,私が夫の入院費を払ってると知らず私の荷物を全て捨てた夫の連れ子「もうパパに寄生するなw」→連れ子を残し1億のタワマンに引っ越し入院費の支払いも止めた結果ｗ,https://www.youtube.com/watch?v=l-__u8y0pJ8,99%
668,【スカッと】私が新築タワマンを購入した途端に夫「明日から愛人と同居する！」愛人「ババァは私の家から出てけw」私「え？私は独身ですが？」夫・愛人「は？」結果w,https://www.youtube.com/watch?v=fz32YDbWe1Q,5.3万回視聴 / 2 年前,soso2l7ob,https://www.youtube.com/channel/UCN6lje5hl0tbGvbjJXC32QQ,1 年前,0 回視聴,【スカッと】私が新築タワマンを購入した途端に夫「明日から愛人と同居する！」愛人「ババァは私の家から出てけw」私「え？私は独身ですが？」夫・愛人「は？」結果w,https://www.youtube.com/watch?v=QeDppX47TLQ,100%
669,【スカッとする話】夫と姉の出産祝いに行くと5歳の娘「赤ちゃんが言いたい事あるみたい」不思議な力を持つ娘の言葉に戦慄し私は慌てて警察へ駆け込み...,https://www.youtube.com/watch?v=b8ZAxV1gG_4,2万回視聴 / 2 年前,tatum hawkins,https://www.youtube.com/channel/UCkCGb4Jia-msDza1Uv9HgaQ,2 年前,0 回視聴,【スカッとする話】夫と姉の出産祝いに行くと5歳の娘「赤ちゃんが言いたい事あるみたい」不思議な力を持つ娘の言葉に戦慄し私は慌てて警察へ駆け込み,https://www.youtube.com/watch?v=gEOhfb9dCPo,100%
670,【スカッと総集編】長男の結婚式前夜、ペットカメラを確認すると誰もいないはずの寝室で夫と長男嫁が真っ最中…音量を最大にして式場で実況中継してやった結果w【修羅場】,https://www.youtube.com/watch?v=ggQWFYLMQqE,43万回視聴 / 3 年前,tharwatism,https://www.youtube.com/channel/UChKYw3lxZr77uvRxKlt4NBw,5 か月前,2回視聴,長男の結婚式前夜、ペットカメラを確認すると誰もいないはずの寝室で夫と長男嫁が真っ最中…音量を最大にして式場で実況中継してやった結果w,https://www.youtube.com/watch?v=cVFaHyuFUBA,95%
671,【スカッとする話】私が余命半年と聞いて愛人と豪遊しはじめた夫「いつまで生きてるの？w」 私「余命なのはあなただよ？」後日、半狂乱の夫が...【修羅場】【スカッと】,https://www.youtube.com/watch?v=Tm9DKLFF30M,25万回視聴 / 3 年前,thuytam nhungoc,https://www.youtube.com/channel/UCDUVQK7JAStqKZY5llY1_hw,2 年前,4回視聴,【スカッと感動】私が余命半年と聞いて愛人と豪遊しはじめた夫「いつまで生きてるの？w」 私「余命なのはあなただよ？」後日、半狂乱の夫が…【修羅場】,https://www.youtube.com/watch?v=MvkjNOm3zcs,100%
672,【スカッとする話】18年間家賃を払ってきた私を罵倒する夫と連れ子「月10万の家賃程度で偉そうにw」夫「支払い止めてみろw」私「喜んで」3ヶ月後w,https://www.youtube.com/watch?v=IaHdv7dT6Sc,12万回視聴 / 2 年前,tien vuvan,https://www.youtube.com/channel/UCsWnghTxCFTRW10OKOs3Nyg,2 年前,0 回視聴,【スカッとする話】18年間家賃を払ってきた私を罵倒する夫と連れ子「月10万の家賃程度で偉そうにw」夫「支払い止めてみろw」私「喜んで」→3ヶ月後w,https://www.youtube.com/watch?v=KdhTGZTQnwY,100%
673,【スカッとする話】娘の1か月検診から帰宅すると家の鍵が開かない…夫「夜泣きうるさくて鍵換えたw」義両親「ガキとお前は野宿しろｗ」私「はーい、どこで寝ても文句言うなよ」夫・義両親「え？」,https://www.youtube.com/watch?v=Xd4dY1mjM78,5.7万回視聴 / 2 年前,vliquor dfescei,https://www.youtube.com/channel/UC3hKgXfvS8YoowIlWlcOq4A,2 年前,309回視聴,【スカッとする話】娘の1か月検診から帰宅すると家の鍵が開かない…夫「夜泣きうるさくて鍵換えたw」義両親「ガキとお前は野宿しろｗ」私「はーい、どこで寝ても文句言うなよ」夫・義両親「え？」,https://www.youtube.com/watch?v=7FKd3RMjS2s,100%
674,【スカッとする話】里帰り出産中で家にいない私の通帳と印鑑を持ち逃げした夫と愛人「彼女の為に全額使ったｗ」私「通帳の名義、確認した？」夫「え？」→実は...,https://www.youtube.com/watch?v=kxHIst_B2HY,3.2万回視聴 / 2 年前,vliquor dfescei,https://www.youtube.com/channel/UC3hKgXfvS8YoowIlWlcOq4A,2 年前,"1,894回視聴",【スカッとする話】里帰り出産中で家にいない私の通帳と印鑑を持ち逃げした夫と愛人「彼女の為に全額使ったｗ」私「通帳の名義、確認した？」夫「え？」→実は,https://www.youtube.com/watch?v=Gb_4cbh5OCQ,100%
675,【スカッとする話】夫「来月ママが引っ越してくる！お前の部屋片付けておけw」私「はーい、キレイにしておくね」夫の出張中に不動産屋に連絡し家を売り払いキレイに更地にした結果w,https://www.youtube.com/watch?v=vyDCAcHPme8,8.6万回視聴 / 2 年前,xd d,https://www.youtube.com/channel/UC57JfJ0qVAX0gLlaIFxzYbg,2 年前,0 回視聴,【スカッとする話】夫「来月ママが引っ越してくる！お前の部屋片付けておけw」私「はーい、キレイにしておくね」夫の出張中に不動産屋に連絡し家を売り払いキレイに更地にした結果w【修羅場】,https://www.youtube.com/watch?v=cmgrfvfWytM,100%
676,【スカッとする話】親族の集まりでエリート夫「嫁の飯はまずいんだよなw」私「え？私の料理食べた事ある？食事はいつも愛人宅じゃないの」義父「は？」義両親がブチギレ...,https://www.youtube.com/watch?v=GZtalGoS6qE,11万回視聴 / 3 年前,xd d,https://www.youtube.com/channel/UC57JfJ0qVAX0gLlaIFxzYbg,1 年前,0 回視聴,【スカッと感動】親族の集まりでエリート夫「嫁の飯はまずいんだよなw」私「え？私の料理食べた事ある？食事はいつも愛人宅じゃないの」義父「は？」義両親がブチギレ   【修羅場】,https://www.youtube.com/watch?v=kdImq88ckgM,100%
677,【スカッとする話】医者の夫を奪ったママ友「年収3千万の医者の旦那くんの子供出来たw3ヶ月後の結婚式来てねw」私「わかった」（年収3千万の医者は私なんだけど黙っとこw）3ヶ月後w【スカッと】【朗読】,https://www.youtube.com/watch?v=B-nqblWpeIE,5.4万回視聴 / 2 年前,zeid el ghoul,https://www.youtube.com/channel/UCLaSoS0VhhyTMiPOGZnVeuQ,3 週間前,393回視聴,私の夫を奪ったママ友「年収3000万の医者の旦那くんの子供できたw3ヶ月後の結婚式来てねw」→私「分かった（年収3000万の医者は私だけど黙っとこ）」3ヶ月後w,https://www.youtube.com/watch?v=XqBIryE2fr4,86%
678,【スカッとする話】夫「もう我慢できん！クズ嫁とは離婚！」夫婦喧嘩の翌日出張から帰ると私「この前はごめ...ん？」机の上に記入済みの離婚届が...速攻で提出してやった結果w,https://www.youtube.com/watch?v=XeaG3k_O8iM,3.1万回視聴 / 3 年前,Айдын Сарсенбай,https://www.youtube.com/channel/UC62HBorJEHWEEvX5smGooqw,2 年前,3回視聴,【スカッとする話】夫「もう我慢できん！クズ嫁とは離婚！」夫婦喧嘩の翌日出張から帰ると私「この前はごめ...ん？」机の上に記入済みの離婚届が...速攻で提出してやった結果w,https://www.youtube.com/watch?v=4swRmmhwlHY,100%
679,【スカッとする話】私が両足を骨折して入院した時も見舞いに来なかった夫が緊急搬送。夫「大変だ！今すぐ見舞いに来い！」私「いいけど、後悔するよ？」夫「しねぇよ！早くこいクズ！」結果w,https://www.youtube.com/watch?v=zqzq4IUgEQI,2.9万回視聴 / 3 年前,Айдын Сарсенбай,https://www.youtube.com/channel/UC62HBorJEHWEEvX5smGooqw,2 年前,0 回視聴,【スカッとする話】私が両足を骨折して入院した時も見舞いに来なかった夫が緊急搬送。夫「大変だ！今すぐ見舞いに来い！」私「いいけど、後悔するよ？」夫「しねぇよ！早くこいクズ！」結果w,https://www.youtube.com/watch?v=Trc-xBRqAno,100%
680,【スカッと】長男夫婦がお盆に帰省し私が店を予約すると長男嫁「何この汚い店w年金生活の貧乏ババァじゃ仕方ないかw」直後、普段温厚な夫→夫「調子乗るなよガキが」長男嫁「え？」,https://www.youtube.com/watch?v=LXxfsTZeuZU,11万回視聴 / 2 年前,Александр Кислюк,https://www.youtube.com/channel/UCKyXsVO7U5skrf2rht7Mkfg,1 か月前,0 回視聴,長男夫婦がお盆に帰省し私が店を予約すると長男嫁「何この汚い店w年金生活の貧乏ババアじゃ仕方ないかw」→直後、普段温厚な夫「調子乗るなよガキが」長男嫁「え？」,https://www.youtube.com/watch?v=jnZeyUDrwAk,98%
681,【スカッとする話】私が夫の入院費を払ってると知らず私の荷物を全て捨てた夫の連れ子「もうパパに寄生するなw」連れ子を残し1億のタワマンに引越し入院費の支払いも止めた結果w,https://www.youtube.com/watch?v=JaGjTAkTfxQ,30万回視聴 / 2 年前,Александр Кислюк,https://www.youtube.com/channel/UCKyXsVO7U5skrf2rht7Mkfg,9 日前,0 回視聴,私が夫の入院費を払ってると知らず私の荷物を全て捨てた夫の連れ子「もうパパに寄生するなw」→連れ子を残し1億のタワマンに引っ越し入院費の支払いも止めた結果ｗ,https://www.youtube.com/watch?v=B0VOks4CGH4,99%
682,【スカッとする話】夫の連れ子の結婚式で涙を流す私に連れ子「戸籍上でしか繋がらない他人は今後一切関りませんw」直後、大爆笑した私→私「それはこっちのセリフよ？」実は...,https://www.youtube.com/watch?v=lFZ4Vgc2TJc,6.2万回視聴 / 2 年前,Влад Каркозов,https://www.youtube.com/channel/UCepnHH8xafblHIcbRRhY3CA,2 年前,0 回視聴,【スカッとする話】夫の連れ子の結婚式で涙を流す私に連れ子「戸籍上でしか繋がらない他人は今後一切関りませんw」直後、大爆笑した私→私「それはこっちのセリフよ？」実は      Copy,https://www.youtube.com/watch?v=othxurCA2Mk,97%
683,【スカッとする話】高熱で病院へ行く娘を降ろし義両親とのハワイ旅行に行った夫「病院は歩いて行けるだろw」2時間後、半狂乱の夫から鬼電→夫「た、助けて下さい！」,https://www.youtube.com/watch?v=UiZsY3yFtBw,11万回視聴 / 2 年前,Дмитрий Забабурин,https://www.youtube.com/channel/UCncKunXAZ4jLOKsG7w_AgUQ,2 年前,0 回視聴,【スカッとする話】高熱で病院へ行く娘を降ろし義両親とのハワイ旅行に行った夫「病院は歩いて行けるだろw」2時間後、半狂乱の夫から鬼電→夫「た、助けて下さい！」,https://www.youtube.com/watch?v=COzqQ5yXua0,100%
684,【スカッとする話】3年前、私から医者の夫を奪った親友「元気な女の子産んだよ！出産祝い30万ちょうだいｗ」私「はーい！弁護士の夫と行くね！」親友「え？」結果ｗ,https://www.youtube.com/watch?v=TsjwefVLp7c,10万回視聴 / 2 年前,Жизненные истории,https://www.youtube.com/channel/UCdtnnK2FWo-sPMpkGvfEdzQ,2 年前,0 回視聴,【スカッとする話】3年前、私から医者の夫を奪った親友「元気な女の子産んだよ！出産祝い30万ちょうだいｗ」私「はーい！弁護士の夫と行くね！」親友「え？」結果ｗ,https://www.youtube.com/watch?v=SEk-futo7C8,100%
685,【スカッとする話】私が義母の入院費を払ってると知らず新居に引っ越した夫「寄生虫は施設でもいけw」1億の高級施設に引越し入院費の支払も止めた結果w,https://www.youtube.com/watch?v=hRCh_bWpcgg,10万回視聴 / 2 年前,Жизненные истории,https://www.youtube.com/channel/UC1DJYzOAPjLavgEYT1SMo9g,1 年前,0 回視聴,【スカッと】私が義母の入院費を払ってると知らず新居に引っ越した夫「寄生虫は施設でもいけw」1億の高級施設に引越し入院費の支払も止めた結果w【修羅場】,https://www.youtube.com/watch?v=e8TwJTFNmQU,100%
686,【スカッとする話】長男夫婦と同居する事になり長男と長男嫁と新築の見学へ行くと、なぜか私だけ強制的に別室に案内された。不動産「今すぐ警察に行って下さい...」明かされた衝撃の事実を知り…,https://www.youtube.com/watch?v=a5jUE4NP1Qo,3.8万回視聴 / 3 年前,Жизненные истории из жизни,https://www.youtube.com/channel/UC81IXtvGkuCZfSx_eTDbwAw,1 年前,0 回視聴,【スカッとする話】長男夫婦と同居する事になり長男と長男嫁と新築の見学へ行くと、なぜか私だけ強制的に別室に案内された。不動産「今すぐ警察に行って下さい   」明かされた衝撃の事実を知り… 1,https://www.youtube.com/watch?v=PsYTRMxcC9k,99%
687,【スカッとする話】夫と連れ子（娘）に10年間嫌われ続けた母親の私。耐えれず新居に引越すと5年後...夫「娘が結婚する！式に来い！」私「はい」新郎側で参列すると→夫・連れ子「え？」,https://www.youtube.com/watch?v=2l9EasURZEk,5.9万回視聴 / 2 年前,Иван Чащин,https://www.youtube.com/channel/UCHNAgyOXgAIoWdsoC0DoD7A,2 年前,0 回視聴,【スカッとする話】夫と連れ子（娘）に10年間嫌われ続けた母親の私。耐えれず新居に引越すと5年後   夫「娘が結婚する！式に来い！」私「はい」新郎側で参列すると→夫・連れ子「え？」,https://www.youtube.com/watch?v=JOivnLwbkHc,100%
688,【スカッとする話】私が余命3ヵ月と聞いて豪遊する夫「お前いつまで生きてんだ？w」連れ子「早く保険金になれババァｗ」私「え？余命は夫だよ？」→夫と連れ子は顔面蒼白にw,https://www.youtube.com/watch?v=xXK3qelM39I,3.2万回視聴 / 2 年前,Иван Чащин,https://www.youtube.com/channel/UCHNAgyOXgAIoWdsoC0DoD7A,2 年前,0 回視聴,【スカッとする話】私が余命3ヵ月と聞いて豪遊する夫「お前いつまで生きてんだ？w」連れ子「早く保険金になれババァｗ」私「え？余命は夫だよ？」→夫と連れ子は顔面蒼白にw,https://www.youtube.com/watch?v=XD646JPFOmI,100%
689,【スカッとする話】義実家の新築祝いに行くと私だけカップ麺が出てきた...義両親「家族分しかありませんw」夫「...帰るか」私「はい」直後、義両親に大惨事がw,https://www.youtube.com/watch?v=wA9U9cdmjks,8.2万回視聴 / 2 年前,Иван Чащин,https://www.youtube.com/channel/UCHNAgyOXgAIoWdsoC0DoD7A,2 年前,0 回視聴,【スカッとする話】義実家の新築祝いに行くと私だけカップ麺が出てきた   義両親「家族分しかありませんw」夫「   帰るか」私「はい」直後、義両親に大惨事がw,https://www.youtube.com/watch?v=TD_4EjdYb4Y,100%
690,【スカッとする話】右半身不随の私の杖を笑い崖から放り投げた夫の連れ子「帰って来なくていいよw」私は必死に帰ろうとしたが山で遭難。翌日、テレビを見た連れ子は震えだし…,https://www.youtube.com/watch?v=1x0fOeyOJvk,2.5万回視聴 / 2 年前,Иван Ясковец,https://www.youtube.com/channel/UCoFB8_Mt9LLRzeHAvFDTS8w,2 年前,0 回視聴,【スカッとする話】右半身不随の私の杖を笑い崖から放り投げた夫の連れ子「帰って来なくていいよw」私は必死に帰ろうとしたが山で遭難。翌日、テレビを見た連れ子は震えだし…,https://www.youtube.com/watch?v=T1jN_p9JjdU,100%
691,【スカッとする話】女手一つで育てた娘の結婚挨拶で婚約者の実家へ行くと私だけカップ麺…義両親「新しい家族の皆で食べましょw」娘「…帰ろう」私「うん」3分後、義家族は全てを失う結果にw,https://www.youtube.com/watch?v=cTN_RwieuPw,19万回視聴 / 2 年前,Иван Ясковец,https://www.youtube.com/channel/UCoFB8_Mt9LLRzeHAvFDTS8w,2 年前,0 回視聴,【スカッとする話】女手一つで育てた娘の結婚挨拶で婚約者の実家へ行くと私だけカップ麺…義両親「新しい家族の皆で食べましょw」娘「…帰ろう」私「うん」3分後、義家族は全てを失う結果にw,https://www.youtube.com/watch?v=_0fo2pPyt0o,100%
692,【スカッとする話】私が義父の入院費の為に仕送りしてると知らず私の荷物を全て捨てた同居の義母「寄生虫は出てけw」私「はーい」義母を残し新居に引越し義父への仕送りも止めた結果w,https://www.youtube.com/watch?v=vbsz3cayknQ,5.1万回視聴 / 2 年前,Иван Ясковец,https://www.youtube.com/channel/UCoFB8_Mt9LLRzeHAvFDTS8w,2 年前,1 回視聴,【スカッとする話】私が義父の入院費の為に仕送りしてると知らず私の荷物を全て捨てた同居の義母「寄生虫は出てけw」私「はーい」義母を残し新居に引越し義父への仕送りも止めた結果w,https://www.youtube.com/watch?v=w02J6N4tdIg,100%
693,【スカっとする話】13年間大事に育てた夫の連れ子（娘）の結婚式当日、娘「偽物の母親は今すぐ帰れ！」私が退席して泣いていると娘「ごめんね！実は...」,https://www.youtube.com/watch?v=rY3O79-ZQI0,6.6万回視聴 / 2 年前,Илья Колесник,https://www.youtube.com/channel/UCZMtQmyl0TypS9AyrfjUDFA,2 年前,0 回視聴,【スカっとする話】13年間大事に育てた夫の連れ子（娘）の結婚式当日、娘「偽物の母親は今すぐ帰れ！」私が退席して泣いていると娘「ごめんね！実は   」,https://www.youtube.com/watch?v=B6Murd9Ypws,100%
694,【スカッとする話】一緒に起業した私を裏切った親友「アンタの旦那と会社やるw」夫「売上と社員は貰うねw」63歳のおばちゃん「私は残ります」残ったのはパートのおばちゃんのみ...→その後、まさかの展開にw,https://www.youtube.com/watch?v=dAD2oL93V18,5.7万回視聴 / 2 年前,Илья Колесник,https://www.youtube.com/channel/UCZMtQmyl0TypS9AyrfjUDFA,2 年前,0 回視聴,【スカッとする話】一緒に起業した私を裏切った親友「アンタの旦那と会社やるw」夫「売上と社員は貰うねw」63歳のおばちゃん「私は残ります」残ったのはパートのおばちゃんのみ   →その後、まさか,https://www.youtube.com/watch?v=fkv2eCFPizE,97%
695,【スカッとする話】結婚式の目前に自ら命を絶った娘が亡くなり1週間後、私宛に娘から手紙が届いた...手紙「私の代わりに夫に復讐して」手紙で指定された場所に行き金庫を開けるとそこには...,https://www.youtube.com/watch?v=UQeYnbCc6hM,8.1万回視聴 / 2 年前,Истории Рядом,https://www.youtube.com/channel/UCJvfsuhjSP992jnjX7RuXJg,2 年前,0 回視聴,【スカッとする話】結婚式の目前に自ら命を絶った娘が亡くなり1週間後、私宛に娘から手紙が届いた   手紙「私の代わりに夫に復讐して」手紙で指定された場所に行き金庫を開けるとそこには,https://www.youtube.com/watch?v=u9qUAdWNXOU,100%
696,【スカッとする話】長男夫婦の家へ行くと孫が膝を抱え泣いていた...私「あれ？お父さんとお母さんは？」孫「家族だけでハワイ行くって」私「そう、それなら...」本当の家族を呼び出した結果,https://www.youtube.com/watch?v=RTO0Ty4liC0,5.4万回視聴 / 2 年前,Истории Рядом,https://www.youtube.com/channel/UCehjiyNr9Nh5xF7loC95GpQ,2 年前,0 回視聴,【スカッとする話】長男夫婦の家へ行くと孫が膝を抱え泣いていた   私「あれ？お父さんとお母さんは？」孫「家族だけでハワイ行くって」私「そう、それなら   」本当の家族を呼び出した結果,https://www.youtube.com/watch?v=4GYayVrUloQ,100%
697,【スカッとする話】長男嫁の出産祝いに義両親と行くと、夫「お祝いに皆んなで新築買ってあげよw」私「は？なんで私たちが？赤ちゃんアンタの子よね？」義両親「え？」全員がブチギレ...,https://www.youtube.com/watch?v=8sOY9GGkatQ,11万回視聴 / 2 年前,Истории Рядом,https://www.youtube.com/channel/UCJvfsuhjSP992jnjX7RuXJg,2 年前,0 回視聴,【スカッとする話】長男嫁の出産祝いに義両親と行くと、夫「お祝いに皆んなで新築買ってあげよw」私「は？なんで私たちが？赤ちゃんアンタの子よね？」義両親「え？」全員がブチギレ,https://www.youtube.com/watch?v=EvvoLRrdRVk,100%
698,【スカっとする話】13年間大事に育てた夫の連れ子（娘）の結婚式当日、娘「偽物の母親は今すぐ帰れ！」私が退席して泣いていると娘「ごめんね！実は...」,https://www.youtube.com/watch?v=rY3O79-ZQI0,6.6万回視聴 / 2 年前,Истории из жизни,https://www.youtube.com/channel/UCCo4c4SKlvTh7wVk8FC4HTg,2 年前,0 回視聴,【スカっとする話】13年間大事に育てた夫の連れ子（娘）の結婚式当日、娘「偽物の母親は今すぐ帰れ！」私が退席して泣いていると娘「ごめんね！実は   」,https://www.youtube.com/watch?v=D5s87xtqvz8,100%
699,【スカッとする話】事故で昏睡状態の夫を見舞いに来た愛人「この手紙、娘さんから預かったの。夫さんに隠れて見てって」手紙を確認した私は慌てて夫のシャツを脱がせると...,https://www.youtube.com/watch?v=A5CUcQsHdDg,6.9万回視聴 / 2 年前,Истории из жизни,https://www.youtube.com/channel/UCCo4c4SKlvTh7wVk8FC4HTg,2 年前,0 回視聴,【スカッとする話】事故で昏睡状態の夫を見舞いに来た愛人「この手紙、娘さんから預かったの。夫さんに隠れて見てって」手紙を確認した私は慌てて夫のシャツを脱がせると,https://www.youtube.com/watch?v=qvFjgksdqHs,100%
700,【スカッとする話】熱で早退した息子を連れて帰ると葬儀に行ったはずの夫が姉と真っ最中…息子「大変！おばさんが襲われてる！」息子が２人の動画を撮影し義父と親戚一同に送った結果ｗ,https://www.youtube.com/watch?v=7gR3-5GCVtk,4.7万回視聴 / 2 年前,Истории из жизни,https://www.youtube.com/channel/UCfhUflmRbpXMrSBQ9bIxWTQ,2 年前,0 回視聴,【スカッとする話】熱で早退した息子を連れて帰ると葬儀に行ったはずの夫が姉と真っ最中…息子「大変！おばさんが襲われてる！」息子が２人の動画を撮影し義父と親戚一同に送った結果,https://www.youtube.com/watch?v=acM4uBaD8tY,100%
701,【スカッとする話】私が資産190億の超資産家で夫が婿養子だと知らず夫を略奪した親友「タワマンと旦那は私が貰うw」直後、私はお腹を抱え大爆笑→私「家の名義は私wそれと…」夫の秘密を知った親友は半狂乱にw,https://www.youtube.com/watch?v=SeP0MZg5CRY,5.5万回視聴 / 2 年前,Истории про страсти ЛЮДСКИЕ,https://www.youtube.com/channel/UCR3QAdo6VohGeGNhamj2WWQ,2 年前,0 回視聴,【スカッとする話】私が資産190億の超資産家で夫が婿養子だと知らず夫を略奪した親友「タワマンと旦那は私が貰うw」直後、私はお腹を抱え大爆笑→私「家の名義は私wそれと…」夫の秘密を知った親友は半,https://www.youtube.com/watch?v=Tvf7K0g1mbI,98%
702,【スカッとする話】銀行員の夫を略奪した親友「双子の赤ちゃん産んだのw出産祝い180万お願いねw」私「うん、銀行頭取の旦那と行くね！」親友「え？」結果w,https://www.youtube.com/watch?v=td6d5s8qLow,14万回視聴 / 2 年前,Истории про страсти ЛЮДСКИЕ,https://www.youtube.com/channel/UCR3QAdo6VohGeGNhamj2WWQ,2 年前,1 回視聴,【スカッとする話】銀行員の夫を略奪した親友「双子の赤ちゃん産んだのw出産祝い180万お願いねw」私「うん、銀行頭取の旦那と行くね！」親友「え？」結果w,https://www.youtube.com/watch?v=sOzfbxq3sRk,100%
703,【スカッとする話】小児がんの6歳の連れ子を捨て家を出た夫。私「この子は私が一人で育てる」後日、連れ子の秘密を知ると血相を変えて迎えに来た夫に連れ子「あんた誰？」,https://www.youtube.com/watch?v=8unvGKX_M1Q,5.3万回視聴 / 2 年前,Кирилл Прудников,https://www.youtube.com/channel/UC2VlcU9WJcmNlqdmQ3xbKmg,2 年前,0 回視聴,【スカッとする話】小児がんの6歳の連れ子を捨て家を出た夫。私「この子は私が一人で育てる」後日、連れ子の秘密を知ると血相を変えて迎えに来た夫に連れ子「あんた誰？」,https://www.youtube.com/watch?v=-GBH7gTF1Jo,100%
704,【スカッとする話】私が資産170億の不動産王と知らず私から夫を奪った美人な姉「生活保護でも貰え貧乏人w」後日、示談交渉で弁護士が大爆笑→弁護士「生活保護はアナタでは？w」姉「え？」実は...,https://www.youtube.com/watch?v=y8ReyKKeUUQ,10万回視聴 / 2 年前,Константин Гаврильчик,https://www.youtube.com/channel/UC0wxN9ZTx_FfjZhJ5y54ovg,2 年前,0 回視聴,【スカッとする話】私が資産170億の不動産王と知らず私から夫を奪った美人な姉「生活保護でも貰え貧乏人w」後日、示談交渉で弁護士が大爆笑→弁護士「生活保護はアナタでは？w」姉「え？」実は,https://www.youtube.com/watch?v=yq6m8u1L82Q,100%
705,【スカッとする話】長男夫婦に初孫が生まれ出産祝いに行くと長男嫁「二人は汚いので床でいいですか？w」長男「ジジババは段ボールの上でw」夫「...帰るか」私「うん」速帰宅し→永久に無視した結果w,https://www.youtube.com/watch?v=Y2GawdK7Q9E,10万回視聴 / 2 年前,Константин Гаврильчик,https://www.youtube.com/channel/UC0wxN9ZTx_FfjZhJ5y54ovg,2 年前,2回視聴,【スカッとする話】長男夫婦に初孫が生まれ出産祝いに行くと長男嫁「二人は汚いので床でいいですか？w」長男「ジジババは段ボールの上でw」夫「   帰るか」私「うん」速帰宅し→永久に無視した結果w,https://www.youtube.com/watch?v=k1QRqRxgiDI,100%
706,【スカッとする話】作業着姿の夫と買い出し中、私の婚約者を奪った親友と再会。親友「私の旦那、医者なのwそれに比べてあんたの旦那は貧乏そうねw」→夫「え？彼は私の部下ですが？」親友「え？」,https://www.youtube.com/watch?v=MQId9AgFqwg,24万回視聴 / 2 年前,Миша Попов,https://www.youtube.com/channel/UCjX95A6FcjSVjAdzWN2lDDQ,2 年前,0 回視聴,【スカッとする話】作業着姿の夫と買い出し中、私の婚約者を奪った親友と再会。親友「私の旦那、医者なのwそれに比べてあんたの旦那は貧乏そうねw」→夫「え？彼は私の部下ですが？」親友「え？」,https://www.youtube.com/watch?v=gnJIgT4ly5M,100%
707,【スカッとする話】高熱で早退して家に帰ると仕事に行ったはずの夫がママ友と真っ最中…私「うわ…キモすぎて無理…」コッソリ２人の動画を撮影し義両親と親戚一同に送った結果ｗ,https://www.youtube.com/watch?v=oU0HOzkHlYs,3.3万回視聴 / 2 年前,Миша Попов,https://www.youtube.com/channel/UCjX95A6FcjSVjAdzWN2lDDQ,2 年前,0 回視聴,【スカッとする話】高熱で早退して家に帰ると仕事に行ったはずの夫がママ友と真っ最中…私「うわ…キモすぎて無理…」コッソリ２人の動画を撮影し義両親と親戚一同に送った結果ｗ,https://www.youtube.com/watch?v=-dR-4_BicRs,100%
708,【スカッとする話】38歳の私と新生児を捨て若い女と再婚した夫と別れ3年後、義両親から突然の電話「旦那の葬式なのに喪主は早く来い！」私「元夫の葬儀は去年出ましたが？」義両親「はい？」,https://www.youtube.com/watch?v=reFrC-La47k,6万回視聴 / 2 年前,Настя Ильина - Рассказы,https://www.youtube.com/channel/UCcJI2ORoHDdm5aNY2kHTRLA,2 年前,0 回視聴,【スカッとする話】38歳の私と新生児を捨て若い女と再婚した夫と別れ3年後、義両親から突然の電話「旦那の葬式なのに喪主は早く来い！」私「元夫の葬儀は去年出ましたが？」義両親「はい？」,https://www.youtube.com/watch?v=WteBAWWyq8E,100%
709,【スカッとする話】夫の幼馴染「夫君の子供妊娠しちゃったw不妊女は離婚して出てけ」夫「家と車は俺が貰うからなw」私「いいよ、はい離婚届！」2週間後、夫と幼馴染から鬼電がw,https://www.youtube.com/watch?v=Ytsl1wBGo3A,2.7万回視聴 / 2 年前,Настя Ильина - Рассказы,https://www.youtube.com/channel/UCcJI2ORoHDdm5aNY2kHTRLA,2 年前,0 回視聴,【スカッとする話】夫の幼馴染「夫君の子供妊娠しちゃったw不妊女は離婚して出てけ」夫「家と車は俺が貰うからなw」私「いいよ、はい離婚届！」2週間後、夫と幼馴染から鬼電がw,https://www.youtube.com/watch?v=EdzEzGkqUFI,100%
710,【スカッとする話】私が年商1500億の社長と知らず夫を奪った夫の幼馴染「もやし生活頑張ってねw」後日、示談交渉で夫が大爆笑「貧乏生活は俺達の方だぞ？」幼馴染「は？」実は...,https://www.youtube.com/watch?v=SsTnEXgWzwI,14万回視聴 / 2 年前,Настя Ильина - Рассказы,https://www.youtube.com/channel/UCcJI2ORoHDdm5aNY2kHTRLA,2 年前,0 回視聴,【スカッとする話】私が年商1500億の社長と知らず夫を奪った夫の幼馴染「もやし生活頑張ってねw」後日、示談交渉で夫が大爆笑「貧乏生活は俺達の方だぞ？」幼馴染「は？」実は,https://www.youtube.com/watch?v=bjC8csC-Ew0,100%
711,【スカッとする話】離婚した翌日に元夫と遭遇すると、元夫「今日20歳の社長令嬢と再婚したw若くて最高の嫁だぜw」直後、現れた新しい嫁を見た私は大爆笑→私「ご愁傷さまw」実は...,https://www.youtube.com/watch?v=YU1qKVkm094,3.9万回視聴 / 3 年前,Настя Кульба,https://www.youtube.com/channel/UC0C_6Y_3vf5jBq0a9pIQnvw,2 年前,0 回視聴,【スカッとする話】離婚した翌日に元夫と遭遇すると、元夫「今日20歳の社長令嬢と再婚したw若くて最高の嫁だぜw」直後、現れた新しい嫁を見た私は大爆笑→私「ご愁傷さまw」実は...,https://www.youtube.com/watch?v=FldR-3YMxB8,100%
712,【スカッとする話】仕事と子育てに疲れた私「実家に帰らせて頂きます」夫「はぁ？俺の飯は？掃除は？帰るなら離婚届書いて行け！」即提出して義父に報告すると涙を流した夫が家に来て...,https://www.youtube.com/watch?v=Qr4xotQ_yg4,8.9万回視聴 / 2 年前,Наташа Измайлова,https://www.youtube.com/channel/UC2YfIebbTBdV0Yr9cAhG4iA,2 年前,0 回視聴,【スカッとする話】仕事と子育てに疲れた私「実家に帰らせて頂きます」夫「はぁ？俺の飯は？掃除は？帰るなら離婚届書いて行け！」即提出して義父に報告すると涙を流した夫が家に来て,https://www.youtube.com/watch?v=uHSDTljxzX4,100%
713,【スカッとする話】40度の高熱の私から財布とクレカを奪った長男嫁「はい、氷水w帰るまでに治して下さいねｗ」バケツで氷水をかけられ気絶した…3日後、私はご機嫌に帰宅した長男嫁に...,https://www.youtube.com/watch?v=EIrAyCZzwiI,3.4万回視聴 / 3 年前,Павел ****,https://www.youtube.com/channel/UCSPg9ALk7YwnsqACClpErGg,2 年前,0 回視聴,【スカッとする話】40度の高熱の私から財布とクレカを奪った長男嫁「はい、氷水w帰るまでに治して下さいねｗ」バケツで氷水をかけられ気絶した…3日後、私はご機嫌に帰宅した長男嫁に...,https://www.youtube.com/watch?v=iKlAkSZVtcE,100%
714,【スカッとする話】夫「年末に長男と長男嫁が帰省するからお前は実家に帰れw」私（家賃16万払ってるの私なのに…）翌日、ゴミ回収業者に電話し、家具家電全て捨てて引っ越した結果w【スカッと】,https://www.youtube.com/watch?v=aNmQ6Vua4fw,9.7万回視聴 / 3 年前,Павел ****,https://www.youtube.com/channel/UCSPg9ALk7YwnsqACClpErGg,2 年前,0 回視聴,【スカッとする話】夫「年末に長男と長男嫁が帰省するからお前は実家に帰れw」私（家賃16万払ってるの私なのに…）翌日、ゴミ回収業者に電話し、家具家電全て捨てて引っ越した結果w,https://www.youtube.com/watch?v=lQrSdWnPnIE,100%
715,【スカッとする話】夫「幸せを絵に描いた家族だな」私「そうね。けどアンタのせいで彼女達は不幸になるよ」夫「え？」翌朝...【修羅場】【スカッと】,https://www.youtube.com/watch?v=2j77zFQEDzM,4.2万回視聴 / 3 年前,Павел ****,https://www.youtube.com/channel/UCSPg9ALk7YwnsqACClpErGg,2 年前,0 回視聴,【スカッとする話】夫「幸せを絵に描いた家族だな」私「そうね。けどアンタのせいで彼女達は不幸になるよ」夫「え？」翌朝...,https://www.youtube.com/watch?v=SmOYbzSSsbw,100%
716,【スカッとする話】夫「赤ん坊はロッカーに放り込んどいたぞｗ」私「娘なら一緒にいるけど？」夫「は？」慌てて戻った夫が絶句。実はその子...,https://www.youtube.com/watch?v=OGc065QvS9Q,2.9万回視聴 / 3 年前,Павел ****,https://www.youtube.com/channel/UCSPg9ALk7YwnsqACClpErGg,2 年前,0 回視聴,【スカッとする話】夫「赤ん坊はロッカーに放り込んどいたぞｗ」私「娘なら一緒にいるけど？」夫「は？」慌てて戻った夫が絶句。実はその子...,https://www.youtube.com/watch?v=-uUdEw9DTRY,100%
717,【スカッとする話】夫と高級寿司屋へ行くと長男と長男嫁の姿が...長男「来年は保険金で生活するぞｗ」長男嫁「フランスでの生活楽しみ～ｗ」→面白い会話が聞こえたので夫と先手を打った結果ｗ,https://www.youtube.com/watch?v=UOK61ieeNvk,2.6万回視聴 / 3 年前,Павел ****,https://www.youtube.com/channel/UCSPg9ALk7YwnsqACClpErGg,2 年前,2回視聴,【スカッとする話】夫と高級寿司屋へ行くと長男と長男嫁の姿が...長男「来年は保険金で生活するぞｗ」長男嫁「フランスでの生活楽しみ～ｗ」→面白い会話が聞こえたので夫と先手を打った結果ｗ,https://www.youtube.com/watch?v=EnUXTdRCsLE,100%
718,【スカッとする話】病室で夫が他界した3秒後...長男「遺産は俺が配分するぞw」私「では今後一切援助は無しで」長男嫁「は？ババァもさっさと逝けw」次の瞬間、次男がとんでもないことを…,https://www.youtube.com/watch?v=WZyGcrwc7t8,7.6万回視聴 / 3 年前,Павел ****,https://www.youtube.com/channel/UCSPg9ALk7YwnsqACClpErGg,2 年前,0 回視聴,【スカッとする話】病室で夫が他界した3秒後...長男「遺産は俺が配分するぞw」私「では今後一切援助は無しで」長男嫁「は？ババァもさっさと逝けw」次の瞬間、次男がとんでもないことを…,https://www.youtube.com/watch?v=6PLBalvbrKs,100%
719,【スカッとする話】私と夫の事が大嫌いな長男夫婦と高級料亭へ行くと私達だけ席がない。長男「席が無いなら会計して帰れw」私「いいけど後悔するよ？」長男「しねぇよw」30分後w,https://www.youtube.com/watch?v=QImiPDVmq3s,3.1万回視聴 / 3 年前,Павел ****,https://www.youtube.com/channel/UCSPg9ALk7YwnsqACClpErGg,2 年前,1 回視聴,【スカッとする話】私と夫の事が大嫌いな長男夫婦と高級料亭へ行くと私達だけ席がない。長男「席が無いなら会計して帰れw」私「いいけど後悔するよ？」,https://www.youtube.com/watch?v=X3UM_aKu4oo,92%
720,【スカッとする話】私を低収入扱いする長男夫婦。長男嫁「低収入の義母は出てけw」長男「俺もこんな母親いらないw」お望み通り口座を0円にして、1年間家を出た結果w,https://www.youtube.com/watch?v=Rw2iIdnpgQY,3.9万回視聴 / 3 年前,Павел ****,https://www.youtube.com/channel/UCSPg9ALk7YwnsqACClpErGg,2 年前,0 回視聴,【スカッとする話】私を低収入扱いする長男夫婦。長男嫁「低収入の義母は出てけw」長男「俺もこんな母親いらないw」お望み通り口座を0円にして、1年間家を出た結果w,https://www.youtube.com/watch?v=XtMeWnWunc4,100%
721,【スカッとする話】高熱の私から財布を奪った夫「お金ありがとなwお礼に体冷やしてやるよｗ」バケツで冷水をかけられ気絶した私は…翌日、ご機嫌に帰宅した夫に...,https://www.youtube.com/watch?v=G6RbZxlT-A8,5.9万回視聴 / 3 年前,Павел ****,https://www.youtube.com/channel/UCSPg9ALk7YwnsqACClpErGg,2 年前,1 回視聴,【スカッとする話】高熱の私から財布を奪った夫「お金ありがとなwお礼に体冷やしてやるよｗ」バケツで冷水をかけられ気絶した私は…翌日、ご機嫌に帰宅した夫に...,https://www.youtube.com/watch?v=AtuDTOiKUDc,100%
722,【スカッとする話】38歳の私と新生児を捨て若い女と再婚した夫と別れ3年後、義両親から突然の電話「旦那の葬式なのに喪主は早く来い！」私「元夫の葬儀は去年出ましたが？」義両親「はい？」,https://www.youtube.com/watch?v=reFrC-La47k,6万回視聴 / 2 年前,Роман Дикарев,https://www.youtube.com/channel/UCcbqVxh1wFD8g_irAgLC1oA,2 年前,0 回視聴,【スカッとする話】38歳の私と新生児を捨て若い女と再婚した夫と別れ3年後、義両親から突然の電話「旦那の葬式なのに喪主は早く来い！」私「元夫の葬儀は去年出ましたが？」義両親「はい？」,https://www.youtube.com/watch?v=OyMbh5Lwmzk,100%
723,【スカッとする話】夫を略奪した姉から結婚式の招待状が届くと、父「母さんと2人で行くよ」母「地獄を見せてくるわね」普段温厚な両親がこの後...w,https://www.youtube.com/watch?v=g4FVXeIsDTQ,14万回視聴 / 2 年前,Роман Дикарев,https://www.youtube.com/channel/UCcbqVxh1wFD8g_irAgLC1oA,2 年前,0 回視聴,【スカッとする話】夫を略奪した姉から結婚式の招待状が届くと、父「母さんと2人で行くよ」母「地獄を見せてくるわね」普段温厚な両親がこの後   w,https://www.youtube.com/watch?v=MF012TmtZyA,100%
724,【スカッとする話】私が年商1500億の社長と知らず夫を奪った夫の幼馴染「もやし生活頑張ってねw」後日、示談交渉で夫が大爆笑「貧乏生活は俺達の方だぞ？」幼馴染「は？」実は...,https://www.youtube.com/watch?v=SsTnEXgWzwI,14万回視聴 / 2 年前,Роман Дикарев,https://www.youtube.com/channel/UCcbqVxh1wFD8g_irAgLC1oA,2 年前,0 回視聴,【スカッとする話】私が年商1500億の社長と知らず夫を奪った夫の幼馴染「もやし生活頑張ってねw」後日、示談交渉で夫が大爆笑「貧乏生活は俺達の方だぞ？」幼馴染「は？」実は,https://www.youtube.com/watch?v=2NnjfMD7Uzs,100%
725,【スカッとする話】姑の誕生会でも私を家政婦扱いする夫「バカ嫁さっさと料理出せ」義父「これ全部1人で！？」私「いつものことですから…」すると義父が豹変し…【修羅場】,https://www.youtube.com/watch?v=My7bUq_jaIs,11万回視聴 / 3 年前,Саша Кайдаш,https://www.youtube.com/channel/UCZ_tEI3h1oyVyrVc5GzzM0A,2 年前,0 回視聴,【スカッと】義母の誕生会でも私を家政婦扱いする夫「バカ嫁さっさと料理出せ」義父「これ全部1人で！？」私「いつものことですから…」すると義父が豹変し…,https://www.youtube.com/watch?v=lVyFL6-bmAg,85%
726,【スカッと】私が総資産19億と知らず子供の産めない私を捨て再婚した夫「欠陥品とは離婚ｗ家と車も俺が貰うｗ」私「いいよ！ 」→翌日、涙を流した夫から鬼電がw,https://www.youtube.com/watch?v=CNsn701Em6g,4.1万回視聴 / 2 年前,Свекровь обомлела,https://www.youtube.com/channel/UC6octh3HtO5jo8MdzSG-_tw,2 年前,2回視聴,【スカッと総集編】私が総資産19億と知らず子供の産めない私を捨て再婚した夫「子供も産めない欠陥品とは離婚ｗ家と車も俺が貰うからｗ」私「いいよ！はい、離婚届け！ 」→翌日、涙を流した夫から鬼電が,https://www.youtube.com/watch?v=wZlf_50FfUA,89%
727,【スカッとする話】夫の連れ子の出産祝いに行くと、連れ子「ババァは戸籍上は他人w赤ちゃん触るなら1回30万払えw」夫「...帰るか」私「うん」速攻で帰宅→永遠に他人扱いした結果w,https://www.youtube.com/watch?v=iWpWDCY4L5o,10万回視聴 / 2 年前,Свекровь обомлела,https://www.youtube.com/channel/UCUWAiwVVY-XC0yA26i94Asg,2 年前,0 回視聴,【スカッとする話】夫の連れ子の出産祝いに行くと、連れ子「ババァは戸籍上は他人w赤ちゃん触るなら1回30万払えw」夫「   帰るか」私「うん」速攻で帰宅→永遠に他人扱いした結果w,https://www.youtube.com/watch?v=JYVuBq-M0xE,100%
728,【スカッと総集編】私が総資産19億と知らず子供の産めない私を捨て再婚した夫「子供も産めない欠陥品とは離婚ｗ家と車も俺が貰うからｗ」私「いいよ！はい、離婚届け！ 」→翌日、涙を流した夫から鬼電がw,https://www.youtube.com/watch?v=DdmscVg2GO0,14万回視聴 / 2 年前,Свекровь обомлела,https://www.youtube.com/channel/UC6octh3HtO5jo8MdzSG-_tw,2 年前,2回視聴,【スカッと総集編】私が総資産19億と知らず子供の産めない私を捨て再婚した夫「子供も産めない欠陥品とは離婚ｗ家と車も俺が貰うからｗ」私「いいよ！はい、離婚届け！ 」→翌日、涙を流した夫から鬼電が,https://www.youtube.com/watch?v=wZlf_50FfUA,100%
729,【スカッとする話】体調不良で早退した娘を連れ帰ると夫が姉と真っ最中...私「父さん、姉さんが大変！」父をその場に凸らせた結果w,https://www.youtube.com/watch?v=IyBeyxEm_aI,7.3万回視聴 / 2 年前,Слушать истории,https://www.youtube.com/channel/UCly-Mc13-TcYBD9lmjRendA,2 年前,0 回視聴,【スカッとする話】体調不良で早退した娘を連れ帰ると夫が姉と真っ最中   私「父さん、姉さんが大変！」父をその場に凸らせた結果w,https://www.youtube.com/watch?v=NBlRslY43uo,100%
730,【スカッとする話】息子がベランダから転落し緊急搬送されたと連絡。夫「息子がお前を呼んでる！急いで病院に来てくれ！」私「嫌よ。だってあの子は...」,https://www.youtube.com/watch?v=wwS7psB4Iuw,4.8万回視聴 / 2 年前,Слушать истории,https://www.youtube.com/channel/UCly-Mc13-TcYBD9lmjRendA,2 年前,0 回視聴,【スカッとする話】息子がベランダから転落し緊急搬送されたと連絡。夫「息子がお前を呼んでる！急いで病院に来てくれ！」私「嫌よ。だってあの子は   」,https://www.youtube.com/watch?v=OF-CO4Zi2ao,100%
731,【スカッとする話】牛乳アレルギーの私に牛乳を飲ませ愛人と旅行に行った夫「計算おかしい！浮気したな！」私「違う、助けて...」放置され3日後→血相変えた夫から鬼電がw,https://www.youtube.com/watch?v=32PcmmzXwLY,4.2万回視聴 / 2 年前,Слушать истории,https://www.youtube.com/channel/UCly-Mc13-TcYBD9lmjRendA,2 年前,0 回視聴,【スカッとする話】牛乳アレルギーの私に牛乳を飲ませ愛人と旅行に行った夫「計算おかしい！浮気したな！」私「違う、助けて   」放置され3日後→血相変えた夫から鬼電が,https://www.youtube.com/watch?v=Ywa3aeSeZlY,100%
732,【スカッとする話】長男嫁が出産し親族へのお披露目会へ行くと、長男嫁「他人は赤ん坊には触るな！」私「はーい」親族一同も他人なので永遠に他人扱いした結果w,https://www.youtube.com/watch?v=-iA0Yh4B6l8,11万回視聴 / 2 年前,Слушать истории,https://www.youtube.com/channel/UCly-Mc13-TcYBD9lmjRendA,2 年前,0 回視聴,【スカッとする話】長男嫁が出産し親族へのお披露目会へ行くと、長男嫁「他人は赤ん坊には触るな！」私「はーい」親族一同も他人なので永遠に他人扱いした結果,https://www.youtube.com/watch?v=jc-AuGWNqno,100%
733,【スカッとする話】農家の私だけ引っ越し祝いに呼ばなかった長男嫁「新築に汚いババアは困りますw今後も関わらないで下さいw」私「汚くてごめんなさいね」翌日、慌てた嫁から鬼電が...w【修羅場】【スカッと】,https://www.youtube.com/watch?v=BxbIB3mhgsg,11万回視聴 / 3 年前,Татьяна Житлухина,https://www.youtube.com/channel/UCyh0xTAy5loM-d4-iYwLO_Q,2 年前,56回視聴,【スカッと】農家の私と夫だけ引っ越し祝いに呼ばなかった長男嫁「新築に汚いババアは困りますんでw金輪際関わらないで下さいw」私「汚くてごめんなさいね」翌日、慌てた嫁から鬼電が…【修羅場】,https://www.youtube.com/watch?v=cOFcEyV4JzQ,93%
734,【スカッとする話】夫の連れ子の娘と暮らし始めて1年。しかし、全くなつく気配がない…夫が海外出張に行った日に娘が初めて話しかけてきた。娘「お母さん、実は...」そう言って差し出された手には...,https://www.youtube.com/watch?v=BKC9CbFIESk,5.2万回視聴 / 3 年前,аааа аааа,https://www.youtube.com/channel/UCgb2DQiCwchUA2ztXvUV3Ow,2 年前,0 回視聴,【スカッとする話】夫の連れ子の娘と暮らし始めて1年。しかし、全くなつく気配がない…夫が海外出張に行った日に娘が初めて話しかけてきた。娘「お母さん、実は   」そう言って差し出された手には【修羅,https://www.youtube.com/watch?v=yEdw8knfN4Y,98%
735,【スカッとする話】夫と義両親に招待されハワイ旅行に行くと、なぜか私だけ別のホテルに案内。受付「今すぐ逃げて下さい！」明かされた真実を知り私は慌ててホテルを飛び出し...,https://www.youtube.com/watch?v=86aMjG9EbpY,4.4万回視聴 / 3 年前,блокада ют,https://www.youtube.com/channel/UCT_n7s2AttSwxjbSUBzn3ww,2 年前,274回視聴,【スカッとする話】夫と義両親に招待されハワイ旅行に行くと、なぜか私だけ別のホテルに案内。受付「今すぐ逃げて下さい！」明かされた真実を知り私は慌ててホテルを飛び出し...,https://www.youtube.com/watch?v=QoOkIDHiM0M,100%
736,【スカッとする話】夫の社長退任祝いで、夫「好きな人ができた。離婚してくれ」私「いいよ！はい、離婚届」離婚後、夫と再婚した20歳の新入社員に私「あ、言い忘れてたけど…」ある事実を告げると2人は発狂し..,https://www.youtube.com/watch?v=faMNblUzAj0,4.7万回視聴 / 3 年前,блокада ют,https://www.youtube.com/channel/UCT_n7s2AttSwxjbSUBzn3ww,2 年前,470回視聴,【スカッとする話】夫の社長退任祝いで、夫「好きな人ができた。離婚してくれ」私「いいよ！はい、離婚届」離婚後、夫と再婚した20歳の新入社員に私「あ、言い忘れてたけど…」ある事実を告げると2人は発狂し..,https://www.youtube.com/watch?v=b9FLGC335LY,100%
737,【スカッとする話】給料日に3万しかくれない夫「同僚はこれで生活できてるって！1円もいれてないのに文句言うな！」私「毎月20万家に入れてるよ」夫「え？」結果w,https://www.youtube.com/watch?v=Ltedq0Li5TU,3.4万回視聴 / 3 年前,блокада ют,https://www.youtube.com/channel/UCT_n7s2AttSwxjbSUBzn3ww,2 年前,150回視聴,【スカッとする話】給料日に3万しかくれない夫「同僚はこれで生活できてるって！1円もいれてないのに文句言うな！」私「毎月20万家に入れてるよ」夫「え？」結果w,https://www.youtube.com/watch?v=lJEJhD64tAM,100%
738,【スカッとする話】実家で長男と長男嫁に嫌われ続けた私が追い出され次男夫婦の家へ。私「ちょっと聞いてくれない？」私が抱え込んでいた悩みを伝えると、次男嫁｢実は私の正体は…｣【修羅場】,https://www.youtube.com/watch?v=c9IsJU5XUfo,5.3万回視聴 / 3 年前,【スカッと】168,https://www.youtube.com/channel/UCg_ZM3AOy8_CmBy5Txly_Nw,3 年前,106回視聴,【スカッと】実家で長男と長男嫁に嫌われ続けた私が追い出され次男夫婦の家へ。私「ちょっと聞いてくれない？」私が抱え込んでいた悩みを伝えると、ww【修羅場】 【スカッとする話】【浮気・不倫】【感動する話】,https://www.youtube.com/watch?v=MuOYHGAp4dY,91%
739,【スカッとする話】温泉旅館で夫と食事中。隣の個室席になぜか息子夫婦が…。声をかけようとすると息子と息子嫁の恐ろしい会話が聞こえてきて…→慌てて警察に通報した結果【修羅場】,https://www.youtube.com/watch?v=COu6nxLbvh8,3.5万回視聴 / 3 年前,【スカッと】168,https://www.youtube.com/channel/UCg_ZM3AOy8_CmBy5Txly_Nw,3 年前,11回視聴,【スカッと】温泉旅館で夫と食事中。隣の個室席になぜか息子夫婦が…。声をかけようとすると息子と息子嫁の恐ろしい会話が聞こえてきて…→結果www【【修羅場】【離婚届】【浮気・不倫】【感動する話】,https://www.youtube.com/watch?v=bltYb_OL9V4,92%
740,【スカッとする話】父の会社を引き継いだ私に夫と息子夫婦「社長の月収はいくら？w」私「今不景気だし20万かな」嫌な予感がして嘘の金額を教えると...翌日、夫と息子夫婦が会社に来て...【修羅場,https://www.youtube.com/watch?v=Y2gd4ALsvP0,4.1万回視聴 / 3 年前,【スカッと】169,https://www.youtube.com/channel/UCzOI_xRWCf_Mu2bP6H3OygQ,3 年前,5回視聴,【スカッと】父の会社を引き継いだ私に夫と息子夫婦「社長の月収はいくら？w」私「今不景気だし20万かな」嫌な予感がして嘘の金額を教えると...翌日、...【修羅場】【スカッとする話】【浮気・不倫】,https://www.youtube.com/watch?v=-ls3S2X-rcY,88%
741,【スカッとする話】私が息子夫婦と孫を養っているとも知らず新築に引っ越す息子嫁「義母の全てが気に入らない！家族だけで暮らすから絶縁して！」家族一同を養う私「了解」→即絶縁し、あらゆる名義を変えた結果w,https://www.youtube.com/watch?v=p5YTTfe-5Y8,8.4万回視聴 / 3 年前,【スカッと】xx11,https://www.youtube.com/channel/UCdAagLI00TErAKJ5-1L-reg,3 年前,14回視聴,【スカッと】私が息子夫婦と孫を養っているとも知らず新築に引っ越す息子嫁「義母の全てが気に入らない！家族だけで暮らすから絶縁して！」→結果w【修羅場】【離婚届】【浮気・不倫】【感動する話】,https://www.youtube.com/watch?v=DRk7VXdwxFM,83%
742,【スカッとする話】タワマンのローンを私が払っているのに夫「28万程度で偉そうにw」長男嫁「寄生虫のババァは出てけw」私「分かりました...」大喜びで出て行った結果w,https://www.youtube.com/watch?v=REtWO3bISWw,8.2万回視聴 / 3 年前,【修羅場カフェ】隣の席から仕掛ける因果応報,https://www.youtube.com/channel/UCUj-s2Pah7P4S9BeeeSUQig,3 か月前,0 回視聴,【スカッとする話】タワマンのローンを私が払っているのに夫「28万程度で偉そうにw」長男嫁「寄生虫のババァは出てけw」私「分かりました   」大喜びで出て行った結果,https://www.youtube.com/watch?v=_q8zNsBIyWk,93%
743,【スカッとする話】大好きな母が73歳で他界。葬儀中、長男嫁から鬼電「明日は私の結婚式の日よ！今すぐ帰って準備しろ！」私「はい..」泣きながら帰るとなぜかボコボコになった嫁が待っていて...w【修羅場】,https://www.youtube.com/watch?v=EJjcsX_1CGg,2.2万回視聴 / 3 年前,【修羅場カフェ】隣の席から仕掛ける因果応報,https://www.youtube.com/channel/UCUj-s2Pah7P4S9BeeeSUQig,3 か月前,0 回視聴,【スカッとする話】大好きな母が73歳で他界。葬儀中、長男嫁から鬼電「明日は私の結婚式の日よ！今すぐ帰って準備しろ！」私「はい  」泣きながら帰るとなぜかボコボコになった嫁が待っていて   w【修羅場】,https://www.youtube.com/watch?v=OegDC6w0egE,100%
744,【スカッとする話】大好きな父が80歳で突然他界。葬儀中、長男嫁から鬼電「今日は息子のカットの日よ！今すぐ帰って送迎しろ！」私「はい...」泣きながら帰るとボコボコの長男嫁の姿がw【修羅場】【スカッと】,https://www.youtube.com/watch?v=ZN2XDe1ICK4,8万回視聴 / 3 年前,【修羅場カフェ】隣の席から仕掛ける因果応報,https://www.youtube.com/channel/UCUj-s2Pah7P4S9BeeeSUQig,3 か月前,0 回視聴,【スカッとする話】大好きな父が80歳で突然他界。葬儀中、長男嫁から鬼電「今日は息子のカットの日よ！今すぐ帰って送迎しろ！」私「はい   」泣きながら帰るとボコボコの長男嫁の姿がw【修羅場】【スカッと】,https://www.youtube.com/watch?v=lu29SotckN8,100%
745,【スカッとする話】夫と義両親に招待されハワイ旅行に行くと、なぜか私だけ別のホテルに案内。受付「今すぐ逃げて下さい！」明かされた真実を知り私は慌ててホテルを飛び出し...,https://www.youtube.com/watch?v=86aMjG9EbpY,4.4万回視聴 / 3 年前,【修羅場カフェ】隣の席から仕掛ける因果応報,https://www.youtube.com/channel/UCUj-s2Pah7P4S9BeeeSUQig,3 か月前,0 回視聴,【スカッとする話】夫と義両親に招待されハワイ旅行に行くと、なぜか私だけ別のホテルに案内。受付「今すぐ逃げて下さい！」明かされた真実を知り私は慌ててホテルを飛び出し,https://www.youtube.com/watch?v=Aqr3wnDUDNk,100%
746,【スカッとする話】婚約者との両家顔合わせでなぜか私達を無視する婚約者家族。私「あの…」婚約者家族「…」理由を知り両親と黙って帰ると3分後、婚約者から鬼電が…w,https://www.youtube.com/watch?v=T1lw-3Vr5-M,6.8万回視聴 / 2 年前,【修羅場カフェ】隣の席から仕掛ける因果応報,https://www.youtube.com/channel/UCUj-s2Pah7P4S9BeeeSUQig,3 か月前,0 回視聴,【スカッとする話】婚約者との両家顔合わせでなぜか私達を無視する婚約者家族。私「あの…」婚約者家族「…」理由を知り両親と黙って帰ると3分後、婚約者から鬼電が…,https://www.youtube.com/watch?v=aOprmRR5KgQ,100%
747,【スカッとする話】実家で長男と長男嫁に嫌われ続けた私が追い出され次男夫婦の家へ。私「ちょっと聞いてくれない？」私が抱え込んでいた悩みを伝えると、次男嫁｢実は私の正体は…｣【修羅場】,https://www.youtube.com/watch?v=c9IsJU5XUfo,5.3万回視聴 / 3 年前,【朗読】001,https://www.youtube.com/channel/UCbRXKuVhe_0zKG6_AEI9tVQ,3 年前,3回視聴,【朗読】私「ちょっと聞いてくれない？」私が抱え込んでいた悩みを伝えると、次男嫁｢実は私の正体は…｣ 】実家で長男と長男嫁に嫌われ続けた私が追い出され次男夫婦の家へ。【修羅場】 【スカッとする話】,https://www.youtube.com/watch?v=c5zm4rL3008,56%
748,【スカッとする話】長男嫁の父の葬儀の費用を全て払った私を罵倒する長男嫁「200万程度で世話になった覚えございませんｗ」長男「ババァは帰れｗ」→私「喜んで！」帰った結果ｗ【修羅場】,https://www.youtube.com/watch?v=QPbeW2OXSk8,3.7万回視聴 / 3 年前,【朗読】004,https://www.youtube.com/channel/UCRx9p28X6QFfROd5Y9jflqw,3 年前,0 回視聴,【朗読】私「喜んで！」帰った結果ｗ→長男嫁の父の葬儀の費用を全て払った私を罵倒する長男嫁「200万程度で世話になった覚えございませんｗ」長男「ババァは帰れｗ」【修羅場】 【スカッとする話】【スカッと】,https://www.youtube.com/watch?v=DrML_FGqKmQ,86%
749,【スカッとする話】私を実の母のように慕ってくれていた息子嫁の葬儀中...。棺の中にあった写真の裏に書かれた文字を見た私は、慌てて通報した結果…【修羅場】【スカッと】,https://www.youtube.com/watch?v=ORCoCh5sOD4,4.8万回視聴 / 3 年前,【朗読】005,https://www.youtube.com/channel/UCdMS4o7KY_1PiwBiJhmBn-g,3 年前,3回視聴,【朗読】棺の中にあった写真の裏に書かれた文字を見た私は、慌てて通報した結果… 私を実の母のように慕ってくれていた息子嫁の葬儀中...。 【修羅場】 【スカッとする話】【スカッと】【浮気・不倫】,https://www.youtube.com/watch?v=LCUFUOIT0cw,56%
750,【スカッとする話】私と夫の事が大嫌いな長男嫁が高級伊勢海老を送ってきたので、長男に食べさせてあげた結果...w【修羅場】,https://www.youtube.com/watch?v=z4rXESdMK0A,2.9万回視聴 / 3 年前,【朗読】006,https://www.youtube.com/channel/UCNLnWS5TxzwUN2TMUNYeuAw,3 年前,0 回視聴,【朗読】私と夫の事が大嫌いな長男嫁が高級伊勢海老を送ってきたので、長男に食べさせてあげた結果...w 【修羅場】 【スカッとする話】【スカッと】【浮気・不倫】【感動する話】【2ch】【朗読】,https://www.youtube.com/watch?v=R68mcugXoTQ,100%
751,【スカッとする話】ある日突然、激怒した夫「息子夫婦への仕送り10万はどこだ！息子嫁さんガリガリだったぞ！」私「息子嫁の通帳見た？」夫「は？通帳？」結果ｗ【修羅場】【スカッと】,https://www.youtube.com/watch?v=MwADfvlYVM8,6.4万回視聴 / 3 年前,【朗読】008,https://www.youtube.com/channel/UCMhQkfA2YeWfcDCp5kspUUw,3 年前,6回視聴,【朗読】私「息子嫁の通帳見た？」夫「は？通帳？」結果ｗ ある日突然、激怒した夫「息子夫婦への仕送り10万はどこだ！息子嫁さんガリガリだったぞ！」【修羅場】 【スカッとする話】【スカッと】【浮気・不倫】,https://www.youtube.com/watch?v=AqrJ5oC7jt4,72%
752,【スカッとする話】息子夫婦に5年間無視された私。さすがの私も限界がきて空気になってみると、息子「ビールもってこい」息子嫁「弁当作っておいて！」→無言でそのまま出ていった結果【修羅場】【スカッと】,https://www.youtube.com/watch?v=6MOQJqI5CeE,11万回視聴 / 3 年前,【朗読】011,https://www.youtube.com/channel/UCNKSzjW0XblXC9jpIeFWKfA,3 年前,3回視聴,【朗読】息子「ビールもってこい」息子嫁「弁当作っておいて！」→無言でそのまま出ていった結果 息子夫婦に5年間無視された私。さすがの私も限界がきて空気になってみると、【修羅場】 【スカッとする話】,https://www.youtube.com/watch?v=cHctfDSOzPM,50%
753,【スカッとする話】長男夫婦の家へ行くと、孫がベランダで立ち食いし押し入れで寝ていた。私「一体どうしたの！？」孫「いつもの事だけど？」夫「は？」激怒した夫は家を売却し更地にし...【修羅場】【スカッと】,https://www.youtube.com/watch?v=EFLi9taupXc,1.6万回視聴 / 3 年前,【朗読】012,https://www.youtube.com/channel/UC_pgypmAtik-U9ME_nTJfWA,3 年前,1 回視聴,【朗読】私「一体どうしたの！？」孫「いつもの事だけど？」夫「は？」激怒した夫は家を売却し更地に... 長男夫婦の家へ行くと、孫がベランダで立ち食いし、押し入れで寝ていた 【修羅場】 【スカッとする話】,https://www.youtube.com/watch?v=7ORRrjn4raI,53%
754,【スカッとする話】500名参列の兄の結婚式で非常識な花嫁「車椅子の席は無いから帰れw」夫「じゃあ帰ろっか」私「うん」直後、招待客500名が立ち上がり…,https://www.youtube.com/watch?v=Bnt4k5MNq9Y,3.8万回視聴 / 1 年前,【経済的処刑】マウント成金の一文無し計画,https://www.youtube.com/channel/UCFrczgjtItoUn5iNZnathKA,3 か月前,0 回視聴,【スカッとする話】500名参列の兄の結婚式で非常識な花嫁「車椅子の席は無いから帰れw」夫「じゃあ帰ろっか」私「うん」直後、招待客500名が立ち上がり…,https://www.youtube.com/watch?v=BWVbpoIQ6xw,100%
755,【スカッとする話】何をしても怒らない祖母に自慢の婚約者を紹介すると…祖母「結婚は認めません！親を呼びなさい！」突然豹変したので夫の両親を呼ぶと衝撃の事実が判明し…,https://www.youtube.com/watch?v=3v3SpATF0Q8,2.8万回視聴 / 3 年前,【経済的処刑】マウント成金の一文無し計画,https://www.youtube.com/channel/UCFrczgjtItoUn5iNZnathKA,3 か月前,0 回視聴,【スカッとする話】何をしても怒らない祖母に自慢の婚約者を紹介すると…祖母「結婚は認めません！親を呼びなさい！」突然豹変したので夫の両親を呼ぶと衝撃の事実が判明し…#5992,https://www.youtube.com/watch?v=3QUDf4jtC48,96%
756,【スカッとする話】半年入院していた私が退院し家に帰ると我が家に義母と義姉の大量の荷物が…義母「ここは私の家w」義姉「病人は出てけw」夫「出ていこう」私「そうね」家を売り払い引越した結果w,https://www.youtube.com/watch?v=7Y1h9MMUaIU,7万回視聴 / 2 年前,【経済的処刑】マウント成金の一文無し計画,https://www.youtube.com/channel/UCFrczgjtItoUn5iNZnathKA,3 か月前,0 回視聴,【スカッとする話】半年入院していた私が退院し家に帰ると我が家に義母と義姉の大量の荷物が…義母「ここは私の家w」義姉「病人は出てけw」夫「出ていこう」私「そうね」家を売り払い引越した結果,https://www.youtube.com/watch?v=Eclzt94z-y8,100%
757,【スカッとする話】夫と息子に13年間も嫌われ続けた母親の私。息子の高校卒業式の日に家族を捨てると、パニックの長男から鬼電がきて私「えっと、どちら様ですか？」長男「は？」他人扱いしてやった結果w,https://www.youtube.com/watch?v=x7MZfyefP5w,9.9万回視聴 / 3 年前,【経済的処刑】マウント成金の一文無し計画,https://www.youtube.com/channel/UCFrczgjtItoUn5iNZnathKA,3 か月前,0 回視聴,【スカッとする話】夫と息子に13年間も嫌われ続けた母親の私。息子の高校卒業式の日に家族を捨てると、パニックの長男から鬼電がきて私「えっと、どちら様ですか？」長男「は？」他人扱いしてやった結果w,https://www.youtube.com/watch?v=QvTf0ES5UvE,100%
758,【スカッとする話】毎日9時間、義父の介護していると知らず新入社員と不倫し私を捨てた夫「これ離婚届w後は新嫁と母がやるw」私「はーい、じゃ介護9時間は宜しく」介護負担と症状伝えて引越した結果w,https://www.youtube.com/watch?v=sYIoUlkI-BU,5.6万回視聴 / 1 年前,【経済的処刑】マウント成金の一文無し計画,https://www.youtube.com/channel/UCFrczgjtItoUn5iNZnathKA,3 か月前,0 回視聴,【スカッとする話】毎日9時間、義父の介護していると知らず新入社員と不倫し私を捨てた夫「これ離婚届w後は新嫁と母がやるw」私「はーい、じゃ介護9時間は宜しく」介護負担と症状伝えて引越した結果,https://www.youtube.com/watch?v=qtDEJ912bEQ,100%
759,【スカッとする話】私「実家に帰らせて頂きます」夫「じゃあ二度と戻ってくるな！離婚届書いてから行け！」即提出して父に報告すると慌てた夫から鬼電が...w【修羅場】【スカッと】,https://www.youtube.com/watch?v=JL2POxUZfHk,16万回視聴 / 3 年前,【経済的処刑】マウント成金の一文無し計画,https://www.youtube.com/channel/UCFrczgjtItoUn5iNZnathKA,3 か月前,1 回視聴,【スカッとする話】私「実家に帰らせて頂きます」夫「じゃあ二度と戻ってくるな！離婚届書いてから行け！」即提出して父に報告すると慌てた夫から鬼電が   w【修羅場】【スカッと】,https://www.youtube.com/watch?v=VB83hc2ATZY,95%
760,【スカッとする話】夫が亡くなり葬式後、更に最愛の長男と孫まで亡くした私に長男嫁「遺産は私が貰うからババァも逝けw」と深夜に家を追い出された。公園で号泣してると、懐かしい声が聞こえ振り返ると...,https://www.youtube.com/watch?v=xGHuS24cdnQ,1.6万回視聴 / 3 年前,【罠師の逆襲】あえて騙されて大破滅,https://www.youtube.com/channel/UCO3cwCVrePQ3IZhL9x5k8-g,3 か月前,0 回視聴,【スカッとする話】夫が亡くなり葬式後、更に最愛の長男と孫まで亡くした私に長男嫁「遺産は私が貰うからババァも逝けw」と深夜に家を追い出された。公園で号泣してると、懐かしい声が聞こえ振り返ると,https://www.youtube.com/watch?v=sGsioQr_c8M,100%
761,【スカッとする話】夫と車を返しに行くと5歳の姪「夫さんなんで赤ちゃん山に埋めたの？」私「え？」不思議な力を持つ姪の言葉に夫が顔面蒼白になり...,https://www.youtube.com/watch?v=HRvVDFnN1Y0,4.9万回視聴 / 3 年前,【罠師の逆襲】あえて騙されて大破滅,https://www.youtube.com/channel/UCO3cwCVrePQ3IZhL9x5k8-g,3 か月前,0 回視聴,【スカッとする話】夫と車を返しに行くと5歳の姪「夫さんなんで赤ちゃん山に埋めたの？」私「え？」不思議な力を持つ姪の言葉に夫が顔面蒼白になり,https://www.youtube.com/watch?v=tApaUQi9Sbc,100%
762,【スカッとする話】夫と長女に18年間も嫌われ続けた母親の私「もう疲れたので出ていきます...」娘の高校卒業式の日に家族を捨てると、血相を変えた長女から鬼電がきて私「えっと、私に娘はいませんが？」,https://www.youtube.com/watch?v=y4DFItjpFPM,3.2万回視聴 / 3 年前,【罠師の逆襲】あえて騙されて大破滅,https://www.youtube.com/channel/UCO3cwCVrePQ3IZhL9x5k8-g,3 か月前,0 回視聴,【スカッとする話】夫と長女に18年間も嫌われ続けた母親の私「もう疲れたので出ていきます   」娘の高校卒業式の日に家族を捨てると、血相を変えた長女から鬼電がきて私「えっと、私に娘はいませんが？」,https://www.youtube.com/watch?v=zrt80LW6H2A,100%
763,【スカッとする話】新築一戸建てを購入した途端に夫「妹と姪も同居！逆らうと離婚ｗ」私「え？私はもう独身だけど？」夫「え？」,https://www.youtube.com/watch?v=lXEl9ftky5c,2.9万回視聴 / 1 年前,【罠師の逆襲】あえて騙されて大破滅,https://www.youtube.com/channel/UCO3cwCVrePQ3IZhL9x5k8-g,3 か月前,0 回視聴,【スカッとする話】新築一戸建てを購入した途端に夫「妹と姪も同居！逆らうと離婚ｗ」私「え？私はもう独身だけど？」夫「え？」,https://www.youtube.com/watch?v=GOdgRL48tzo,100%
764,【スカッとする話】注文した料理に一切手をつけない夫。私「食べないの？」夫「...」会計時、店員の手の動きを見た瞬間、私はガクガク震えだし...,https://www.youtube.com/watch?v=QYxlZ4M3Tcs,8.1万回視聴 / 2 年前,【罠師の逆襲】あえて騙されて大破滅,https://www.youtube.com/channel/UCO3cwCVrePQ3IZhL9x5k8-g,3 か月前,0 回視聴,【スカッとする話】注文した料理に一切手をつけない夫。私「食べないの？」夫「   」会計時、店員の手の動きを見た瞬間、私はガクガク震えだし,https://www.youtube.com/watch?v=P1g0aEdFWXw,100%
765,【スカッとする話】突然、3年振りに長男から電話「父の入院費、月20万は限界…」私「え？父は3年前他界したよ？」長男「え？」実は…,https://www.youtube.com/watch?v=hacWh5sRQ_U,6.5万回視聴 / 2 年前,【罠師の逆襲】あえて騙されて大破滅,https://www.youtube.com/channel/UCO3cwCVrePQ3IZhL9x5k8-g,3 か月前,0 回視聴,【スカッとする話】突然、3年振りに長男から電話「父の入院費、月20万は限界…」私「え？父は3年前他界したよ？」長男「え？」実は…,https://www.youtube.com/watch?v=HYELsG7nXms,100%
766,【スカッとする話】長男夫婦の家へ行くと孫が膝を抱え泣いていた...私「あれ？お父さんとお母さんは？」孫「家族だけでハワイ行くって」私「そう、それなら...」本当の家族を呼び出した結果,https://www.youtube.com/watch?v=RTO0Ty4liC0,5.4万回視聴 / 2 年前,【罠師の逆襲】あえて騙されて大破滅,https://www.youtube.com/channel/UCO3cwCVrePQ3IZhL9x5k8-g,3 か月前,0 回視聴,【スカッとする話】長男夫婦の家へ行くと孫が膝を抱え泣いていた   私「あれ？お父さんとお母さんは？」孫「家族だけでハワイ行くって」私「そう、それなら   」本当の家族を呼び出した結果,https://www.youtube.com/watch?v=R9-xMZ6AwSE,100%
767,【スカッとする話】夜勤から帰った私に気づかない長男嫁「お義母さんなんか一生いなくて良いのにw」長男「遺産貰うまでの辛抱だw」長男嫁と長男の会話が聞こえ私は無言で家を立ち去り…,https://www.youtube.com/watch?v=H_NZ8XCvi6M,2.9万回視聴 / 1 年前,【鑑定書の告発】科学が暴く「ざまぁ」の真相,https://www.youtube.com/channel/UCQilFCU3Eok7gFShbP8i38w,3 か月前,0 回視聴,【スカッとする話】夜勤から帰った私に気づかない長男嫁「お義母さんなんか一生いなくて良いのにw」長男「遺産貰うまでの辛抱だw」長男嫁と長男の会話が聞こえ私は無言で家を立ち去り…,https://www.youtube.com/watch?v=FBqCDXKN3d8,100%
768,【スカッとする話】夫「お前とは離婚だ！」ニートのくせに威張る夫。私が里帰り出産から帰宅すると記入済みの離婚届が...お望み通り提出してやった結果ｗ【修羅場】【スカッと】,https://www.youtube.com/watch?v=dxQEtcKCBwU,6万回視聴 / 3 年前,【鑑定書の告発】科学が暴く「ざまぁ」の真相,https://www.youtube.com/channel/UCQilFCU3Eok7gFShbP8i38w,3 か月前,0 回視聴,【スカッとする話】 夫「お前とは離婚だ！」ニートのくせに威張る夫。私が里帰り出産から帰宅すると記入済みの離婚届が   お望み通り提出してやった結果ｗ【修羅場】【スカッと】,https://www.youtube.com/watch?v=D1QiL5axbgg,92%
769,【スカッとする話】夫が亡くなり義実家を建て替えた私と長男夫婦が同居。10年後、長男が亡くなり49日が終わると長男嫁から電話が…【修羅場】,https://www.youtube.com/watch?v=2Q_EtHgIDB8,6.6万回視聴 / 3 年前,【鑑定書の告発】科学が暴く「ざまぁ」の真相,https://www.youtube.com/channel/UCQilFCU3Eok7gFShbP8i38w,3 か月前,0 回視聴,【スカッとする話】夫が亡くなり義実家を建て替えた私と長男夫婦が同居。10年後、長男が亡くなり49日が終わると長男嫁から電話が…【修羅場】,https://www.youtube.com/watch?v=goaey8eBmy4,86%
770,【スカッとする話】夫と姉の出産祝いに行くと5歳の娘「赤ちゃんが言いたい事あるみたい」不思議な力を持つ娘の言葉に戦慄し私は慌てて警察へ駆け込み...,https://www.youtube.com/watch?v=b8ZAxV1gG_4,2万回視聴 / 2 年前,【鑑定書の告発】科学が暴く「ざまぁ」の真相,https://www.youtube.com/channel/UCQilFCU3Eok7gFShbP8i38w,3 か月前,0 回視聴,【スカッとする話】夫と姉の出産祝いに行くと5歳の娘「赤ちゃんが言いたい事あるみたい」不思議な力を持つ娘の言葉に戦慄し私は慌てて警察へ駆け込み...,https://www.youtube.com/watch?v=4wEMDgjpE7Y,100%
771,【スカッとする話】結婚3年目の夫を霊感のある姉に紹介…その直後、姉の一言でなぜか夫が動揺し始め…,https://www.youtube.com/watch?v=4IAX-ZgUR2k,3.6万回視聴 / 2 年前,【鑑定書の告発】科学が暴く「ざまぁ」の真相,https://www.youtube.com/channel/UCQilFCU3Eok7gFShbP8i38w,3 か月前,1 回視聴,【スカッとする話】結婚3年目の夫を霊感のある姉に紹介…その直後、姉の一言でなぜか夫が動揺し始め…,https://www.youtube.com/watch?v=Lew8zDbicYg,100%
772,【スカッとする話】銀行員の夫を略奪した親友「双子の赤ちゃん産んだのw出産祝い180万お願いねw」私「うん、銀行頭取の旦那と行くね！」親友「え？」結果w,https://www.youtube.com/watch?v=td6d5s8qLow,14万回視聴 / 2 年前,【鑑定書の告発】科学が暴く「ざまぁ」の真相,https://www.youtube.com/channel/UCQilFCU3Eok7gFShbP8i38w,3 か月前,0 回視聴,【スカッとする話】銀行員の夫を略奪した親友「双子の赤ちゃん産んだのw出産祝い180万お願いねw」私「うん、銀行頭取の旦那と行くね！」親友「え？」結果,https://www.youtube.com/watch?v=lijjphDtTME,100%
773,【スカッとする話】1億の一軒家に住む金持ち自慢の婚約者の実家へ結婚挨拶に行くと、義父「なんだ？不細工な嫁だなw」義母「親の顔が見てみたいわねw」→母「どうも、不細工の母です」義両親「え？あなたは…」,https://www.youtube.com/watch?v=AkFPFwnz6fs,5.5万回視聴 / 2 年前,【黒服の審判】スカッと裏コンシェルジュ,https://www.youtube.com/channel/UCOx7plQYvEIJEFyXMyc9foQ,3 か月前,2回視聴,【スカッとする話】1億の一軒家に住む金持ち自慢の婚約者の実家へ結婚挨拶に行くと、義父「なんだ？不細工な嫁だなw」義母「親の顔が見てみたいわねw」→母「どうも、不細工の母です」義両親「え？あなたは…」,https://www.youtube.com/watch?v=7k2PPa6nstg,100%
774,【スカッとする話】うつ病の義父の介護を私に押し付け愛人と海外旅行へ行った夫「親父の介護は任せたぞｗ」義父「今すぐこの家を売り払うぞ」義父と家を売却し更地にした結果w,https://www.youtube.com/watch?v=g3-T_5JMrcU,4.9万回視聴 / 2 年前,【黒服の審判】スカッと裏コンシェルジュ,https://www.youtube.com/channel/UCOx7plQYvEIJEFyXMyc9foQ,3 か月前,2回視聴,【スカッとする話】うつ病の義父の介護を私に押し付け愛人と海外旅行へ行った夫「親父の介護は任せたぞｗ」義父「今すぐこの家を売り払うぞ」義父と家を売却し更地にした結果,https://www.youtube.com/watch?v=0d3yeVMz9cY,100%
775,【スカッとする話】がん末期の母を置いて海外旅行に行った長男夫婦「ババァの介護は頼んだわｗ」翌日、母が笑顔で行動開始すると長男夫婦は帰らぬ人に...【修羅場】,https://www.youtube.com/watch?v=uBvDuF4U2Aw,4.8万回視聴 / 3 年前,【黒服の審判】スカッと裏コンシェルジュ,https://www.youtube.com/channel/UCOx7plQYvEIJEFyXMyc9foQ,3 か月前,1 回視聴,【スカッとする話】がん末期の母を置いて海外旅行に行った長男夫婦「ババァの介護は頼んだわｗ」翌日、母が笑顔で行動開始すると長男夫婦は帰らぬ人に   【修羅場】#8743,https://www.youtube.com/watch?v=5pp3yh36fss,96%
776,【スカッとする話】夫「お前とは離婚だ！」ニートのくせに威張る夫。私が里帰り出産から帰宅すると記入済みの離婚届が...お望み通り提出してやった結果ｗ【修羅場】【スカッと】,https://www.youtube.com/watch?v=dxQEtcKCBwU,6万回視聴 / 3 年前,【黒服の審判】スカッと裏コンシェルジュ,https://www.youtube.com/channel/UCOx7plQYvEIJEFyXMyc9foQ,3 か月前,0 回視聴,【スカッとする話】 夫「お前とは離婚だ！」ニートのくせに威張る夫。私が里帰り出産から帰宅すると記入済みの離婚届が   お望み通り提出してやった結果ｗ【修羅場】【スカッと】,https://www.youtube.com/watch?v=bY1oql9SDpM,92%
777,【スカッとする話】夫「妊娠？知らねぇよwお願いだからもうしゃべんな！」私「..」黙って引っ越し永久に無視してやった結果ｗ,https://www.youtube.com/watch?v=acMaagt7Yv0,11万回視聴 / 2 年前,【黒服の審判】スカッと裏コンシェルジュ,https://www.youtube.com/channel/UCOx7plQYvEIJEFyXMyc9foQ,3 か月前,0 回視聴,【スカッとする話】夫「妊娠？知らねぇよwお願いだからもうしゃべんな！」私「  」黙って引っ越し永久に無視してやった結果ｗ,https://www.youtube.com/watch?v=YmP3HE5mWwA,100%
778,【スカッとする話】夫と姉が温泉旅行中、交通事故で半身不随に。夫「2人の面倒は宜しくな！」私「え？姉さんに頼みなよ！」直後、隣に姉が運ばれ叫んだ→だってその女は..,https://www.youtube.com/watch?v=24r-JE4M58Y,6.3万回視聴 / 2 年前,【黒服の審判】スカッと裏コンシェルジュ,https://www.youtube.com/channel/UCOx7plQYvEIJEFyXMyc9foQ,3 か月前,0 回視聴,【スカッとする話】夫と姉が温泉旅行中、交通事故で半身不随に。夫「2人の面倒は宜しくな！」私「え？姉さんに頼みなよ！」直後、隣に姉が運ばれ叫んだ→だってその女は,https://www.youtube.com/watch?v=dLgEFjsR_cs,100%
779,【スカッとする話】夫・息子・義母に9年間嫌われ続けた私。義母が亡くなり葬儀の日、離婚届を置いて引越すと、半狂乱の夫から鬼電がw,https://www.youtube.com/watch?v=5HWlENHS8h8,10万回視聴 / 2 年前,【黒服の審判】スカッと裏コンシェルジュ,https://www.youtube.com/channel/UCOx7plQYvEIJEFyXMyc9foQ,3 か月前,0 回視聴,【スカッとする話】夫・息子・義母に9年間嫌われ続けた私。義母が亡くなり葬儀の日、離婚届を置いて引越すと、半狂乱の夫から鬼電がw#8898,https://www.youtube.com/watch?v=VFRMQUkE4NM,95%
780,【スカッとする話】海外出張から帰ると自宅の庭に記入済みの離婚届と私の荷物が捨ててあった…夫「愛人が妊娠した！慰謝料払うから離婚してくれ！」→私「わかった（計画通りねw）」,https://www.youtube.com/watch?v=CTU3qvprZsE,3.5万回視聴 / 2 年前,【黒服の審判】スカッと裏コンシェルジュ,https://www.youtube.com/channel/UCOx7plQYvEIJEFyXMyc9foQ,3 か月前,0 回視聴,【スカッとする話】海外出張から帰ると自宅の庭に記入済みの離婚届と私の荷物が捨ててあった…夫「愛人が妊娠した！慰謝料払うから離婚してくれ！」→私「わかった（計画通りねw）」,https://www.youtube.com/watch?v=B77HMdcFPXE,100%
781,【スカッとする話】夫「引越しは済んだか？」私「今日中に出ていくわ」ATM扱いされ家を追い出された私。1ヶ月後、夫が血相を変えて鬼電してきて...【修羅場】,https://www.youtube.com/watch?v=mRlS0rHQ-lY,12万回視聴 / 3 年前,あの夢をなぞって,https://www.youtube.com/channel/UC2hYD2APTBFmoN_-FfTC51w,2 年前,133回視聴,【スカッとする話】夫「引越しは済んだか？」私「今日中には出ていくわ」夫にATM扱いされ家を追い出された私→1ヶ月後、夫が血相を変えて鬼電してきて…【修羅場】【スカッと】【朗読】,https://www.youtube.com/watch?v=ek2ydXCBYPw,97%
782,【スカッとする話】私の両親が亡くなった途端、実家を勝手に解体した夫「今日から俺の家で両親と同居だ！」それを聞いた私は大爆笑→私「あんた達、知らないの？」実は...,https://www.youtube.com/watch?v=3WlCnGLe67U,55万回視聴 / 2 年前,ある家族の秘密,https://www.youtube.com/channel/UCekgwPiAiq23_htxcpqphxg,1 か月前,438回視聴,「今日から俺の家で両親と同居だ！」私の両親が亡くなった途端、実家を勝手に解体し宣言する夫。それを聞いた私は大爆笑,https://www.youtube.com/watch?v=bUpta2qPYqM,59%
783,【スカッとする話】義母を10年介護している私に夫「離婚してくれ…老後もお前と一緒は無理…」私「じゃあ介護と嫁辞めるね」即離婚して沖縄に引越すと夫から鬼電→携帯解約し永久に無視した結果w【朗読】,https://www.youtube.com/watch?v=tfbycPtFjbg,17万回視聴 / 11 か月前,ある家族の秘密,https://www.youtube.com/channel/UCekgwPiAiq23_htxcpqphxg,3 か月前,"1,274回視聴",義母を10年介護している私に夫「離婚してくれ老後もお前と一緒は無理だ」私「じゃあ介護と嫁を辞めるね」即離婚して引越すと夫から鬼電→携帯解約し永久に無視した結果,https://www.youtube.com/watch?v=cGagyNv_Im4,97%
784,【スカッとする話】30年連れ添った夫と離婚すると、義母「引っ越しはまだ？」夫「早く出てけ」私「30分後に消えます」荷物が運ばれ私が車に乗ると→義母「え？何なのこの高級車は？」,https://www.youtube.com/watch?v=Tlkag3rVT5s,18万回視聴 / 2 年前,いつものLINE,https://www.youtube.com/channel/UCb4t4JFPRSPWR1iAeUzDgtQ,3 か月前,62回視聴,【LINE】30年連れ添った夫と離婚すると、義母「引っ越しはまだ？早く出てけ」私「30分後に消えます」→30分後、荷物が運ばれ私が車に乗ると…,https://www.youtube.com/watch?v=5Ci61G7TWlQ,86%
785,【スカッとする話】出張だと嘘を付き13年間浮気していた夫「今帰ったぞ！あれ？どうした？」私「...」人として認識できなくなり、居ない者として過ごした結果w,https://www.youtube.com/watch?v=Z02GpZx1M_k,10万回視聴 / 2 年前,えのスカッと感動部屋,https://www.youtube.com/channel/UCGgtl8U1R_pxmHODEZnjAKA,1 年前,2回視聴,【スカッとする話】出張だと嘘を付き13年間浮気していた夫「今帰ったぞ！あれ？どうした？」私「   」人として認識できなくなり、居ない者として過ごした結果,https://www.youtube.com/watch?v=cITZlWvY9wA,100%
786,【スカッとする話】年末に息子夫婦が泊まりにくると、深夜に夫が突然私を裏口に…夫「今のうちに家から出よう」私「え？年越しそば食べないの？」夫「お前気づいてないのか？」【朗読】【スカッと】,https://www.youtube.com/watch?v=AdhCK-BGvg4,13万回視聴 / 11 か月前,おばあちゃんと子猫,https://www.youtube.com/channel/UCitSoUYXNd1quxY8VFsz94w,3 日前,20回視聴,年末に息子夫婦が泊まりに来ると、深夜に夫が突然私を裏口に呼んだ夫「今のうちに家から出よう」私「え？年越しそば食べないの？」夫「お前気づいてないのか？」【シニアライフ】【60代以上の方へ】,https://www.youtube.com/watch?v=tT0kEKSQPA0,96%
787,【スカッとする話】年末に息子夫婦が泊まりにくると、深夜に夫が突然私を裏口に…夫「今のうちに家から出よう」私「え？年越しそば食べないの？」夫「お前気づいてないのか？」【朗読】【スカッと】,https://www.youtube.com/watch?v=AdhCK-BGvg4,13万回視聴 / 11 か月前,おばあちゃんの仔猫,https://www.youtube.com/channel/UCcUo6vGhG3EeULBxinbg7Eg,1 か月前,"15,680回視聴",年末に息子夫婦が泊まりに来ると、深夜に夫が突然私を裏口に呼んだ夫「今のうちに家から出よう」私「え？年越しそば食べないの？」夫「お前気づいてないのか？」【シニアライフ】【60代以上の方へ】,https://www.youtube.com/watch?v=qI94c3s0bvQ,96%
788,【スカッとする話】義母を10年介護している私に夫「離婚してくれ…老後もお前と一緒は無理…」私「じゃあ介護と嫁辞めるね」即離婚して沖縄に引越すと夫から鬼電→携帯解約し永久に無視した結果w【朗読】,https://www.youtube.com/watch?v=tfbycPtFjbg,17万回視聴 / 11 か月前,おばあちゃんの仔猫,https://www.youtube.com/channel/UCcUo6vGhG3EeULBxinbg7Eg,2 か月前,"1,692回視聴",義母を10年介護している私に夫「離婚してくれ老後もお前と一緒は無理だ」私「じゃあ介護と嫁を辞めるね」即離婚して引越すと夫から鬼電→携帯解約し永久に無視した結果,https://www.youtube.com/watch?v=w6Ti7LMl-bg,97%
789,【スカッとする話】義母を10年介護している私に夫「離婚してくれ…老後もお前と一緒は無理…」私「じゃあ介護と嫁辞めるね」即離婚して沖縄に引越すと夫から鬼電→携帯解約し永久に無視した結果w【朗読】,https://www.youtube.com/watch?v=tfbycPtFjbg,17万回視聴 / 11 か月前,おばあちゃんの仔猫,https://www.youtube.com/channel/UCcUo6vGhG3EeULBxinbg7Eg,1 か月前,"4,366回視聴",義母を10年介護している私に夫「離婚してくれ老後もお前と一緒は無理だ」私「じゃあ介護と嫁を辞めるね」即離婚して引越すと夫から鬼電→携帯解約し永久に無視した結果【シニアライフ】【60代以上の方へ】,https://www.youtube.com/watch?v=xzYzPhrWFxg,97%
790,【スカッとする話】夫が突然大量の荷物を持ってきて、夫「今日から俺の両親と姉を養う！嫌なら離婚だ！」私「え？もう離婚済みだけど？」夫「え？」結果w,https://www.youtube.com/watch?v=G4O12jIGPfg,8.7万回視聴 / 3 年前,かわいい子犬,https://www.youtube.com/channel/UCQwHCrx8uw_EBTUZ6OhLDQg,2 年前,30回視聴,スカッとする話】夫が突然大量の荷物を持ってきて、夫「今日から俺の両親と姉を養う！嫌なら離婚だ！」私「え？もう離婚済みだけど？」夫「え？」結果w【修羅場】,https://www.youtube.com/watch?v=VkZP0n3poLs,82%
791,【スカッとする話】年末年始の親族の集まりで20人分のおせちをゴミ箱にぶちまけたエリート夫「親戚にマズイ飯を作るな！」私「私は何も作ってないよ？」夫「え？」実は...,https://www.youtube.com/watch?v=iT0GjRHrB6w,26万回視聴 / 2 年前,きらきら光る嘘の街,https://www.youtube.com/channel/UCYMr3sg1i3yb_Rdc3HbEH_A,1 か月前,226回視聴,【LINE】 年末年始の親族の集まりで20人分のおせちをゴミ箱にぶちまけたエリート夫「親戚にマズイ飯を作るな！」私「私は何も作ってないよ？」夫「え？」実は..,https://www.youtube.com/watch?v=uo4LTT-ndeQ,100%
792,【スカッとする話】正月、母が危篤で実家に帰ると義母「ここが嫌なら実家で暮らせ」私の荷物を外に投げ捨てた。私「後で撤回なしですよ？」義母「するかw」→1週間後w【朗読】【スカッと】,https://www.youtube.com/watch?v=RWaATWML5EY,2.4万回視聴 / 3 か月前,ことのは,https://www.youtube.com/channel/UCrKFZVPPxEVBVEDoUZ27hJg,1 か月前,12回視聴,正月、母が危篤で実家に帰ると義母「ここが嫌なら実家で暮らせ」私の荷物を外に投げ捨てた。私「後で撤回なしですよ？」義母「するかw」→1週間後w,https://www.youtube.com/watch?v=FqAYvxvSeUs,83%
793,【スカッとする話】夫と娘に10年嫌われ続けた母親の私。娘の中学卒業式の日に姿を消すと、血相を変えた夫から鬼電がきて永久に無視した結果w【修羅場】【スカッと】,https://www.youtube.com/watch?v=U2S1py-2s34,8.5万回視聴 / 3 年前,さあ、どうぞ,https://www.youtube.com/channel/UCG-XF2tttCtNESz__p6GQ7w,2 か月前,0 回視聴,【スカッとする話】 夫と娘に10年嫌われ続けた母親の私。娘の中学卒業式の日に姿を消すと、血相を変えた夫から鬼電がきて永久に無視した結果w,https://www.youtube.com/watch?v=t_HFoeSqIEM,100%
794,【スカッとする話】女手１つで育てた長男の結婚挨拶で義父「貧乏な家の息子は娘とは不相応！」長男嫁「やっぱり結婚は無しでw」お望み通り婚約破棄した結果w,https://www.youtube.com/watch?v=7lJpHSlgrEQ,2.7万回視聴 / 3 年前,さあ、どうぞ,https://www.youtube.com/channel/UCG-XF2tttCtNESz__p6GQ7w,2 か月前,0 回視聴,【スカッとする話】 女手１つで育てた長男の結婚挨拶で義父「貧乏な家の息子は娘とは不相応！」長男嫁「やっぱり結婚は無しでw」お望み通り婚約破棄した結果w,https://www.youtube.com/watch?v=7Epcvjh9pWA,100%
795,【スカッとする話】我が家が火事で全焼すると夫の連れ子「女の人が火傷で重症と聞いたけど大丈夫だった？w」私「え？私は買い物中だけど？」連れ子「え？」全身火傷で搬送されたのは...,https://www.youtube.com/watch?v=FJiSauJbihQ,4.4万回視聴 / 2 年前,さあ、どうぞ,https://www.youtube.com/channel/UCG-XF2tttCtNESz__p6GQ7w,2 か月前,0 回視聴,【スカッとする話】 我が家が火事で全焼すると夫の連れ子「女の人が火傷で重症と聞いたけど大丈夫だった？w」私「え？私は買い物中だけど？」連れ子「え？」全身火傷で搬送されたのは,https://www.youtube.com/watch?v=ONdlMXVYvQQ,100%
796,【スカッとする話】病気で盲目になった夫のため、365日ずっと料理を作る私に夫「味噌汁おいしかった！味噌変えた？」私は空っぽの鍋を見た瞬間、家中の鍵を全て交換し…,https://www.youtube.com/watch?v=ZJzIfS3DH88,1.8万回視聴 / 1 年前,さあ、どうぞ,https://www.youtube.com/channel/UCG-XF2tttCtNESz__p6GQ7w,2 か月前,1 回視聴,【スカッとする話】 病気で盲目になった夫のため、365日ずっと料理を作る私に夫「味噌汁おいしかった！味噌変えた？」私は空っぽの鍋を見た瞬間、家中の鍵を全て交換し…,https://www.youtube.com/watch?v=t74xjdInIKo,100%
797,【スカッとする話】私が年商500億の社長と知らない夫「時給941円の底辺は出てけw」連れ子「役立たずの母親バイバイw」私「じゃあ出ていきます」１ヶ月後、涙を流した夫から鬼電がw,https://www.youtube.com/watch?v=jA4TTTeqo-M,12万回視聴 / 2 年前,さあ、どうぞ,https://www.youtube.com/channel/UCG-XF2tttCtNESz__p6GQ7w,2 か月前,0 回視聴,【スカッとする話】 私が年商500億の社長と知らない夫「時給941円の底辺は出てけw」連れ子「役立たずの母親バイバイw」私「じゃあ出ていきます」１ヶ月後、涙を流した夫から鬼電がw,https://www.youtube.com/watch?v=ge3HNbMtWNo,100%
798,【スカッとする話】私の夫を奪ったママ友「医者の旦那さん奪っちゃったｗ赤ちゃんできたし豪華挙式するねｗ」私「結婚したことないですけど？」ママ友「え？」結果ｗ,https://www.youtube.com/watch?v=jtzUWcGh5y8,1.1万回視聴 / 1 年前,さあ、どうぞ,https://www.youtube.com/channel/UCG-XF2tttCtNESz__p6GQ7w,2 か月前,1 回視聴,【スカッとする話】 私の夫を奪ったママ友「医者の旦那さん奪っちゃったｗ赤ちゃんできたし豪華挙式するねｗ」私「結婚したことないですけど？」ママ友「え？」結果ｗ,https://www.youtube.com/watch?v=EoPGSTdsArk,100%
799,【スカッとする話】私の娘にだけお年玉をくれない義母「アンタに似た低学歴の孫は他人wもらえるのは家族だけよｗ」キレた私は義母への仕送り20万を停止→永久に他人扱いしてやった結果w,https://www.youtube.com/watch?v=ZOSTbqZ1QDQ,4.2万回視聴 / 1 年前,さあ、どうぞ,https://www.youtube.com/channel/UCG-XF2tttCtNESz__p6GQ7w,2 か月前,0 回視聴,【スカッとする話】 私の娘にだけお年玉をくれない義母「アンタに似た低学歴の孫は他人wもらえるのは家族だけよｗ」キレた私は義母への仕送り20万を停止→永久に他人扱いしてやった結果w,https://www.youtube.com/watch?v=8i7FiAPnp0Q,100%
800,【スカッとする話】結婚式に向かった夫の忘れ物に気付き電話すると、夫「式中に電話するな！非常識だぞ！」私「ご祝儀と礼服忘れてるけど...」夫「え？」結果w【修羅場】,https://www.youtube.com/watch?v=T3LqJSBHdQE,2.2万回視聴 / 3 年前,さあ、どうぞ,https://www.youtube.com/channel/UCG-XF2tttCtNESz__p6GQ7w,2 か月前,0 回視聴,【スカッとする話】 結婚式に向かった夫の忘れ物に気付き電話すると、夫「式中に電話するな！非常識だぞ！」私「ご祝儀と礼服忘れてるけど   」夫「え？」結果w,https://www.youtube.com/watch?v=O1QReujGH_Y,100%
801,【スカッとする話】結婚式当日に夫から突然の電話。夫「みんな集まってるぞ！早く来い！」私「え？なに言ってるの？」たった今終わったと伝えると…,https://www.youtube.com/watch?v=w3t-NBVK2CU,3.1万回視聴 / 1 年前,さあ、どうぞ,https://www.youtube.com/channel/UCG-XF2tttCtNESz__p6GQ7w,2 か月前,0 回視聴,【スカッとする話】 結婚式当日に夫から突然の電話。夫「みんな集まってるぞ！早く来い！」私「え？なに言ってるの？」たった今終わったと伝えると…,https://www.youtube.com/watch?v=g5Ha81o0TKA,100%
802,【スカッとする話】結婚式翌日から夫と義母が私を無視。私「おはよ！」夫・義母「...」ある日、義母に介護が必要になり黙って姿を消した結果w,https://www.youtube.com/watch?v=4vTHBkxs0vU,11万回視聴 / 2 年前,さあ、どうぞ,https://www.youtube.com/channel/UCG-XF2tttCtNESz__p6GQ7w,2 か月前,0 回視聴,【スカッとする話】 結婚式翌日から夫と義母が私を無視。私「おはよ！」夫・義母「   」ある日、義母に介護が必要になり黙って姿を消した結果w,https://www.youtube.com/watch?v=3_Ai3en4tpI,100%
803,【スカッとする話】義妹が居座り2年間も出ていかない。義妹「私、病気持ちで辛くて…」私「じゃあ私が引越すね」夫「は？」義妹「ま、待って下さい」3日後、義妹は私の罠にハマり…w,https://www.youtube.com/watch?v=6nj9rvRxM-4,10万回視聴 / 1 年前,さあ、どうぞ,https://www.youtube.com/channel/UCG-XF2tttCtNESz__p6GQ7w,2 か月前,0 回視聴,【スカッとする話】 義妹が居座り2年間も出ていかない。義妹「私、病気持ちで辛くて…」私「じゃあ私が引越すね」夫「は？」義妹「ま、待って下さい」3日後、義妹は私の罠にハマり…w,https://www.youtube.com/watch?v=8pLZr_JM-Q8,100%
804,【スカッとする話】義母と買い物中に夫から電話「母さんが緊急入院した！少し帰省する！」隣で大爆笑の義母。義母「私達もサプライズ帰省するよw」私「はい！」結果w,https://www.youtube.com/watch?v=ADWCCJNh7ZE,2.9万回視聴 / 1 年前,さあ、どうぞ,https://www.youtube.com/channel/UCG-XF2tttCtNESz__p6GQ7w,2 か月前,0 回視聴,【スカッとする話】 義母と買い物中に夫から電話「母さんが緊急入院した！少し帰省する！」隣で大爆笑の義母。義母「私達もサプライズ帰省するよw」私「はい！」結果w,https://www.youtube.com/watch?v=kztpzk6wwVM,100%
805,【スカッとする話】親族の集まりでエリート夫「うちのは家事も掃除もしない汚嫁ですw」私「は？一体誰の話してんの？あんたいつも社宅じゃない」義両親「は？」,https://www.youtube.com/watch?v=GgVCrrU6ykU,3万回視聴 / 2 年前,さあ、どうぞ,https://www.youtube.com/channel/UCG-XF2tttCtNESz__p6GQ7w,2 か月前,2回視聴,【スカッとする話】 親族の集まりでエリート夫「うちのは家事も掃除もしない汚嫁ですw」私「は？一体誰の話してんの？あんたいつも社宅じゃない」義両親「は？」,https://www.youtube.com/watch?v=hsi88P-3wn4,100%
806,【スカッとする話】連れ子に初孫が生まれ出産祝いに行くと私だけ席が無い…連れ子「家族の席しか無いよw」夫「…帰るぞ」私「...はい」次の瞬間、連れ子に大惨事がw,https://www.youtube.com/watch?v=yjvtXiMQodc,6.1万回視聴 / 2 年前,さあ、どうぞ,https://www.youtube.com/channel/UCG-XF2tttCtNESz__p6GQ7w,2 か月前,2回視聴,【スカッとする話】 連れ子に初孫が生まれ出産祝いに行くと私だけ席が無い…連れ子「家族の席しか無いよw」夫「…帰るぞ」私「   はい」次の瞬間、連れ子に大惨事が,https://www.youtube.com/watch?v=B70Knwztvn8,100%
807,【スカッとする話】長男の新築祝いで1億の豪邸に行くと長男嫁「引っ越し祝いは300万です！払えないなら帰れババァw」私「帰りますか...」夫「うん...」→永久に絶縁した結果w,https://www.youtube.com/watch?v=nHIzigFFjbw,10万回視聴 / 3 年前,さあ、どうぞ,https://www.youtube.com/channel/UCG-XF2tttCtNESz__p6GQ7w,2 か月前,1 回視聴,【スカッとする話】 長男の新築祝いで1億の豪邸に行くと長男嫁「引っ越し祝いは300万です！払えないなら帰れババァw」私「帰りますか   」夫「うん   」→永久に絶縁した結果w,https://www.youtube.com/watch?v=uL3DVrxqV74,100%
808,【スカッとする話】私が夫の入院費を払ってると知らず私の荷物を全て捨てた夫の連れ子「もうパパに寄生するなw」連れ子を残し1億のタワマンに引越し入院費の支払いも止めた結果w,https://www.youtube.com/watch?v=JaGjTAkTfxQ,30万回視聴 / 2 年前,さやかLINE,https://www.youtube.com/channel/UCzcdWgO0oqEnDVw88jRaEtg,5 か月前,1 回視聴,私が夫の入院費を払ってると知らず私の荷物を全て捨てた夫の連れ子「もうパパに寄生するなw」→連れ子を残し1億のタワマンに引っ越し入院費の支払いも止めた結果ｗ,https://www.youtube.com/watch?v=4OvNxQkI1i0,99%
809,【スカッとする話】10年間私を嫌い続けた娘からの仕送り催促の電話を無視していると、娘「振り込みまだ？母親の責任果たせ！」私「え？私は母親じゃないけど？」娘「は？」だって私は…,https://www.youtube.com/watch?v=rH73Gg42B0Y,7.2万回視聴 / 2 年前,ちょこっと2ch,https://www.youtube.com/channel/UCjwn9CDi1i7JnDp7Nvdddkw,1 年前,33回視聴,【スカッと】10年間私を嫌い続けた娘から仕送り催促の電話を無視していると娘「振込みまだ？母親の責任果たせ！」→私「え？私は母親じゃないけど？」娘「は？」【漫画】【漫画動画】【アニメ】【スカッとす,https://www.youtube.com/watch?v=igZ8ru5MSNc,90%
810,【スカッとする話】医者一族と結婚した義妹の結婚式で義妹「中卒の貧乏人は一族の恥wアンタらの席はないから帰れw」夫「帰るか」私「はい」30分後、義妹から鬼電がw,https://www.youtube.com/watch?v=_1Jc1H2WcQc,1.1万回視聴 / 1 年前,とする話 ,https://www.youtube.com/channel/UC-1KoQRWd1ijwgKpAmRTQ7A,1 年前,1 回視聴,【スカッとする話】医者一族と結婚した義妹の結婚式で義妹「中卒の貧乏人は一族の恥wアンタらの席はないから帰れw」夫「帰るか」私「はい」30分後、義妹から鬼電がw,https://www.youtube.com/watch?v=EqQHa2ddtO8,100%
811,【スカッとする話】同居の父が亡くなった途端、愛人と隠し子を連れ引越してきた夫「ジジィの家は俺が貰う！出てけw」それを聞いた私は大爆笑→私「どうぞご自由にw」実は…,https://www.youtube.com/watch?v=T5WYfDcbCLA,1.5万回視聴 / 1 年前,とする話 ,https://www.youtube.com/channel/UC-1KoQRWd1ijwgKpAmRTQ7A,1 年前,1 回視聴,スカッとする話】同居の父が亡くなった途端、愛人と隠し子を連れ引越してきた夫「ジジィの家は俺が貰う！出てけw」それを聞いた私は大爆笑→私「どうぞご自由に-,https://www.youtube.com/watch?v=3YLbOetfJnA,92%
812,【スカッとする話】夫から突然のブチギレ電話。夫「なんで子供の葬式に来ない！今すぐ来ないと離婚するぞ！」私「え？私に子供はいないけど？」夫「え？」実は…w,https://www.youtube.com/watch?v=8HI9HivPLYM,3.3万回視聴 / 1 年前,とする話 ,https://www.youtube.com/channel/UC-1KoQRWd1ijwgKpAmRTQ7A,1 年前,4回視聴,-【スカッとする話】夫から突然のブチギレ電話。夫「なんで子供の葬式に来ない！今すぐ来ないと離婚するぞ！」私「え？私に子供はいないけど？」夫「え？」-,https://www.youtube.com/watch?v=PuAY-yzHMYg,92%
813,【スカッとする話】夫に愛人がいるのが発覚し離婚すると、姑「引越しは済んだ？w」夫「寄生虫は早く失せろw」直後、13台の高級車が現れ→女優の母「お待たせ！」,https://www.youtube.com/watch?v=kNnc9OXcb34,4.2万回視聴 / 1 年前,とする話 ,https://www.youtube.com/channel/UC-1KoQRWd1ijwgKpAmRTQ7A,1 年前,19回視聴,-【スカッとする話】夫に愛人がいるのが発覚し離婚すると、姑「引越しは済んだ？w」夫「寄生虫は早く失せろw」直後、13台の高級車が現れ→女優の母「-,https://www.youtube.com/watch?v=qSgAGGgqhIs,96%
814,【スカッとする話】妹の出産祝で実家に帰ると妹「嫁にいったアンタは他人w」兄「家族で祝うから帰れw」キレた私は実家への仕送りを停止→家も売り払い更地にすると…w,https://www.youtube.com/watch?v=fN1cesr14OA,2.9万回視聴 / 1 年前,とする話 ,https://www.youtube.com/channel/UC-1KoQRWd1ijwgKpAmRTQ7A,1 年前,0 回視聴,-【スカッとする話】妹の出産祝で実家に帰ると妹「嫁にいったアンタは他人w」兄「家族で祝うから帰れw」キレた私は実家への仕送りを停止→家も売り払い更地に-,https://www.youtube.com/watch?v=m7Nr45WhWnE,97%
815,【スカッとする話】家事、育児、介護、パートをこなし15年。私「もう限界。実家に帰ります」夫「はぁ？ガキの面倒は？飯は？帰るなら離婚届書いてけ！」→速提出して両親に離婚報告すると涙を流した夫が…,https://www.youtube.com/watch?v=GmBCty_zSQs,4.1万回視聴 / 1 年前,とする話 ,https://www.youtube.com/channel/UC-1KoQRWd1ijwgKpAmRTQ7A,1 年前,0 回視聴,-【スカッとする話】家事、育児、介護、パートをこなし15年。私「もう限界。実家に帰ります」夫「はぁ？ガキの面倒は？飯は？帰るなら離婚届書いてけ！」→速提出して両親に離婚報告すると涙-,https://www.youtube.com/watch?v=pvgtB01eBiM,96%
816,【スカッとする話】家族5人でハワイ旅行当日、航空券が4枚しかない。義母「他人のチケットは無いわよw」私「自分で取ったので大丈夫です」直後、ファーストクラスに乗込むと…w,https://www.youtube.com/watch?v=Y8xJE1oys54,4.8万回視聴 / 1 年前,とする話 ,https://www.youtube.com/channel/UC-1KoQRWd1ijwgKpAmRTQ7A,1 年前,0 回視聴,- 【スカッとする話】家族5人でハワイ旅行当日、航空券が4枚しかない。義母「他人のチケットは無いわよw」私「自分で取ったので大丈夫です」直後、ファーストクラスに-,https://www.youtube.com/watch?v=VUaw1yXBj6A,97%
817,【スカッとする話】息子と温泉旅行から帰宅した私に気付かない夫と娘。夫「ブザイク嫁もバカ息子もいらんw」娘「帰れなくなったらいいのにw」2人の会話を聞いた私はUターン→黙って息子と姿を消した結果w,https://www.youtube.com/watch?v=rbjHl1IvTaA,4.8万回視聴 / 1 年前,とする話 ,https://www.youtube.com/channel/UC-1KoQRWd1ijwgKpAmRTQ7A,1 年前,0 回視聴,-【スカッとする話】息子と温泉旅行から帰宅した私に気付かない夫と娘。夫「ブザイク嫁もバカ息子もいらんw」娘「帰れなくなったらいいのにw」2人の会話を聞いた私はUターン→黙って息子と-,https://www.youtube.com/watch?v=ilmu6DfzIE4,95%
818,【スカッとする話】月4万円で年金暮らしの私を罵倒する娘夫婦。娘「介護とか嫌だし絶縁でw」娘婿「今後一切関わらないのでw」私「後悔しない？」娘「しねぇよw」→3ヶ月後w,https://www.youtube.com/watch?v=a98H9YkItjA,6.1万回視聴 / 1 年前,とする話 ,https://www.youtube.com/channel/UC-1KoQRWd1ijwgKpAmRTQ7A,1 年前,3回視聴,-【スカッとする話】月4万円で年金暮らしの私を罵倒する娘夫婦。娘「介護とか嫌だし絶縁でw」娘婿「今後一切関わらないのでw」私「後悔しない？」娘「しねぇよw」-,https://www.youtube.com/watch?v=t7TNZo39ymE,96%
819,【スカッとする話】正月に義実家に帰省すると、姑「他人の子供にお年玉はやらんw」キレた私は義実家への仕送りを停止し永久に他人扱いした結果w,https://www.youtube.com/watch?v=rqjTvPUHuk0,2.9万回視聴 / 1 年前,とする話 ,https://www.youtube.com/channel/UC-1KoQRWd1ijwgKpAmRTQ7A,1 年前,1 回視聴,【スカッとする話】正月に義実家に帰省すると、姑「他人の子供にお年玉はやらんw」キレた私は義実家への仕送りを停止し永久に他人扱いした結果w,https://www.youtube.com/watch?v=_s2GHQeq7pA,100%
820,【スカッとする話】母が他界した直後、7歳の私を捨て職場の愛人と再婚した父「お前は目障りだから施設行けw」3か後、半狂乱の父から鬼電→私「私に父はいませんけど？」,https://www.youtube.com/watch?v=H3HkNoT1qF0,7.2万回視聴 / 1 年前,とする話 ,https://www.youtube.com/channel/UC-1KoQRWd1ijwgKpAmRTQ7A,1 年前,0 回視聴,【スカッとする話】母が他界した直後、7歳の私を捨て職場の愛人と再婚した父「お前は目障りだから施設行けw」3か後、半狂乱の父から鬼電→私「私に父はいませんけど？」,https://www.youtube.com/watch?v=SBuY8D55Xp8,100%
821,【スカッとする話】父の銀行で次期頭取候補だった夫が職場の受付嬢と浮気。夫「お前に頭取夫人は無理だろw」私「何も知らないのねw」3日後、大号泣の夫から66件の着信がw,https://www.youtube.com/watch?v=YfWacJ9_fK8,3.4万回視聴 / 1 年前,とする話 ,https://www.youtube.com/channel/UC-1KoQRWd1ijwgKpAmRTQ7A,1 年前,4回視聴,-【スカッとする話】父の銀行で次期頭取候補だった夫が職場の受付嬢と浮気。夫「お前に頭取夫人は無理だろw」私「何も知らないのねw」3日後、大号泣の夫から66-,https://www.youtube.com/watch?v=sLcMgAcnPRg,96%
822,【スカッとする話】病気で13年も同居介護中の義父「家も遺産も唯一の家族の長男夫婦に譲るけどええか？」私「はい、ご自由にどうぞ。私は3分後に出ていくので」,https://www.youtube.com/watch?v=NpgO6NFIrqU,1.2万回視聴 / 1 年前,とする話 ,https://www.youtube.com/channel/UC-1KoQRWd1ijwgKpAmRTQ7A,1 年前,2回視聴,-【スカッとする話】病気で13年も同居介護中の義父「家も遺産も唯一の家族の長男夫婦に譲るけどええか？」私「はい、ご自由にどうぞ。私は3分後に出ていく-,https://www.youtube.com/watch?v=ZgCQj5oea-0,98%
823,【スカッとする話】結婚式当日に夫から突然の電話。夫「みんな集まってるぞ！早く来い！」私「え？なに言ってるの？」たった今終わったと伝えると…,https://www.youtube.com/watch?v=w3t-NBVK2CU,3.1万回視聴 / 1 年前,とする話 ,https://www.youtube.com/channel/UC-1KoQRWd1ijwgKpAmRTQ7A,1 年前,73回視聴,-【スカッとする話】結婚式当日に夫から突然の電話。夫「みんな集まってるぞ！早く来い！」私「え？なに言ってるの？」たった今終わったと伝えると…,https://www.youtube.com/watch?v=E9MMt25o2Es,100%
824,【スカッと総集編】同居の父が亡くなった途端、愛人と隠し子を連れ引越してきた夫「ジジィの家は俺が貰う！出てけw」それを聞いた私は大爆笑→私「どうぞご自由にw」実は…,https://www.youtube.com/watch?v=tyXXrXAsIUE,7.8万回視聴 / 2 年前,とする話 ,https://www.youtube.com/channel/UC-1KoQRWd1ijwgKpAmRTQ7A,1 年前,1 回視聴,スカッとする話】同居の父が亡くなった途端、愛人と隠し子を連れ引越してきた夫「ジジィの家は俺が貰う！出てけw」それを聞いた私は大爆笑→私「どうぞご自由に-,https://www.youtube.com/watch?v=3YLbOetfJnA,92%
825,【スカッと総集編】家事、育児、介護、パートをこなし15年。私「もう限界。実家に帰ります」夫「はぁ？ガキの面倒は？飯は？帰るなら離婚届書いてけ！」→速提出して両親に離婚報告すると涙を流した夫が家に来て…,https://www.youtube.com/watch?v=Yrtj6pTpQ5A,10万回視聴 / 2 年前,とする話 ,https://www.youtube.com/channel/UC-1KoQRWd1ijwgKpAmRTQ7A,1 年前,0 回視聴,-【スカッとする話】家事、育児、介護、パートをこなし15年。私「もう限界。実家に帰ります」夫「はぁ？ガキの面倒は？飯は？帰るなら離婚届書いてけ！」→速提出して両親に離婚報告すると涙-,https://www.youtube.com/watch?v=pvgtB01eBiM,93%
826,【スカッとする話】正月、母が危篤で実家に帰ると義母「ここが嫌なら実家で暮らせ」私の荷物を外に投げ捨てた。私「後で撤回なしですよ？」義母「するかw」→1週間後w【朗読】【スカッと】,https://www.youtube.com/watch?v=RWaATWML5EY,2.4万回視聴 / 3 か月前,となりのドラマ4579,https://www.youtube.com/channel/UCkyDzRIE9QcsfAnuj-AU-9w,1 か月前,8回視聴,正月、母が危篤で実家に帰ると義母「ここが嫌なら実家で暮らせ」私の荷物を外に投げ捨てた。私「後で撤回なしですよ？」義母「するかw」→1週間後w,https://www.youtube.com/watch?v=e0VMM4Jr1gQ,83%
827,【スカッとする話】夫の連れ子の出産祝いに行くと、連れ子「ババァは戸籍上は他人w赤ちゃん触るなら1回30万払えw」夫「...帰るか」私「うん」速攻で帰宅→永遠に他人扱いした結果w,https://www.youtube.com/watch?v=iWpWDCY4L5o,10万回視聴 / 2 年前,どこにでも自由,https://www.youtube.com/channel/UCdYAr7nX6UlKOOdkLLabNug,9 か月前,0 回視聴,【スカッと】夫の連れ子の出産祝いに行くと、連れ子「ババアは戸籍上は他人w赤ちゃんに触るなら1回30万払えw」夫「帰るか…」私「うん…」速攻で帰宅→永遠に他人扱いした結果,https://www.youtube.com/watch?v=vrFpwbZgsfE,98%
828,【スカッとする話】夫を略奪した姉から結婚式の招待状が届くと、父「母さんと2人で行くよ」母「地獄を見せてくるわね」普段温厚な両親がこの後...w,https://www.youtube.com/watch?v=g4FVXeIsDTQ,14万回視聴 / 2 年前,どこにでも自由,https://www.youtube.com/channel/UCdYAr7nX6UlKOOdkLLabNug,9 か月前,2回視聴,【スカッと】夫を略奪した姉から結婚式の招待状が届くと、父「母さんと2人で行くよ」母「地獄を見せてくるわね」普段温厚な両親がこの後,https://www.youtube.com/watch?v=KA5w7UaD1Fo,100%
829,【スカッとする話】孫の七五三のお祝いに親戚一同と行くと私だけ席がない...長男嫁「他人の席は無いから立ってればw」私「じゃ帰るか」親戚一同「うん」全員で帰宅した結果w,https://www.youtube.com/watch?v=bI91wh-7IMg,19万回視聴 / 2 年前,どこにでも自由,https://www.youtube.com/channel/UCdYAr7nX6UlKOOdkLLabNug,10 か月前,0 回視聴,【スカッと】孫の七五三のお祝いに親戚一同と行くと私だけ席がない…長男嫁「他人の席は無いから立ってればw」私「じゃ帰るか」親戚一同「うん」全員で帰宅した結果,https://www.youtube.com/watch?v=Lztq5XWr260,100%
830,【スカッとする話】愛人と隠し子を連れ帰宅した夫「息子はお前にやる！離婚だ！」息子「母さんとは離婚出来ないよ？だって...」息子の衝撃の一言で夫と愛人が半狂乱にw,https://www.youtube.com/watch?v=E6hGGRc68uY,15万回視聴 / 2 年前,どこにでも自由,https://www.youtube.com/channel/UCdYAr7nX6UlKOOdkLLabNug,10 か月前,75回視聴,【スカッと】愛人と隠し子を連れ帰宅した夫「息子はお前にやる!!離婚だ!!」息子「母さんとは離婚出来ないよ？だって父さんは…」息子の衝撃の一言で夫と愛人が半狂乱に,https://www.youtube.com/watch?v=7KwU5aMCLhU,97%
831,【スカッとする話】母の葬儀中に夫から電話「親戚の集まりなのにサボるな！親の葬儀とか知るか今すぐ来い」私「分かりました」喪服のまま駆け付けた結果ｗ,https://www.youtube.com/watch?v=wdxUcG1tem8,20万回視聴 / 2 年前,どこにでも自由,https://www.youtube.com/channel/UCdYAr7nX6UlKOOdkLLabNug,9 か月前,0 回視聴,【スカッと】母の葬儀中に夫から電話「親戚達の集まりなのにサボるな!!親の葬儀とか知るか今すぐ来い」私「分かりました」喪服のまま駆け付け吊し上げた結果,https://www.youtube.com/watch?v=71UAe94bH0k,96%
832,【スカッとする話】私が義母の入院費を払ってると知らず新居に引っ越した夫「寄生虫は施設でもいけw」1億の高級施設に引越し入院費の支払も止めた結果w,https://www.youtube.com/watch?v=hRCh_bWpcgg,10万回視聴 / 2 年前,どこにでも自由,https://www.youtube.com/channel/UCdYAr7nX6UlKOOdkLLabNug,9 か月前,0 回視聴,【スカッと】私が義母の入院費を払ってると知らず新居に引っ越した夫「寄生虫は施設でもいけw」1億の高級施設に引越し入院費の支払も止めた結果,https://www.youtube.com/watch?v=cG8V31L_VCk,100%
833,【スカッとする話】自ら命を絶った夫が亡くなり1週間後、私宛に夫から手紙が届いた...手紙「両親に見つからず読んでくれ」そこに記された場所に行き同封の鍵でコインロッカーを開けると...,https://www.youtube.com/watch?v=9kcEIi88egw,23万回視聴 / 2 年前,どこにでも自由,https://www.youtube.com/channel/UCdYAr7nX6UlKOOdkLLabNug,9 か月前,0 回視聴,【スカッと】自ら命を絶った夫が亡くなり1週間後、私宛に夫から手紙が届いた…手紙「両親に見つからず読んでくれ」そこに記された場所に行き同封の鍵でコインロッカーを開けると,https://www.youtube.com/watch?v=gzBtBE8OGBQ,100%
834,【スカッとする話】親友の出産祝いで産婦人科へ行くと新生児の父親がまさかの夫だった...。私「おめでと！赤ちゃん可愛いね！」速攻で帰宅し夫の荷物を全て捨て、家を売り払い引越した結果w,https://www.youtube.com/watch?v=7Pz5jiUvSnQ,5万回視聴 / 2 年前,どこにでも自由,https://www.youtube.com/channel/UCdYAr7nX6UlKOOdkLLabNug,9 か月前,1 回視聴,【スカッとする話】親友の出産祝いで産婦人科へ行くと新生児の父親がまさかの夫だった…私「おめでと!!赤ちゃん可愛いね!!」速攻で帰宅し夫の荷物を全て捨て、家を売り払い引越した結果,https://www.youtube.com/watch?v=SDhDoPbVkhQ,100%
835,【スカッとする話】引越し祝いに来た義家族が居座り3ヶ月も出ていかない…義母「このまま家族5人住むわw」私「私は引越すのでご自由に！」義母「え？引越すの？」,https://www.youtube.com/watch?v=z2MwsWSfxvA,6万回視聴 / 1 年前,のび太の物語,https://www.youtube.com/channel/UCoLjCYF-OmR8GK_PNcCbSQw,1 年前,4回視聴,【スカッとする話】 スカッとする話引越し祝いに来た義家族が居座り3ヶ月も出ていかない…義母このまま家族5人住むわw私私は引越すのでご自由に義母え引越すの,https://www.youtube.com/watch?v=KSBKVY4fYd8,94%
836,【スカッとする話】私を猛烈に嫌う夫と義父が私を無視。私「朝ご飯出来てますよ」2人「…」3日後、夫と義父が事故で緊急搬送。夫「介護が必要になった…」私「…」無視して引越し姿を消した結果w,https://www.youtube.com/watch?v=fWyDRlG3j-c,4.4万回視聴 / 1 年前,のび太の物語,https://www.youtube.com/channel/UCoLjCYF-OmR8GK_PNcCbSQw,1 年前,5回視聴,【スカッとする話】 スカッとする話私を猛烈に嫌う夫と義父が私を無視私朝ご飯出来てますよ2人…3日後夫と義父が事故で緊急搬送夫介護が必要になった…私…無視して引越し姿を消した結果w,https://www.youtube.com/watch?v=y2SvPfrB4Bc,95%
837,【スカッとする話】夫の会社に身分を隠して入社した私。昼休み、夫のコップでお茶を飲むと女性秘書「私の夫のコップよ！言いつけてクビにする」呼び出された夫を待ち受けるとw【朗読】【スカッと】,https://www.youtube.com/watch?v=YXQf7LoG2gE,5.5万回視聴 / 3 か月前,ひそかな鼓動,https://www.youtube.com/channel/UCxgsqIBJ077rkI-tsq-Xplw,1 か月前,2回視聴,夫の会社に身分を隠して入社した私。昼休み、夫のコップでお茶を飲むと女性秘書「私の夫のコップよ！言いつけてクビにする」呼び出された夫を待ち受けるとw,https://www.youtube.com/watch?v=lw1ea_EfhqY,100%
838,【スカッとする話】30年連れ添った夫と離婚すると、義母「引っ越しはまだ？」夫「早く出てけ」私「30分後に消えます」荷物が運ばれ私が車に乗ると→義母「え？何なのこの高級車は？」,https://www.youtube.com/watch?v=Tlkag3rVT5s,18万回視聴 / 2 年前,ひだまり,https://www.youtube.com/channel/UCKEodUiXMA-_VNvkhNxII6w,1 か月前,0 回視聴,【LINE】30年連れ添った夫と離婚すると、義母「引っ越しはまだ？早く出てけ」私「30分後に消えます」→30分後、荷物が運ばれ私が車に乗ると,https://www.youtube.com/watch?v=f5LHcxZGtP0,86%
839,【スカッとする話】5歳で発語なしの娘に医者の夫「欠陥品は一族の恥！離婚！」義母「低学歴の嫁のせいよw」引越し当日、なぜか笑顔の娘→娘「お前ら…覚悟しろよ…」【朗読】【スカッと】,https://www.youtube.com/watch?v=N5KQN9p7Dec,1.7万回視聴 / 10 か月前,ほっこり朗読ルーム,https://www.youtube.com/channel/UCSlUg18tDFgmtpHSaROcKMQ,9 か月前,0 回視聴,【スカッとする話】5歳で発語なしの娘に医者の夫「欠陥品は一族の恥！離婚！」義母「低学歴の嫁のせいよw」引越し当日、なぜか笑顔の娘→娘「お前ら…覚悟しろよ…」【朗読】【スカッと】,https://www.youtube.com/watch?v=cNU2KaDOqzQ,95%
840,【スカッとする話】大銀行の最終面接で私の履歴書をビリビリに破り捨てた面接官「こいつ施設育ちだとw育てた親の顔が見たい」私「お母さん？いや、頭取。部下が呼んでるよ」【朗読】【スカッと】,https://www.youtube.com/watch?v=EMM1TKXBxpI,4.4万回視聴 / 10 か月前,ほっこり朗読ルーム,https://www.youtube.com/channel/UCSlUg18tDFgmtpHSaROcKMQ,9 か月前,11回視聴,【スカッとする話】大銀行の最終面接で私の履歴書をビリビリに破り捨てた面接官「こいつ施設育ちだとw育てた親の顔が見たい」私「お母さん？いや、頭取。部下が呼んでるよ」【朗読】【スカッと】,https://www.youtube.com/watch?v=wXFegyu4mqo,100%
841,【スカッとする話】姉夫婦の婚約祝いに到着すると息子「ママ、今すぐ帰ろう！早く発車して！」混乱する息子に理由を聞くと、息子「後ろみて…」私「え？」【朗読】【スカッと】,https://www.youtube.com/watch?v=3ROoZpLQQvY,1.8万回視聴 / 10 か月前,ほっこり朗読ルーム,https://www.youtube.com/channel/UCSlUg18tDFgmtpHSaROcKMQ,9 か月前,0 回視聴,【スカッとする話】姉夫婦の婚約祝いに到着すると息子「ママ、今すぐ帰ろう！早く発車して！」混乱する息子に理由を聞くと、息子「後ろみて…」私「え？」【朗読】【スカッと】,https://www.youtube.com/watch?v=EOY8OFt-t-c,100%
842,【スカッとする話】私の母が筆頭株主と知らず私の内定を取消した頭首「母子家庭は内定取消でw」一同大爆笑。私「だそうです…お母さん…」母「頭首？500億の株全て売却で」頭首「え？」【朗読】【スカッと】,https://www.youtube.com/watch?v=YARRQqAerVs,5.5万回視聴 / 10 か月前,ほっこり朗読ルーム,https://www.youtube.com/channel/UCSlUg18tDFgmtpHSaROcKMQ,9 か月前,3回視聴,【スカッとする話】私の母が筆頭株主と知らず私の内定を取消した頭首「母子家庭は内定取消でw」一同大爆笑。私「だそうです…お母さん…」母「頭首？500億の株全て売却で」頭首「え？」【朗読】【スカッと,https://www.youtube.com/watch?v=aSQvfO0K7Aw,96%
843,【スカッとする話】離婚し引っ越したことを知らない義父「明日から息子の家で暮らすw」義母「掃除しておきなさいw」私「え？息子さんの家は河川敷よ？」義両親「は？」【朗読】【スカッと】,https://www.youtube.com/watch?v=p9wE0wHlkMA,6.1万回視聴 / 10 か月前,ほっこり朗読ルーム,https://www.youtube.com/channel/UCSlUg18tDFgmtpHSaROcKMQ,9 か月前,2回視聴,【スカッとする話】離婚し引っ越したことを知らない義父「明日から息子の家で暮らすw」義母「掃除しておきなさいw」私「え？息子さんの家は河川敷よ？」義両親「は？」【朗読】【スカッと】,https://www.youtube.com/watch?v=PIE5-LrBSeE,100%
844,【感動する話】離婚当日、私にカードを渡した夫「2度と俺の前に現れるな」屈辱で3年間使えなかったので、解約しに銀行窓口に行くと、行員「奥様、お伝えしたいことが…」【朗読】,https://www.youtube.com/watch?v=j1whEo65tTY,18万回視聴 / 1 か月前,ほっとする毎日,https://www.youtube.com/channel/UCNhxgP73_HilIwHNloT2TPA,1 か月前,"7,091回視聴",離婚当日、私にカードを渡した夫「2度と俺の前に現れるな」屈辱で3年間使えなかったので、解約しに銀行窓口に行くと、行員「奥様、お伝えしたいことが…」,https://www.youtube.com/watch?v=Ym2V6u-Bn7I,100%
845,【スカッと総集編】家のローン月18万を払ってると知らず同居の長男嫁に1年間無視された...ある日、私「あれ？なんで私の荷物が...」長男嫁「キレイにしておいてあげたw」私の荷物を勝手に捨てられた,https://www.youtube.com/watch?v=bPcGySAd3gA,20万回視聴 / 2 年前,やさしいまなざし,https://www.youtube.com/channel/UCIWKLawJIaBHSGKOL66l9GA,1 年前,0 回視聴,【スカッと】家のローン月18万を払ってると知らず同居の長男嫁に1年間無視された   ある日、私「あれ？なんで私の荷物が   」長男嫁「キレイにしておいてあげたw」私の荷物を勝手に捨てられた,https://www.youtube.com/watch?v=pSGsJO1FGho,100%
846,【スカッとする話】年末に息子夫婦が泊まりにくると、深夜に夫が突然私を裏口に…夫「今のうちに家から出よう」私「え？年越しそば食べないの？」夫「お前気づいてないのか？」【朗読】【スカッと】,https://www.youtube.com/watch?v=AdhCK-BGvg4,13万回視聴 / 11 か月前,ゆるやかな人生日記,https://www.youtube.com/channel/UCE8xwdD2jIFQ3cSQr9IYgOA,5 か月前,1 回視聴,年末に息子夫婦が泊まりに来ると、深夜に夫が突然私を裏口に呼んだ...夫「今のうちに家から出よう」私「え？年越しそば食べないの？」夫「お前気づいてないのか？」【シニアライフ】【60代以上の方へ】,https://www.youtube.com/watch?v=XLCK-Fqmzlw,96%
847,【スカッとする話】私の資産が9億あると知らず社長令嬢の愛人と再婚した元夫と再会「生活保護の貧乏人じゃんw元気？w」私「は？誰と勘違いしてるの？」真実を伝えると元夫が半狂乱にw【スカッと】【朗読】,https://www.youtube.com/watch?v=uYt37nxwb0o,1.8万回視聴 / 2 年前,よみかた,https://www.youtube.com/channel/UCUeEDBlEKnZtizIZrthr1IQ,1 か月前,26回視聴,私の資産が9億あると知らず社長令嬢の愛人と再婚した元夫と再会「生活保護の貧乏人じゃんw元気？w」私「は？誰と勘違いしてるの？」真実を伝えると元夫が半狂乱にw,https://www.youtube.com/watch?v=guG2UM4v4lE,100%
848,【スカッと総集編】私の資産が9億あると知らず社長令嬢の愛人と再婚した元夫と再会「生活保護の貧乏人じゃんw元気？w」私「は？誰と勘違いしてるの？」真実を伝えると元夫が半狂乱にw,https://www.youtube.com/watch?v=lVGupM23LsE,31万回視聴 / 2 年前,よみかた,https://www.youtube.com/channel/UCUeEDBlEKnZtizIZrthr1IQ,1 か月前,26回視聴,私の資産が9億あると知らず社長令嬢の愛人と再婚した元夫と再会「生活保護の貧乏人じゃんw元気？w」私「は？誰と勘違いしてるの？」真実を伝えると元夫が半狂乱にw,https://www.youtube.com/watch?v=guG2UM4v4lE,100%
849,【スカッとする話】私が夫の入院費を払ってると知らず私の荷物を全て捨てた夫の連れ子「もうパパに寄生するなw」連れ子を残し1億のタワマンに引越し入院費の支払いも止めた結果w,https://www.youtube.com/watch?v=JaGjTAkTfxQ,30万回視聴 / 2 年前,りつね,https://www.youtube.com/channel/UC1e-g0Xwc0189hSRXI8j_qQ,2 か月前,11回視聴,私が夫の入院費を払ってると知らず私の荷物を全て捨てた夫の連れ子「もうパパに寄生するなw」→連れ子を残し1億のタワマンに引っ越し入院費の支払いも止めた結果ｗ,https://www.youtube.com/watch?v=U8wjsDSCOic,99%
850,【スカッとする話】10億の資産を築いた父の葬儀後に母と高級料亭へ行くと、なぜか欠席してた夫と姑の姿が…。声をかけようとすると夫と姑のとんでもない会話が聞こえたのでこっそり先手を打った結果w,https://www.youtube.com/watch?v=7RO_1nL2V5U,7.9万回視聴 / 3 年前,アヒルの子,https://www.youtube.com/channel/UCW4prcGFf0yqLylWHc8zRLQ,3 か月前,0 回視聴,【スカッとする話】 10億の資産を築いた父の葬儀後に母と高級料亭へ行くと、なぜか欠席してた夫と姑の姿が…。声をかけようとすると夫と姑のとんでもない会話が聞こえたのでこっそり先手を打った結果w,https://www.youtube.com/watch?v=_U0dbAh0Ar0,100%
851,【スカッとする話】3年前に記入済みの離婚届を残し失踪した夫が突然帰宅「家に帰ってやったぞwビールと高級寿司用意しろw」無言で家の荷物を回収した私「じゃあ私も実家に帰りますね」夫「は？実家？」【修羅場】,https://www.youtube.com/watch?v=n-SwmIWzdeo,1.9万回視聴 / 3 年前,アヒルの子,https://www.youtube.com/channel/UCW4prcGFf0yqLylWHc8zRLQ,3 か月前,0 回視聴,【スカッとする話】 3年前に記入済みの離婚届を残し失踪した夫が突然帰宅「家に帰ってやったぞwビールと高級寿司用意しろw」無言で家の荷物を回収した私「じゃあ私も実家に帰りますね」夫「は？実家？」,https://www.youtube.com/watch?v=47slf20zh10,100%
852,【スカッとする話】亡くなった元夫の保険金3000万で新築一軒屋を建てた夫「母さんに家買ったｗ逆らうなら離婚だw」私「わかりました。いいけど後悔するよ？」夫「しねぇよw」→1ヶ月後...【修羅場】,https://www.youtube.com/watch?v=dW-opdxTbYQ,11万回視聴 / 3 年前,アヒルの子,https://www.youtube.com/channel/UCW4prcGFf0yqLylWHc8zRLQ,3 か月前,0 回視聴,【スカッとする話】 亡くなった元夫の保険金3000万で新築一軒屋を建てた夫「母さんに家買ったｗ逆らうなら離婚だw」私「わかりました。いいけど後悔するよ？」夫「しねぇよw」→1ヶ月後   【修羅場】,https://www.youtube.com/watch?v=Q_06fGAcDjU,100%
853,【スカッとする話】夫が誕生日に愛人と温泉旅行。夫「ケーキ？ゴミは捨てといて」私「わかった、ゴミは捨てておくね…」夫の大事なアレもコレも捨てた結果w【修羅場】,https://www.youtube.com/watch?v=0sVwSDIsx5c,4.1万回視聴 / 3 年前,アヒルの子,https://www.youtube.com/channel/UCW4prcGFf0yqLylWHc8zRLQ,3 か月前,0 回視聴,【スカッとする話】夫が誕生日に愛人と温泉旅行。夫「ケーキ？ゴミは捨てといて」私「わかった、ゴミは捨てておくね…」夫の大事なアレもコレも捨てた結果w【修羅場】,https://www.youtube.com/watch?v=tl8Rw4bM3rs,100%
854,【スカッとする話】夫のスマホに姑から着信。娘がスピーカーにして出ると、姑と義姉の会話が聞こえてきて...私が慌てて娘を連れて逃亡し、警察に通報した結果【修羅場】,https://www.youtube.com/watch?v=bQGoPM_OHrI,6.8万回視聴 / 3 年前,アヒルの子,https://www.youtube.com/channel/UCW4prcGFf0yqLylWHc8zRLQ,3 か月前,1 回視聴,【スカッとする話】 夫のスマホに姑から着信。娘がスピーカーにして出ると、姑と義姉の会話が聞こえてきて   私が慌てて娘を連れて逃亡し、警察に通報した結果【修羅場】,https://www.youtube.com/watch?v=BpO2jMdrhHw,100%
855,【スカッとする話】夫の遺産３億を相続した私に長男夫婦「お金は振り込まれた？」私「手続きが複雑でまだなの」嫌な予感がして嘘をついた。翌日、長男嫁の両親がやって来て…【修羅場】,https://www.youtube.com/watch?v=6Ar7XC0xekw,7.5万回視聴 / 3 年前,アヒルの子,https://www.youtube.com/channel/UCW4prcGFf0yqLylWHc8zRLQ,3 か月前,0 回視聴,【スカッとする話】 夫の遺産３億を相続した私に長男夫婦「お金は振り込まれた？」私「手続きが複雑でまだなの」嫌な予感がして嘘をついた。翌日、長男嫁の両親がやって来て…【修羅場】,https://www.youtube.com/watch?v=2kguCwBu9wU,100%
856,【スカッとする話】10年間介護した義母が他界すると夫「愛人が妊娠したから離婚でw」愛人「賞味期限切れた嫁は失せろw」6ヶ月後、愛人が子供を産むと→夫は半狂乱に。だって目と鼻が…,https://www.youtube.com/watch?v=0o71wb5Xrwc,7.3万回視聴 / 2 年前,イルカ,https://www.youtube.com/channel/UCgJDyMjGzUNyuO2rcyBSWgg,2 年前,0 回視聴,【スカッと】10年間介護した義母が他界すると夫「愛人が妊娠したから離婚w」愛人「賞味期限切れた嫁は失せろw」半年後、愛人が子供を産むと→夫は半狂乱に。だって目と鼻が…【修羅場】,https://www.youtube.com/watch?v=sgFsJ2lfPtc,96%
857,【スカッとする話】姑の誕生会でも私を家政婦扱いする夫「バカ嫁さっさと料理出せ」義父「これ全部1人で！？」私「いつものことですから…」すると義父が豹変し…【修羅場】,https://www.youtube.com/watch?v=My7bUq_jaIs,11万回視聴 / 3 年前,カヨコ😌【70代田舎でのんびり生活】,https://www.youtube.com/channel/UCsqmoxqIMhaSPNOeRVb5wnQ,3 年前,"86,942回視聴",【スカッとする話】姑の誕生会でも家政婦扱いの私。姑「バカ嫁さっさと料理だせ」義兄「これ全部一人で！？」私「いつものことですから…」すると義兄が豹変し…【修羅場】,https://www.youtube.com/watch?v=u4w5J4qO5qo,74%
858,【スカッとする話】新築祝いに来た義両親が居座りもう2週間も出ていかない…義母「私たちもここに住もうかしらw」私「ご自由に！私は引越しますので！」義母「え？」,https://www.youtube.com/watch?v=V6U5mOgXHnQ,9.7万回視聴 / 1 年前,カヨコ😌【70代田舎でのんびり生活】,https://www.youtube.com/channel/UCsqmoxqIMhaSPNOeRVb5wnQ,1 年前,"9,173回視聴",【スカッとする話】新築祝いに来た義両親が居座りもう2週間も出ていかない…義母「私たちもここに住もうかしらw」私「ご自由に！私は引越しますので！」義母「え？」,https://www.youtube.com/watch?v=gEI-Z2oylZM,100%
859,【スカッとする話】病室で夫が他界した3秒後...長男「遺産は俺が配分するぞw」私「では今後一切援助は無しで」長男嫁「は？ババァもさっさと逝けw」次の瞬間、次男がとんでもないことを…,https://www.youtube.com/watch?v=WZyGcrwc7t8,7.6万回視聴 / 3 年前,カヨコ😌【70代田舎でのんびり生活】,https://www.youtube.com/channel/UCsqmoxqIMhaSPNOeRVb5wnQ,3 年前,"62,790回視聴",【スカッとする話】病室で夫が他界した2秒後…長男嫁「遺産は私が配分します」私「じゃあ援助は無しにします」長男嫁「は？お前もさっさとしね」次の瞬間、長男がとんでもないことを…【修羅場】,https://www.youtube.com/watch?v=_9ViTzdSy14,75%
860,【スカッとする話】里帰り出産から戻ると家が二世帯住宅に増築されてた…義母「アンタの貯金使っちゃったw」私「私に貯金はありませんけど？」義母「え？」実は…,https://www.youtube.com/watch?v=NII00KiwKsc,6.8万回視聴 / 1 年前,カヨコ😌【70代田舎でのんびり生活】,https://www.youtube.com/channel/UCsqmoxqIMhaSPNOeRVb5wnQ,1 年前,"1,822回視聴",【スカッとする話】里帰り出産から戻ると家が二世帯住宅に増築されてた…義母「アンタの貯金使っちゃったw」私「私に貯金はありませんけど？」義母「え？」実は…,https://www.youtube.com/watch?v=RtjuMhRKEFQ,100%
861,【スカッとする話】勝手に離婚届を提出した夫「離婚届出しておいたぞw」愛人「1週間で出て行けw」私「いや、今すぐ出てくわ」3秒で出ていくと夫から鬼電がw,https://www.youtube.com/watch?v=ZQpFSTa8aRk,13万回視聴 / 2 年前,キミに感動を届けたい,https://www.youtube.com/channel/UC7VlAEb46vAJ3augJyf1J5A,1 年前,1 回視聴,【スカッと】勝手に離婚届を提出した夫「離婚届出しておいたぞw」愛人「1週間で出て行けw」私「いや、今すぐ出てくわ」5秒で出ていくと夫から鬼電がw【修羅場】,https://www.youtube.com/watch?v=7_Rpn1Zoxa4,98%
862,【スカッとする話】夫「引越しは済んだか？」私「今日中に出ていくわ」ATM扱いされ家を追い出された私。1ヶ月後、夫が血相を変えて鬼電してきて...【修羅場】,https://www.youtube.com/watch?v=mRlS0rHQ-lY,12万回視聴 / 3 年前,キミに感動を届けたい,https://www.youtube.com/channel/UC7VlAEb46vAJ3augJyf1J5A,1 年前,0 回視聴,【スカッと】夫「引越しは済んだか？」私「今日中には出ていくわ」夫にATM扱いされ家を追い出された私→1ヶ月後、夫が血相を変えて鬼電してきて…,https://www.youtube.com/watch?v=T3RVpBSYO_w,97%
863,【スカッとする話】長男夫婦に初孫が生まれ出産祝いに行くと長男嫁「二人は汚いので床でいいですか？w」長男「ジジババは段ボールの上でw」夫「...帰るか」私「うん」速帰宅し→永久に無視した結果w,https://www.youtube.com/watch?v=Y2GawdK7Q9E,10万回視聴 / 2 年前,キミに感動を届けたい,https://www.youtube.com/channel/UC7VlAEb46vAJ3augJyf1J5A,1 年前,0 回視聴,【スカッと】長男夫婦に初孫が生まれ出産祝いに行くと長男嫁「お二人は汚いので床でいいですか？w」長男「ジジババは段ボールの上でw」夫「帰るか…」私「うん」速帰宅し→永久に無視した結果w【修羅場,https://www.youtube.com/watch?v=aUzuUJszIOo,97%
864,【スカッとする話】長男夫婦に初孫が生まれ出産祝いに行くと長男嫁「二人は汚いので床でいいですか？w」長男「ジジババは段ボールの上でw」夫「...帰るか」私「うん」速帰宅し→永久に無視した結果w,https://www.youtube.com/watch?v=Y2GawdK7Q9E,10万回視聴 / 2 年前,コオロギ,https://www.youtube.com/channel/UCQvlraed2GQv5YfHpnbLYHA,2 年前,0 回視聴,【スカッと】長男夫婦に初孫が生まれ出産祝いに行くと長男嫁「お二人は汚いので床でいいですか？w」長男「ジジババは段ボールの上でw」夫「帰るか…」私「うん」速帰宅し→永久に無視した結果w【修羅場,https://www.youtube.com/watch?v=LajSt62RDZ4,97%
865,【スカッと】起業した夫を支えてきた私を裏切った夫「21歳のバイトを妊娠させた！離婚しで！」私「はーい、仕事も辞めるね！」夫「は？仕事は続けてくれよ」私「嫌よ。だってあのバイト...」,https://www.youtube.com/watch?v=n-_5T-nb0dg,3.7万回視聴 / 2 年前,サヨナラの選択4848,https://www.youtube.com/channel/UCiDg2Vs1LHy6qIiV6ilje1A,1 か月前,28回視聴,起業した夫を支えてきた私を裏切った夫「21歳のバイトを妊娠させた！悪いが、離婚してくれ！」私「はーい、仕事も辞めるね！」夫「は？仕事は続けてくれよ」,https://www.youtube.com/watch?v=BTZ7N_dYJi8,86%
866,【スカッとする話】10年間義両親の介護を私に丸投げした夫「愛人と結婚するから離婚でｗ今後も介護がんばってなｗ」私「分かった（計画通り）」【朗読】【スカッと】,https://www.youtube.com/watch?v=njtd515eFh4,3万回視聴 / 1 年前,サヨナラの選択4848,https://www.youtube.com/channel/UCiDg2Vs1LHy6qIiV6ilje1A,2 週間前,0 回視聴,【スカッとする話】10年間義両親の介護を私に丸投げした夫「愛人と結婚するから離婚でｗ今後も介護がんばってなｗ」私「分かった（計画通り）」【朗読】【スカッと】,https://www.youtube.com/watch?v=_Dc_8IoMyW4,89%
867,【スカッとする話】10年間義両親の介護を私に丸投げした夫「愛人と結婚するから離婚でｗ今後も介護がんばってなｗ」私「分かった（計画通り）」【朗読】【スカッと】,https://www.youtube.com/watch?v=njtd515eFh4,3万回視聴 / 1 年前,サヨナラの選択4848,https://www.youtube.com/channel/UCiDg2Vs1LHy6qIiV6ilje1A,2 週間前,0 回視聴,【スカッとする話】10年間義両親の介護を私に丸投げした夫「愛人と結婚するから離婚でｗ今後も介護がんばってなｗ」私「分かった（計画通り）」【朗読】【スカッと】,https://www.youtube.com/watch?v=L6CQRUVrroQ,89%
868,【スカッとする話】デパートでバイトする私に会長夫人「私を誰だと思ってるの？ここの会長の夫人様よ！」私「で？」夫人「もういいお前クビ！」直後、会長夫人は全てを失い…w【朗読】【スカッと】,https://www.youtube.com/watch?v=Y4k29xHFHUY,3.3万回視聴 / 6 か月前,サヨナラの選択4848,https://www.youtube.com/channel/UCiDg2Vs1LHy6qIiV6ilje1A,3 週間前,0 回視聴,【スカッとする話】デパートでバイトする私に会長夫人「私を誰だと思ってるの？ここの会長の夫人様よ！」私「で？」夫人「もういいお前クビ！」直後、会長夫人は全てを失い…w【朗読】【スカッと】,https://www.youtube.com/watch?v=ks7lwFCnjLM,100%
869,【スカッとする話】同居の約束で新築の4000万援助したのに勝手に嫁両親を住ませる息子夫婦「家の名義は私たちなのでw」キレた夫が銀行融資を停止→2週間後、息子から鬼電がw【朗読】【スカッと】,https://www.youtube.com/watch?v=XA-rA7VecBI,5.5万回視聴 / 9 か月前,サヨナラの選択4848,https://www.youtube.com/channel/UCiDg2Vs1LHy6qIiV6ilje1A,2 週間前,0 回視聴,【スカッとする話】同居の約束で新築の4000万援助したのに勝手に嫁両親を住ませる息子夫婦「家の名義は私たちなのでw」キレた夫が銀行融資を停止→2週間後、息子から鬼電がw【朗読】【スカッと】,https://www.youtube.com/watch?v=9en_nSlDc5I,100%
870,【スカッとする話】私「もう限界…出ていきます」夫「家事と介護は嫁の仕事！責任果たせないなら離婚！」お望み通り離婚届を置いて姿を消すと→半狂乱の夫から鬼電がw【朗読】【スカッと】,https://www.youtube.com/watch?v=7b4pVxD6-XQ,1.8万回視聴 / 9 か月前,サヨナラの選択4848,https://www.youtube.com/channel/UCiDg2Vs1LHy6qIiV6ilje1A,2 週間前,0 回視聴,【スカッとする話】私「もう限界…出ていきます」夫「家事と介護は嫁の仕事！責任果たせないなら離婚！」お望み通り離婚届を置いて姿を消すと→半狂乱の夫から鬼電がw【朗読】【スカッと】,https://www.youtube.com/watch?v=K3GLb3eIlyE,100%
871,【スカッとする話】私が義父の入院費を払ってると知らず私の荷物を全て捨てた夫「もう俺に寄生するな穀潰しがw」夫を残し1億の豪邸に引越し入院費の支払いも止めた結果w,https://www.youtube.com/watch?v=Yfo6v4-ZtHc,22万回視聴 / 2 年前,サヨナラの選択4848,https://www.youtube.com/channel/UCiDg2Vs1LHy6qIiV6ilje1A,1 か月前,8回視聴,私が義父の入院費を払ってると知らず私の荷物を全て捨てた夫「もう俺に寄生するな穀潰しがw」夫を残し1億の豪邸に引越し入院費の支払いも止めた結果w,https://www.youtube.com/watch?v=OfgToWQmkf4,100%
872,【スカッとする話】私の実家の庭に幼馴染の家を建てる夫。夫「貧乏だから助けてあげたい」私「それ本当に大丈夫？」真実を伝えると夫が震えだしw【朗読】【スカッと】,https://www.youtube.com/watch?v=yluothDtfeE,3.5万回視聴 / 6 か月前,サヨナラの選択4848,https://www.youtube.com/channel/UCiDg2Vs1LHy6qIiV6ilje1A,2 週間前,1 回視聴,【スカッとする話】私の実家の庭に幼馴染の家を建てる夫。夫「貧乏だから助けてあげたい」私「それ本当に大丈夫？」真実を伝えると夫が震えだしw【朗読】【スカッと】,https://www.youtube.com/watch?v=iOzvYl0FjG0,100%
873,【スカッと総集編】義父の入院費を払ってると知らず私の荷物を全て捨てた夫「俺に寄生するな穀潰しw」夫を残し1億の豪邸に引越し入院費の支払いも止めた結果w【スカッとする話】【スカッと】,https://www.youtube.com/watch?v=EmiUvKJTw3c,5.8万回視聴 / 1 年前,サヨナラの選択4848,https://www.youtube.com/channel/UCiDg2Vs1LHy6qIiV6ilje1A,1 か月前,8回視聴,私が義父の入院費を払ってると知らず私の荷物を全て捨てた夫「もう俺に寄生するな穀潰しがw」夫を残し1億の豪邸に引越し入院費の支払いも止めた結果w,https://www.youtube.com/watch?v=OfgToWQmkf4,96%
874,【スカッと総集編】起業した夫を支えてきた私を裏切った夫「21歳のバイトを妊娠させた！悪いが、離婚してくれ！」私「はーい、仕事も辞めるね！」夫「は？仕事は続けてくれよ」,https://www.youtube.com/watch?v=C6r_ataNQZU,18万回視聴 / 2 年前,サヨナラの選択4848,https://www.youtube.com/channel/UCiDg2Vs1LHy6qIiV6ilje1A,1 か月前,28回視聴,起業した夫を支えてきた私を裏切った夫「21歳のバイトを妊娠させた！悪いが、離婚してくれ！」私「はーい、仕事も辞めるね！」夫「は？仕事は続けてくれよ」,https://www.youtube.com/watch?v=BTZ7N_dYJi8,100%
875,【感動する話】同級生だった夫と離婚し独りの私の元に、突然、元義母「息子に会ってほしいの…」再会すると信じられない姿に…【朗読】【スカッと】,https://www.youtube.com/watch?v=qL0fgimyBlg,9.5万回視聴 / 1 年前,サヨナラの選択4848,https://www.youtube.com/channel/UCiDg2Vs1LHy6qIiV6ilje1A,2 週間前,0 回視聴,【感動する話】同級生だった夫と離婚し独りの私の元に、突然、元義母「息子に会ってほしいの…」再会すると信じられない姿に…【朗読】【スカッと】,https://www.youtube.com/watch?v=KaVJDx1GC4A,94%
876,【スカッとする話】夫が突然ビールをぶっかけ、夫「俺のおかげで暮らせてる寄生虫が…文句あるなら離婚して出て行け！」私「わかりました…」3日後、夫からの鬼電を全無視した結果w,https://www.youtube.com/watch?v=Z7gS0PmgiuQ,2.6万回視聴 / 3 年前,サレ妻スカッと朗読劇場,https://www.youtube.com/channel/UCJgoXHICCqfacxNrlNShnhA,3 年前,"14,848回視聴",【スカッとする話】夫が突然ビールをぶっかけ、夫「俺のおかげで暮らせてる寄生虫が…文句あるなら離婚して出て行け！」私「わかりました…」3日後、夫からの鬼電を全無視した結果w,https://www.youtube.com/watch?v=QchOYPl1r6w,100%
877,【スカッとする話】夫と娘に10年嫌われ続けた母親の私。娘の中学卒業式の日に姿を消すと、血相を変えた夫から鬼電がきて永久に無視した結果w【修羅場】【スカッと】,https://www.youtube.com/watch?v=U2S1py-2s34,8.5万回視聴 / 3 年前,サレ妻スカッと朗読劇場,https://www.youtube.com/channel/UCJgoXHICCqfacxNrlNShnhA,3 年前,"2,300回視聴",【スカッとする話】夫と娘に10年間嫌われ続けた母親の私。娘の中学卒業式の日に姿を消すと、血相を変えた夫から鬼電がきて、私（やっと気づいたかw）実は...,https://www.youtube.com/watch?v=bxFKLbECBP0,83%
878,【スカッとする話】夫が突然大量の荷物を持ってきて、夫「今日から俺の両親と姉を養う！嫌なら離婚だ！」私「え？もう離婚済みだけど？」夫「え？」結果w,https://www.youtube.com/watch?v=G4O12jIGPfg,8.7万回視聴 / 3 年前,ザ!スカッとDASH!!,https://www.youtube.com/channel/UCE-5bI6bPEt9ZRh85ltq1Cg,1 年前,3回視聴,【スカッと感動】夫が突然大量の荷物を持ってきて、夫「今日から俺の両親と姉を養う！嫌なら離婚だ！」私「え？もう離婚済みだけど？」夫「え？」結果,https://www.youtube.com/watch?v=nxZWhvy7dDU,88%
879,【スカッとする話】年末に息子夫婦が泊まりにくると、深夜に夫が突然私を裏口に…夫「今のうちに家から出よう」私「え？年越しそば食べないの？」夫「お前気づいてないのか？」【朗読】【スカッと】,https://www.youtube.com/watch?v=AdhCK-BGvg4,13万回視聴 / 11 か月前,シニアの旅路,https://www.youtube.com/channel/UCYWePmbuqQihimPRSxsSN2g,4 か月前,924回視聴,年末に息子夫婦が泊まりに来ると、深夜に夫が突然私を裏口に呼んだ...夫「今のうちに家から出よう」私「え？年越しそば食べないの？」夫「お前気づいてないのか？」【シニアライフ】【60代以上の方へ】,https://www.youtube.com/watch?v=tu_oCq0x1Ao,96%
880,【スカッとする話】17歳で出産し高校中退した私。元彼「結婚？するわけw」20年後、元彼が私と娘に遭遇。元彼「そいつも早そうだなw」娘「こいつの人生潰すね」【朗読】【スカッと】,https://www.youtube.com/watch?v=cdhdPI1kb2Y,2.3万回視聴 / 4 か月前,シニア恋愛,https://www.youtube.com/channel/UCnd6MdoC_kW2CQVyL1AEERA,4 か月前,76回視聴,【スカッとする話】17歳で出産し高校中退した私。元彼「結婚？するわけw」20年後、元彼が私と娘に遭遇。元彼「そいつも早そうだなw」娘「こいつの人生潰すね」【朗読】【スカッと】,https://www.youtube.com/watch?v=XqjrVTB0uUU,100%
881,【スカッとする話】アメリカ本社から戻ってきた私を雑用扱いする社長令嬢「パシリご苦労さんw」私「君クビね、今までご苦労さん」社長令嬢「え？」【朗読】【スカッと】,https://www.youtube.com/watch?v=rm1z-lg0fRg,2.9万回視聴 / 4 か月前,シニア恋愛,https://www.youtube.com/channel/UCnd6MdoC_kW2CQVyL1AEERA,4 か月前,94回視聴,【スカッとする話】アメリカ本社から戻ってきた私を雑用扱いする社長令嬢「パシリご苦労さんw」私「君クビね、今までご苦労さん」社長令嬢「え？」【朗読】【スカッと】,https://www.youtube.com/watch?v=JXHfJNLRCVk,100%
882,【スカッとする話】ボロ服を着た母を見て婚約破棄を言い渡した義母「住む世界が違うみたいw」母「ええ、そのようですね」帰宅後、義家族から鬼電がw【朗読】【スカッと】,https://www.youtube.com/watch?v=DIGjC053Atk,3.6万回視聴 / 4 か月前,シニア恋愛,https://www.youtube.com/channel/UCnd6MdoC_kW2CQVyL1AEERA,4 か月前,"1,208回視聴",【スカッとする話】ボロ服を着た母を見て婚約破棄を言い渡した義母「住む世界が違うみたいw」母「ええ、そのようですね」帰宅後、義家族から鬼電がw【朗読】【スカッと】,https://www.youtube.com/watch?v=boQrOZQWbdQ,100%
883,【スカッとする話】元義母「二世帯住宅建てたw来月から家賃30万お願いw」私「離婚したから払いませんが？」元義母「嘘おっしゃいw」結果w【朗読】【スカッと】,https://www.youtube.com/watch?v=kSqGwQPxtec,2.8万回視聴 / 4 か月前,シニア恋愛,https://www.youtube.com/channel/UCnd6MdoC_kW2CQVyL1AEERA,4 か月前,152回視聴,【スカッとする話】元義母「二世帯住宅建てたw来月から家賃30万お願いw」私「離婚したから払いませんが？」元義母「嘘おっしゃいw」結果w【朗読】【スカッと】,https://www.youtube.com/watch?v=d-D2unDvSZM,100%
884,【スカッとする話】夫「俺の年金は1円もやらん」40年間夫を支えてきたのに、他人のように突き放された私（もう我慢しなくていっかw）→翌日、なぜか夫が泣き叫びw【朗読】【スカッと】,https://www.youtube.com/watch?v=gqjIGgB7rlA,4万回視聴 / 4 か月前,シニア恋愛,https://www.youtube.com/channel/UCnd6MdoC_kW2CQVyL1AEERA,4 か月前,48回視聴,【スカッとする話】夫「俺の年金は1円もやらん」40年間夫を支えてきたのに、他人のように突き放された私（もう我慢しなくていっかw）→翌日、なぜか夫が泣き叫びw【朗読】【スカッと】,https://www.youtube.com/watch?v=-qZU_hjJqfQ,100%
885,【スカッとする話】夫と会社の新年会に行くと、部外者扱いされた私たち…課長「関係者だけ飲もっかw」夫と私「帰るから車出して」秘書「会長、承知しました」翌日w【朗読】【スカッと】,https://www.youtube.com/watch?v=YRUQbr26aHY,3.2万回視聴 / 4 か月前,シニア恋愛,https://www.youtube.com/channel/UCnd6MdoC_kW2CQVyL1AEERA,4 か月前,46回視聴,【スカッとする話】夫と会社の新年会に行くと、部外者扱いされた私たち…課長「関係者だけ飲もっかw」夫と私「帰るから車出して」秘書「会長、承知しました」翌日w【朗読】【スカッと】,https://www.youtube.com/watch?v=4IVDp7ToKG8,100%
886,【スカッとする話】手術当日、怯える私を見捨て、平然と飲み会へ向かった夫。1年後、夫の癌が発覚すると夫「怖いから来てくれ、頼む」私「飲み会だから無理w」結果w【朗読】【スカッと】,https://www.youtube.com/watch?v=ZSMzLBZN4z0,1.2万回視聴 / 4 か月前,シニア恋愛,https://www.youtube.com/channel/UCnd6MdoC_kW2CQVyL1AEERA,4 か月前,48回視聴,【スカッとする話】手術当日、怯える私を見捨て、平然と飲み会へ向かった夫。1年後、夫の癌が発覚すると夫「怖いから来てくれ、頼む」私「飲み会だから無理w」結果w【朗読】【スカッと】,https://www.youtube.com/watch?v=n49CdmokHso,95%
887,【スカッとする話】本社に異動になった中卒の私が東大卒の女部長に挨拶すると女部長「あんたが噂の中卒ねw部下はコーヒー淹れてきてw」私（今は泳がせとこw）実はw【朗読】【スカッと】,https://www.youtube.com/watch?v=p8J-A05WKIc,1.5万回視聴 / 4 か月前,シニア恋愛,https://www.youtube.com/channel/UCnd6MdoC_kW2CQVyL1AEERA,4 か月前,122回視聴,【スカッとする話】本社に異動になった中卒の私が東大卒の女部長に挨拶すると女部長「あんたが噂の中卒ねw部下はコーヒー淹れてきてw」私（今は泳がせとこw）実はw【朗読】【スカッと】,https://www.youtube.com/watch?v=SaVMIu_p1_I,100%
888,【スカッとする話】父が急逝し女社長になった私。副社長「これ退職届80人分wコネだけの女は皆無理ってw」翌日、新聞を見た元部下が土下座→全員を無視してあげた結果w【朗読】【スカッと】,https://www.youtube.com/watch?v=vQdhdcwgO20,2.1万回視聴 / 4 か月前,シニア恋愛,https://www.youtube.com/channel/UCnd6MdoC_kW2CQVyL1AEERA,4 か月前,74回視聴,【スカッとする話】父が急逝し女社長になった私。副社長「これ退職届80人分wコネだけの女は皆無理ってw」翌日、新聞を見た元部下が土下座→全員を無視してあげた結果w【朗読】【スカッと】,https://www.youtube.com/watch?v=j_RDyPYSxNU,100%
889,【スカッとする話】父の介護のため帰省すると、速達で離婚届を送ってきた夫「皆大喜びしてるよw」私（もっと喜ばせてあげようw）翌日、夫が人生終了の結果にw【朗読】【スカッと】,https://www.youtube.com/watch?v=mMhLLBfr_Fk,2.3万回視聴 / 4 か月前,シニア恋愛,https://www.youtube.com/channel/UCnd6MdoC_kW2CQVyL1AEERA,4 か月前,95回視聴,【スカッとする話】父の介護のため帰省すると、速達で離婚届を送ってきた夫「皆大喜びしてるよw」私（もっと喜ばせてあげようw）翌日、夫が人生終了の結果にw【朗読】【スカッと】,https://www.youtube.com/watch?v=Pv0VxwVXnCA,100%
890,【スカッとする話】離婚して10年後に再婚した私。結婚式の知らせを聞き元夫が現れ、元夫「誰がこんな女で妥協する？w」新しい夫の名前が呼ばれると元夫が会場から逃げ出し…w【朗読】【スカッと】,https://www.youtube.com/watch?v=I0uVENJD8g8,5.1万回視聴 / 4 か月前,シニア恋愛,https://www.youtube.com/channel/UCnd6MdoC_kW2CQVyL1AEERA,4 か月前,61回視聴,【スカッとする話】離婚して10年後に再婚した私。結婚式の知らせを聞き元夫が現れ、元夫「誰がこんな女で妥協する？w」新しい夫の名前が呼ばれると元夫が会場から逃げ出し…w【朗読】【スカッと】,https://www.youtube.com/watch?v=zX5h0yWJSsI,100%
891,【スカッとする話】夫「引越しは済んだか？」私「今日中に出ていくわ」ATM扱いされ家を追い出された私。1ヶ月後、夫が血相を変えて鬼電してきて...【修羅場】,https://www.youtube.com/watch?v=mRlS0rHQ-lY,12万回視聴 / 3 年前,ジョーク,https://www.youtube.com/channel/UCpsvWsE9gNQCH6qhW_Fx8kQ,3 年前,665回視聴,【スカッとする話】夫「引越しは済んだか？」私「今日中には出ていくわ」夫にATM扱いされ家を追い出された私→1ヶ月後、夫が血相を変えて鬼電してきて…【修羅場】,https://www.youtube.com/watch?v=nFNxbso30gI,97%
892,【スカッとする話】単身赴任中の私に夫から速達で離婚届…夫「息子も離婚して欲しいってw」私（やっと自由になれるw）大喜びして離婚届を提出し家を売り払い更地にするとw,https://www.youtube.com/watch?v=VrctjOjY0Ts,8.8万回視聴 / 1 年前,スカっとゼミ!!,https://www.youtube.com/channel/UC9Hd679L2faWD0aJQHeAlrA,1 年前,"7,509回視聴",【スカッとする話】単身赴任中の私に夫から速達で離婚届…夫「息子も離婚して欲しいってw」私（やっと自由になれるw）大喜びして離婚届を提出し家を売り払い更地にし携帯も解約するとw,https://www.youtube.com/watch?v=tc-9FGKPWTs,96%
893,【スカッとする話】弁護士の長男が亡くなり葬儀後、長男嫁「遺産8000万とこの家は嫁である私が相続しますｗ」長男の部下一同が大爆笑ｗ→だって長男は…【修羅場】,https://www.youtube.com/watch?v=dLHFLGIOs2s,1.2万回視聴 / 3 年前,スカっとゼミ!!,https://www.youtube.com/channel/UC9Hd679L2faWD0aJQHeAlrA,3 年前,"349,452回視聴",【スカッとする話】代表弁護士の兄が亡くなり葬儀後、義姉「遺産8000万とこの家は嫁である私が相続しますのｗ」兄の部下一同が大爆笑ｗ→だって義姉は…【修羅場】,https://www.youtube.com/watch?v=KRPAry0foPU,72%
894,【スカッとする話】母子家庭で育てた長男の結婚式へ行くと私の席が無い...姑「貧乏人の席はありませんw」長男「帰ろっか..」私「うん...」義家族は全てを失う結果にw,https://www.youtube.com/watch?v=6UWe8WooXpM,10万回視聴 / 2 年前,スカっとゼミ!!,https://www.youtube.com/channel/UC9Hd679L2faWD0aJQHeAlrA,2 年前,112回視聴,【スカッとする話】母子家庭で育てた娘の結婚式へ行くと私の席が無い…義家族「貧乏人の席はないわよw」娘「帰ろっか..」私「うん…」義家族は全てを失う結果にw【修羅場】【厳選総集編】,https://www.youtube.com/watch?v=DKzM1r5EGpw,83%
895,【スカッとする話】私「ボーナスとピアノが消えた！」夫「出産祝いで長男嫁に渡した。俺の稼いだ金だし文句ないだろ」私は離婚届を即提出→後日、パニックの長男嫁から鬼電→私「あんた誰？」長男嫁「え？」【修羅場,https://www.youtube.com/watch?v=kiUx3a37Lv4,9万回視聴 / 3 年前,スカっとゼミ!!,https://www.youtube.com/channel/UC9Hd679L2faWD0aJQHeAlrA,3 年前,"200,958回視聴",【スカッとする話】私「ボーナスとピアノが消えた！」夫「出産祝いで妹に渡した。俺の稼いだ金だし文句ないだろ」私は離婚届を即提出→後日、大慌ての嫁いびり義妹から電話。私「アンタ誰？」義妹「え？」【修羅場】,https://www.youtube.com/watch?v=e-Biz2n8D-8,76%
896,【スカッとする話】私の遺産をあてにする長男夫婦。私が危篤状態になると枕元で長男嫁「これでババアの遺産は私たちの物ｗ」高笑いをして病室を去った次の瞬間、寝たきりの私が笑顔で起き上がり… 【修羅場】,https://www.youtube.com/watch?v=yrrQ18CMZjQ,2.1万回視聴 / 3 年前,スカっとゼミ!!,https://www.youtube.com/channel/UC9Hd679L2faWD0aJQHeAlrA,3 年前,"85,009回視聴",【スカッとする話】母の遺産をあてにはしゃぐ弟嫁。母が危篤状態になると枕元で「これでババアの遺産は私たちの物ｗ」高笑いをして病院を去った次の瞬間、寝たきりの母が起き上がり満面の笑みで…【修羅場】,https://www.youtube.com/watch?v=styiBssopwY,79%
897,【スカッとする話】私の遺産をあてにする長男夫婦。私が危篤状態になると枕元で長男嫁「これでババアの遺産は私たちの物ｗ」高笑いをして病室を去った次の瞬間、寝たきりの私が笑顔で起き上がり… 【修羅場】,https://www.youtube.com/watch?v=yrrQ18CMZjQ,2.1万回視聴 / 3 年前,スカっとゼミ!!,https://www.youtube.com/channel/UC9Hd679L2faWD0aJQHeAlrA,2 年前,"8,229回視聴",【スカッと☆厳選7本総集編】母の遺産をあてにはしゃぐ弟嫁。母が危篤状態になると枕元で「これでババアの遺産は私たちの物ｗ」高笑いをして病院を去った次の瞬間、寝たきりの母が起き上がり満面の笑みで…【修羅場,https://www.youtube.com/watch?v=kUHjfkX7-Zg,77%
898,【スカッとする話】私名義のマンションとは知らず私を追い出す長男嫁「お義母さんの全部が気に入らない！家族だけで暮らすから出てけ！」稼ぎ頭の私「じゃあ出ていきます」家の私物を全て回収し、家賃だけ残した結果,https://www.youtube.com/watch?v=k11Y7DA0DRk,12万回視聴 / 3 年前,スカっとゼミ!!,https://www.youtube.com/channel/UC9Hd679L2faWD0aJQHeAlrA,3 年前,"6,867回視聴",【スカッとする話】私名義のマンションとは知らずに私を追い出す息子嫁「義母の全てが気に入らない！家族だけで暮らすから出て行け！」稼ぎ頭の私「わかりました…」→即絶縁して私物を全て回収。家賃だけ残した結果,https://www.youtube.com/watch?v=jjdUMvdaKxU,81%
899,【スカッとする話】義母の私だけ新築祝いに招待せず引っ越し先すら教えない長男嫁「偽物の母親に個人情報は教えませんw」私「そう、残念ね…」→本物の娘に財産を全て譲った結果w【修羅場】,https://www.youtube.com/watch?v=mOy5nZK4Phw,7.3万回視聴 / 3 年前,スカっとゼミ!!,https://www.youtube.com/channel/UC9Hd679L2faWD0aJQHeAlrA,3 年前,"47,622回視聴",【スカッとする話】継母の私を結婚式に招待せず住所すら教えない娘「偽物の母親に個人情報は教えませんｗ」私「そう、それは残念だわ…」→本物の娘に財産全てを譲った結果ｗｗｗ【修羅場】,https://www.youtube.com/watch?v=JwU2_PZrMD8,74%
900,【スカッとする話】親族の集まりで主婦の私を見下す娘「専業主婦って寄生虫だよねw」夫「俺がいないと終わりだなw」私「じゃあ嫁も母親も辞めるね」夫・娘「え？」結果w【スカッと】【朗読】【修羅場】,https://www.youtube.com/watch?v=VD6RZRSRF7s,7.6万回視聴 / 2 年前,スカっとゼミ!!,https://www.youtube.com/channel/UC9Hd679L2faWD0aJQHeAlrA,1 年前,"2,459回視聴",【スカッと】親戚の集まりで主婦の私を見下す長男嫁「専業主婦って寄生虫だよねｗ」夫「俺らがいないと終わりだもんな」息子「間違いないｗ」私「じゃ嫁も姑も母も仕事も全部やめるね」一同「え？仕事？」【修羅場】,https://www.youtube.com/watch?v=G-PrX312MyU,73%
901,【スカッとする話】風呂も寝室も完全別で夜の行為も一切しない夫が緊急入院し手術する事に→医師「い、一体なんだこれは…」夫の体を見た医師が震え出し...,https://www.youtube.com/watch?v=IIMdWb_44ts,37万回視聴 / 2 年前,スカっとゼミ!!,https://www.youtube.com/channel/UC9Hd679L2faWD0aJQHeAlrA,1 年前,"174,305回視聴",【スカッとする話】風呂も寝室も完全別で夜の行為も一切ない私が緊急入院し手術する事に→医師「い…一体これはなんなんだ！」私の体を見た医師が震えだし…後日、顔面蒼白の夫が【修羅場】【朗読】,https://www.youtube.com/watch?v=8p3vkkh73Zo,81%
902,【スカッとする話】義姉が義実家から引っ越した途端、新築の為に貯めた3000万が無くなった…。私「警察を呼んで！」夫「やめろ！姉が疑われる！」→私「もう通報した」30分後w【修羅場】,https://www.youtube.com/watch?v=_OLk6sBB6oQ,9.5万回視聴 / 3 年前,スカッと 0123,https://www.youtube.com/channel/UCpUGVxilvazH11kw1vtnWzg,3 年前,1 回視聴,【修羅場】義姉が義実家から引っ越した途端、新築の為に貯めた3000万が無くなった…。私「警察を呼んで！」夫「やめろ！姉が疑われる！」→私「もう通報した」30分後w【スカッとする話】,https://www.youtube.com/watch?v=NL9QBANZZkw,100%
903,【スカッとする話】夫の借金を月数十万返済し続けている私に姑「ニートは離婚して出ていけ！」稼ぎ頭の私「じゃあ出ていきます！」即離婚し私物は回収、借金を残し引っ越した結果w【修羅場】,https://www.youtube.com/watch?v=GPG4aBFLDPI,8.5万回視聴 / 3 年前,スカッと 021,https://www.youtube.com/channel/UC_GdMRuSf2pYdpFrEcj1MKw,3 年前,2回視聴,〖スカッとする話〗夫の借金を月数十万返済し続けている私に姑「ニートは離婚して出ていけ！」稼ぎ頭の私「じゃあ出ていきます！」即離婚し私物は回収、借金を残し引っ越した結果w〖修羅場〗,https://www.youtube.com/watch?v=wfPVZJxF_DY,90%
904,【スカッとする話】長男嫁のスマホに夫から着信。手を離せない長男嫁の代わりに私がスピーカーにして電話に出ると、嫁と勘違いした夫と長男がトンデモナイ会話をしはじめ…私は慌てて警察に通報した結果【修羅場】,https://www.youtube.com/watch?v=W_2WifFIdxI,6.1万回視聴 / 3 年前,スカッと にゃんこ,https://www.youtube.com/channel/UCF22u5mGiXRwncGAKkFFBdg,3 年前,"4,371回視聴",【スカッとする話】娘のスマホに夫から着信。手を離せない娘の代わりに私がスピーカーフォンにして電話に出る→娘と勘違いした夫と義母がトンデモナイ会話！…慌てて警察に通報！【修羅場】【スカッとにゃんこ】,https://www.youtube.com/watch?v=NXI1M5aB_rM,80%
905,【スカッとする話】私と夫が年金暮らしと知った途端、絶縁宣言する息子夫婦。息子「貧乏な親の介護とか無理w」息子嫁「絶縁でお願いしますw」私「いいよ（資産2億あるけど…）」息子「ばいび〜w」3ヶ月後ｗ,https://www.youtube.com/watch?v=OkM8PSI_Q9M,4.3万回視聴 / 11 か月前,スカッとLINEの部屋,https://www.youtube.com/channel/UCJWjZNIwmx67FT5MlX1_AEQ,1 か月前,32回視聴,【LINE】私と夫が年金暮らしと知った途端に絶縁宣言する息子夫婦。息子「貧乏人と関わるの無理w」息子嫁「介護イヤだし絶縁でw」→私「いいよ（資産3億あるけど…）」息子夫婦「やったーw」,https://www.youtube.com/watch?v=JDwgPY8SQ6c,72%
906,【スカッとする話】私と夫が年金暮らしと知った途端、絶縁宣言する息子夫婦。息子「貧乏な親の介護とか無理w」息子嫁「絶縁でお願いしますw」私「いいよ（資産2億あるけど…）」息子「ばいび〜w」3ヶ月後ｗ,https://www.youtube.com/watch?v=OkM8PSI_Q9M,4.3万回視聴 / 11 か月前,スカッとLINEの部屋,https://www.youtube.com/channel/UCJWjZNIwmx67FT5MlX1_AEQ,2 か月前,"1,195回視聴",【LINE】私と夫が年金暮らしと知った途端に絶縁宣言する息子夫婦。息子「貧乏人と関わるの無理w」息子嫁「介護イヤだし絶縁でw」→私「いいよ（資産3億あるけど…）」息子夫婦「やったーw」,https://www.youtube.com/watch?v=CB95UjBzSig,72%
907,【スカッとする話】夫が土下座で「20歳年下の彼女が妊娠したから離婚してくれ」私「はい、離婚届け。長男以外は連れていくね」夫「は？長男も連れていけよ」私「それは無理、だってこの子は…」【スカッと】,https://www.youtube.com/watch?v=WGZlqIy1Ilk,21万回視聴 / 3 年前,スカッとLine御殿,https://www.youtube.com/channel/UC49ZitLkfZEIdDQQgBwJ2pw,3 年前,"14,068回視聴",【スカッとする話】35年連れ添った夫が土下座「20歳年下の彼女が妊娠した、離婚してくれ」私「はい離婚届、長男以外は連れていくわ」夫「は？長男も連れていけよ」私「それは無理、だってこの子は…」【修羅場】,https://www.youtube.com/watch?v=R-CoZm6nrb4,90%
908,【スカッとする話】有名ピアニストであることを隠して生きてきた私。ある日、夫に連れられジャズバーへ。すると、店員「演奏者が...」非常事態発生し私と夫が手伝うとまさかの展開に…【スカッと】,https://www.youtube.com/watch?v=nhb1eCwozaM,16万回視聴 / 3 年前,スカッとLine御殿,https://www.youtube.com/channel/UC49ZitLkfZEIdDQQgBwJ2pw,3 年前,"10,820回視聴",【スカッとする話】有名ピアニストであることを隠して暮らしている私。ある日、義家族と一緒にジャズレストランへ。すると店員「演奏者が...！」緊急事態が発生して私と夫が手伝うと、まさかの展開に…【修羅場】,https://www.youtube.com/watch?v=NngL4w3R8Js,77%
909,【スカッとする話】私「実家に帰らせて頂きます」夫「じゃあ二度と戻ってくるな！離婚届書いてから行け！」即提出して父に報告すると慌てた夫から鬼電が...w【修羅場】【スカッと】,https://www.youtube.com/watch?v=JL2POxUZfHk,16万回視聴 / 3 年前,スカッとLine御殿,https://www.youtube.com/channel/UC49ZitLkfZEIdDQQgBwJ2pw,3 年前,"25,519回視聴",【スカッとする話】私「実家に帰らせて貰います」夫「ああ、二度と戻ってくるな！離婚届にサインしてから行け！」速攻で提出して父に報告すると、慌てた夫から鬼電が...w【修羅場】,https://www.youtube.com/watch?v=6F7lfMGrS3o,81%
910,【スカッとする話】新築の購入で夫と娘と契約へ行くとなぜか娘に強引に別室へ案内され、娘「逃げないとコロされる！」私「え？」理由を聞くと衝撃の事実に戦慄し私は娘とその場から逃げ出し...,https://www.youtube.com/watch?v=4b5aSGgqxqA,2.7万回視聴 / 3 年前,スカッとじゃぱん,https://www.youtube.com/channel/UCRoM_0capkpqnX5D1Hnsrog,1 年前,0 回視聴,【スカッとする話】新築の購入で夫と娘と契約へ行くとなぜか娘に強引に別室へ案内され、娘「逃げないとコロされる！」私「え？」理由を聞くと衝撃の事実に戦慄し私は娘とその場から逃げ出し,https://www.youtube.com/watch?v=8keOas6Pljg,100%
911,【スカッとする話】父の遺産を全て奪った長男夫婦「金無しババアは邪魔」母すらも家から追い出し怒り心頭の私に母が一言「あの子達、人生終わったわね」私「え？」実は…【修羅場】,https://www.youtube.com/watch?v=MTySh2E0WIk,2.8万回視聴 / 3 年前,スカッとじゃぱん,https://www.youtube.com/channel/UCRoM_0capkpqnX5D1Hnsrog,1 年前,0 回視聴,【スカッとする話】父の遺産を全て奪った長男夫婦「金無しババアは邪魔」母すらも家から追い出し怒り心頭の私に母が一言「あの子達、人生終わったわね」私「え？」実は,https://www.youtube.com/watch?v=M5GKvvwHUDA,100%
912,【スカッとする話】里帰り出産で義実家に来た長男嫁「お義母さんは邪魔なんで物置小屋でお願いしますw」直後、私は無言で引越し業者に電話「では、私は引越しますね」長男嫁「え？」【修羅場】,https://www.youtube.com/watch?v=BdYOORLJqp4,8万回視聴 / 3 年前,スカッとじゃぱん,https://www.youtube.com/channel/UCRoM_0capkpqnX5D1Hnsrog,1 年前,0 回視聴,【スカッとする話】里帰り出産で義実家に来た長男嫁「お義母さんは邪魔なんで物置小屋でお願いしますw」直後、私は無言で引越し業者に電話「では、私は引越しますね」長男嫁「え？」【修羅場】,https://www.youtube.com/watch?v=8jlleYT957c,100%
913,【スカッとする話】長男夫婦の家へ行くと、孫が台所で立ちながら食事をし納屋で寝ていた。私「一体どうしたの？」長男嫁「いつもの事ですからｗ」→激怒した私が家を売却し更地にした結果w,https://www.youtube.com/watch?v=q5j_Ra8XQ38,7.5万回視聴 / 3 年前,スカッとする話,https://www.youtube.com/channel/UCTT6FhfkGjlXcdy8htOaBlA,2 年前,"2,061回視聴",正月に実家へ行くと、母が台所で立ちながら食事をし納屋で寝ていた。私「一体どうしたの？」弟嫁「いつもの事ですからｗ」→激怒した私が実家を売却し更地にした結果 【スカッとする話】,https://www.youtube.com/watch?v=-3DMeO7lR7A,89%
914,【スカッとする話】長男夫婦の結婚式の費用を全て払った私を罵倒する長男嫁「400万程度で世話になった覚えありませんｗ」長男「支払い止めてみなｗ」→私「喜んで！」支払いをやめた結果ｗ 【修羅場】,https://www.youtube.com/watch?v=RTIl9pVgyZE,9.2万回視聴 / 3 年前,スカッとする話 022【朗読劇】,https://www.youtube.com/channel/UCD9rRW2SXCb00CH3_dbEibw,3 年前,2回視聴,〖スカッとする話〗長男夫婦の結婚式の費用を全て払った私を罵倒する長男嫁「400万程度で世話になった覚えありませんｗ」長男「支払い止めてみなｗ」→私「喜んで！」支払いをやめた結果ｗ 〖修羅場〗,https://www.youtube.com/watch?v=k3xai8LxT9U,87%
915,【スカッと】起業した夫を支えてきた私を裏切った夫「21歳のバイトを妊娠させた！離婚しで！」私「はーい、仕事も辞めるね！」夫「は？仕事は続けてくれよ」私「嫌よ。だってあのバイト...」,https://www.youtube.com/watch?v=n-_5T-nb0dg,3.7万回視聴 / 2 年前,スカッとする話 5002,https://www.youtube.com/channel/UC9PRNuexgR1mFIe1EGQfWyQ,1 か月前,2回視聴,【感動する話】起業した夫を支えてきた私を裏切った夫「21歳のバイトを妊娠させた！悪いが、離婚してくれ！」私「はーい、仕事も辞めるね！」夫「は？仕事は続けてくれよ」,https://www.youtube.com/watch?v=m6DHEG42EQY,86%
916,【スカッと総集編】起業した夫を支えてきた私を裏切った夫「21歳のバイトを妊娠させた！悪いが、離婚してくれ！」私「はーい、仕事も辞めるね！」夫「は？仕事は続けてくれよ」,https://www.youtube.com/watch?v=C6r_ataNQZU,18万回視聴 / 2 年前,スカッとする話 5002,https://www.youtube.com/channel/UC9PRNuexgR1mFIe1EGQfWyQ,1 か月前,2回視聴,【感動する話】起業した夫を支えてきた私を裏切った夫「21歳のバイトを妊娠させた！悪いが、離婚してくれ！」私「はーい、仕事も辞めるね！」夫「は？仕事は続けてくれよ」,https://www.youtube.com/watch?v=m6DHEG42EQY,100%
917,【スカッとする話】同窓会に出席した肉屋の私。金持ち同級生「お前肉屋？wじゃあ旦那は豚かw呼べw」1時間後、社長の夫が会場に到着。キレた夫「豚だけど呼んだ？」【朗読】【スカッと】,https://www.youtube.com/watch?v=azDvOP8I1Ck,2.2万回視聴 / 5 か月前,スカッとする話 5020,https://www.youtube.com/channel/UCAG5eZR0aJpGuShtjtimSEg,3 週間前,39回視聴,【スカッとする話】同窓会に出席した肉屋の私。金持ち同級生「お前肉屋？wじゃあ旦那は豚かw呼べw」1時間後、社長の夫が会場に到着。キレた夫「豚だけど呼んだ？」【朗読】【スカッと】,https://www.youtube.com/watch?v=z0gg-kdn8Io,100%
918,【スカッとする話】大雪の夜、道端で震える7歳の少女。少女「これおばちゃんの財布？」私は実家の温泉旅館に連れ帰り、懐石料理を振る舞った結果…【朗読】【スカッと】,https://www.youtube.com/watch?v=GsVNz8g6MTk,2.1万回視聴 / 5 か月前,スカッとする話 5020,https://www.youtube.com/channel/UCAG5eZR0aJpGuShtjtimSEg,3 週間前,235回視聴,【スカッとする話】大雪の夜、道端で震える7歳の少女。少女「これおばちゃんの財布？」私は実家の温泉旅館に連れ帰り、懐石料理を振る舞った結果…【朗読】【スカッと】,https://www.youtube.com/watch?v=S6BO0FlMpkE,100%
919,【スカッとする話】女手一つで育てた娘の結納に行くと、料亭で咽び泣く娘が1人ポツン…娘「格下とは婚約破棄って…」直後、社長令嬢の私は即電話「人生終了のお知らせよ」【朗読】【スカッと】,https://www.youtube.com/watch?v=dHfs8LWncGY,3.2万回視聴 / 5 か月前,スカッとする話 5020,https://www.youtube.com/channel/UCAG5eZR0aJpGuShtjtimSEg,3 週間前,142回視聴,【スカッとする話】女手一つで育てた娘の結納に行くと、料亭で咽び泣く娘が1人ポツン…娘「格下とは婚約破棄って…」直後、社長令嬢の私は即電話「人生終了のお知らせよ」【朗読】【スカッと】,https://www.youtube.com/watch?v=KoXScSm4HiA,100%
920,【スカッとする話】実家の高級料亭を手伝って20年。母「海外移住することにしたw」父「店は優秀な次男に引き継ぐw」私「大賛成！だってこの店…」両親「え？」実はw【朗読】【スカッと】,https://www.youtube.com/watch?v=aOokRIIBjW0,5.5万回視聴 / 6 か月前,スカッとする話 5020,https://www.youtube.com/channel/UCAG5eZR0aJpGuShtjtimSEg,1 か月前,99回視聴,【スカッとする話】実家の高級料亭を手伝って20年。母「海外移住することにしたw」父「店は優秀な次男に引き継ぐw」私「大賛成！だってこの店…」両親「え？」実はw【朗読】【スカッと】,https://www.youtube.com/watch?v=IGUFzrMiOzA,100%
921,【スカッとする話】正月、母が危篤で実家に帰ると義母「ここが嫌なら実家で暮らせ」私の荷物を外に投げ捨てた。私「後で撤回なしですよ？」義母「するかw」→1週間後w【朗読】【スカッと】,https://www.youtube.com/watch?v=RWaATWML5EY,2.4万回視聴 / 3 か月前,スカッとする話 5020,https://www.youtube.com/channel/UCAG5eZR0aJpGuShtjtimSEg,1 か月前,136回視聴,【感動する話】正月、母が危篤で実家に帰ると義母「ここが嫌なら実家で暮らせ」私の荷物を外に投げ捨てた。私「後で撤回なしですよ？」義母「するかw」→1週間後w,https://www.youtube.com/watch?v=QPiRCf5pOjM,83%
922,【スカッとする話】毎日9時間義母の介護で倒れた私に夫「介護すらできないなら離婚wこれからは愛人に任せるw」私「いいけど後悔しない？」夫「しねぇよw」1週間後w【朗読】【スカッと】,https://www.youtube.com/watch?v=9TulrMzmHr8,5.7万回視聴 / 9 か月前,スカッとする話 5020,https://www.youtube.com/channel/UCAG5eZR0aJpGuShtjtimSEg,1 か月前,9回視聴,【感動する話】毎日9時間義母の介護で倒れた私に夫「介護すらできないなら離婚wこれからは愛人に任せるw」私「いいけど後悔しない？」夫「しねぇよw」1週間後w,https://www.youtube.com/watch?v=rBenzS9LtEY,100%
923,【スカッとする話】清掃員の私を見下す外科部長「アメリカの大臣に英語で挨拶しろw」私「大臣、お久しぶりです」ペラペラ英語で話した結果w【朗読】【スカッと】,https://www.youtube.com/watch?v=ObEfba0ciWg,4.3万回視聴 / 7 か月前,スカッとする話 5020,https://www.youtube.com/channel/UCAG5eZR0aJpGuShtjtimSEg,3 週間前,294回視聴,【スカッとする話】清掃員の私を見下す外科部長「アメリカの大臣に英語で挨拶しろw」私「大臣、お久しぶりです」ペラペラ英語で話した結果w【朗読】【スカッと】,https://www.youtube.com/watch?v=JX-ocSB49Vo,83%
924,【スカッとする話】無断で長男夫婦と孫5人を同居させる夫「逆らったら離婚だぞ寄生虫ｗ」私「じゃあ離婚でいいわよ。1億の豪邸に引越したので」夫「え？1億？」,https://www.youtube.com/watch?v=_4-WKAXLdZw,4.1万回視聴 / 1 年前,スカッとする話 5020,https://www.youtube.com/channel/UCAG5eZR0aJpGuShtjtimSEg,3 週間前,20回視聴,【スカッとする話】無断で長男夫婦と孫5人を同居させる夫「逆らったら離婚だぞ寄生虫ｗ」私「じゃあ離婚でいいわよ。1億の豪邸に引越したので」夫「え？1億？」,https://www.youtube.com/watch?v=Ea0UQ7L2T8s,100%
925,【スカッとする話】私の母が筆頭株主と知らず私の内定を取消した頭首「母子家庭は内定取消でw」一同大爆笑。私「だそうです…お母さん…」母「頭首？500億の株全て売却で」頭首「え？」【朗読】【スカッと】,https://www.youtube.com/watch?v=YARRQqAerVs,5.5万回視聴 / 10 か月前,スカッとする話 5020,https://www.youtube.com/channel/UCAG5eZR0aJpGuShtjtimSEg,1 か月前,35回視聴,【スカッとする話】私の母が筆頭株主と知らず私の内定を取消した頭首「母子家庭は内定取消でw」一同大爆笑。私「だそうです…お母さん…」母「頭首？500億の株全て売却で」頭首「え？」【朗読】【スカッと】,https://www.youtube.com/watch?v=6TTbJxZG7bY,100%
926,【スカッとする話】結婚直前で逃げた姉の代わりに田舎の農家に嫁いだ私。私「私も手伝おうか？」夫「君は家でゆっくりしてて」翌朝、口座に1000万円…実はw【朗読】【スカッと】,https://www.youtube.com/watch?v=gBmPsDEOoUs,9.7万回視聴 / 3 か月前,スカッとする話 5020,https://www.youtube.com/channel/UCAG5eZR0aJpGuShtjtimSEg,1 か月前,64回視聴,【スカッとする話】結婚直前で逃げた姉の代わりに田舎の農家に嫁いだ私。私「私も手伝おうか？」夫「君は家でゆっくりしてて」翌朝、口座に1000万円…実はw【朗読】【スカッと】,https://www.youtube.com/watch?v=tiOlfcaKAJE,100%
927,【スカッとする話】臨月の私を家庭用サウナに閉じこめ5泊7日の温泉旅行に出かけたエリート義両親「私達から息子を奪った罰よw」7日後、帰宅した義父が腐敗臭に気づき慌ててサウナの扉を開けると..【スカッと】,https://www.youtube.com/watch?v=5AbXeqqVHY4,2.1万回視聴 / 2 年前,スカッとする話 5020,https://www.youtube.com/channel/UCAG5eZR0aJpGuShtjtimSEg,1 か月前,12回視聴,【感動する話】臨月の私を家庭用サウナに閉じこめ5泊7日の温泉旅行に出かけたエリート義両親「私達から息子を奪った罰よw」7日後、帰宅した義父が腐敗臭に気づき慌ててサウナの扉を開けると...,https://www.youtube.com/watch?v=IUllOGmoOas,100%
928,【スカッとする話】親代わりに育ててくれてた姉と医者一族の結婚挨拶に行くと義父「中卒の姉が親？w婚約破棄w」直後、普段温厚な姉が立ち上がり→姉「10億の取引白紙で」【朗読】【スカッと】,https://www.youtube.com/watch?v=5xVI6wldA4A,5.1万回視聴 / 1 年前,スカッとする話 5020,https://www.youtube.com/channel/UCAG5eZR0aJpGuShtjtimSEg,4 週間前,54回視聴,【スカッとする話】親代わりに育ててくれてた姉と医者一族の結婚挨拶に行くと義父「中卒の姉が親？w婚約破棄w」直後、普段温厚な姉が立ち上がり→姉「10億の取引白紙で」【朗読】【スカッと】,https://www.youtube.com/watch?v=Xa_3lEujbHo,100%
929,【スカッと総集編】臨月の私を家庭用サウナに閉じこめ5泊7日の温泉旅行に出かけたエリート義両親「私達から息子を奪った罰よw」7日後、帰宅した義父が腐敗臭に気づき慌ててサウナの扉を開けると...,https://www.youtube.com/watch?v=LPY1ke7gWfI,11万回視聴 / 2 年前,スカッとする話 5020,https://www.youtube.com/channel/UCAG5eZR0aJpGuShtjtimSEg,1 か月前,12回視聴,【感動する話】臨月の私を家庭用サウナに閉じこめ5泊7日の温泉旅行に出かけたエリート義両親「私達から息子を奪った罰よw」7日後、帰宅した義父が腐敗臭に気づき慌ててサウナの扉を開けると...,https://www.youtube.com/watch?v=IUllOGmoOas,100%
930,【感動する話】親に捨てられた中1の私に弁当屋の夫婦「これお食べ」空腹の私を助けてくれた老夫婦。20年後、社長になった私が再訪問→張り紙の一文で泣き崩れ…【朗読】,https://www.youtube.com/watch?v=gVrVwssbXow,2.8万回視聴 / 2 か月前,スカッとする話 5020,https://www.youtube.com/channel/UCAG5eZR0aJpGuShtjtimSEg,4 週間前,43回視聴,【感動する話】親に捨てられた中1の私に弁当屋の夫婦「これお食べ」空腹の私を助けてくれた老夫婦。20年後、社長になった私が再訪問→張り紙の一文で泣き崩れ…【朗読】,https://www.youtube.com/watch?v=-FQjdMNh2gM,100%
931,【スカッとする話】長男嫁のスマホに夫から着信。手を離せない長男嫁の代わりに私がスピーカーにして電話に出ると、嫁と勘違いした夫と長男がトンデモナイ会話をしはじめ…私は慌てて警察に通報した結果【修羅場】,https://www.youtube.com/watch?v=W_2WifFIdxI,6.1万回視聴 / 3 年前,スカッとする話:ペットたちは見てる,https://www.youtube.com/channel/UCtXyHcwbi2pcwoi4Eu7lC8w,3 年前,"2,808回視聴",【スカッと感動】娘のスマホに夫から着信。手を離せない娘の代わりに私がスピーカーにして電話に出ると、娘と勘違いした夫と義母がトンデモナイ会話をしはじめ…私は慌てて警察に通報した！【修羅場】,https://www.youtube.com/watch?v=AFATObCA26E,90%
932,【スカッとする話】育児に疲れて昼寝しているとお腹を蹴ってきた夫「ニートの寄生虫は出て行け！」蹴りまくる夫をリモートでとある人物が見ており...,https://www.youtube.com/watch?v=xghxYiG8FJM,9.7万回視聴 / 3 年前,スカッとにゃんぱす,https://www.youtube.com/channel/UCTRx4FfKyZF3-o9VoxN8G_A,3 年前,253回視聴,【スカッとする話】育児に疲れて昼寝していると…キレてお腹を蹴ってきたDVパワハラ夫「ニートの寄生虫は出て行け！」私を蹴りまくる夫をリモートでとある人物が見ており...【修羅場】【朗読】,https://www.youtube.com/watch?v=nJ-XsXb-PEc,91%
933,【スカッと総集編】小児がんの6歳の息子を捨て家を出て行った長男夫婦に私「ではこの子は祖母である私の養子にします」後日、息子の秘密を知ると慌てて迎えに来た長男夫婦に息子「アンタら誰？」,https://www.youtube.com/watch?v=OQfMLOKmwdo,12万回視聴 / 3 年前,スカッとの壁,https://www.youtube.com/channel/UCvakN6-Cb5XAZLC3k9pw5hg,2 年前,"7,377回視聴",【スカッとする話】難病で車椅子の7歳の娘を捨て家を出て行った姉夫婦に私「ではこの子は叔母である私の養子にします」後日、娘の秘密を知り大慌てで迎えに来た姉夫婦に娘「アンタら誰？」【修羅場】,https://www.youtube.com/watch?v=VHRqpgFXcUQ,77%
934,【スカッと総集編】私と夫の事が大嫌いな長男夫婦と高級寿司屋へ行くと私達の席がない。長男「予約間違えたw財布おいて帰れw」私「いいけどアナタ達本当に大丈夫？後悔するよ？」長男嫁「するかw」1時間後w,https://www.youtube.com/watch?v=Ce9z2aQMNXE,26万回視聴 / 3 年前,スカッとウーマン【スカッと朗読】,https://www.youtube.com/channel/UCRfn3Q7WtEra227Pt8YdjTg,3 年前,"13,420回視聴",【スカッとする話】私と夫の事が大嫌いなママ友と高級フグへ行くと私達の席がない。ママ友「人数間違えたw財布おいて帰れw」私「いいけどアナタ達本当に大丈夫？後悔するよ？」ママ友「するかw」2時間後w,https://www.youtube.com/watch?v=FwtTPKNTtQ4,81%
935,【スカッと総集編】長男夫婦の結婚式でご祝儀300万用意した私を罵倒する長男嫁「そんな小銭で偉そうにされる覚えはありませんw」長男「ババァは帰れw」→私「喜んで！」本当に帰った結果w【スカッとする話】,https://www.youtube.com/watch?v=DEcFbb6Aov4,22万回視聴 / 3 年前,スカッとウーマン【スカッと朗読】,https://www.youtube.com/channel/UCRfn3Q7WtEra227Pt8YdjTg,3 年前,"17,058回視聴",【スカッとする話】ママ友の結婚式でご祝儀300万用意した私を罵倒する新婦のママ友「そんな小銭で偉そうにされる覚えはありませんw」ママ友の夫「ババァは帰れw」→私「喜んで！」本当に帰った結果w,https://www.youtube.com/watch?v=IDhKS8JHH0o,84%
936,【スカッとする話】農家の私だけ引っ越し祝いに呼ばなかった長男嫁「新築に汚いババアは困りますw今後も関わらないで下さいw」私「汚くてごめんなさいね」翌日、慌てた嫁から鬼電が...w【修羅場】【スカッと】,https://www.youtube.com/watch?v=BxbIB3mhgsg,11万回視聴 / 3 年前,スカッとジャパニーズ,https://www.youtube.com/channel/UC2DWZBAcn3mxwQeA7hHd3dQ,1 年前,0 回視聴,【スカッと】農家の私と夫だけ引っ越し祝いに呼ばなかった長男嫁「新築に汚いババアは困りますんでw金輪際関わらないで下さいw」私「汚くてごめんなさいね」翌日、慌てた嫁から鬼電が…,https://www.youtube.com/watch?v=kthFJ8Mlsjs,93%
937,【スカッとする話】体調不良でパートを早退し家に帰ると夫が親友と真っ最中...コッソリ二人の動画を撮影し親友の夫に送ってやった結果w,https://www.youtube.com/watch?v=NTuf2k99EWQ,27万回視聴 / 2 年前,スカッとスッキリTV,https://www.youtube.com/channel/UCuNp5_risg4Vv7sPXRnd41A,9 か月前,280回視聴,【スカッとする話】体調不良でパートを早退し家に帰ると夫が親友と真っ最中...コッソリ二人の動画を撮影し親友の夫に送ってやった結果w【朗読】,https://www.youtube.com/watch?v=LARcREMvsDw,100%
938,【スカッとする話】年末に義実家へ帰省するといつものように奴隷扱いの私に、久しぶりに帰省した義父「なんでご飯食べないんだ？」私「いつもの事なので」義父「は？」激怒した義父が義実家を売却し更地に【修羅場】,https://www.youtube.com/watch?v=a14Uvt5re2g,32万回視聴 / 3 年前,スカッとスッキリTV,https://www.youtube.com/channel/UCuNp5_risg4Vv7sPXRnd41A,9 か月前,494回視聴,【スカッとする話】年末に義実家へ帰省するといつものように奴隷扱いの私に、久しぶりに帰省した義父「なんでご飯食べないんだ？」私「いつもの事なので」義父「は？」激怒した義父が義実家を売却し更地に【修羅場】,https://www.youtube.com/watch?v=sGQw49NQQfU,100%
939,【スカッとする話】月9万円で年金暮らしの私に長男嫁「頼られるの嫌だし絶縁でw」長男「今後一切関わらないからw」私「本当にいいのね？」長男嫁「え？」絶縁して2ヶ月後…w,https://www.youtube.com/watch?v=_m8w5ILU3u0,33万回視聴 / 1 年前,スカッとスッキリTV,https://www.youtube.com/channel/UCuNp5_risg4Vv7sPXRnd41A,9 か月前,518回視聴,【スカッとする話】月9万円で年金暮らしの私に長男嫁「頼られるの嫌だし絶縁w」長男「今後一切関わらないw」私「本当にいいのね？」長男嫁「え？」【朗読】,https://www.youtube.com/watch?v=8uV_nllynq4,90%
940,【スカッとする話】私の両親が亡くなった途端、実家を勝手に解体した夫「今日から俺の家で両親と同居だ！」それを聞いた私は大爆笑→私「あんた達、知らないの？」実は...,https://www.youtube.com/watch?v=3WlCnGLe67U,55万回視聴 / 2 年前,スカッとスッキリTV,https://www.youtube.com/channel/UCuNp5_risg4Vv7sPXRnd41A,9 か月前,"2,199回視聴",【スカッとする話】私の両親が亡くなった途端、実家を勝手に解体した夫「今日から俺の家で両親と同居だ！」それを聞いた私は大爆笑→私「あんた達、知らないの？」実は...【朗読】,https://www.youtube.com/watch?v=CB-bXa3IOfc,100%
941,【スカッと総集編】月9万円で年金暮らしの私に長男嫁「頼られるの嫌だし絶縁w」長男「今後一切関わらないw」私「本当にいいのね？」長男嫁「え？」【朗読】【スカッと】【スカッとする話】,https://www.youtube.com/watch?v=2jJCIGafP3k,8.7万回視聴 / 1 年前,スカッとスッキリTV,https://www.youtube.com/channel/UCuNp5_risg4Vv7sPXRnd41A,9 か月前,518回視聴,【スカッとする話】月9万円で年金暮らしの私に長男嫁「頼られるの嫌だし絶縁w」長男「今後一切関わらないw」私「本当にいいのね？」長男嫁「え？」【朗読】,https://www.youtube.com/watch?v=8uV_nllynq4,100%
942,【スカッとする話】同窓会で売れ残りと言われ腹いせに貧乏人と結婚した私に友人「貧乏な旦那さんで可哀想w」直後、会場に現れた夫を見た瞬間、友人全員がガクガク震え出し…w【朗読】【スカッと】,https://www.youtube.com/watch?v=kYJ0Q8Fd06U,9.6万回視聴 / 6 か月前,スカッとストーリー 5006,https://www.youtube.com/channel/UC1x3I0LM2SzXkpn57uaFuQA,1 か月前,549回視聴,【スカッとする話】同窓会で売れ残りと言われ腹いせに貧乏人と結婚した私に友人「貧乏な旦那さんで可哀想w」直後、会場に現れた夫を見た瞬間、友人全員がガクガク震え出し…w【朗読】【スカッと】,https://www.youtube.com/watch?v=peC67hL4j6M,100%
943,【スカッとする話】同窓会に行った夫が10分で帰宅。夫「同級生に中卒の低所得は帰れって」”僕は無能♡”と落書きされたカバン。グループ25社会長の私は即電話。私「社長？契約解除で」実はw【朗読】,https://www.youtube.com/watch?v=BjaRlXbjvT4,5.8万回視聴 / 6 か月前,スカッとストーリー 5006,https://www.youtube.com/channel/UC1x3I0LM2SzXkpn57uaFuQA,4 週間前,539回視聴,【スカッとする話】同窓会に行った夫が10分で帰宅。夫「同級生に中卒の低所得は帰れって」”僕は無能♡”と落書きされたカバン。グループ25社会長の私は即電話。私「社長？契約解除で」実はw【朗読】,https://www.youtube.com/watch?v=qGpAuULjcNI,100%
944,【スカッとする話】夫の出張中、義母と義妹が離婚届を持って家に来ると、義母「30分以内にサインして提出しろ！」義妹「年収3000万の兄の寄生虫がw」私「喜んで！」義妹「強がっちゃってw」3日後…,https://www.youtube.com/watch?v=TFj28JG7kF0,5万回視聴 / 1 年前,スカッとストーリー 5006,https://www.youtube.com/channel/UC1x3I0LM2SzXkpn57uaFuQA,3 週間前,88回視聴,【スカッとする話】夫の出張中、義母と義妹が離婚届を持って家に来ると、義母「30分以内にサインして提出しろ！」義妹「年収3000万の兄の寄生虫がw」私「喜んで！」義妹「強がっちゃってw」3日後…,https://www.youtube.com/watch?v=dpjHe4ENdDs,100%
945,【スカッとする話】女4姉妹を育てる私に夫「離婚して愛人と再婚するから」私「いいけど長女は連れてってね」夫「え？母親のお前が育てろよ」私「嫌よ。だって…」,https://www.youtube.com/watch?v=tQe8apURLKM,20万回視聴 / 1 年前,スカッとストーリー 5006,https://www.youtube.com/channel/UC1x3I0LM2SzXkpn57uaFuQA,1 か月前,2回視聴,【感動する話】女4姉妹を育てる私に夫「離婚して愛人と再婚するから」私「いいけど長女は連れてってね」夫「え？母親のお前が育てろよ」私「嫌よ。だって…」,https://www.youtube.com/watch?v=qh5Q8lw2OO8,92%
946,【スカッとする話】女医の妹の結婚式に出席すると私の席だけ大量の菊の花が…義母「中卒のクズ嫁は帰れw」妹「姉が何者か知らないの？」　義母はガクガク震え出し…w,https://www.youtube.com/watch?v=mOQGw5P9TTc,6.1万回視聴 / 1 年前,スカッとストーリー 5006,https://www.youtube.com/channel/UC1x3I0LM2SzXkpn57uaFuQA,3 週間前,18回視聴,【スカッとする話】女医の妹の結婚式に出席すると私の席だけ大量の菊の花が…義母「中卒のクズ嫁は帰れw」妹「姉が何者か知らないの？」　義母はガクガク震え出し…w,https://www.youtube.com/watch?v=IHtvFLutWao,100%
947,【スカッとする話】女手一つで育てた娘が初出社。1時間後、バスローブ姿で帰宅。娘「片親に服は不要って…」ブチギレた大株主の私「地獄見せてやるよ」→直後【朗読】【スカッと】,https://www.youtube.com/watch?v=keFJBewY-wo,3.7万回視聴 / 5 か月前,スカッとストーリー 5006,https://www.youtube.com/channel/UC1x3I0LM2SzXkpn57uaFuQA,3 週間前,26回視聴,【スカッとする話】女手一つで育てた娘が初出社。1時間後、バスローブ姿で帰宅。娘「片親に服は不要って…」ブチギレた大株主の私「地獄見せてやるよ」→直後【朗読】【スカッと】,https://www.youtube.com/watch?v=pIsby_LgMFY,100%
948,【スカッとする話】妹の代わりに田舎の猟師に嫁いだ私「今日の夕飯は鹿肉？」夫「いや、これで好きな物食べて」10万円を手渡された私…→夫の正体を知った妹が半狂乱にw【朗読】【スカッと】,https://www.youtube.com/watch?v=YYnTTQ_3WI8,5.9万回視聴 / 2 か月前,スカッとストーリー 5006,https://www.youtube.com/channel/UC1x3I0LM2SzXkpn57uaFuQA,1 か月前,66回視聴,【スカッとする話】妹の代わりに田舎の猟師に嫁いだ私「今日の夕飯は鹿肉？」夫「いや、これで好きな物食べて」10万円を手渡された私…→夫の正体を知った妹が半狂乱にw【朗読】【スカッと】,https://www.youtube.com/watch?v=7UfS_a8A8SY,100%
949,【スカッとする話】父が急逝し院長になった私。翌日、机に退職届が100人分…副院長「お前が院長ならみんな辞めるってw」私「どうぞどうぞ！」→翌日w【朗読】【スカッと】,https://www.youtube.com/watch?v=IPsXxYnWZVk,13万回視聴 / 5 か月前,スカッとストーリー 5006,https://www.youtube.com/channel/UC1x3I0LM2SzXkpn57uaFuQA,3 週間前,"1,873回視聴",【スカッとする話】父が急逝し院長になった私。翌日、机に退職届が100人分…副院長「お前が院長ならみんな辞めるってw」私「どうぞどうぞ！」→翌日w【朗読】【スカッと】,https://www.youtube.com/watch?v=YDQsCTAe8xM,100%
950,【スカッとする話】社員食堂のおばちゃんの私。男性社員「おばさんありがと！」女性社員「いつも有難う！」私「君達、今日でクビね」社員「え？」【朗読】【スカッと】,https://www.youtube.com/watch?v=a4zw-oCgHd0,31万回視聴 / 1 年前,スカッとストーリー 5006,https://www.youtube.com/channel/UC1x3I0LM2SzXkpn57uaFuQA,1 か月前,314回視聴,【スカッとする話】社員食堂のおばちゃんの私。男性社員「おばさんありがと！」女性社員「いつも有難う！」私「君達、今日でクビね」社員「え？」【朗読】【スカッと】,https://www.youtube.com/watch?v=nSnmgKYit-0,100%
951,【スカッとする話】私がローン・生活費・娯楽・全てを支払っていると知らず夫と引越した義父「ダメ嫁は息子と離婚しろw」私「では日給100円の夫は返品で」義母「冗談は顔だけにしろw」結果【スカッと】【朗読】,https://www.youtube.com/watch?v=cmemO-hqmVU,6.3万回視聴 / 1 年前,スカッとストーリー 5006,https://www.youtube.com/channel/UC1x3I0LM2SzXkpn57uaFuQA,2 週間前,13回視聴,【スカッと総集編】私がローン・生活費・娯楽・全て支払っていると知らず夫と引越した義父「ダメ嫁は息子と離婚しろw」私「日給100円の夫は返品で」義母「冗談は顔だけにしろw」【スカッと】【シニア】,https://www.youtube.com/watch?v=EVa-wb01Zr8,96%
952,【スカッとする話】私が役員報酬で家計を支えていると知らず夫と引っ越した長男夫婦。長男嫁「他人に住所は教えませんw」私「じゃバイトの夫とは離婚で」長男「寝言言うなババァw」結果w,https://www.youtube.com/watch?v=m4GjWjEtP-g,21万回視聴 / 2 年前,スカッとストーリー 5006,https://www.youtube.com/channel/UC1x3I0LM2SzXkpn57uaFuQA,2 週間前,8回視聴,【スカッと総集編】私が役員報酬で家計を支えていると知らず夫と引っ越した長男夫婦。長男嫁「他人に住所は教えませんw」私「じゃバイトの夫とは離婚で」長男「寝言言うなババァw」【スカッと】【朗読】,https://www.youtube.com/watch?v=tmENImX8A60,99%
953,【スカッとする話】私と夫が年金暮らしと知った途端、絶縁宣言する息子夫婦。息子「貧乏な親の介護とか無理w」息子嫁「絶縁でお願いしますw」私「いいよ（資産2億あるけど…）」息子「ばいび〜w」3ヶ月後ｗ,https://www.youtube.com/watch?v=OkM8PSI_Q9M,4.3万回視聴 / 11 か月前,スカッとストーリー 5006,https://www.youtube.com/channel/UC1x3I0LM2SzXkpn57uaFuQA,4 週間前,26回視聴,【スカッとする話】私と夫が年金暮らしと知った途端、絶縁宣言する息子夫婦。息子「貧乏な親の介護とか無理w」息子嫁「絶縁でお願いしますw」私「いいよ（資産2億あるけど…）」息子「ばいび〜w」3ヶ月後ｗ,https://www.youtube.com/watch?v=tPDWmXoAQJg,100%
954,【スカッとする話】結婚式で手紙を朗読する娘「母は父の寄生虫でした…」夫「ママがお荷物で迷惑かけたな…」私「今日で母も妻も辞めるね」娘・夫「え？」結果w【朗読】【スカッと】,https://www.youtube.com/watch?v=jw9S7G6HmWE,6.7万回視聴 / 11 か月前,スカッとストーリー 5006,https://www.youtube.com/channel/UC1x3I0LM2SzXkpn57uaFuQA,4 週間前,89回視聴,【スカッとする話】結婚式で手紙を朗読する娘「母は父の寄生虫でした…」夫「ママがお荷物で迷惑かけたな…」私「今日で母も妻も辞めるね」娘・夫「え？」結果w【朗読】【スカッと】,https://www.youtube.com/watch?v=C3huC9DR_Kw,87%
955,【スカッとする話】義両親に蹴られ骨折した私に夫「寝かせとけば治るw」翌日、病室に嘲笑いに来た義家族「あれ、嫁は？w」医師「警察署です」義家族「え？」【朗読】【スカッと】,https://www.youtube.com/watch?v=p4pyD9SD1Tk,8.1万回視聴 / 2 か月前,スカッとストーリー 5006,https://www.youtube.com/channel/UC1x3I0LM2SzXkpn57uaFuQA,1 か月前,16回視聴,【感動する話】義両親に蹴られ骨折した私に夫「寝かせとけば治るw」翌日、病室に嘲笑いに来た義家族「あれ、嫁は？w」医師「警察署です」義家族「え？」,https://www.youtube.com/watch?v=Q4TYGcJUdS4,100%
956,【スカッとする話】警察官の弟の結婚式に出席した私。義母「中卒の姉は一族の恥ねw」直後、慌てた弟が義母に私の正体を伝えると、義母は顔面蒼白に…【朗読】【スカッと】,https://www.youtube.com/watch?v=nlS5u4pCtI0,3.8万回視聴 / 3 か月前,スカッとストーリー 5006,https://www.youtube.com/channel/UC1x3I0LM2SzXkpn57uaFuQA,1 か月前,15回視聴,【感動する話】警察官の弟の結婚式に出席した私。義母「中卒の姉は一族の恥ねw」直後、慌てた弟が義母に私の正体を伝えると、義母は顔面蒼白に…,https://www.youtube.com/watch?v=XTsAVaVXTDc,97%
957,【スカッとする話】貧乏なフリしてお見合いに行くと男性社長「仕事は何してるの？」私「内職です…（フラれたな）」直後、伝票に書いた私の字を見た彼「僕と付き合って」実は…【朗読】【スカッと】,https://www.youtube.com/watch?v=Jrhwc49ujEM,6.8万回視聴 / 2 か月前,スカッとストーリー 5006,https://www.youtube.com/channel/UC1x3I0LM2SzXkpn57uaFuQA,1 か月前,89回視聴,【スカッとする話】貧乏なフリしてお見合いに行くと男性社長「仕事は何してるの？」私「内職です…（フラれたな）」直後、伝票に書いた私の字を見た彼「僕と付き合って」実は…【朗読】【スカッと】,https://www.youtube.com/watch?v=7p73mp_ivBs,100%
958,【スカッと総集編】私がローン・生活費・娯楽・全て支払っていると知らず夫と引越した義父「ダメ嫁は息子と離婚しろw」私「日給100円の夫は返品で」義母「冗談は顔だけにしろw」【スカッと】【シニア】,https://www.youtube.com/watch?v=JufxnM3q24k,4.6万回視聴 / 10 か月前,スカッとストーリー 5006,https://www.youtube.com/channel/UC1x3I0LM2SzXkpn57uaFuQA,2 週間前,13回視聴,【スカッと総集編】私がローン・生活費・娯楽・全て支払っていると知らず夫と引越した義父「ダメ嫁は息子と離婚しろw」私「日給100円の夫は返品で」義母「冗談は顔だけにしろw」【スカッと】【シニア】,https://www.youtube.com/watch?v=EVa-wb01Zr8,100%
959,【スカッと総集編】私が役員報酬で家計を支えていると知らず夫と引っ越した長男夫婦。長男嫁「他人に住所は教えませんw」私「じゃバイトの夫とは離婚で」長男「寝言言うなババァw」【スカッと】【朗読】,https://www.youtube.com/watch?v=5O2yEVZZZzo,14万回視聴 / 1 年前,スカッとストーリー 5006,https://www.youtube.com/channel/UC1x3I0LM2SzXkpn57uaFuQA,2 週間前,8回視聴,【スカッと総集編】私が役員報酬で家計を支えていると知らず夫と引っ越した長男夫婦。長男嫁「他人に住所は教えませんw」私「じゃバイトの夫とは離婚で」長男「寝言言うなババァw」【スカッと】【朗読】,https://www.youtube.com/watch?v=tmENImX8A60,100%
960,【スカッとする話】41歳で妊娠した私と娘を捨て新人女医と再婚したエリート医師の夫「老いたババァより若い女w」30年後、病院で元夫と再会すると娘を見た夫が…【総集編】【スカッと】【朗読】,https://www.youtube.com/watch?v=jAMMNpg5_S0,4.1万回視聴 / 9 か月前,スカッとストーリー 5023,https://www.youtube.com/channel/UC9uIQAj4oNy_796IBcHXgTg,1 か月前,10回視聴,【感動する話】41歳で妊娠した私と娘を捨て新人女医と再婚したエリート医師の夫「老いたババァより若い女w」30年後、病院で元夫と再会すると娘を見た夫が…,https://www.youtube.com/watch?v=-G9nHoyVA5Q,88%
961,【スカッとする話】41歳で妊娠した私と娘を捨て新人女医と再婚したエリート医師の夫「老いたババァより若い女w」30年後、病院で元夫と再会すると娘を見た夫が震え出し…【朗読】【スカッと】,https://www.youtube.com/watch?v=g_SuFj7M8gs,18万回視聴 / 1 年前,スカッとストーリー 5023,https://www.youtube.com/channel/UC9uIQAj4oNy_796IBcHXgTg,1 か月前,10回視聴,【感動する話】41歳で妊娠した私と娘を捨て新人女医と再婚したエリート医師の夫「老いたババァより若い女w」30年後、病院で元夫と再会すると娘を見た夫が…,https://www.youtube.com/watch?v=-G9nHoyVA5Q,86%
962,【スカッとする話】私が離婚届に署名すると、満面の笑みで大喜びする義家族。新しい嫁を迎えた1週間後、電気・ガス・水道が止まると急に義家族が焦り出しw【朗読】【スカッと】,https://www.youtube.com/watch?v=cVe3XmXeRuE,14万回視聴 / 4 か月前,スカッとストーリー 5023,https://www.youtube.com/channel/UC9uIQAj4oNy_796IBcHXgTg,1 か月前,14回視聴,【感動する話】私が離婚届に署名すると、満面の笑みで大喜びする義家族。新しい嫁を迎えた1週間後、電気・ガス・水道が止まると急に義家族が焦り出しw,https://www.youtube.com/watch?v=5hoyLOBRX4s,100%
963,【スカッとする話】警察官の弟の結婚式に出席した私。義母「中卒の姉は一族の恥ねw」直後、慌てた弟が義母に私の正体を伝えると、義母は顔面蒼白に…【朗読】【スカッと】,https://www.youtube.com/watch?v=nlS5u4pCtI0,3.8万回視聴 / 3 か月前,スカッとストーリー 5023,https://www.youtube.com/channel/UC9uIQAj4oNy_796IBcHXgTg,1 か月前,14回視聴,【感動する話】警察官の弟の結婚式に出席した私。義母「中卒の姉は一族の恥ねw」直後、慌てた弟が義母に私の正体を伝えると、義母は顔面蒼白に…,https://www.youtube.com/watch?v=jaNyGq8KLZo,97%
964,【スカッとする話】亭主関白夫「明日から食費は月3000円！予算超えたら離婚だからな！」私「はーい、後悔しないでね？」夫「しねぇよw」1ヶ月後w【朗読】【スカッと】,https://www.youtube.com/watch?v=PN93A1chfSU,17万回視聴 / 1 年前,スカッとストーリー 5635,https://www.youtube.com/channel/UCDAnLvihor40j12cQDrzmUA,1 か月前,"2,330回視聴",【スカッとする話】亭主関白夫「明日から食費は月3000円！予算超えたら離婚だからな！」私「はーい、後悔しないでね？」夫「しねぇよw」1ヶ月後w【朗読】【スカッと】,https://www.youtube.com/watch?v=6oKYCqDbIVI,100%
965,【スカッとする話】元夫「お前の実家、二世帯住宅にしたよw一緒に仲良く暮らそうねw」私「私に実家はありませんが？」元夫「え？」実は…w【朗読】【スカッと】,https://www.youtube.com/watch?v=MUTHtj9ShVw,3.4万回視聴 / 8 か月前,スカッとストーリー 5635,https://www.youtube.com/channel/UCDAnLvihor40j12cQDrzmUA,3 週間前,84回視聴,【スカッとする話】元夫「お前の実家、二世帯住宅にしたよw一緒に仲良く暮らそうねw」私「私に実家はありませんが？」元夫「え？」実は…w【朗読】【スカッと】,https://www.youtube.com/watch?v=0mNLGa_HW34,100%
966,【スカッとする話】私がグループ24社の社長と知らず、私と赤ちゃんを捨て愛人と再婚した夫「ガキ増えて生活大丈夫そ？w」私「うんw（お前と違ってな）」1ヶ月後、号泣の夫が新居に現れw【朗読】【スカッと】,https://www.youtube.com/watch?v=iE-UD8P2GXA,7.2万回視聴 / 3 か月前,スカッとストーリー 5635,https://www.youtube.com/channel/UCDAnLvihor40j12cQDrzmUA,4 週間前,643回視聴,【スカッとする話】私がグループ24社の社長と知らず、私と赤ちゃんを捨て愛人と再婚した夫「ガキ増えて生活大丈夫そ？w」私「うんw（お前と違ってな）」1ヶ月後、号泣の夫が新居に現れw【朗読】【スカッと】,https://www.youtube.com/watch?v=tQ1XvCOdJuM,100%
967,【感動する話】離婚当日、私にカードを渡した夫「2度と俺の前に現れるな」屈辱で3年間使えなかったので、解約しに銀行窓口に行くと、行員「奥様、お伝えしたいことが…」【朗読】,https://www.youtube.com/watch?v=j1whEo65tTY,18万回視聴 / 1 か月前,スカッとストーリー 5635,https://www.youtube.com/channel/UCDAnLvihor40j12cQDrzmUA,1 か月前,359回視聴,【感動する話】離婚当日、私にカードを渡した夫「2度と俺の前に現れるな」屈辱で3年間使えなかったので、解約しに銀行窓口に行くと、行員「奥様、お伝えしたいことが…」【朗読】,https://www.youtube.com/watch?v=GOVdPIXR5jQ,100%
968,【スカッとする話】通院費1万すら拒絶した息子夫婦「年金から払えば？w」翌日、家の名義を変え姿を消すと、大号泣の2人から大量着信が…w【朗読ドラマ】【朗読】【スカッと】,https://www.youtube.com/watch?v=DEqKKzP1pB4,2.1万回視聴 / 2 週間前,スカッとチャンネル,https://www.youtube.com/channel/UCWEc0ycjVp-adARvzgfzyPg,2 週間前,17回視聴,【スカッとする話】通院費1万すら拒絶した息子夫婦「年金から払えば？w」翌日、家の名義を変え姿を消すと、大号泣の2人から大量着信が…w【朗読ドラマ】【朗読】【スカッと】,https://www.youtube.com/watch?v=RNcjk1f6Koo,100%
969,【スカッと】私の子供が夫の上司と瓜二つ。夫「浮気してたな！離婚だ！」義母「アバズレは今すぐ出てけw」13年後、夫と義母と再会すると二人は半狂乱。だって娘は…,https://www.youtube.com/watch?v=RNWUvpjXeTw,2.2万回視聴 / 1 年前,スカッとチャンネルAK,https://www.youtube.com/channel/UCfHKNECvK1zRJ6OHkkbsPVQ,1 年前,"18,824回視聴",【スカッと】私の子供が夫の上司にそっくり！  夫「浮気したな！離婚だ！」   義母「アバズレは今すぐ出てけw」→ 13年後、夫と義母は半狂乱…だって娘は…  【スカッとAK】,https://www.youtube.com/watch?v=Efv-NsbUZ4k,84%
970,【スカッとする話】両親を理由に私を捨てた夫とスーパーで偶然再会。元夫「まだ独身？俺の嫁は美人で最高w」直後、元夫の嫁が私を見るとなぜか突然泣いて発狂し…,https://www.youtube.com/watch?v=tv7h3v6oq0w,6.3万回視聴 / 1 年前,スカッとチャンネルAK,https://www.youtube.com/channel/UCfHKNECvK1zRJ6OHkkbsPVQ,1 年前,"11,950回視聴",【スカッとする話】両親を理由に私を捨てた夫とスーパーで偶然再会。元夫「まだ独身？俺の嫁は美人で最高だ」直後、元夫の嫁が私を見た瞬間、震え出し…！【スカッとAK】,https://www.youtube.com/watch?v=8e31QqOs2S4,83%
971,【スカッとする話】母からのお年玉が姪には3万、私の息子はうまい棒1つだけ…母「中卒のバカ孫はそれで十分ｗ」キレた私は母のホーム代の振込停止→ついでに月15万の仕送りも止めるとw,https://www.youtube.com/watch?v=DHYJxquv-sk,2.6万回視聴 / 1 年前,スカッとチャンネルAK,https://www.youtube.com/channel/UCfHKNECvK1zRJ6OHkkbsPVQ,1 年前,"25,398回視聴",【スカッとする話】母からのお年玉が姪には3万、私の息子はうまい棒1つだけ…母「中卒のバカ孫はそれで十分ｗ」キレた私は仕送りも止めると【スカッとAK】,https://www.youtube.com/watch?v=vyt_cEOlsz8,85%
972,【スカッとする話】夫が突然姉と姪を連れきて、夫「今日から姉と姪は俺達が養う！嫌なら離婚だ！」私「じゃあ離婚して出ていく」夫「やってみろw」結果w,https://www.youtube.com/watch?v=W5df5X3HAMk,2.6万回視聴 / 2 年前,スカッとハイタッチ まとめ集,https://www.youtube.com/channel/UCn660aJMV48n7PpUocyDklA,1 年前,1 回視聴,【スカッとする話】夫が突然姉と姪を連れきて、夫「今日から姉と姪は俺達が養う！嫌なら離婚だ！」私「じゃあ離婚して出ていく」夫「やってみろ」結果 1,https://www.youtube.com/watch?v=sR_-poEDlqY,93%
973,【スカッとする話】姉の出産祝いに親戚一同と行くと、夫「出産祝い30万どうぞ！」私「え？なんで？その子はあんたの子供でしょ？」親戚一同「は？」全員がブチギレ...,https://www.youtube.com/watch?v=_-gF8Kae1yU,9万回視聴 / 2 年前,スカッとハイタッチ まとめ集,https://www.youtube.com/channel/UCn660aJMV48n7PpUocyDklA,1 年前,0 回視聴,【スカッとする話】姉の出産祝いに親戚一同と行くと、夫「出産祝い30万どうぞ！」私「え？なんで？その子はあんたの子供でしょ？」親戚一同「は？」全員がブチギレ,https://www.youtube.com/watch?v=eEvTTJxjb-w,100%
974,【スカッとする話】親族の集まりでエリート夫「嫁の飯はまずいんだよなw」私「え？私の料理食べた事ある？食事はいつも愛人宅じゃないの」義父「は？」義両親がブチギレ...,https://www.youtube.com/watch?v=GZtalGoS6qE,11万回視聴 / 3 年前,スカッとボンバー 【感動する話】,https://www.youtube.com/channel/UC780-vw8cmE0dj7yCo3ud7A,2 年前,1 回視聴,【スカッとする話】親族の集まりでエリート夫「嫁の飯はまずいんだよなw」私「え？私の料理食べた事ある？食事はいつも愛人宅じゃないの」義父「は？」義両親がブチギレ...【修羅場】,https://www.youtube.com/watch?v=LkUcSSNWzdo,100%
975,【スカッとする話】海外出張から戻ると家が勝手に3世帯住宅に増築されていた。長男嫁「900万支払っておいてw」私「来月からアメリカに住みます」長男嫁「え？」結果w,https://www.youtube.com/watch?v=itElIhRkyM0,7.4万回視聴 / 3 年前,スカッとワダイ,https://www.youtube.com/channel/UCipDNZ5xsoIcKu7mNTqZqcQ,3 年前,"4,144回視聴",【スカッとする話】海外出張から戻ると義父母が勝手に家を二世帯住宅に増築していた。義母「900万支払っておいてw」私「来月からアメリカに住みます」義母「え？」…結果w【修羅場】,https://www.youtube.com/watch?v=_pJS_PVL8wY,83%
976,【スカッとする話】定年退職当日、40年連れ添った私を裏切った夫「老後は一人で過ごしたいから離婚で」私「そう、じゃあ離婚しましょ。でも、後悔しないでね？」夫「しねぇよw」,https://www.youtube.com/watch?v=8XqFethhfqM,25万回視聴 / 1 年前,スカッと人生の底力朗読劇,https://www.youtube.com/channel/UCf21Y9lqCPJeJGyRpgFhkxA,5 か月前,35回視聴,【スカッとする話】定年退職当日、40年連れ添った私を裏切った夫「老後は一人で過ごしたいから離婚で」私「そう、じゃあ離婚しましょ。でも、後悔しないでね？」夫「しねぇよw」【朗読】【スカッと】,https://www.youtube.com/watch?v=n_tYm8pAZQI,86%
977,【スカッとする話】孫の七五三のお祝いに行くと私の食事がない...長男嫁「家族分しか用意してませんｗ」夫「じゃあ帰るか」私「うん」直後、長男嫁に大惨事がw,https://www.youtube.com/watch?v=U5xUCWiE2KA,54万回視聴 / 2 年前,スカッと人生劇場,https://www.youtube.com/channel/UC3DVk1NMUG--EiJFTz07gzg,2 週間前,2回視聴,【スカッとする話】孫の七五三のお祝いに行くと私の食事がない   長男嫁「家族分しか用意してませんｗ」夫「じゃあ帰るか」私「うん」直後、長男嫁に大惨事がw,https://www.youtube.com/watch?v=A5Do9CPIf9I,100%
978,【スカッとする話】私の両親が亡くなった途端、実家を勝手に解体した夫「今日から俺の家で両親と同居だ！」それを聞いた私は大爆笑→私「あんた達、知らないの？」実は...,https://www.youtube.com/watch?v=3WlCnGLe67U,55万回視聴 / 2 年前,スカッと人生劇場,https://www.youtube.com/channel/UC3DVk1NMUG--EiJFTz07gzg,2 週間前,0 回視聴,【スカッとする話】私の両親が亡くなった途端、実家を勝手に解体した夫「今日から俺の家で両親と同居だ！」それを聞いた私は大爆笑→私「あんた達、知らないの？」実は,https://www.youtube.com/watch?v=Z7dlagTVOY8,100%
979,【スカッと総集編】孫の七五三のお祝いに行くと私の食事がない   長男嫁「家族分しか用意してませんｗ」夫「じゃあ帰るか」私「うん」直後、長男嫁に大惨事がv【朗読】【シニア】【スカッと】,https://www.youtube.com/watch?v=BGGFZHCKH2A,2.3万回視聴 / 1 年前,スカッと人生劇場,https://www.youtube.com/channel/UC3DVk1NMUG--EiJFTz07gzg,2 週間前,2回視聴,【スカッとする話】孫の七五三のお祝いに行くと私の食事がない   長男嫁「家族分しか用意してませんｗ」夫「じゃあ帰るか」私「うん」直後、長男嫁に大惨事がw,https://www.youtube.com/watch?v=A5Do9CPIf9I,99%
980,【スカッと総集編】私の総資産が9億と知らず入院中の私を捨て20歳の愛人と再婚した夫「家事も出来ない役立たずは離婚ｗ慰謝料も払ってくれよなｗ」私「いいよ！はい離婚届け」→3日後、半狂乱の夫から鬼電がw,https://www.youtube.com/watch?v=VRN73vXHN9Y,46万回視聴 / 3 年前,スカッと人生劇場,https://www.youtube.com/channel/UC3DVk1NMUG--EiJFTz07gzg,2 週間前,0 回視聴,【スカッと総集編】私の総資産が9億と知らず入院中の私を捨て20歳の愛人と再婚した夫「家事も出来ない役立たずは離婚ｗ慰謝料も払ってくれよなｗ」私「いいよ！はい離婚届け」→3日後、半狂乱の夫から鬼電が,https://www.youtube.com/watch?v=DEl49SSVzco,100%
981,【スカッと総集編】長男の結婚式前夜、ペットカメラを確認すると誰もいないはずの寝室で夫と長男嫁が真っ最中…音量を最大にして式場で実況中継してやった結果w【修羅場】,https://www.youtube.com/watch?v=ggQWFYLMQqE,43万回視聴 / 3 年前,スカッと劇場,https://www.youtube.com/channel/UCW6SwIOvLC97iXTV3xnC3Cg,5 か月前,4回視聴,結婚式前夜、ペットカメラを確認すると…誰もいないはずの寝室で夫と長男の嫁が真っ最中。音量最大にして式場で実況中継してやった結果、会場中が凍りついた。,https://www.youtube.com/watch?v=AuHwfyqZYHI,85%
982,【スカッとする話】10年間私を嫌い続けた娘からの仕送り催促の電話を無視していると、娘「振り込みまだ？母親の責任果たせ！」私「え？私は母親じゃないけど？」娘「は？」だって私は…,https://www.youtube.com/watch?v=rH73Gg42B0Y,7.2万回視聴 / 2 年前,スカッと図書館,https://www.youtube.com/channel/UCcjsonLiKBQRvkO19SVVoDg,10 か月前,"3,252回視聴",【スカッと】10年間私を嫌い続けた娘から仕送り催促の電話を無視していると娘「振込みまだ？母親の責任果たせ！」→私「え？私は母親じゃないけど？」娘「は？」【漫画】【漫画動画】【アニメ】【スカッとす,https://www.youtube.com/watch?v=oqY31dwv90c,90%
983,【スカッとする話】夫が亡くなり8年経ったある日、納骨堂に写真を供えていると少年「隣に住んでるおじさんだ」詳しく話を聞くと背筋が凍り…【朗読】【スカッと】,https://www.youtube.com/watch?v=u1Ga8VNwPE4,7.8万回視聴 / 3 か月前,スカッと夜話,https://www.youtube.com/channel/UCyUgDowOPEUpB5k07Ho9EIA,3 か月前,30回視聴,【スカッとする話】夫が亡くなり8年経ったある日、納骨堂に写真を供えていると少年「隣に住んでるおじさんだ」詳しく話を聞くと背筋が凍り…【朗読】【スカッと】,https://www.youtube.com/watch?v=fIOyhdVHnow,100%
984,【スカッとする話】女4姉妹を育てる私に夫「離婚して愛人と再婚するから」私「いいけど長女は連れてってね」夫「え？母親のお前が育てろよ」私「嫌よ。だって…」,https://www.youtube.com/watch?v=tQe8apURLKM,20万回視聴 / 1 年前,スカッと夜話,https://www.youtube.com/channel/UCyUgDowOPEUpB5k07Ho9EIA,3 か月前,122回視聴,【スカッとする話】女4姉妹を育てる私に夫「離婚して愛人と再婚するから」私「いいけど長女は連れてってね」夫「え？母親のお前が育てろよ」私「嫌よ。だって…」,https://www.youtube.com/watch?v=H0atCHjN3Vo,92%
985,【スカッとする話】私の給与明細を勝手に見た義母。義母「月12万しか稼げない女は不要！荷物まとめて出てけ！」私「それ副業の収入ですが？」義母「嘘つくなw」結果w【総集編】【スカッと】【朗読】,https://www.youtube.com/watch?v=MHHUeA224xI,4.6万回視聴 / 9 か月前,スカッと夜話,https://www.youtube.com/channel/UCyUgDowOPEUpB5k07Ho9EIA,3 か月前,96回視聴,【スカッとする話】私の給与明細を勝手に見た義母。義母「月12万しか稼げない女は不要！荷物まとめて出てけ！」私「それ副業の収入ですが？」義母「嘘つくなw」結果w【総集編】【スカッと】【朗読】,https://www.youtube.com/watch?v=tHE3RCAFhAo,100%
986,【スカッとする話】私の給与明細を勝手に見た義母。義母「月12万しか稼げない女は不要！荷物まとめて出てけ！」私「それ副業の収入ですが？」義母「嘘つくなw」結果w【総集編】【スカッと】【朗読】,https://www.youtube.com/watch?v=MHHUeA224xI,4.6万回視聴 / 9 か月前,スカッと夜話,https://www.youtube.com/channel/UCyUgDowOPEUpB5k07Ho9EIA,3 か月前,108回視聴,【スカッとする話】私の給与明細を勝手に見た義母。義母「月12万しか稼げない女は不要！荷物まとめて出てけ！」私「それ副業の収入ですが？」義母「嘘つくなw」結果w【総集編】【スカッと】【朗読】,https://www.youtube.com/watch?v=4077HhCNDgg,100%
987,【スカッとする話】義両親に蹴られ骨折した私に夫「寝かせとけば治るw」翌日、病室に嘲笑いに来た義家族「あれ、嫁は？w」医師「警察署です」義家族「え？」【朗読】【スカッと】,https://www.youtube.com/watch?v=p4pyD9SD1Tk,8.1万回視聴 / 2 か月前,スカッと夜話,https://www.youtube.com/channel/UCyUgDowOPEUpB5k07Ho9EIA,2 か月前,69回視聴,【スカッとする話】義両親に蹴られ骨折した私に、夫は「寝かせとけば治るw」と嘲笑った。翌日、病室に笑いに来た義家族が「あれ、嫁は？」と聞くと、医師は静かに「警察署です」と告げた,https://www.youtube.com/watch?v=C_ENLuzkO5E,79%
988,【スカッとする話】中卒で年金生活の私を見下す高学歴エリートの長男嫁「年金暮らしの貧乏人とは絶縁でw」直後、それを聞いた長男が顔面蒼白で「お、お前知らないのか？」【スカッと】,https://www.youtube.com/watch?v=g6Y6qpQoq3k,5.1万回視聴 / 3 年前,スカッと子猫ちゃん,https://www.youtube.com/channel/UCfda-5k70B5gVjryai9JUMQ,3 年前,"141,815回視聴",中卒で年金生活の私を見下す高学歴エリートの次男嫁が正月の集まりで「養うくらいなら絶縁でw」私「は？貧乏人？」次の瞬間、長男嫁が「えっ？知らないの？」→実はw【スカッとする話】,https://www.youtube.com/watch?v=FLEdICvsL84,46%
989,【スカッとする話】夫と連れ子（娘）に10年間嫌われ続けた母親の私。高校卒業の日に姿を消すと、半狂乱の娘から鬼電がw,https://www.youtube.com/watch?v=D8qLT6yolb8,17万回視聴 / 2 年前,スカッと子猫ちゃん,https://www.youtube.com/channel/UCfda-5k70B5gVjryai9JUMQ,2 年前,"24,246回視聴",【スカッとする話】夫と連れ子（娘）に15年間嫌われ続けた私。娘「ニセモノは早く消えてｗ」私「いいわよ…でも覚悟してね」→高校卒業の日に姿を消すと、半狂乱の娘から鬼電がｗ,https://www.youtube.com/watch?v=244qQpmJF38,74%
990,【スカッとする話】昼休みに同僚とカフェに入ると、隣の席に夫と若い女性が…夫「妻は2年前に他界したからwこの後うち来ていいよw」先回りし最高のおもてなしをするとw【朗読】【スカッと】,https://www.youtube.com/watch?v=pdhclv8SJrI,8.5万回視聴 / 2 か月前,スカッと子猫ちゃん,https://www.youtube.com/channel/UCfda-5k70B5gVjryai9JUMQ,13 日前,"28,371回視聴",【スカッとする話】昼休みに同僚とカフェに入ると、隣の席に夫と若い女性が…夫「妻は2年前に葬儀をしたから！この後うちにおいでよ」→先回りして全力で出迎えてみた結果ｗ【朗読】【スカッと】,https://www.youtube.com/watch?v=VEv9FlJcmzA,74%
991,【スカッとする話】長男夫婦の家へ行くと、孫が台所で立ちながら食事をし納屋で寝ていた。私「一体どうしたの？」長男嫁「いつもの事ですからｗ」→激怒した私が家を売却し更地にした結果w,https://www.youtube.com/watch?v=q5j_Ra8XQ38,7.5万回視聴 / 3 年前,スカッと子猫ちゃん,https://www.youtube.com/channel/UCfda-5k70B5gVjryai9JUMQ,3 年前,"117,633回視聴",【スカッとする話】正月に実家へ行くと、母が台所で立ちながら食事をし納屋で寝ていた。私「一体どうしたの？」弟嫁「いつもの事ですからｗ」→激怒した私が実家を売却し更地にした結果…【修羅場】,https://www.youtube.com/watch?v=EbqwxmBLOto,89%
992,【スカッと総集編】片親で私を育ててくれた年金暮らしの母に10年間毎月仕送り。しかし、同居の長男「たった1万円で偉そうにw」私「15万振り込んでるけど？」長男嫁「え？」【スカッとする話】【修羅場】,https://www.youtube.com/watch?v=B6BAcyasiRk,19万回視聴 / 3 年前,スカッと子猫ちゃん,https://www.youtube.com/channel/UCfda-5k70B5gVjryai9JUMQ,3 年前,"108,339回視聴",【スカッとする話】片親で私と兄を育ててくれた年金暮らしの母に毎月仕送り。しかし同居兄「たった1万円で偉そうに！」私「20万振り込んでるけど…」焦る兄嫁「えっ？」→衝撃の事実が明らかに…【修羅場】,https://www.youtube.com/watch?v=lk_wmZHMPuE,78%
993,【スカッとする話】年末に息子夫婦が泊まりにくると、深夜に夫が突然私を裏口に…夫「今のうちに家から出よう」私「え？年越しそば食べないの？」夫「お前気づいてないのか？」【朗読】【スカッと】,https://www.youtube.com/watch?v=AdhCK-BGvg4,13万回視聴 / 11 か月前,スカッと復讐日記,https://www.youtube.com/channel/UCU1ueCWCWlfHlp7F0YnMfvw,3 か月前,36回視聴,年末に息子夫婦が泊まりに来ると、深夜に夫が突然私を裏口に呼んだ夫「今のうちに家から出よう」私「え？年越しそば食べないの？」夫「お前気づいてないのか？」【シニアライフ】【60代以上の方へ】,https://www.youtube.com/watch?v=CHRG67nMrLc,96%
994,【スカッと】単身赴任の夫の家へサプライズで行くと記入済みの離婚届が...私「お望み通り提出するか」速攻で提出して携帯解約し家を売却して海外移住した結果w,https://www.youtube.com/watch?v=jcLkESG2h5U,4.7万回視聴 / 2 年前,スカッと感動 !01,https://www.youtube.com/channel/UCM-3xOQUIeftM_JixQcFRAQ,2 年前,34回視聴,【スカッと】単身赴任の夫の家へサプライズで行くと記入済みの離婚届が…私「お望み通り提出してやるか」速攻で提出して携帯解約し家を売却して海外移住した結果w,https://www.youtube.com/watch?v=VBZEjOh6Qlo,97%
995,【スカッとする話】勝手に離婚届を提出した夫「離婚届出しておいたぞw」愛人「1週間で出て行けw」私「いや、今すぐ出てくわ」3秒で出ていくと夫から鬼電がw,https://www.youtube.com/watch?v=ZQpFSTa8aRk,13万回視聴 / 2 年前,スカッと感動 !01,https://www.youtube.com/channel/UCM-3xOQUIeftM_JixQcFRAQ,2 年前,5回視聴,【スカッと】勝手に離婚届を提出した夫「離婚届出しておいたぞw」愛人「1週間で出て行けw」私「いや、今すぐ出てくわ」5秒で出ていくと夫から鬼電がw【修羅場】,https://www.youtube.com/watch?v=nS1ZdQNQzxU,98%
996,【スカッとする話】愛人と隠し子を連れ帰宅した夫「息子はお前にやる！離婚だ！」息子「母さんとは離婚出来ないよ？だって...」息子の衝撃の一言で夫と愛人が半狂乱にw,https://www.youtube.com/watch?v=E6hGGRc68uY,15万回視聴 / 2 年前,スカッと感動 !01,https://www.youtube.com/channel/UCM-3xOQUIeftM_JixQcFRAQ,2 年前,949回視聴,【スカッと】愛人と隠し子を連れ帰宅した夫「息子はお前にやる!!離婚だ!!」息子「母さんとは離婚出来ないよ？だって父さんは…」息子の衝撃の一言で夫と愛人が半狂乱にw【修羅場】,https://www.youtube.com/watch?v=CxR3nG3oR84,97%
997,【スカッとする話】親友の出産祝いで産婦人科へ行くと新生児の父親がまさかの夫だった...。私「おめでと！赤ちゃん可愛いね！」速攻で帰宅し夫の荷物を全て捨て、家を売り払い引越した結果w,https://www.youtube.com/watch?v=7Pz5jiUvSnQ,5万回視聴 / 2 年前,スカッと感動 !01,https://www.youtube.com/channel/UCM-3xOQUIeftM_JixQcFRAQ,2 年前,4回視聴,【スカッとする話】親友の出産祝いで産婦人科へ行くと新生児の父親がまさかの夫だった…私「おめでと!!赤ちゃん可愛いね!!」速攻で帰宅し夫の荷物を全て捨て、家を売り払い引越した結果w【修羅場】,https://www.youtube.com/watch?v=Tdsm89OD2sc,100%
998,【スカッとする話】孫の七五三のお祝いに親戚一同と行くと私だけ席がない...長男嫁「他人の席は無いから立ってればw」私「じゃ帰るか」親戚一同「うん」全員で帰宅した結果w,https://www.youtube.com/watch?v=bI91wh-7IMg,19万回視聴 / 2 年前,スカッと感動 !02,https://www.youtube.com/channel/UC245xKv3oOdbX57tRsuWmQg,2 年前,369回視聴,【スカッと】孫の七五三のお祝いに親戚一同と行くと私だけ席がない…長男嫁「他人の席は無いから立ってればw」私「じゃ帰るか」親戚一同「うん」全員で帰宅した結果w【修羅場】,https://www.youtube.com/watch?v=ouFYMpFMg6E,100%
999,【スカッとする話】母の葬儀中に夫から電話「親戚の集まりなのにサボるな！親の葬儀とか知るか今すぐ来い」私「分かりました」喪服のまま駆け付けた結果ｗ,https://www.youtube.com/watch?v=wdxUcG1tem8,20万回視聴 / 2 年前,スカッと感動 !02,https://www.youtube.com/channel/UC245xKv3oOdbX57tRsuWmQg,2 年前,29回視聴,【スカッと】母の葬儀中に夫から電話「親戚達の集まりなのにサボるな!!親の葬儀とか知るか今すぐ来い」私「分かりました」喪服のまま駆け付け吊し上げた結果w【修羅場】,https://www.youtube.com/watch?v=XkeCwnZ1EI8,96%
1000,【スカッとする話】私が義母の入院費を払ってると知らず新居に引っ越した夫「寄生虫は施設でもいけw」1億の高級施設に引越し入院費の支払も止めた結果w,https://www.youtube.com/watch?v=hRCh_bWpcgg,10万回視聴 / 2 年前,スカッと感動 !02,https://www.youtube.com/channel/UC245xKv3oOdbX57tRsuWmQg,2 年前,1 回視聴,【スカッと】私が義母の入院費を払ってると知らず新居に引っ越した夫「寄生虫は施設でもいけw」1億の高級施設に引越し入院費の支払も止めた結果w【修羅場】,https://www.youtube.com/watch?v=dSdjJtEhgx8,100%
1001,【スカッとする話】自ら命を絶った夫が亡くなり1週間後、私宛に夫から手紙が届いた...手紙「両親に見つからず読んでくれ」そこに記された場所に行き同封の鍵でコインロッカーを開けると...,https://www.youtube.com/watch?v=9kcEIi88egw,23万回視聴 / 2 年前,スカッと感動 !02,https://www.youtube.com/channel/UC245xKv3oOdbX57tRsuWmQg,2 年前,20回視聴,【スカッと】自ら命を絶った夫が亡くなり1週間後、私宛に夫から手紙が届いた…手紙「両親に見つからず読んでくれ」そこに記された場所に行き同封の鍵でコインロッカーを開けると【修羅場】,https://www.youtube.com/watch?v=5ktvlW6QuyM,100%
1002,【スカッとする話】高熱で病院へ行く娘を降ろし義両親とのハワイ旅行に行った夫「病院は歩いて行けるだろw」2時間後、半狂乱の夫から鬼電→夫「た、助けて下さい！」,https://www.youtube.com/watch?v=UiZsY3yFtBw,11万回視聴 / 2 年前,スカッと感動 !02,https://www.youtube.com/channel/UC245xKv3oOdbX57tRsuWmQg,2 年前,60回視聴,【スカッと】高熱で病院へ行く娘を降ろし義両親とのハワイ旅行に行った夫「病院は歩いて行けるだろw」3時間後、半狂乱の夫から鬼電→夫「た、助けて下さい！」【修羅場】,https://www.youtube.com/watch?v=3dHxoR4DXOI,98%
1003,【スカッとする話】高熱で病院へ行く娘を降ろし義両親とのハワイ旅行に行った夫「病院は歩いて行けるだろw」2時間後、半狂乱の夫から鬼電→夫「た、助けて下さい！」,https://www.youtube.com/watch?v=UiZsY3yFtBw,11万回視聴 / 2 年前,スカッと感動 !02,https://www.youtube.com/channel/UC245xKv3oOdbX57tRsuWmQg,2 年前,0 回視聴,【スカッと】高熱で病院へ行く娘を降ろし義両親とのハワイ旅行に行った夫「病院は歩いて行けるだろw」3時間後、半狂乱の夫から鬼電→夫「た、助けて下さい！」【修羅場】,https://www.youtube.com/watch?v=trMym8Jf8lE,98%
1004,【スカッとする話】私の車のアクセルにこっそり手を加える夫。私（知らないふりしよw）翌日、車を義両親に貸し出すと、夫「ま、待ってくれ…」実はw【朗読】【スカッと】,https://www.youtube.com/watch?v=lRIrN83xkSc,6.2万回視聴 / 2 か月前,スカッと感動物語,https://www.youtube.com/channel/UCNgAGbz8Vv4P9AQgd9iNa-g,2 か月前,"38,663回視聴",私の車のアクセルにこっそり手を加える夫。私（知らないふりしよw）翌日、車を義両親に貸し出すと、夫「ま、待ってくれ…」実はw,https://www.youtube.com/watch?v=xBwBL4iNsEA,100%
1005,【スカッと総集編】夫が土下座「20歳の愛人が妊娠した！離婚してくれ！」私「はい離婚届け。じゃ娘以外は連れてくね」夫「は？娘も連れていけよ」私「無理、だってこの子は…」【スカッとする話】,https://www.youtube.com/watch?v=70JSyEr3ztQ,34万回視聴 / 3 年前,スカッと感動物語,https://www.youtube.com/channel/UCNgAGbz8Vv4P9AQgd9iNa-g,1 か月前,"3,436回視聴",夫が土下座「20歳の愛人が妊娠した！離婚してくれ！」私「はい離婚届け。じゃ娘以外は連れてくね」夫「は？娘も連れていけ,https://www.youtube.com/watch?v=TM-lmiQNaI4,90%
1006,【スカッとする話】夫が亡くなり義実家を建て替えた私と長男夫婦が同居。10年後、長男が亡くなり49日が終わると長男嫁から電話が…【修羅場】,https://www.youtube.com/watch?v=2Q_EtHgIDB8,6.6万回視聴 / 3 年前,スカッと成敗ストーリー,https://www.youtube.com/channel/UC1iIGo491nSYyJ_AsgmPzyw,3 か月前,0 回視聴,【スカッとする話】 夫が亡くなり義実家を建て替えた私と長男夫婦が同居。10年後、長男が亡くなり49日が終わると長男嫁から電話が…【修羅場】,https://www.youtube.com/watch?v=fYGA9psPN4M,86%
1007,【スカッとする話】母のスーツを借りて夢だったアパレル会社の面接へ行くと、私の身なりを見下す面接官「古臭い格好w貧乏人は帰れw」母「これは私の仕立てたスーツだけど？」面接官「あ、あなたは！」結果w,https://www.youtube.com/watch?v=Lhrb2i9uX0Q,2.8万回視聴 / 2 年前,スカッと成敗ストーリー,https://www.youtube.com/channel/UC1iIGo491nSYyJ_AsgmPzyw,3 か月前,0 回視聴,【スカッとする話】母のスーツを借りて夢だったアパレル会社の面接へ行くと、私の身なりを見下す面接官「古臭い格好w貧乏人は帰れw」母「これは私の仕立てたスーツだけど？」面,https://www.youtube.com/watch?v=z0fAd0dx9-s,93%
1008,【スカッとする話】浮気した夫と離婚すると夫の連れ子「部屋はちゃんとキレイにしてねw」愛人「明日中に出てってねw」私「はーい」私の家具家電全てを捨て家をキレイにして引越した結果w,https://www.youtube.com/watch?v=4gs5Zq6DMCY,8.6万回視聴 / 2 年前,スカッと成敗ストーリー,https://www.youtube.com/channel/UC1iIGo491nSYyJ_AsgmPzyw,3 か月前,0 回視聴,【スカッとする話】浮気した夫と離婚すると夫の連れ子「部屋はちゃんとキレイにしてねw」愛人「明日中に出てってねw」私「はーい」私の家具家電全てを捨て家,https://www.youtube.com/watch?v=rLh4pHn4ZtY,90%
1009,【スカッとする話】私がグループ12社の会長と知らず、父が亡くなった途端に夫「遺産は俺が頂くw嫌なら離婚w」即離婚届を提出し夫の会社へ→私「全取引中止します」【スカッと】【朗読】【修羅場】,https://www.youtube.com/watch?v=giPBrZeE8s8,4万回視聴 / 2 年前,スカッと成敗ストーリー,https://www.youtube.com/channel/UC1iIGo491nSYyJ_AsgmPzyw,3 か月前,0 回視聴,【スカッとする話】私がグループ12社の会長と知らず、父が亡くなった途端に夫「遺産は俺が頂くw嫌なら離婚w」即離婚届を提出し夫の会社へ→私「全取引中止します」【,https://www.youtube.com/watch?v=IHc1SF_n8ys,99%
1010,【スカッとする話】私がグループ13社の社長と知らず、母の葬儀後に銀行員の夫「相続少ねぇなw離婚でw」即離婚届を提出し夫の銀行へ→私「700億の法人口座は解約で」,https://www.youtube.com/watch?v=NskvXTGiyMY,3.4万回視聴 / 1 年前,スカッと成敗ストーリー,https://www.youtube.com/channel/UC1iIGo491nSYyJ_AsgmPzyw,2 か月前,0 回視聴,【スカッとする話】私がグループ13社の社長と知らず、母の葬儀後に銀行員の夫「相続少ねぇなw離婚でw」即離婚届を提出し夫の銀行へ→私「700億の法人口座は解約で」,https://www.youtube.com/watch?v=cmr_Wm_l0r0,100%
1011,【スカッとする話】私が役員報酬で家計を支えていると知らず夫と引越した長男夫婦。長男嫁「他人に新居は教えませんw」私「じゃ日給100円の夫とは離婚」長男嫁「冗談は顔だけにしろw」結果w,https://www.youtube.com/watch?v=gP9frtBf2wg,4.7万回視聴 / 1 年前,スカッと成敗ストーリー,https://www.youtube.com/channel/UC1iIGo491nSYyJ_AsgmPzyw,3 か月前,0 回視聴,【スカッとする話】私が役員報酬で家計を支えていると知らず夫と引越した長男夫婦。長男嫁「他人に新居は教えませんw」私「じゃ日給100円の夫とは離婚」長男嫁「,https://www.youtube.com/watch?v=zf2WSOwPHOw,92%
1012,【スカッとする話】結婚式直前に40歳の私を捨て23歳の浮気相手と結婚した婚約者「ババァ捨てて正解だったw」私「別れてくれて有難う！」 婚約者「え？」実は...,https://www.youtube.com/watch?v=oc3OW0Tmk3c,6.2万回視聴 / 2 年前,スカッと成敗ストーリー,https://www.youtube.com/channel/UC1iIGo491nSYyJ_AsgmPzyw,2 か月前,0 回視聴,【スカッとする話】結婚式直前に40歳の私を捨て23歳の浮気相手と結婚した婚約者「ババァ捨てて正解だったw」私「別れてくれて有難う！」 婚約者「え？」実は,https://www.youtube.com/watch?v=BpOTkpkXf14,100%
1013,【スカッとする話】長男が双子の娘を残して他界。長男嫁「発達障害のガキは中卒の貧乏ババァに譲ってあげるw」私「では私が育てます…」10年後、まさかの展開にw,https://www.youtube.com/watch?v=3v1qqv9z0yE,3.5万回視聴 / 2 年前,スカッと成敗ストーリー,https://www.youtube.com/channel/UC1iIGo491nSYyJ_AsgmPzyw,2 か月前,0 回視聴,【スカッとする話】長男が双子の娘を残して他界。長男嫁「発達障害のガキは中卒の貧乏ババァに譲ってあげるw」私「では私が育てます…」10年後、まさかの展開に,https://www.youtube.com/watch?v=SrlJ46l-aQs,100%
1014,【スカッとする話】長男嫁「このタワマンは私の両親に住んでもらう！他人は出てけw」私「はーい、喜んで！」翌日、家の売却手続きを済ませ夫と1億の豪邸に引越した結果w,https://www.youtube.com/watch?v=SwTnBYd5lG0,10万回視聴 / 2 年前,スカッと成敗ストーリー,https://www.youtube.com/channel/UC1iIGo491nSYyJ_AsgmPzyw,2 か月前,1 回視聴,【スカッとする話】長男嫁「このタワマンは私の両親に住んでもらう！他人は出てけw」私「はーい、喜んで！」翌日、家の売却手続きを済ませ夫と1億の豪邸に引越した結果,https://www.youtube.com/watch?v=m_8afsZanW4,100%
1015,【スカッとする話】顔に火傷跡がある私を捨てた両親「バケモノの娘はいらないw」祖父母「じゃあ私達が引き取るわ」10年後、500坪の自宅に両親が現れ→私「あんたら誰？」結果w,https://www.youtube.com/watch?v=S0bbOFtONww,3.7万回視聴 / 2 年前,スカッと成敗ストーリー,https://www.youtube.com/channel/UC1iIGo491nSYyJ_AsgmPzyw,2 か月前,0 回視聴,【スカッとする話】顔に火傷跡がある私を捨てた両親「バケモノの娘はいらないw」祖父母「じゃあ私達が引き取るわ」10年後、500坪の自宅に両親が現れ→私「あんたら誰？」結果,https://www.youtube.com/watch?v=4UNa8lN9ePQ,100%
1016,【スカッとする話】婿両親が私の娘を引きずって家に来た。義母「月90万の息子と不釣り合いw返品」私「いいんですか？」義母「当然よw」私「じゃあ月4万生活頑張ってw」義母「え？」【スカッと】【朗読】,https://www.youtube.com/watch?v=cwUdR_GfH9g,11万回視聴 / 2 年前,スカッと朗読の部屋,https://www.youtube.com/channel/UCvO63auFe1UZQ_dHVqkGN7Q,2 か月前,0 回視聴,【スカッとする話】婿両親が私の娘を引きずって家に来た。義母「月90万の息子と不釣り合いw返品」私「いいんですか？」義母「当然よw」私「じゃあ月4万生活頑張ってw」義母,https://www.youtube.com/watch?v=1nvoc8IGrfQ,99%
1017,【スカッとする話】家に帰ると孫が庭で膝を抱え泣いていた…私「どうしたの？お母さん達は？」孫「家族だけで姉の誕生日会してる」私「私達も家族だけで引越すわよ」1億の豪邸に引越した結果w,https://www.youtube.com/watch?v=stcaPJYLGmM,4万回視聴 / 2 年前,スカッと朗読の部屋,https://www.youtube.com/channel/UCvO63auFe1UZQ_dHVqkGN7Q,3 か月前,1 回視聴,【スカッとする話】家に帰ると孫が庭で膝を抱え泣いていた…私「どうしたの？お母さん達は？」孫「家族だけで姉の誕生日会してる」私「私達も家族だけで引越すわよ,https://www.youtube.com/watch?v=hMRKtNh91I8,91%
1018,【スカッとする話】新築タワマンへ引っ越し荷解きをしてると同居していた義姉「私は20畳の広い部屋で！」義両親「嫁は4畳の物置なw」私「は？誰の家の話ですか？」義家族「は？」実は...,https://www.youtube.com/watch?v=XPBALyOx-Q4,9.9万回視聴 / 2 年前,スカッと朗読の部屋,https://www.youtube.com/channel/UCvO63auFe1UZQ_dHVqkGN7Q,3 か月前,0 回視聴,【スカッとする話】新築タワマンへ引っ越し荷解きをしてると同居していた義姉「私は20畳の広い部屋で！」義両親「嫁は4畳の物置なw」私「は？誰の家の話ですか,https://www.youtube.com/watch?v=iWyKqsMiZAU,95%
1019,【スカッとする話】母子家庭で育てた長男の結婚式へ行くと私の席が無い...姑「貧乏人の席はありませんw」長男「帰ろっか..」私「うん...」義家族は全てを失う結果にw,https://www.youtube.com/watch?v=6UWe8WooXpM,10万回視聴 / 2 年前,スカッと朗読の部屋,https://www.youtube.com/channel/UCvO63auFe1UZQ_dHVqkGN7Q,2 か月前,0 回視聴,【スカッとする話】母子家庭で育てた長男の結婚式へ行くと私の席が無い   姑「貧乏人の席はありませんw」長男「帰ろっか  」私「うん   」義家族は全てを失う結果に,https://www.youtube.com/watch?v=ZT1y3H8-gOI,100%
1020,【スカッとする話】毎日新居に来る義弟夫婦…私「なんで毎日来るの？迷惑です」義弟「え？だってこの家は俺たちの家ですよ？」私「はい？」実は…,https://www.youtube.com/watch?v=AUpn356fmIo,2.2万回視聴 / 1 年前,スカッと朗読の部屋,https://www.youtube.com/channel/UCvO63auFe1UZQ_dHVqkGN7Q,2 か月前,2回視聴,【スカッとする話】毎日新居に来る義弟夫婦…私「なんで毎日来るの？迷惑です」義弟「え？だってこの家は俺たちの家ですよ？」私「はい？」実は…,https://www.youtube.com/watch?v=s1onzaRxwIA,100%
1021,【スカッとする話】海外旅行中の夫から突然の電話「愛人と暮らすから離婚でw家と車は置いて出てけw」私「もう家も車もないけど？」夫「え？」帰国後、半狂乱にw,https://www.youtube.com/watch?v=M19YMyh9RTQ,6.3万回視聴 / 2 年前,スカッと朗読の部屋,https://www.youtube.com/channel/UCvO63auFe1UZQ_dHVqkGN7Q,2 か月前,1 回視聴,【スカッとする話】海外旅行中の夫から突然の電話「愛人と暮らすから離婚でw家と車は置いて出てけw」私「もう家も車もないけど？」夫「え？」帰国後、半狂乱に,https://www.youtube.com/watch?v=wkpBe14taIU,100%
1022,【スカッとする話】無断で義家族9人を同居させる夫「お前は４畳の物置小屋なw」義母「嫌なら離婚して出てけばw」私「私は3ヶ月前に離婚済みだし1億の新築に引越しましたよ」,https://www.youtube.com/watch?v=qnvleUOXFGo,2.7万回視聴 / 1 年前,スカッと朗読の部屋,https://www.youtube.com/channel/UCvO63auFe1UZQ_dHVqkGN7Q,2 か月前,0 回視聴,【スカッとする話】無断で義家族9人を同居させる夫「お前は４畳の物置小屋なw」義母「嫌なら離婚して出てけばw」私「私は3ヶ月前に離婚済みだし1億の新築に引越しましたよ」,https://www.youtube.com/watch?v=1w6Z68BF1d0,100%
1023,【スカッとする話】父の葬儀に向かう荷造り中の私に熱々のコーヒーをぶっかけた夫「帰るなら二度と戻ってくるなよw」私「はーい」家の荷物を全て処分し二度と帰らなかった結果w,https://www.youtube.com/watch?v=aDkGhtxzjjw,6.2万回視聴 / 1 年前,スカッと朗読の部屋,https://www.youtube.com/channel/UCvO63auFe1UZQ_dHVqkGN7Q,2 か月前,0 回視聴,【スカッとする話】父の葬儀に向かう荷造り中の私に熱々のコーヒーをぶっかけた夫「帰るなら二度と戻ってくるなよw」私「はーい」家の荷物を全て処分し二度と帰らなかった結果,https://www.youtube.com/watch?v=ZR-wW9vfoP4,100%
1024,【スカッとする話】生後3ヵ月の姪っ子を私に預け夫と駆け落ちした妹と15年後に偶然再会。妹「不良品は息してる？w」元夫「プッw」直後、高校生の娘を見た2人は絶句しw【スカッと】【朗読】,https://www.youtube.com/watch?v=p6Opr9y7udU,2.3万回視聴 / 2 年前,スカッと朗読の部屋,https://www.youtube.com/channel/UCvO63auFe1UZQ_dHVqkGN7Q,3 か月前,0 回視聴,【スカッとする話】生後3ヵ月の姪っ子を私に預け夫と駆け落ちした妹と15年後に偶然再会。妹「不良品は息してる？w」元夫「プッw」直後、高校生の娘を見た2人は,https://www.youtube.com/watch?v=PRvuEljR264,98%
1025,【スカッとする話】私が台所にいると知らず会話を続ける夫と娘…2人の会話を聞いていた私は荷物をまとめて黙って姿を消し永久に無視してやった結果w,https://www.youtube.com/watch?v=CdOIccEuKb0,3.5万回視聴 / 1 年前,スカッと朗読の部屋,https://www.youtube.com/channel/UCvO63auFe1UZQ_dHVqkGN7Q,2 か月前,4回視聴,【スカッとする話】私が台所にいると知らず会話を続ける夫と娘…2人の会話を聞いていた私は荷物をまとめて黙って姿を消し永久に無視してやった結果,https://www.youtube.com/watch?v=zBycphz3DW4,100%
1026,【スカッとする話】私が宝くじで12億当てたと知らず愛人と再婚した銀行員の夫「仕事もしない役立たずは離婚w」私「いいよ！」離婚後、夫の銀行へ→私「12億円取りに来ました！」,https://www.youtube.com/watch?v=Egtv-lgcHl8,10万回視聴 / 2 年前,スカッと朗読の部屋,https://www.youtube.com/channel/UCvO63auFe1UZQ_dHVqkGN7Q,2 か月前,1 回視聴,【スカッとする話】私が宝くじで12億当てたと知らず愛人と再婚した銀行員の夫「仕事もしない役立たずは離婚w」私「いいよ！」離婚後、夫の銀行へ→私「12億円取りに来ました！」,https://www.youtube.com/watch?v=zG0O7-8FT50,100%
1027,【スカッとする話】お盆に親戚の集まりに行くと、親戚一同が私を無視…義母（うわw来たよ…）無言でその場を立ち去り4日後、親戚全員から大量着信が…w【朗読】【スカッと】,https://www.youtube.com/watch?v=uSakJfqMq3Y,3.3万回視聴 / 1 か月前,スカッと物語,https://www.youtube.com/channel/UCLz5UoQMIAja9LyZIOCYmQg,5 日前,0 回視聴,【スカッとする話】お盆に親戚の集まりに行くと、親戚一同が私を無視…義母（うわw来たよ…）無言でその場を立ち去り4日後、親戚全員から大量着信が…w【朗読】【スカッと】,https://www.youtube.com/watch?v=TCZYtXk8Ilk,100%
1028,【スカッとする話】勉強が苦手な私の息子に義母「うちの子は優秀なのに…ダメ嫁が産むと出来損ないかw」ブチギレた私は義母と絶縁。10年後、息子は医大生になり…w【朗読】【スカッと】,https://www.youtube.com/watch?v=W1l_WF0rxns,3.8万回視聴 / 4 週間前,スカッと物語,https://www.youtube.com/channel/UCLz5UoQMIAja9LyZIOCYmQg,6 日前,0 回視聴,【スカッとする話】勉強が苦手な私の息子に義母「うちの子は優秀なのに…ダメ嫁が産むと出来損ないかw」ブチギレた私は義母と絶縁。10年後、息子は医大生になり…w【朗読】【スカッと】,https://www.youtube.com/watch?v=0_szphr5FQg,100%
1029,【スカッとする話】夫「この家には両親も住ませる！嫌ならお前だけ引越せw」私「OK（まだ黙っとくかw）」お望み通り引っ越しすと、3日後、号泣の義家族から鬼電がw【朗読】【スカッと】,https://www.youtube.com/watch?v=TafuGL859H8,5.2万回視聴 / 1 か月前,スカッと物語,https://www.youtube.com/channel/UCLz5UoQMIAja9LyZIOCYmQg,5 日前,0 回視聴,【スカッとする話】夫「この家には両親も住ませる！嫌ならお前だけ引越せw」私「OK（まだ黙っとくかw）」お望み通り引っ越しすと、3日後、号泣の義家族から鬼電がw【朗読】【スカッと】,https://www.youtube.com/watch?v=zheqqfFcdJo,100%
1030,【スカッとする話】夫「もう俺の親に関わるな」10年間義母を介護してきた私は、夫の一言で介護・支援を即終了。1ヶ月家に帰らず姿を消すと、発狂した夫から鬼電がw【朗読】【スカッと】,https://www.youtube.com/watch?v=iDdnkB23JiU,3.2万回視聴 / 1 か月前,スカッと物語,https://www.youtube.com/channel/UCLz5UoQMIAja9LyZIOCYmQg,6 日前,0 回視聴,【スカッとする話】夫「もう俺の親に関わるな」10年間義母を介護してきた私は、夫の一言で介護・支援を即終了。1ヶ月家に帰らず姿を消すと、発狂した夫から鬼電がw【朗読】【スカッと】,https://www.youtube.com/watch?v=WQGCAz-NxdE,100%
1031,【スカッとする話】夫から高級化粧品を貰った私。夫「あれ、もう使った？w」私「お義母さんが試してたよ」直後、なぜか夫が慌て出しw【朗読】【スカッと】,https://www.youtube.com/watch?v=28rOAUunNPw,5.8万回視聴 / 1 か月前,スカッと物語,https://www.youtube.com/channel/UCLz5UoQMIAja9LyZIOCYmQg,6 日前,1 回視聴,【スカッとする話】夫から高級化粧品を貰った私。夫「あれ、もう使った？w」私「お義母さんが試してたよ」直後、なぜか夫が慌て出しw【朗読】【スカッと】,https://www.youtube.com/watch?v=4NsNHKQLYqw,100%
1032,【スカッとする話】娘がアスペルガーと診断されると、夫「離婚でw親権はお前なw」絶望の中、号泣する私に娘「ママ、これは何…？」娘が指差した紙を拾い上げると…【朗読】【スカッと】,https://www.youtube.com/watch?v=h7fUPWG2iGU,1.6万回視聴 / 1 か月前,スカッと物語,https://www.youtube.com/channel/UCLz5UoQMIAja9LyZIOCYmQg,3 日前,0 回視聴,【スカッとする話】娘がアスペルガーと診断されると、夫「離婚でw親権はお前なw」絶望の中、号泣する私に娘「ママ、これは何…？」娘が指差した紙を拾い上げると…【朗読】【スカッと】,https://www.youtube.com/watch?v=qV-66FLxN4w,100%
1033,【スカッとする話】娘の結婚式に愛人と共に現れた夫「彼女にも座らせてあげて」私は黙って愛人に席を譲った直後、グループ10社を束ねる新郎父「会長、お久しぶりです」【朗読】【スカッと】,https://www.youtube.com/watch?v=ZobJWKrmIzQ,7.7万回視聴 / 4 週間前,スカッと物語,https://www.youtube.com/channel/UCLz5UoQMIAja9LyZIOCYmQg,6 日前,0 回視聴,【スカッとする話】娘の結婚式に愛人と共に現れた夫「彼女にも座らせてあげて」私は黙って愛人に席を譲った直後、グループ10社を束ねる新郎父「会長、お久しぶりです」【朗読】【スカッと】,https://www.youtube.com/watch?v=DT24kwepkr0,100%
1034,【スカッとする話】娘の葬儀に愛人を連れてきた婿「最期に間に合わなくて残念w」愛人「遺産2億は私達が相続ねw」私「…ですってw」夫「助かるなw」愛人「え？」実はw【朗読ドラマ】【朗読】【スカッと】,https://www.youtube.com/watch?v=IsPanDg1vH0,2.8万回視聴 / 2 週間前,スカッと物語,https://www.youtube.com/channel/UCLz5UoQMIAja9LyZIOCYmQg,8 日前,0 回視聴,【スカッとする話】娘の葬儀に愛人を連れてきた婿「最期に間に合わなくて残念w」愛人「遺産2億は私達が相続ねw」私「…ですってw」夫「助かるなw」愛人「え？」実はw【朗読ドラマ】【朗読】【スカッと】,https://www.youtube.com/watch?v=od3pGdQwxPk,100%
1035,【スカッとする話】息子のために貯めた800万の進学資金を勝手に義母に渡した夫「ママが家買うから渡したw文句あるなら離婚！」私「OK」息子「今までありがとう！」夫「え？」【朗読】【スカッと】,https://www.youtube.com/watch?v=UMALXNxEZ8g,4.6万回視聴 / 1 か月前,スカッと物語,https://www.youtube.com/channel/UCLz5UoQMIAja9LyZIOCYmQg,3 日前,0 回視聴,【スカッとする話】息子のために貯めた800万の進学資金を勝手に義母に渡した夫「ママが家買うから渡したw文句あるなら離婚！」私「OK」息子「今までありがとう！」夫「え？」【朗読】【スカッと】,https://www.youtube.com/watch?v=iqXd0oSJbIg,100%
1036,【スカッとする話】旦那が出張中、手土産を持って夫を亡くした親友を訪ねた私。しかし玄関のドアを開け、目の前の光景を見た瞬間、私「今までありがとう」実は【朗読】【スカッと】,https://www.youtube.com/watch?v=2t3thqCEE5U,4.3万回視聴 / 1 か月前,スカッと物語,https://www.youtube.com/channel/UCLz5UoQMIAja9LyZIOCYmQg,5 日前,0 回視聴,【スカッとする話】旦那が出張中、手土産を持って夫を亡くした親友を訪ねた私。しかし玄関のドアを開け、目の前の光景を見た瞬間、私「今までありがとう」実は【朗読】【スカッと】,https://www.youtube.com/watch?v=IC5RMYPop_0,100%
1037,【スカッとする話】最愛の夫を事故で亡くし49日後、私を家から追い出す義両親。義父「出ていってほしい」私「今までお世話になりました…」翌日、遺言を見た2人から鬼電がw【朗読ドラマ】【朗読】【スカッと】,https://www.youtube.com/watch?v=Fd31YEY2YA0,2.9万回視聴 / 2 週間前,スカッと物語,https://www.youtube.com/channel/UCLz5UoQMIAja9LyZIOCYmQg,7 日前,0 回視聴,【スカッとする話】最愛の夫を事故で亡くし49日後、私を家から追い出す義両親。義父「出ていってほしい」私「今までお世話になりました…」翌日、遺言を見た2人から鬼電がw【朗読ドラマ】【朗読】【スカッ,https://www.youtube.com/watch?v=fQgKojBVHlM,97%
1038,【スカッとする話】正月に親戚の集まりで長男嫁にだけ席を用意しない私。親戚「最低！それでも家族か！」夫「俺達に家族はいないぞ？」一同「え？」実は…【朗読】【スカッと】,https://www.youtube.com/watch?v=stThz-8uQrM,3.1万回視聴 / 1 か月前,スカッと物語,https://www.youtube.com/channel/UCLz5UoQMIAja9LyZIOCYmQg,2 日前,0 回視聴,【スカッとする話】正月に親戚の集まりで長男嫁にだけ席を用意しない私。親戚「最低！それでも家族か！」夫「俺達に家族はいないぞ？」一同「え？」実は…【朗読】【スカッと】,https://www.youtube.com/watch?v=RpRfw2H0iS8,100%
1039,【スカッとする話】毎月30万仕送りを続けたのに、帰国すると娘が毎日お粥生活。私「30万送ってたよね？」娘「私は1円も見てないよ」→なぜか義母が慌て出し…w【朗読ドラマ】【朗読】【スカッと】,https://www.youtube.com/watch?v=HFQiOY1EIYg,2.6万回視聴 / 10 日前,スカッと物語,https://www.youtube.com/channel/UCLz5UoQMIAja9LyZIOCYmQg,8 日前,0 回視聴,【スカッとする話】毎月30万仕送りを続けたのに、帰国すると娘が毎日お粥生活。私「30万送ってたよね？」娘「私は1円も見てないよ」→なぜか義母が慌て出し…w【朗読ドラマ】【朗読】【スカッと】,https://www.youtube.com/watch?v=MACQeA4h_qM,92%
1040,【スカッとする話】父が毎日お茶漬けなので、私「仕送り10万じゃ足りない？」父「仕送り？貰ってないぞ」私「変ね…銀行に電話するわ」直後、夫がガタガタ震え出し…【朗読ドラマ】【朗読】【スカッと】,https://www.youtube.com/watch?v=W7iyZQfb2oU,4.1万回視聴 / 3 週間前,スカッと物語,https://www.youtube.com/channel/UCLz5UoQMIAja9LyZIOCYmQg,7 日前,0 回視聴,【スカッとする話】父が毎日お茶漬けなので、私「仕送り10万じゃ足りない？」父「仕送り？貰ってないぞ」私「変ね…銀行に電話するわ」直後、夫がガタガタ震え出し…【朗読ドラマ】【朗読】【スカッと】,https://www.youtube.com/watch?v=kzk9Ium2XNM,100%
1041,【スカッとする話】私「正月に両親ウチ来るから」夫「新年から最悪の幕開けw来てる間は出てくわw」私「では私が出ていきます」離婚届を提出し永久に姿を消すとw【朗読】【スカッと】,https://www.youtube.com/watch?v=TUFznlJ6JeM,2.2万回視聴 / 1 か月前,スカッと物語,https://www.youtube.com/channel/UCLz5UoQMIAja9LyZIOCYmQg,2 日前,0 回視聴,【スカッとする話】私「正月に両親ウチ来るから」夫「新年から最悪の幕開けw来てる間は出てくわw」私「では私が出ていきます」離婚届を提出し永久に姿を消すとw【朗読】【スカッと】,https://www.youtube.com/watch?v=1ctIRkuxzPo,100%
1042,【スカッとする話】私がビル100棟のオーナーと知らず、私を捨て社長令嬢と再婚した夫「俺だけ金持ちなってごめんw」私「本当にそう思ってるの？」夫「嫉妬すんなってw」→翌日w【朗読】【スカッと】,https://www.youtube.com/watch?v=IOzGqAeYdYQ,4.8万回視聴 / 1 か月前,スカッと物語,https://www.youtube.com/channel/UCLz5UoQMIAja9LyZIOCYmQg,5 日前,0 回視聴,【スカッとする話】私がビル100棟のオーナーと知らず、私を捨て社長令嬢と再婚した夫「俺だけ金持ちなってごめんw」私「本当にそう思ってるの？」夫「嫉妬すんなってw」→翌日w【朗読】【スカッと】,https://www.youtube.com/watch?v=JKO3-2ZO7K0,100%
1043,【スカッとする話】私の退職金をやたら気にする夫「いくら貰ったの？」私「口座に2000万入った！」翌日、カードを手に夫が失踪。私（計画通りw）実は【朗読】【スカッと】,https://www.youtube.com/watch?v=dOy6I1JE_yY,3万回視聴 / 3 週間前,スカッと物語,https://www.youtube.com/channel/UCLz5UoQMIAja9LyZIOCYmQg,6 日前,0 回視聴,【スカッとする話】私の退職金をやたら気にする夫「いくら貰ったの？」私「口座に2000万入った！」翌日、カードを手に夫が失踪。私（計画通りw）実は【朗読】【スカッと】,https://www.youtube.com/watch?v=8lcqgmooFug,100%
1044,【スカッとする話】私を嫌う義両親が私を無視。私「おやすみ」2人「…」ハワイ旅行当日に姿を消すと鬼電。義両親「今どこ？」私「…」無視して空港に置き去りにするとw【朗読】【スカッと】,https://www.youtube.com/watch?v=VqAVQppeIsM,2万回視聴 / 1 か月前,スカッと物語,https://www.youtube.com/channel/UCLz5UoQMIAja9LyZIOCYmQg,3 日前,0 回視聴,【スカッとする話】私を嫌う義両親が私を無視。私「おやすみ」2人「…」ハワイ旅行当日に姿を消すと鬼電。義両親「今どこ？」私「…」無視して空港に置き去りにするとw【朗読】【スカッと】,https://www.youtube.com/watch?v=6Uy2JDantEw,100%
1045,【スカッとする話】私を毛嫌いする息子夫婦が私を無視。私「お弁当できたよ！」2人「…」3日後、息子嫁が高熱で倒れ、息子「助けてくれ！」私「…」無視して家を出た結果w【朗読】【スカッと】,https://www.youtube.com/watch?v=z0vZvZ-U3js,4.7万回視聴 / 1 か月前,スカッと物語,https://www.youtube.com/channel/UCLz5UoQMIAja9LyZIOCYmQg,3 日前,0 回視聴,【スカッとする話】私を毛嫌いする息子夫婦が私を無視。私「お弁当できたよ！」2人「…」3日後、息子嫁が高熱で倒れ、息子「助けてくれ！」私「…」無視して家を出た結果w【朗読】【スカッと】,https://www.youtube.com/watch?v=0dbOS-jil54,100%
1046,【スカッとする話】結婚式をドタキャンした妹の代わりに、田舎の大工と結婚させられた私。私「バイトして生活費入れるね」夫「必要ないよ！だって…」翌日、半狂乱の妹が自宅に来てw【朗読ドラマ】【スカッと】,https://www.youtube.com/watch?v=eFu4Ak6nNYo,2.8万回視聴 / 12 日前,スカッと物語,https://www.youtube.com/channel/UCLz5UoQMIAja9LyZIOCYmQg,8 日前,0 回視聴,【スカッとする話】結婚式をドタキャンした妹の代わりに、田舎の大工と結婚させられた私。私「バイトして生活費入れるね」夫「必要ないよ！だって…」翌日、半狂乱の妹が自宅に来てw【朗読ドラマ】【スカッと,https://www.youtube.com/watch?v=TxImXkEkJ80,96%
1047,【スカッとする話】結婚挨拶から帰宅した息子「片親の貧乏人とは白紙って…」息子の頬にはビンタの痕が…キレた私は義家族に即電話→義家族全員が号泣の展開にw【朗読】【スカッと】,https://www.youtube.com/watch?v=sTmob2uIaqg,7.2万回視聴 / 1 か月前,スカッと物語,https://www.youtube.com/channel/UCLz5UoQMIAja9LyZIOCYmQg,3 日前,1 回視聴,【スカッとする話】結婚挨拶から帰宅した息子「片親の貧乏人とは白紙って…」息子の頬にはビンタの痕が…キレた私は義家族に即電話→義家族全員が号泣の展開にw【朗読】【スカッと】 1,https://www.youtube.com/watch?v=NXha_HSlkrA,99%
1048,【スカッとする話】義両親が我が家に居座り1ヶ月。義両親「水漏れが酷くて…」私「なら業者呼びますね」義両親「や、やめてくれ！」なぜか2人が慌て出しw【朗読ドラマ】【朗読】【スカッと】,https://www.youtube.com/watch?v=WimfKEqUSmI,2.8万回視聴 / 2 週間前,スカッと物語,https://www.youtube.com/channel/UCLz5UoQMIAja9LyZIOCYmQg,8 日前,0 回視聴,【スカッとする話】義両親が我が家に居座り1ヶ月。義両親「水漏れが酷くて…」私「なら業者呼びますね」義両親「や、やめてくれ！」なぜか2人が慌て出しw【朗読ドラマ】【朗読】【スカッと】,https://www.youtube.com/watch?v=dvv3g3sBBzE,84%
1049,【スカッとする話】裕福な義家族と高級料亭に行くと、義兄嫁「その服で同席する気？お前とは格が違うんだよ」義母「ええ、あなたとは違うわね」義兄嫁「え？」実はw【朗読】【スカッと】,https://www.youtube.com/watch?v=InEluoUt8ik,3.3万回視聴 / 1 か月前,スカッと物語,https://www.youtube.com/channel/UCLz5UoQMIAja9LyZIOCYmQg,2 日前,0 回視聴,【スカッとする話】裕福な義家族と高級料亭に行くと、義兄嫁「その服で同席する気？お前とは格が違うんだよ」義母「ええ、あなたとは違うわね」義兄嫁「え？」実はw【朗読】【スカッと】,https://www.youtube.com/watch?v=wcsxnk8g-xA,100%
1050,【スカッとする話】親代わりで育てた妹の結婚式で、着物姿の妹が式場に1人ポツン…義家族「嘘に決まってるじゃんw」私「なら契約も嘘か！了解」義家族「え？」実はw【朗読】【スカッと】,https://www.youtube.com/watch?v=t9x4VmiCRI4,4.3万回視聴 / 1 か月前,スカッと物語,https://www.youtube.com/channel/UCLz5UoQMIAja9LyZIOCYmQg,3 日前,0 回視聴,【スカッとする話】親代わりで育てた妹の結婚式で、着物姿の妹が式場に1人ポツン…義家族「嘘に決まってるじゃんw」私「なら契約も嘘か！了解」義家族「え？」実はw【朗読】【スカッと】,https://www.youtube.com/watch?v=7Ml1wG4Wpfo,100%
1051,【スカッとする話】親戚一同の前で私を笑い者にする夫「稼ぎ0の嫁はお荷物で…w」義母「捨てられないよう頑張れw」私「別に頑張らないですよ？もう嫁じゃないので」→3秒後w【朗読ドラマ】【朗読】【スカッと】,https://www.youtube.com/watch?v=sPpAlpY3zIw,1.9万回視聴 / 3 週間前,スカッと物語,https://www.youtube.com/channel/UCLz5UoQMIAja9LyZIOCYmQg,7 日前,0 回視聴,【スカッとする話】親戚一同の前で私を笑い者にする夫「稼ぎ0の嫁はお荷物で…w」義母「捨てられないよう頑張れw」私「別に頑張らないですよ？もう嫁じゃないので」→3秒後w【朗読ドラマ】【朗読】【スカ,https://www.youtube.com/watch?v=jY7WJR61kEE,98%
1052,【スカッとする話】資産5億の父と食事中、離婚直後の元夫と愛人に遭遇。元夫「また金持ちに寄生かw」直後、父の一言で2人は青ざめw【朗読】【スカッと】,https://www.youtube.com/watch?v=byOeJgVNDQo,6万回視聴 / 1 か月前,スカッと物語,https://www.youtube.com/channel/UCLz5UoQMIAja9LyZIOCYmQg,6 日前,0 回視聴,【スカッとする話】資産5億の父と食事中、離婚直後の元夫と愛人に遭遇。元夫「また金持ちに寄生かw」直後、父の一言で2人は青ざめw【朗読】【スカッと】,https://www.youtube.com/watch?v=VJ9-vOfNGZs,100%
1053,【スカッとする話】通院費1万すら拒絶した息子夫婦「年金から払えば？w」翌日、家の名義を変え姿を消すと、大号泣の2人から大量着信が…w【朗読ドラマ】【朗読】【スカッと】,https://www.youtube.com/watch?v=DEqKKzP1pB4,2.1万回視聴 / 2 週間前,スカッと物語,https://www.youtube.com/channel/UCLz5UoQMIAja9LyZIOCYmQg,7 日前,0 回視聴,【スカッとする話】通院費1万すら拒絶した息子夫婦「年金から払えば？w」翌日、家の名義を変え姿を消すと、大号泣の2人から大量着信が…w【朗読ドラマ】【朗読】【スカッと】,https://www.youtube.com/watch?v=Ef-RDmTY9Jk,100%
1054,【スカッとする話】離婚した3日後に再婚した元夫「金持ちで若い嫁ゲットw」私「ごめん、笑いすぎて腹痛いwだって、その女は…w」真実を知った夫は顔面蒼白にw【朗読】【スカッと】,https://www.youtube.com/watch?v=lw1jxku6xxo,1.4万回視聴 / 1 か月前,スカッと物語,https://www.youtube.com/channel/UCLz5UoQMIAja9LyZIOCYmQg,5 日前,0 回視聴,【スカッとする話】離婚した3日後に再婚した元夫「金持ちで若い嫁ゲットw」私「ごめん、笑いすぎて腹痛いwだって、その女は…w」真実を知った夫は顔面蒼白にw【朗読】【スカッと】,https://www.youtube.com/watch?v=5s1QB7eb9K0,100%
1055,【感動する話】離婚当日、私にカードを渡した夫「2度と俺の前に現れるな」屈辱で3年間使えなかったので、解約しに銀行窓口に行くと、行員「奥様、お伝えしたいことが…」【朗読】,https://www.youtube.com/watch?v=j1whEo65tTY,18万回視聴 / 1 か月前,スカッと物語,https://www.youtube.com/channel/UCLz5UoQMIAja9LyZIOCYmQg,3 日前,1 回視聴,【感動する話】離婚当日、私にカードを渡した夫「2度と俺の前に現れるな」屈辱で3年間使えなかったので、解約しに銀行窓口に行くと、行員「奥様、お伝えしたいことが…」【朗読】,https://www.youtube.com/watch?v=m63E6NbTDp8,100%
1056,【スカッとする話】18年間家賃を払ってきた私を罵倒する夫と連れ子「月10万の家賃程度で偉そうにw」夫「支払い止めてみろw」私「喜んで」3ヶ月後w,https://www.youtube.com/watch?v=IaHdv7dT6Sc,12万回視聴 / 2 年前,スカッと豆太郎,https://www.youtube.com/channel/UC84EpUMkWGBuDPcH0ENy7wQ,2 年前,"3,195回視聴",【スカッとする話】18年間家賃を払ってきた私を罵倒する夫と連れ子「月10万の家賃程度で偉そうにw」夫「支払い止めてみろw」私「喜んで」→3ヶ月後w【修羅場】,https://www.youtube.com/watch?v=OrSQjn3eHVY,100%
1057,【スカッとする話】夫「来月ママが引っ越してくる！お前の部屋片付けておけw」私「はーい、キレイにしておくね」夫の出張中に不動産屋に連絡し家を売り払いキレイに更地にした結果w,https://www.youtube.com/watch?v=vyDCAcHPme8,8.6万回視聴 / 2 年前,スカッと豆太郎,https://www.youtube.com/channel/UC84EpUMkWGBuDPcH0ENy7wQ,2 年前,"7,692回視聴",【スカッとする話】夫「来月ママが引っ越してくる！お前の部屋片付けておけw」私「はーい、キレイにしておくね」夫の出張中に不動産屋に連絡し家を売り払いキレイに更地にした結果w【修羅場】,https://www.youtube.com/watch?v=3Stp5CgJshM,100%
1058,【スカッとする話】夫と娘に10年間も嫌われ続けた母親の私。ある日、勝手に鍵を変えられ閉め出されたので離婚届けを置いて引越し家を売却して更地にした結果w,https://www.youtube.com/watch?v=KFzrZl6FN1Y,8.5万回視聴 / 3 年前,スカッと豆太郎,https://www.youtube.com/channel/UC84EpUMkWGBuDPcH0ENy7wQ,3 年前,"28,996回視聴",【スカッと総集編】夫に10年間嫌われ続けた母親の私。ある日、勝手に鍵を変えられ 夫「目障りだ。二度と顔を見せるな」→離婚届を置いて引っ越し家を売却して更地にした結果w【修羅場】,https://www.youtube.com/watch?v=w-90qUegyOw,79%
1059,【スカッとする話】夫の連れ子の娘と暮らし始めて1年。しかし、全くなつく気配がない…夫が海外出張に行った日に娘が初めて話しかけてきた。娘「お母さん、実は...」そう言って差し出された手には...,https://www.youtube.com/watch?v=BKC9CbFIESk,5.2万回視聴 / 3 年前,スカッと豆太郎,https://www.youtube.com/channel/UC84EpUMkWGBuDPcH0ENy7wQ,2 年前,"4,539回視聴",【スカッとする話】夫の連れ子の娘と暮らし始めて1年。しかし、全くなつく気配がない…夫が海外出張に行った日に娘が初めて話しかけてきた。娘「お母さん、実は...」そう言って差し出された手には【修羅場】,https://www.youtube.com/watch?v=jL4p0tp5j68,100%
1060,【スカッとする話】浮気夫と離婚すると夫の愛人「今日中に出てけよババァw」夫「ゴミ１つ残すなよw」私「OK」ゴミ回収業者に連絡し私の家具家電を捨てて引越してやった結果w,https://www.youtube.com/watch?v=m72Jeh0nNDs,5.1万回視聴 / 2 年前,スカッと豆太郎,https://www.youtube.com/channel/UC84EpUMkWGBuDPcH0ENy7wQ,2 年前,"8,677回視聴",【スカッとする話】浮気夫と離婚すると夫の愛人「今日中に出てけババァw」夫「ゴミ１つ残すんじゃねえぞw」私「OK」ゴミ回収業者に連絡し私の家具家電を捨てて引越してやった結果w【修羅場】,https://www.youtube.com/watch?v=ffZuKyu_hlY,93%
1061,【スカッとする話】私の旅行中に無断で義両親の引越し荷物を我が家に運び入れた夫「お前はもう帰ってくるなw」私「はーい、私も勝手に引越すね」海外の豪邸に引越した結果w,https://www.youtube.com/watch?v=5U30Sda_BcM,7.2万回視聴 / 2 年前,スカッと豆太郎,https://www.youtube.com/channel/UC84EpUMkWGBuDPcH0ENy7wQ,2 年前,"27,853回視聴",【スカッとする話】私の出張中に無断で義両親の引越し荷物を我が家に運び入れた夫「お前はもう帰ってくるなw」私「はーい、私も勝手に引越すね」海外の豪邸に引越した結果w【修羅場】,https://www.youtube.com/watch?v=3X5nIaUEvFM,97%
1062,【スカッとする話】親族の集まりでエリート夫「嫁の飯はまずいんだよなw」私「え？私の料理食べた事ある？食事はいつも愛人宅じゃないの」義父「は？」義両親がブチギレ...,https://www.youtube.com/watch?v=GZtalGoS6qE,11万回視聴 / 3 年前,スカッと豆太郎,https://www.youtube.com/channel/UC84EpUMkWGBuDPcH0ENy7wQ,3 年前,"67,276回視聴",【スカッとする話】親族の集まりでエリート夫「嫁の飯はまずいんだよなw」私「え？私の料理食べた事ある？食事はいつも愛人宅じゃないの」義父「は？」義両親がブチギレ...【修羅場】,https://www.youtube.com/watch?v=oGoYjBTOSzw,100%
1063,【スカッと総集編】妊娠9ヶ月の私を山奥に捨てた夫の連れ子の娘「パパの娘は私がいれば良いの！もう帰ってこなくて良いからねw」→私は必死に帰ろうとするが山で遭難→3日後、テレビを見た娘は震えだし...,https://www.youtube.com/watch?v=8rLbjjDbMwA,11万回視聴 / 2 年前,スカッと豆太郎,https://www.youtube.com/channel/UC84EpUMkWGBuDPcH0ENy7wQ,2 年前,"28,682回視聴",【スカッとする話】妊娠7ヶ月の私を山奥に捨てた夫の連れ子の娘「パパの娘は私がいれば良いの！帰ってこなくて良いからw」→私は必死に帰ろうとするが山で遭難→3日後、テレビを見た娘は震えだし...【修羅場】,https://www.youtube.com/watch?v=Q7Jfnh0ojj8,97%
1064,【スカッとする話】何をしても怒らない祖母に自慢の婚約者を紹介すると…祖母「結婚は認めません！親を呼びなさい！」突然豹変したので夫の両親を呼ぶと衝撃の事実が判明し…,https://www.youtube.com/watch?v=3v3SpATF0Q8,2.8万回視聴 / 3 年前,スカッと逆転チャンネル,https://www.youtube.com/channel/UCdomxLx_o6zPSsAkEAokA3g,3 か月前,0 回視聴,【スカッとする話】 何をしても怒らない祖母に自慢の婚約者を紹介すると…祖母「結婚は認めません！親を呼びなさい！」突然豹変したので夫の両親を呼ぶと衝撃の事実が判明し…#5992,https://www.youtube.com/watch?v=jVMzEiaUkDM,96%
1065,【スカッとする話】倒産寸前だった長男夫婦の会社を私が立て直すと長男「ババァは用済み。辞めてくれw」私「分かりました」翌日、全社員300人が出勤せず→長男「は？」【修羅場】【スカッと】,https://www.youtube.com/watch?v=7JKs8bxsTK4,6.6万回視聴 / 3 年前,スカッと逆転チャンネル,https://www.youtube.com/channel/UCdomxLx_o6zPSsAkEAokA3g,3 か月前,0 回視聴,【スカッとする話】 倒産寸前だった長男夫婦の会社を私が立て直すと長男「ババァは用済み。辞めてくれw」私「分かりました」翌日、全社員300人が出勤せず→長男「は？」【修羅場】【スカッと】,https://www.youtube.com/watch?v=47cRXrv3t4o,100%
1066,【スカッとする話】単身赴任から帰った夫のスーツからなぜか記入済みの離婚届と女の写真が...私「お望み通り離婚するか」速攻で提出して家を引越し携帯解約して姿を消した結果w【スカッと】【朗読】,https://www.youtube.com/watch?v=IU6rXBY6Itc,1.7万回視聴 / 2 年前,スカッと逆転チャンネル,https://www.youtube.com/channel/UCdomxLx_o6zPSsAkEAokA3g,2 か月前,0 回視聴,【スカッとする話】単身赴任から帰った夫のスーツからなぜか記入済みの離婚届と女の写真が   私「お望み通り離婚するか」速攻で提出して家を引越し携帯解約して姿を消し,https://www.youtube.com/watch?v=exEmmBh0Y6I,98%
1067,【スカッとする話】単身赴任から帰宅した私を他人扱いする夫と娘「誰このおばさんw」私「…」他人なので出ていった結果w,https://www.youtube.com/watch?v=53bXG_XMV0Y,6.7万回視聴 / 2 年前,スカッと逆転チャンネル,https://www.youtube.com/channel/UCdomxLx_o6zPSsAkEAokA3g,3 か月前,0 回視聴,【スカッとする話】単身赴任から帰宅した私を他人扱いする夫と娘「誰このおばさんw」私「…」他人なので出ていった結果w,https://www.youtube.com/watch?v=rxokI4YvWaA,100%
1068,【スカッとする話】単身赴任中の夫から離婚届…夫「ごめん、癌になった。迷惑かけたくないから離婚しよ」察した私「お世話になりました」その日のうちに家を出た結果w,https://www.youtube.com/watch?v=AYATV4AsDDE,3.9万回視聴 / 1 年前,スカッと逆転チャンネル,https://www.youtube.com/channel/UCdomxLx_o6zPSsAkEAokA3g,3 か月前,0 回視聴,【スカッとする話】単身赴任中の夫から離婚届…夫「ごめん、癌になった。迷惑かけたくないから離婚しよ」察した私「お世話になりました」その日のうちに家を出た結果w,https://www.youtube.com/watch?v=v-e8Mt-GSGk,100%
1069,【スカッとする話】単身赴任中の夫が浮気「俺の彼女が妊娠した。離婚してくれ」私「嫌でーす！離婚しませーん！」夫「え？なんで？」離婚を認めなかった結果ｗ【スカッと】【朗読】【修羅場】,https://www.youtube.com/watch?v=ffa_pV3yukY,1.3万回視聴 / 2 年前,スカッと逆転チャンネル,https://www.youtube.com/channel/UCdomxLx_o6zPSsAkEAokA3g,2 か月前,0 回視聴,【スカッとする話】単身赴任中の夫が浮気「俺の彼女が妊娠した。離婚してくれ」私「嫌でーす！離婚しませーん！」夫「え？なんで？」離婚を認めなかった結果ｗ【,https://www.youtube.com/watch?v=FAhbabV0GE4,99%
1070,【スカッとする話】同居の父が亡くなった途端、愛人と隠し子を連れ引越してきた夫「ジジィの家は俺が貰う！出てけw」それを聞いた私は大爆笑→私「どうぞご自由にw」実は…,https://www.youtube.com/watch?v=T5WYfDcbCLA,1.5万回視聴 / 1 年前,スカッと逆転チャンネル,https://www.youtube.com/channel/UCdomxLx_o6zPSsAkEAokA3g,3 か月前,0 回視聴,【スカッとする話】同居の父が亡くなった途端、愛人と隠し子を連れ引越してきた夫「ジジィの家は俺が貰う！出てけw」それを聞いた私は大爆笑→私「どうぞご自由にw」実は…,https://www.youtube.com/watch?v=YgKP1yecRHA,100%
1071,【スカッとする話】夫が他界すると夫の連れ子「遺産いくら？」私「夫の両親が相続して0円よ...」連れ子「じゃアンタの娘辞めるわw」後日、テレビを見た連れ子から鬼電→永久に無視してやった結果w,https://www.youtube.com/watch?v=UQlpAe4Omjw,6.1万回視聴 / 2 年前,スカッと逆転チャンネル,https://www.youtube.com/channel/UCdomxLx_o6zPSsAkEAokA3g,2 か月前,0 回視聴,【スカッとする話】夫が他界すると夫の連れ子「遺産いくら？」私「夫の両親が相続して0円よ   」連れ子「じゃアンタの娘辞めるわw」後日、テレビを見た連れ子から鬼電,https://www.youtube.com/watch?v=0IL073oNa8M,91%
1072,【スカッとする話】片親で育ててくれた母と結婚挨拶へ行くと私の席が無い。義両親「貧乏人は立ち見がお似合いw」直後、普段温厚な母が立ち上がり→母「ではあなた方が立ちなさい」義両親「え？」義家族は全てを失う,https://www.youtube.com/watch?v=fDXqlovH1qE,8.5万回視聴 / 2 年前,スカッと逆転チャンネル,https://www.youtube.com/channel/UCdomxLx_o6zPSsAkEAokA3g,2 か月前,0 回視聴,【スカッとする話】片親で育ててくれた母と結婚挨拶へ行くと私の席が無い。義両親「貧乏人は立ち見がお似合いw」直後、普段温厚な母が立ち上がり→母「ではあなた方が立ちなさい」義両,https://www.youtube.com/watch?v=PUtRfxqowco,93%
1073,【スカッと総集編】単身赴任から帰った夫のスーツからなぜか記入済みの離婚届と女の写真が...私「お望み通り離婚するか」速攻で提出して家を引越し携帯解約して姿を消した結果w,https://www.youtube.com/watch?v=fxMlGLR3n4g,10万回視聴 / 2 年前,スカッと逆転チャンネル,https://www.youtube.com/channel/UCdomxLx_o6zPSsAkEAokA3g,2 か月前,0 回視聴,【スカッとする話】単身赴任から帰った夫のスーツからなぜか記入済みの離婚届と女の写真が   私「お望み通り離婚するか」速攻で提出して家を引越し携帯解約して姿を消し,https://www.youtube.com/watch?v=exEmmBh0Y6I,98%
1074,【スカッと総集編】同居の父が亡くなった途端、愛人と隠し子を連れ引越してきた夫「ジジィの家は俺が貰う！出てけw」それを聞いた私は大爆笑→私「どうぞご自由にw」実は…,https://www.youtube.com/watch?v=tyXXrXAsIUE,7.8万回視聴 / 2 年前,スカッと逆転チャンネル,https://www.youtube.com/channel/UCdomxLx_o6zPSsAkEAokA3g,3 か月前,0 回視聴,【スカッとする話】同居の父が亡くなった途端、愛人と隠し子を連れ引越してきた夫「ジジィの家は俺が貰う！出てけw」それを聞いた私は大爆笑→私「どうぞご自由にw」実は…,https://www.youtube.com/watch?v=YgKP1yecRHA,100%
1075,【スカッとする話】パートから帰ると突然私を殴ってきた義母「息子の金盗んだな！金返せ！」夫と義母に泥棒扱いされた私「じゃあ警察呼びますね」→即通報すると2人が半狂乱にw【朗読】【スカッと】【シニア】,https://www.youtube.com/watch?v=wxIjPqUT7oA,10万回視聴 / 10 か月前,スカッと黒幕,https://www.youtube.com/channel/UCrpeBxl4uQu5cQw_3bl5pSA,3 か月前,85回視聴,「息子の金盗んだな！金返せ！」パートから帰ると突然私を殴ってきた義母。息子夫婦と義母に泥棒扱いされた私「じゃあ警察呼びますね」→即通報すると義母と息子夫婦が半狂乱に【シニアライフ】【60代以上の方へ】,https://www.youtube.com/watch?v=906Ws52DZ24,78%
1076,【スカッとする話】弁護士の長男が亡くなり葬儀後、長男嫁「遺産8000万とこの家は嫁である私が相続しますｗ」長男の部下一同が大爆笑ｗ→だって長男は…【修羅場】,https://www.youtube.com/watch?v=dLHFLGIOs2s,1.2万回視聴 / 3 年前,トラブルバスターズ,https://www.youtube.com/channel/UC-6aa7WG4qz8PrsNBHGU1Iw,3 年前,"1,274,663回視聴",【アニメ】 代表弁護士の兄が亡くなり葬儀後、義姉「遺産8000万とこの家は嫁である私が相続しますのｗ」兄の部下一同が大爆笑ｗ→だって義姉は…【スカッと】【スカッとする話】【漫画】,https://www.youtube.com/watch?v=KA3vHq40OSA,72%
1077,【スカッとする話】私の両親が亡くなった途端、実家を勝手に解体した夫「今日から俺の家で両親と同居だ！」それを聞いた私は大爆笑→私「あんた達、知らないの？」実は...,https://www.youtube.com/watch?v=3WlCnGLe67U,55万回視聴 / 2 年前,トラブルバスターズ,https://www.youtube.com/channel/UC-6aa7WG4qz8PrsNBHGU1Iw,2 年前,"517,998回視聴",【スカッと】私の両親が亡くなった途端、実家を勝手に解体した夫と姑「今日から俺の実家で同居な」→私は大爆笑し「知らないの？私の家じゃないけど？」【漫画】【アニメ】【スカッとする話】【2ch】,https://www.youtube.com/watch?v=YRuzk4jbWoM,74%
1078,【スカッとする話】年末年始の親族の集まりで20人分のおせちをゴミ箱にぶちまけたエリート夫「親戚にマズイ飯を作るな！」私「私は何も作ってないよ？」夫「え？」実は...,https://www.youtube.com/watch?v=iT0GjRHrB6w,26万回視聴 / 2 年前,トークの向こう側,https://www.youtube.com/channel/UCcUydX34-3XqsSlPRgsMqFw,7 日前,0 回視聴,【LINE】年末年始の親族の集まりで20人分のおせちをゴミ箱にぶちまけたエリート夫「親戚にマズイ飯を作るな！」私「私は何も作ってないよ？」夫「え？」実は  【スカッとする話】,https://www.youtube.com/watch?v=-xfXDavxBaE,100%
1079,【スカッと総集編】夫が土下座「20歳の愛人が妊娠した！離婚してくれ！」私「はい離婚届け。じゃ娘以外は連れてくね」夫「は？娘も連れていけよ」私「無理、だってこの子は…」【スカッとする話】,https://www.youtube.com/watch?v=70JSyEr3ztQ,34万回視聴 / 3 年前,ハルカ・プレス,https://www.youtube.com/channel/UCz4Rz3Cb498opdHGpuQU9vg,1 か月前,0 回視聴,夫が土下座「20歳の愛人が妊娠した！離婚してくれ！」私「はい離婚届け。じゃ娘以外は連れてくね」夫「は？娘も連れていけよ」私「無理、だってこの子は…」,https://www.youtube.com/watch?v=7bKYTingNIo,100%
1080,【スカッとする話】私が夫の入院費を払ってると知らず私の荷物を全て捨てた夫の連れ子「もうパパに寄生するなw」連れ子を残し1億のタワマンに引越し入院費の支払いも止めた結果w,https://www.youtube.com/watch?v=JaGjTAkTfxQ,30万回視聴 / 2 年前,パパ活の崩壊,https://www.youtube.com/channel/UCv12RXZu9olbIhguGbIE1Eg,1 か月前,39回視聴,私が夫の入院費を払ってると知らず私の荷物を全て捨てた夫の連れ子「もうパパに寄生するなw」→連れ子を残し1億のタワマンに引っ越し入院費の支払いも止めた結果ｗ,https://www.youtube.com/watch?v=iQuMIzZfReA,99%
1081,【スカッとする話】年末年始の親族の集まりで20人分のおせちをゴミ箱にぶちまけたエリート夫「親戚にマズイ飯を作るな！」私「私は何も作ってないよ？」夫「え？」実は...,https://www.youtube.com/watch?v=iT0GjRHrB6w,26万回視聴 / 2 年前,ヒモ男の強制排除,https://www.youtube.com/channel/UC60g88W9zEkPAJjs1UyqePQ,3 週間前,1 回視聴,年末年始の親族の集まりで20人分のおせちをゴミ箱にぶちまけたエリート夫「親戚にマズイ飯を作るな！」私「私は何も作ってないよ？」夫「え？」実は..,https://www.youtube.com/watch?v=XU7awYoYCiw,100%
1082,【スカッとする話】有名ピアニストであることを隠して生きてきた私。ある日、夫に連れられジャズバーへ。すると、店員「演奏者が...」非常事態発生し私と夫が手伝うとまさかの展開に…【スカッと】,https://www.youtube.com/watch?v=nhb1eCwozaM,16万回視聴 / 3 年前,ファイナルスカッと激情,https://www.youtube.com/channel/UCATpBBZdhWA9h1n3L7r9Krw,2 年前,206回視聴,【感動】有名ピアニストであることを隠して生きてきた私。ある日、娘に連れられジャズバーへ。すると演者がドタキャンし店内の雰囲気が最悪に→私が手伝うとまさかの展開に…,https://www.youtube.com/watch?v=XzSA0o3Bl-w,80%
1083,【スカッとする話】夫が突然大量の荷物を持ってきて、夫「今日から俺の両親と姉を養う！嫌なら離婚だ！」私「え？もう離婚済みだけど？」夫「え？」結果w,https://www.youtube.com/watch?v=G4O12jIGPfg,8.7万回視聴 / 3 年前,ファディマツサ,https://www.youtube.com/channel/UCj3r1tjVo1LiRgsuwt_Zaww,2 年前,151回視聴,【スカッとする話】夫が突然大量の荷物を持ってきて、夫「今日から俺の両親と姉を養う！嫌なら離婚だ！」私「え？もう離婚済みだけど？」夫「え？」結果w【修羅場】,https://www.youtube.com/watch?v=Nf3Z7llU790,88%
1084,【スカッとする話】私が余命半年と聞いて愛人と豪遊しはじめた夫「いつまで生きてるの？w」 私「余命なのはあなただよ？」後日、半狂乱の夫が...【修羅場】【スカッと】,https://www.youtube.com/watch?v=Tm9DKLFF30M,25万回視聴 / 3 年前,ファディマツサ,https://www.youtube.com/channel/UCj3r1tjVo1LiRgsuwt_Zaww,2 年前,75回視聴,私が余命半年と聞いて愛人と豪遊しはじめた夫「いつまで生きてるの？w」 私「余命なのはあなただよ？」後日、半狂乱の夫が…【修羅場】,https://www.youtube.com/watch?v=2D_zEte0Ouo,100%
1085,【スカッとする話】200人が集まる兄の結婚式で院長夫人の義母が私に詰め寄り、義母「低学歴はお荷物！出てけw」直後、顔面蒼白で震える兄「お義母さん、妹は…」【朗読】【スカッと】,https://www.youtube.com/watch?v=UUZxfE_gHw4,2.8万回視聴 / 5 か月前,フィクション 5634,https://www.youtube.com/channel/UCtx1aitp-eTJhv2c94bnBZQ,3 週間前,804回視聴,【スカッとする話】200人が集まる兄の結婚式で院長夫人の義母が私に詰め寄り、義母「低学歴はお荷物！出てけw」直後、顔面蒼白で震える兄「お義母さん、妹は…」【朗読】【スカッと】,https://www.youtube.com/watch?v=0xDqp88HDYY,100%
1086,【スカッとする話】ジャージ姿の夫と病院へ行くと、私の婚約者を略奪した姉と再会。姉「私の夫、ここの院長なのwあなた達は生活大変でしょ」夫「彼なら昨日クビにしたけどw」【朗読】【スカッと】,https://www.youtube.com/watch?v=-2NPxSnCoDA,8.8万回視聴 / 1 か月前,フィクション 5634,https://www.youtube.com/channel/UCtx1aitp-eTJhv2c94bnBZQ,4 週間前,209回視聴,【スカッとする話】ジャージ姿の夫と病院へ行くと、私の婚約者を略奪した姉と再会。姉「私の夫、ここの院長なのwあなた達は生活大変でしょ」夫「彼なら昨日クビにしたけどw」【朗読】【スカッと】,https://www.youtube.com/watch?v=TMjP2WF-USk,89%
1087,【スカッとする話】不倫され無一文で追い出された私。偶然見た大富豪の継母募集に応募。1ヶ月後、知らせを聞いた元夫がいきなり家の前に現れ…w【朗読】【スカッと】,https://www.youtube.com/watch?v=i4CX2w0EpjQ,6.5万回視聴 / 3 か月前,フィクション 5634,https://www.youtube.com/channel/UCtx1aitp-eTJhv2c94bnBZQ,3 週間前,186回視聴,【スカッとする話】不倫され無一文で追い出された私。偶然見た大富豪の継母募集に応募。1ヶ月後、知らせを聞いた元夫がいきなり家の前に現れ…w【朗読】【スカッと】,https://www.youtube.com/watch?v=UmOdOkciR2g,100%
1088,【スカッとする話】余命5ヶ月と診断された夫「嫁と娘に渡す遺産はない。全額愛人に相続する」私「はーい（覚悟しろよ）」娘と容赦無く制裁した結果w【朗読】【スカッと】,https://www.youtube.com/watch?v=9YYFRUPxl10,4.6万回視聴 / 1 年前,フィクション 5634,https://www.youtube.com/channel/UCtx1aitp-eTJhv2c94bnBZQ,3 週間前,65回視聴,【スカッとする話】余命5ヶ月と診断された夫「嫁と娘に渡す遺産はない。全額愛人に相続する」私「はーい（覚悟しろよ）」娘と容赦無く制裁した結果w【朗読】【スカッと】,https://www.youtube.com/watch?v=4XdOrqOB8vs,100%
1089,【スカッとする話】入社式に行った双子の息子が30分で帰宅。息子「俺らの名札だけこれだった」（無能兄弟1号2号）と書かれた名札を見た私は社長に即電話→私「5億の取引中止で」【朗読】【スカッと】,https://www.youtube.com/watch?v=NzBlxUPoOa4,3.4万回視聴 / 10 か月前,フィクション 5634,https://www.youtube.com/channel/UCtx1aitp-eTJhv2c94bnBZQ,2 週間前,133回視聴,【スカッとする話】入社式に行った双子の息子が30分で帰宅。息子「俺らの名札だけこれだった」（無能兄弟1号2号）と書かれた名札を見た私は社長に即電話→私「5億の取引中止で」【朗読】【スカッと】,https://www.youtube.com/watch?v=RXjYjKHRu0U,100%
1090,【スカッとする話】夫「不倫相手を好きになった…悪いが離婚してくれ」私「はーい、両親と子供連れてくね」即離婚して引越すと夫から鬼電→私（あ、もうバレたかw）【朗読】【スカッと】,https://www.youtube.com/watch?v=NoI2VSODku4,14万回視聴 / 1 年前,フィクション 5634,https://www.youtube.com/channel/UCtx1aitp-eTJhv2c94bnBZQ,4 週間前,149回視聴,【スカッとする話】夫「不倫相手を好きになった…悪いが離婚してくれ」私「はーい、両親と子供連れてくね」即離婚して引越すと夫から鬼電→私（あ、もうバレたかw）【朗読】【スカッと】,https://www.youtube.com/watch?v=q5Jzeq-lT2A,100%
1091,【スカッとする話】夫の会社パーティーで秘書を正式な妻として紹介した夫。直後、会長である私の父から着信。父「別れなさい。あとは俺に任せろ」3日後w【朗読】【スカッと】,https://www.youtube.com/watch?v=OrPFz7NFbL0,10万回視聴 / 6 か月前,フィクション 5634,https://www.youtube.com/channel/UCtx1aitp-eTJhv2c94bnBZQ,1 か月前,74回視聴,【スカッとする話】夫の会社パーティーで秘書を正式な妻として紹介した夫。直後、会長である私の父から着信。父「別れなさい。あとは俺に任せろ」3日後w【朗読】【スカッと】,https://www.youtube.com/watch?v=LZcVxI5w24Q,100%
1092,【スカッとする話】私が離婚届に署名すると、満面の笑みで大喜びする義家族。新しい嫁を迎えた1週間後、電気・ガス・水道が止まると急に義家族が焦り出しw【朗読】【スカッと】,https://www.youtube.com/watch?v=cVe3XmXeRuE,14万回視聴 / 4 か月前,フィクション 5634,https://www.youtube.com/channel/UCtx1aitp-eTJhv2c94bnBZQ,1 か月前,"4,531回視聴",【スカッとする話】私が離婚届に署名すると、満面の笑みで大喜びする義家族。新しい嫁を迎えた1週間後、電気・ガス・水道が止まると急に義家族が焦り出しw【朗読】【スカッと】,https://www.youtube.com/watch?v=pfAWUPGI9p8,100%
1093,【スカッとする話】結婚記念日に不倫相手と温泉旅行に出かけた夫「お前は留守番よろしくw」私は離婚届を置き静かに姿を消すと、帰宅し号泣の夫から鬼電がw【朗読】【スカッと】,https://www.youtube.com/watch?v=yLJHD6QWIOM,6.3万回視聴 / 7 か月前,フィクション 5634,https://www.youtube.com/channel/UCtx1aitp-eTJhv2c94bnBZQ,3 週間前,80回視聴,【スカッとする話】結婚記念日に不倫相手と温泉旅行に出かけた夫「お前は留守番よろしくw」私は離婚届を置き静かに姿を消すと、帰宅し号泣の夫から鬼電がw【朗読】【スカッと】,https://www.youtube.com/watch?v=AqZ8dFyAr_A,97%
1094,【スカッとする話】自衛官の兄の結婚式に参加すると、義母「中卒の妹は一族の汚点w」直後、兄が義母の元に歩み寄り、兄「まだ妹の正体に気づかない？」義母「え？」【朗読】【スカッと】,https://www.youtube.com/watch?v=2ALPcxU2NE8,3.3万回視聴 / 3 か月前,フィクション 5634,https://www.youtube.com/channel/UCtx1aitp-eTJhv2c94bnBZQ,3 週間前,"1,324回視聴",【スカッとする話】自衛官の兄の結婚式に参加すると、義母「中卒の妹は一族の汚点w」直後、兄が義母の元に歩み寄り、兄「まだ妹の正体に気づかない？」義母「え？」【朗読】【スカッと】,https://www.youtube.com/watch?v=zjVmh756GWo,100%
1095,【スカッとする話】親代わりに育てた弟の結婚式でタキシードを着た弟が1人ポツン。弟「結婚は嘘でドッキリって…」直後、普段温厚な夫が新婦一族に電話。夫「出資1億はキャンセルで」新婦一族「え？」【朗読】,https://www.youtube.com/watch?v=ZTng_6NCKl8,6万回視聴 / 8 か月前,フィクション 5634,https://www.youtube.com/channel/UCtx1aitp-eTJhv2c94bnBZQ,3 週間前,152回視聴,【スカッとする話】親代わりに育てた弟の結婚式でタキシードを着た弟が1人ポツン。弟「結婚は嘘でドッキリって…」直後、普段温厚な夫が新婦一族に電話。夫「出資1億はキャンセルで」新婦一族「え？」【朗読】,https://www.youtube.com/watch?v=w3U64rXaa4s,100%
1096,【スカッとする話】親族の集まりで私を侮辱する夫と義母。夫「俺の金で生きてる寄生虫w」義母「年収2000万の息子に感謝しなw」私「じゃあ離婚で。これ離婚届」直後、全員が凍りつき…【朗読】【スカッと】,https://www.youtube.com/watch?v=HXKj0_Em7xg,6.8万回視聴 / 11 か月前,フィクション 5634,https://www.youtube.com/channel/UCtx1aitp-eTJhv2c94bnBZQ,3 週間前,327回視聴,【スカッとする話】親族の集まりで私を侮辱する夫と義母。夫「俺の金で生きてる寄生虫w」義母「年収2000万の息子に感謝しなw」私「じゃあ離婚で。これ離婚届」直後、全員が凍りつき…【朗読】【スカッと】,https://www.youtube.com/watch?v=RgJbSk8AemI,100%
1097,【感動する話】離婚前夜、夫との最後の晩餐。料亭で夫を待ち続けたが、メールの返信もなく現れない。その時、突然私に声をかけた店主「実は、ご主人が…」【朗読】,https://www.youtube.com/watch?v=K7QGPSQED7o,3万回視聴 / 2 か月前,フィクション 5634,https://www.youtube.com/channel/UCtx1aitp-eTJhv2c94bnBZQ,3 週間前,211回視聴,【感動する話】離婚前夜、夫との最後の晩餐。料亭で夫を待ち続けたが、メールの返信もなく現れない。その時、突然私に声をかけた店主「実は、ご主人が…」【朗読】,https://www.youtube.com/watch?v=1dPUOOQoIgw,100%
1098,【スカッとする話】38歳で両親に結婚を急かされ「相手はいる」と嘘をつくとイケメン上司「俺が恋人役するよ」1週間後、両親に会わせると父「まさか…こんな所で」実は【朗読】【スカッと】,https://www.youtube.com/watch?v=wWt0dqnPt6g,6.5万回視聴 / 3 か月前,フィクション 5637,https://www.youtube.com/channel/UCpdFO-yvHBX2xI9xHQMDE-A,4 週間前,73回視聴,【スカッとする話】38歳で両親に結婚を急かされ「相手はいる」と嘘をつくとイケメン上司「俺が恋人役するよ」1週間後、両親に会わせると父「まさか…こんな所で」実は【朗読】【スカッと】,https://www.youtube.com/watch?v=R0atEeaVdl4,100%
1099,【スカッとする話】39歳で妊娠した私を捨て22歳の新入社員と再婚した社長の夫。夫「老いたババァの子は不要w」20年後、元夫と飛行機で遭遇→娘を見た元夫は絶句し…w【朗読】【スカッと】,https://www.youtube.com/watch?v=zdaXHuFb4rM,13万回視聴 / 10 か月前,フィクション 5637,https://www.youtube.com/channel/UCpdFO-yvHBX2xI9xHQMDE-A,1 か月前,"1,468回視聴",【スカッとする話】39歳で妊娠した私を捨て22歳の新入社員と再婚した社長の夫。夫「老いたババァの子は不要w」20年後、元夫と飛行機で遭遇→娘を見た元夫は絶句し…w【朗読】【スカッと】,https://www.youtube.com/watch?v=NPHzRmWq9Xk,100%
1100,【スカッとする話】3年前、社長の夫を略奪した姉と子供の運動会で再会。姉「借金生活で苦しそうねw」息子「借金あるのはパパだよ？」姉「ガキ、嘘はいいからw」翌日w【朗読】【スカッと】,https://www.youtube.com/watch?v=Ld47YPdFDy8,3万回視聴 / 3 か月前,フィクション 5637,https://www.youtube.com/channel/UCpdFO-yvHBX2xI9xHQMDE-A,3 週間前,80回視聴,【スカッとする話】3年前、社長の夫を略奪した姉と子供の運動会で再会。姉「借金生活で苦しそうねw」息子「借金あるのはパパだよ？」姉「ガキ、嘘はいいからw」翌日w【朗読】【スカッと】,https://www.youtube.com/watch?v=SEPWKUVcu10,100%
1101,【スカッとする話】仕事から帰宅した瞬間、夫から平手打ちと暴言をくらった私。夫「今すぐ飯を作れ！この役立たず！」直後、料理の代わりに離婚届を突きつけると…【朗読】【スカッと】,https://www.youtube.com/watch?v=o_BJ2DweO4g,6.4万回視聴 / 7 か月前,フィクション 5637,https://www.youtube.com/channel/UCpdFO-yvHBX2xI9xHQMDE-A,4 週間前,113回視聴,【スカッとする話】仕事から帰宅した瞬間、夫から平手打ちと暴言をくらった私。夫「今すぐ飯を作れ！この役立たず！」直後、料理の代わりに離婚届を突きつけると…【朗読】【スカッと】,https://www.youtube.com/watch?v=aSYwPb5sLH8,95%
1102,【スカッとする話】天涯孤独の私を義母の介護でこき使い家政婦扱いする夫「文句あるなら離婚w出てけw」直後、10台の高級車が家に停車→母「迎えにきたわよ！」【スカッと】【感動する話】【朗読】,https://www.youtube.com/watch?v=FWFpRQUD4lk,8万回視聴 / 1 年前,フィクション 5637,https://www.youtube.com/channel/UCpdFO-yvHBX2xI9xHQMDE-A,3 週間前,212回視聴,【スカッとする話】天涯孤独の私を義母の介護でこき使い家政婦扱いする夫「文句あるなら離婚w出てけw」直後、10台の高級車が家に停車→母「迎えにきたわよ！」【スカッと】【感動する話】【朗読】,https://www.youtube.com/watch?v=f2rs8DFkrTA,95%
1103,【スカッとする話】夫「今日から生活費は月5000円で！」義母「予算超えたら離婚して出てけw」私「はーい、がんばりますね」翌日。夫・義母「こ、これは一体！？」お望み通りにした結果w【スカッと】,https://www.youtube.com/watch?v=K8gRLxoseYc,8.8万回視聴 / 1 年前,フィクション 5637,https://www.youtube.com/channel/UCpdFO-yvHBX2xI9xHQMDE-A,3 週間前,301回視聴,【スカッとする話】夫「今日から生活費は月5000円で！」義母「予算超えたら離婚して出てけw」私「はーい、がんばりますね」翌日。夫・義母「こ、これは一体！？」お望み通りにした結果w【スカッと】,https://www.youtube.com/watch?v=BcOLCmyDsyI,93%
1104,【スカッとする話】夫「息子夫婦から全部聞いた！」突然夫に殴られた私…。離婚届を置いて黙って家を出た半年後、とある映像が公開され夫は大後悔し…【朗読】【スカッと】,https://www.youtube.com/watch?v=MGatnbs_LMc,20万回視聴 / 1 年前,フィクション 5637,https://www.youtube.com/channel/UCpdFO-yvHBX2xI9xHQMDE-A,2 週間前,355回視聴,【スカッと総集編】夫「息子夫婦から全部聞いた！」突然夫に殴られた私…。離婚届を置いて黙って家を出た半年後、とある映像が公開され夫は大後悔し…,https://www.youtube.com/watch?v=sf9iDiCzz3g,97%
1105,【スカッとする話】夫が離婚訴訟を起こした日、突然8歳の娘が裁判官に一言。娘「ママに隠してたもの…見せてもいいですか？」→裁判官が頷き映像が流れた瞬間、夫が震え出し…【朗読】【スカッと】,https://www.youtube.com/watch?v=m7p3EJqSimc,11万回視聴 / 7 か月前,フィクション 5637,https://www.youtube.com/channel/UCpdFO-yvHBX2xI9xHQMDE-A,1 か月前,485回視聴,【スカッとする話】夫が離婚訴訟を起こした日、突然8歳の娘が裁判官に一言。娘「ママに隠してたもの…見せてもいいですか？」→裁判官が頷き映像が流れた瞬間、夫が震え出し…【朗読】【スカッと】,https://www.youtube.com/watch?v=D367GPOOaEs,100%
1106,【スカッとする話】女4姉妹を育てる私に夫「離婚して愛人と再婚するから」私「いいけど長女は連れてってね」夫「え？母親のお前が育てろよ」私「嫌よ。だって…」,https://www.youtube.com/watch?v=tQe8apURLKM,20万回視聴 / 1 年前,フィクション 5637,https://www.youtube.com/channel/UCpdFO-yvHBX2xI9xHQMDE-A,1 か月前,51回視聴,【スカッとする話】女4姉妹を育てる私に夫「離婚して愛人と再婚するから」私「いいけど長女は連れてってね」夫「え？母親のお前が育てろよ」私「嫌よ。だって…」,https://www.youtube.com/watch?v=t98lx4P6wCU,92%
1107,【スカッとする話】昼休みに同僚とカフェに入ると、隣の席に夫と若い女性が…夫「妻は2年前に他界したからwこの後うち来ていいよw」先回りし最高のおもてなしをするとw【朗読】【スカッと】,https://www.youtube.com/watch?v=pdhclv8SJrI,8.5万回視聴 / 2 か月前,フィクション 5637,https://www.youtube.com/channel/UCpdFO-yvHBX2xI9xHQMDE-A,1 か月前,439回視聴,【スカッとする話】昼休みに同僚とカフェに入ると、隣の席に夫と若い女性が…夫「妻は2年前に他界したからwこの後うち来ていいよw」先回りし最高のおもてなしをするとw【朗読】【スカッと】,https://www.youtube.com/watch?v=t0FAcZKrnD4,100%
1108,【スカッとする話】私が夫と離婚した日、夫についていくと言った息子が、別れ際に玄関で封筒を渡してきた。息子「僕が戻るまで開けないで」1年後、帰国した息子が…【朗読】【スカッと】,https://www.youtube.com/watch?v=JJC-tjTSPv8,5.1万回視聴 / 3 か月前,フィクション 5637,https://www.youtube.com/channel/UCpdFO-yvHBX2xI9xHQMDE-A,4 週間前,"1,063回視聴",【スカッとする話】私が夫と離婚した日、夫についていくと言った息子が、別れ際に玄関で封筒を渡してきた。息子「僕が戻るまで開けないで」1年後、帰国した息子が…【朗読】【スカッと】,https://www.youtube.com/watch?v=_CzTwhLgBMA,100%
1109,【スカッとする話】離婚して23年、元夫の訃報を聞き、私は急いで葬儀場を訪れた。喪主の若い青年を見た瞬間、私はガクガク震えだし…【朗読】【スカッと】,https://www.youtube.com/watch?v=bcCx_RfSrhY,11万回視聴 / 5 か月前,フィクション 5637,https://www.youtube.com/channel/UCpdFO-yvHBX2xI9xHQMDE-A,1 か月前,66回視聴,【スカッとする話】離婚して23年、元夫の訃報を聞き、私は急いで葬儀場を訪れた。喪主の若い青年を見た瞬間、私はガクガク震えだし…【朗読】【スカッと】,https://www.youtube.com/watch?v=FB9IVNWL7yM,100%
1110,【スカッとする話】離婚後、定食屋で働く元夫を、恋人と腹いせに見物しに行った私。会計を済ませようとすると、思わぬ展開に私は唖然とし…【朗読】【スカッと】,https://www.youtube.com/watch?v=1uttTCauLRc,2.7万回視聴 / 5 か月前,フィクション 5637,https://www.youtube.com/channel/UCpdFO-yvHBX2xI9xHQMDE-A,3 週間前,118回視聴,【スカッとする話】離婚後、定食屋で働く元夫を、恋人と腹いせに見物しに行った私。会計を済ませようとすると、思わぬ展開に私は唖然とし…【朗読】【スカッと】,https://www.youtube.com/watch?v=M4Uru9NhfmU,100%
1111,【スカッとする話】頼んでも家事も介護も一切しない夫「俺がいつお前に頼んだ？w勝手にやって押し付けんなw」離婚届を置いて黙って引っ越し→頼まれるまで家の事を放棄した結果w【朗読】【スカッと】,https://www.youtube.com/watch?v=8ji_Mw1wTkc,4.3万回視聴 / 8 か月前,フィクション 5637,https://www.youtube.com/channel/UCpdFO-yvHBX2xI9xHQMDE-A,3 週間前,37回視聴,【スカッとする話】頼んでも家事も介護も一切しない夫「俺がいつお前に頼んだ？w勝手にやって押し付けんなw」離婚届を置いて黙って引っ越し→頼まれるまで家の事を放棄した結果w【朗読】【スカッと】,https://www.youtube.com/watch?v=diHQJW5LlSE,100%
1112,【スカッと総集編】夫「息子夫婦から全部聞いた！」突然夫に殴られた私…。離婚届を置いて黙って家を出た半年後、とある映像が公開され夫は大後悔し…,https://www.youtube.com/watch?v=ASyRO03-Tgo,6万回視聴 / 9 か月前,フィクション 5637,https://www.youtube.com/channel/UCpdFO-yvHBX2xI9xHQMDE-A,2 週間前,355回視聴,【スカッと総集編】夫「息子夫婦から全部聞いた！」突然夫に殴られた私…。離婚届を置いて黙って家を出た半年後、とある映像が公開され夫は大後悔し…,https://www.youtube.com/watch?v=sf9iDiCzz3g,97%
1113,【スカッとする話】2人で11年経営した会社を知らない女に勝手に売った夫「金入ったしお前は用済み」女「会社と嫁引継ぎますw」社員を引き連れ全員で辞めるとw【朗読】【スカッと】,https://www.youtube.com/watch?v=TrK-PE4VKbI,4.4万回視聴 / 3 か月前,フィクション 5638,https://www.youtube.com/channel/UC21roLectHlDzGuNRKfVEjQ,4 週間前,74回視聴,【スカッとする話】2人で11年経営した会社を知らない女に勝手に売った夫「金入ったしお前は用済み」女「会社と嫁引継ぎますw」社員を引き連れ全員で辞めるとw【朗読】【スカッと】,https://www.youtube.com/watch?v=ibgm7PhbOmY,100%
1114,【スカッとする話】空港に私と子供4人を迎えにきた夫「お前は歩けw4時間で帰れるw」私「え？私はこのまま海外移住よ？家は売却して離婚届も出したわ」→1時間後、慌てて帰宅した夫から鬼電がw【朗読】,https://www.youtube.com/watch?v=6sfR2w5-V44,11万回視聴 / 10 か月前,フィクション 5638,https://www.youtube.com/channel/UC21roLectHlDzGuNRKfVEjQ,1 か月前,211回視聴,【スカッとする話】空港に私と子供4人を迎えにきた夫「お前は歩けw4時間で帰れるw」私「え？私はこのまま海外移住よ？家は売却して離婚届も出したわ」→1時間後、慌てて帰宅した夫から鬼電がw【朗読】,https://www.youtube.com/watch?v=HGxyeWDzpS8,100%
1115,【スカッとする話】離婚届に判を押した翌日、高級ホテルで愛人と式を挙げた夫。元夫が会計をしようとすると、スタッフ「決済が通りません…」元夫「え？」実はw【朗読】【スカッと】,https://www.youtube.com/watch?v=GOMRbn7AcsU,6.1万回視聴 / 5 か月前,フィクション 5638,https://www.youtube.com/channel/UC21roLectHlDzGuNRKfVEjQ,4 週間前,9回視聴,【スカッとする話】離婚届に判を押した翌日、高級ホテルで愛人と式を挙げた夫。元夫が会計をしようとすると、スタッフ「決済が通りません…」元夫「え？」実はw【朗読】【スカッと】,https://www.youtube.com/watch?v=dYm0MmwK1LY,100%
1116,【スカッとする話】離婚届を出したと知らない夫と義母。夫「母さんの仕送り10万まだ？」義母「今日中に振込まないと離婚よw」私「え？もう離婚済みですが？」義母「嘘つくなw」結果w【朗読】【スカッと】,https://www.youtube.com/watch?v=OwkvLwja53k,6.2万回視聴 / 8 か月前,フィクション 5638,https://www.youtube.com/channel/UC21roLectHlDzGuNRKfVEjQ,4 週間前,"2,257回視聴",【スカッとする話】離婚届を出したと知らない夫と義母。夫「母さんの仕送り10万まだ？」義母「今日中に振込まないと離婚よw」私「え？もう離婚済みですが？」義母「嘘つくなw」結果w【朗読】【スカッと】,https://www.youtube.com/watch?v=PfAW6stmlCE,100%
1117,【感動する話】同級生だった夫と離婚し独りの私の元に、突然、元義母「息子に会ってほしいの…」再会すると信じられない姿に…【朗読】【スカッと】,https://www.youtube.com/watch?v=qL0fgimyBlg,9.5万回視聴 / 1 年前,フィクション 5638,https://www.youtube.com/channel/UC21roLectHlDzGuNRKfVEjQ,1 か月前,83回視聴,【スカッとする話】同級生だった夫と離婚し独りの私の元に、突然、元義母「息子に会ってほしいの…」再会すると信じられない姿に…【朗読】【スカッと】,https://www.youtube.com/watch?v=86kEOxfGJIA,94%
1118,【スカッとする話】年末年始の親族の集まりで20人分のおせちをゴミ箱にぶちまけたエリート夫「親戚にマズイ飯を作るな！」私「私は何も作ってないよ？」夫「え？」実は...,https://www.youtube.com/watch?v=iT0GjRHrB6w,26万回視聴 / 2 年前,マザコン夫の監禁裁判,https://www.youtube.com/channel/UCwHOMkQxZZyUaWdAvxDO-aA,1 か月前,0 回視聴,年末年始の親族の集まりで20人分のおせちをゴミ箱にぶちまけたエリート夫「親戚にマズイ飯を作るな！」私「私は何も作ってないよ？」夫「え？」実は..,https://www.youtube.com/watch?v=x7siZ2Jhymg,100%
1119,【スカッとする話】夫「引越しは済んだか？」私「今日中に出ていくわ」ATM扱いされ家を追い出された私。1ヶ月後、夫が血相を変えて鬼電してきて...【修羅場】,https://www.youtube.com/watch?v=mRlS0rHQ-lY,12万回視聴 / 3 年前,ムハンマド,https://www.youtube.com/channel/UCWrn94lTa5hp619mRvCA5lg,2 年前,"1,356回視聴",夫「引越しは済んだか？」私「今日中には出ていくわ」夫にATM扱いされ家を追い出された私→1ヶ月後、夫が血相を変えて鬼電してきて…【修羅場】,https://www.youtube.com/watch?v=Y5vLAS_5cJM,97%
1120,【スカッとする話】10年間私を嫌い続けた娘からの仕送り催促の電話を無視していると、娘「振り込みまだ？母親の責任果たせ！」私「え？私は母親じゃないけど？」娘「は？」だって私は…,https://www.youtube.com/watch?v=rH73Gg42B0Y,7.2万回視聴 / 2 年前,モニロボ,https://www.youtube.com/channel/UCOdQvaRBcSr2Ue-dD3MEGHQ,2 年前,"193,906回視聴",【スカッと】10年間私を嫌い続けた娘から仕送り催促の電話を無視していると娘「振込みまだ？母親の責任果たせ！」→私「え？私は母親じゃないけど？」娘「は？」【漫画】【漫画動画】【アニメ】【スカッとする話】,https://www.youtube.com/watch?v=4z__U7-VzZk,94%
1121,【スカッとする話】年末年始の親族の集まりで20人分のおせちをゴミ箱にぶちまけたエリート夫「親戚にマズイ飯を作るな！」私「私は何も作ってないよ？」夫「え？」実は...,https://www.youtube.com/watch?v=iT0GjRHrB6w,26万回視聴 / 2 年前,モラハラ夫の証拠集,https://www.youtube.com/channel/UCoj05W7TrpengTsUWyRGJLA,1 か月前,0 回視聴,年末年始の親族の集まりで20人分のおせちをゴミ箱にぶちまけたエリート夫「親戚にマズイ飯を作るな！」私「私は何も作ってないよ？」夫「え？」実は..,https://www.youtube.com/watch?v=ztoXlLOij3k,100%
1122,【スカッとする話】私の両親が亡くなった途端、実家を勝手に解体した夫「今日から俺の家で両親と同居だ！」それを聞いた私は大爆笑→私「あんた達、知らないの？」実は...,https://www.youtube.com/watch?v=3WlCnGLe67U,55万回視聴 / 2 年前,一通の手紙,https://www.youtube.com/channel/UC-NAewqBSn-IjhDnwYRSiRg,1 か月前,2回視聴,【スカッとする話】私の両親が亡くなった途端、実家を勝手に解体した夫「今日から俺の家で両親と同居だ！」それを聞いた私は大爆笑→私「あんた達、知らないの？」実は,https://www.youtube.com/watch?v=yO3dD5jWLRU,100%
1123,【スカッとする話】私の両親を侮辱した義母に私「義実家と絶縁させていただきます。親戚とも今後一切会いません。」夫「じゃあ離婚だw出てけw」3日後、涙を流した夫から鬼電がw,https://www.youtube.com/watch?v=-DJHSErvh0c,10万回視聴 / 1 年前,世代の架け橋,https://www.youtube.com/channel/UCZ5oJ6mbDoMBYtz0a4o1qlw,5 か月前,675回視聴,田舎の貧しく病気の私の両親を侮辱した義母に、私「義実家と絶縁させていただきます。親戚とも今後一切会いません。」夫「じゃあ離婚だw出てけw」→3日後、涙を流した夫から鬼電がw,https://www.youtube.com/watch?v=4b7YH5BwKIo,94%
1124,【スカッとする話】私の入院中に愛人と浮気し妊娠を理由に離婚宣言する夫「家事サボる女とは離婚！慰謝料として家はオレ達が貰うw！」弁護士を交えて話し合い、2人をボコボコにした結果w【修羅場】【スカッと】,https://www.youtube.com/watch?v=wJUURA3MikY,2.1万回視聴 / 3 年前,中山 さくら,https://www.youtube.com/channel/UC_mK6EZiU08H0hwcwnGg03g,2 年前,1 回視聴,【修羅場な話】 私の入院中に愛人と浮気し妊娠を理由に離婚宣言する夫「家事サボる女とは離婚！慰謝料として家はオレ達が貰う！」弁護士を交えて話し合い、2人をボコボコにした結果,https://www.youtube.com/watch?v=cduog1Eqaf0,100%
1125,【スカッとする話】裕福な義家族と長男夫婦と高級料亭へ食事へ行くと長男嫁が私に「こんな見窄らしい人と一緒に食事は出来ない！帰って！w」→嫁の母「じゃあなた帰って」【修羅場】,https://www.youtube.com/watch?v=XfgSGg9n2iM,1.7万回視聴 / 3 年前,中山 さくら,https://www.youtube.com/channel/UC_mK6EZiU08H0hwcwnGg03g,2 年前,0 回視聴,【スカッ】 裕福な義家族と長男夫婦と高級料亭へ食事へ行くと長男嫁が私に「こんな見窄らしい人と一緒に食事は出来ない！帰って！」→嫁の母「じゃあなた帰って」,https://www.youtube.com/watch?v=cEM5l4MG2sU,95%
1126,【スカッとする話】誰もいないはずの家に戻ると私の部屋では夫と長男嫁が真っ最中...私は携帯を取り出し服を投げ捨て、義実家に実況中継してやった結果w【修羅場】【スカッと】,https://www.youtube.com/watch?v=BtA7JFMqk-Y,7.7万回視聴 / 3 年前,中山 さくら,https://www.youtube.com/channel/UC_mK6EZiU08H0hwcwnGg03g,2 年前,0 回視聴,【感動する話】 誰もいないはずの家に戻ると私の部屋では夫と長男嫁が真っ最中...私は携帯を取り出し服を投げ捨て、義実家に実況中継してやった結果,https://www.youtube.com/watch?v=ZRQ9uW9BNIE,100%
1127,【スカッと】長男夫婦がお盆に帰省し私が店を予約すると長男嫁「何この汚い店w年金生活の貧乏ババァじゃ仕方ないかw」直後、普段温厚な夫→夫「調子乗るなよガキが」長男嫁「え？」,https://www.youtube.com/watch?v=LXxfsTZeuZU,11万回視聴 / 2 年前,中島 絵里,https://www.youtube.com/channel/UCgX9FzfNvhzGx1mzv3aABbg,6 日前,535回視聴,【LINE】 長男夫婦がお盆に帰省し私が店を予約すると長男嫁「何この汚い店w年金生活の貧乏ババアじゃ仕方ないかw」→直後、普段温厚な夫「調子乗るなよガキが」長男嫁「え？」,https://www.youtube.com/watch?v=1t4l6SA92Pk,98%
1128,【スカッとする話】30年連れ添った夫と離婚すると、義母「引っ越しはまだ？」夫「早く出てけ」私「30分後に消えます」荷物が運ばれ私が車に乗ると→義母「え？何なのこの高級車は？」,https://www.youtube.com/watch?v=Tlkag3rVT5s,18万回視聴 / 2 年前,中島 絵里,https://www.youtube.com/channel/UC3rUPNZtX88POjmWKLyomVQ,1 か月前,60回視聴,30年連れ添った夫と離婚すると、義母「引っ越しはまだ？早く出てけ」私「30分後に消えます」→30分後、荷物が運ばれ私が車に乗ると…,https://www.youtube.com/watch?v=nVX-OnT8MpE,86%
1129,【スカッとする話】大好きな父が80歳で突然他界。葬儀中、長男嫁から鬼電「今日は息子のカットの日よ！今すぐ帰って送迎しろ！」私「はい...」泣きながら帰るとボコボコの長男嫁の姿がw【修羅場】【スカッと】,https://www.youtube.com/watch?v=ZN2XDe1ICK4,8万回視聴 / 3 年前,中川 桃子,https://www.youtube.com/channel/UCdqeFVatxXq_5rSnyMLf0iA,2 年前,0 回視聴,【感動する話】 大好きな父が80歳で突然他界。葬儀中、長男嫁から鬼電「今日は息子のカットの日よ！今すぐ帰って送迎しろ！」私「はい...」泣きながら帰るとボコボコの長男嫁の姿が,https://www.youtube.com/watch?v=y2fqUcKOwCs,100%
1130,【スカッとする話】夫の海外出張前夜、ファミレスに行くと夫と長男嫁が。夫「今夜が日本での最後の食事だな」長男嫁「夫さんとの二人で海外暮らし楽しみｗ」→面白い会話が聞こえたので先手を打つと...ｗ,https://www.youtube.com/watch?v=UUTOHlp0M4c,2.2万回視聴 / 3 年前,中川 桃子,https://www.youtube.com/channel/UCdqeFVatxXq_5rSnyMLf0iA,2 年前,3回視聴,【感動する話】 夫の海外出張前夜、ファミレスに行くと夫と長男嫁が。夫「今夜が日本での最後の食事だな」長男嫁「夫さんとの二人で海外暮らし楽しみｗ」→面白い会話が聞こえたので先手を打つと...ｗ,https://www.youtube.com/watch?v=MnEOj39nl24,100%
1131,【スカッとする話】30年連れ添った夫と離婚すると、義母「引っ越しはまだ？」夫「早く出てけ」私「30分後に消えます」荷物が運ばれ私が車に乗ると→義母「え？何なのこの高級車は？」,https://www.youtube.com/watch?v=Tlkag3rVT5s,18万回視聴 / 2 年前,二股彼氏への処刑宣告,https://www.youtube.com/channel/UCbkq7mzFh2enoxzmFQwJTJg,1 か月前,1 回視聴,30年連れ添った夫と離婚すると、義母「引っ越しはまだ？早く出てけ」私「30分後に消えます」→30分後、荷物が運ばれ私が車に乗ると…,https://www.youtube.com/watch?v=fU0wHjpWjvA,86%
1132,【スカッと】お盆に息子と帰省すると元夫に遭遇。元夫「不妊女がバツイチ男と再婚か？w」私｢私の再婚相手紹介してあげるね｣直後、元夫の態度が急変し…ｗ,https://www.youtube.com/watch?v=HmffsNJN_qU,2.1万回視聴 / 2 年前,人妻アリサのスカッと朗読〜独り言〜,https://www.youtube.com/channel/UCGDzeD-ic2gFTEt4H6mRhBg,1 年前,0 回視聴,【スカッと】お盆に息子と帰省すると元夫に遭遇。元夫「不妊女がバツイチ男と再婚か？w」私｢私の再婚相手紹介してあげるね｣直後、元夫の態度が急変し…ｗ,https://www.youtube.com/watch?v=fgWa-IUqd7w,100%
1133,【スカッとする話】私が役員報酬で家計を支えていると知らず夫と引っ越した長男夫婦「父さん離婚したいってw」私「いいけど後悔しないでね？」長男「しねぇよw」1ヶ月後w【朗読】【スカッと】,https://www.youtube.com/watch?v=_I2FXjUJii0,6.9万回視聴 / 5 か月前,人情話 5689,https://www.youtube.com/channel/UCOxPE0pmE--cfCbGAsNKHZA,3 週間前,27回視聴,【スカッとする話】私が役員報酬で家計を支えていると知らず夫と引っ越した長男夫婦「父さん離婚したいってw」私「いいけど後悔しないでね？」長男「しねぇよw」1ヶ月後w【朗読】【スカッと】,https://www.youtube.com/watch?v=boVeZZN89H0,88%
1134,【スカッとする話】長男「老後は孤独に生きてw」私が900万援助した途端、息子夫婦に裏切られたが…私「別にいいよwだって…」嫁「え、嘘でしょ…」実はw【朗読】【スカッと】,https://www.youtube.com/watch?v=9axBcEt-Tgs,2.2万回視聴 / 5 か月前,人情話 5689,https://www.youtube.com/channel/UCOxPE0pmE--cfCbGAsNKHZA,3 週間前,1 回視聴,【スカッとする話】長男「老後は孤独に生きてw」私が900万援助した途端、息子夫婦に裏切られたが…私「別にいいよwだって…」嫁「え、嘘でしょ…」実はw【朗読】【スカッと】,https://www.youtube.com/watch?v=cAcdnqi5CMc,100%
1135,【スカッとする話】医者の夫を奪ったママ友「年収3千万の医者の旦那くんの子供出来たw3ヶ月後の結婚式来てねw」私「わかった」（年収3千万の医者は私なんだけど黙っとこw）3ヶ月後w【スカッと】【朗読】,https://www.youtube.com/watch?v=B-nqblWpeIE,5.4万回視聴 / 2 年前,人気LINEまとめ,https://www.youtube.com/channel/UCvTCGTQQf3BfxqRTi82HA-g,3 か月前,19回視聴,【LINE】私の夫を奪ったママ友「年収3000万の医者の旦那くんの子供できたw3ヶ月後の結婚式来てねw」→私「分かった（年収3000万の医者は私だけど黙っとこ）」3ヶ月後w,https://www.youtube.com/watch?v=eLSUGU2l2qs,86%
1136,【スカッとする話】私の両親を侮辱した義母に私「義実家と絶縁させていただきます。親戚とも今後一切会いません。」夫「じゃあ離婚だw出てけw」3日後、涙を流した夫から鬼電がw,https://www.youtube.com/watch?v=-DJHSErvh0c,10万回視聴 / 1 年前,人生、まだこれから,https://www.youtube.com/channel/UC3en4bJFwAZLZfL-O9gSXEA,3 時間前,0 回視聴,田舎の貧しく病気の私の両親を侮辱した義母に、私「義実家と絶縁させていただきます。親戚とも今後一切会いません。」夫「じゃあ離婚だw出てけw」→3日後、涙を流した夫から鬼電がw,https://www.youtube.com/watch?v=xH41BNKyLC8,94%
1137,【スカッとする話】夫と義実家までバスで向かうと降車直前、私の腕をつかんだ運転手「ここで降りたら終わるよ。次のバス停で逃げなさい」理由を知った私は血の気が引いて…【朗読】【スカッと】,https://www.youtube.com/watch?v=79m-CwHxGq8,11万回視聴 / 6 か月前,人生のドラマ 5514,https://www.youtube.com/channel/UC7eOqdodeZBkzfF9V8A3Sgw,1 か月前,22回視聴,【スカッとする話】夫と義実家までバスで向かうと降車直前、私の腕をつかんだ運転手「ここで降りたら終わるよ。次のバス停で逃げなさい」理由を知った私は血の気が引いて…【朗読】【スカッと】,https://www.youtube.com/watch?v=4cQbhDSsuoA,100%
1138,【スカッとする話】残業で22時に帰宅すると、出されたのは食べかけのパン…義母「お前の面倒見るのやめた」私「OK、私は嫁をやめますw」【朗読】【スカッと】,https://www.youtube.com/watch?v=SEynENllM3s,4.3万回視聴 / 3 か月前,人生のドラマ 5514,https://www.youtube.com/channel/UC7eOqdodeZBkzfF9V8A3Sgw,1 か月前,21回視聴,【スカッとする話】残業で22時に帰宅すると、出されたのは食べかけのパン…義母「お前の面倒見るのやめた」私「OK、私は嫁をやめますw」【朗読】【スカッと】,https://www.youtube.com/watch?v=NcSJjmTfmFw,100%
1139,【スカッとする話】結婚式が終わった途端、夫「給料50万は全部ママに渡すw」義母「お前の稼ぎじゃないからw文句言うなよ」私「そっちもね」私も300万を渡さなかった結果w【朗読】【スカッと】,https://www.youtube.com/watch?v=fUpb642EsOE,2.7万回視聴 / 2 か月前,人生のドラマ 5514,https://www.youtube.com/channel/UC7eOqdodeZBkzfF9V8A3Sgw,1 か月前,9回視聴,【スカッとする話】結婚式が終わった途端、夫「給料50万は全部ママに渡すw」義母「お前の稼ぎじゃないからw文句言うなよ」私「そっちもね」私も300万を渡さなかった結果w【朗読】【スカッと】,https://www.youtube.com/watch?v=SoxucntKO2c,93%
1140,【スカッと】親族の集まりに夫と行くと7歳の姪「お絵描きしたから見て！」姪が描いた不思議な絵を見ると、夫「 あれ？まさか…」私「うん」姪のSOSに気づいた夫と私は…,https://www.youtube.com/watch?v=dzwFny9DVj0,6.2万回視聴 / 2 年前,人生の一頁 5631,https://www.youtube.com/channel/UC342_Tf8mM_bScq2p9d7lcg,2 週間前,219回視聴,【スカッと】親族の集まりに夫と行くと7歳の姪「お絵描きしたから見て！」姪が描いた不思議な絵を見ると、夫「 あれ？まさか…」私「うん」姪のSOSに気づいた夫と私は…,https://www.youtube.com/watch?v=lvIg074pDHA,100%
1141,【スカッとする話】娘と入浴中だった夫が倒れた…私「すぐ病院連れていかないと！」娘「やめて！置いて逃げよう」私「何で…？」娘の一言で私はすぐに車を出し…【朗読】【スカッと】,https://www.youtube.com/watch?v=YomBGMDnCiE,2.4万回視聴 / 3 か月前,人生の一頁 5631,https://www.youtube.com/channel/UC342_Tf8mM_bScq2p9d7lcg,3 週間前,27回視聴,【スカッとする話】娘と入浴中だった夫が倒れた…私「すぐ病院連れていかないと！」娘「やめて！置いて逃げよう」私「何で…？」娘の一言で私はすぐに車を出し…【朗読】【スカッと】,https://www.youtube.com/watch?v=Cjkpsd37Qio,100%
1142,【スカッとする話】息子の3回忌で法事中、遺影に手を合わせていると、老婆「この子生きてるわよ。骨壷の中、見たことある？」骨壷を開けると私は恐怖で青ざめ…【朗読】【スカッと】,https://www.youtube.com/watch?v=k-xOabuttTE,9.2万回視聴 / 2 か月前,人生の一頁 5631,https://www.youtube.com/channel/UC342_Tf8mM_bScq2p9d7lcg,3 週間前,30回視聴,【スカッとする話】息子の3回忌で法事中、遺影に手を合わせていると、老婆「この子生きてるわよ。骨壷の中、見たことある？」骨壷を開けると私は恐怖で青ざめ…【朗読】【スカッと】,https://www.youtube.com/watch?v=xPNdVXCk3Tw,100%
1143,【スカッとする話】母から突然のブチギレ電話。母「毎日自分の子供預けて遊び回るなんてあんた最低よ！」私「え？今は娘と家いるけど？」母「え？」実は…,https://www.youtube.com/watch?v=GsF-0gaQVRA,4.8万回視聴 / 1 年前,人生の一頁 5631,https://www.youtube.com/channel/UC342_Tf8mM_bScq2p9d7lcg,3 週間前,13回視聴,【スカッとする話】母から突然のブチギレ電話。母「毎日自分の子供預けて遊び回るなんてあんた最低よ！」私「え？今は娘と家いるけど？」母「え？」実は…,https://www.youtube.com/watch?v=w546cCTmScE,100%
1144,【スカッとする話】真夜中に帰宅すると突然、私を嫌う夫の連れ子が私を屋根裏部屋へ引きずり込んだ…私（なに！？）連れ子「しっ！」直後、隙間からそっと覗くとその光景に震えだし…,https://www.youtube.com/watch?v=jTIY4pLvUiA,2.5万回視聴 / 2 年前,人生の一頁 5631,https://www.youtube.com/channel/UC342_Tf8mM_bScq2p9d7lcg,2 週間前,107回視聴,【スカッとする話】真夜中に帰宅すると突然、私を嫌う夫の連れ子が私を屋根裏部屋へ引きずり込んだ…私（なに！？）連れ子「しっ！」直後、隙間からそっと覗くとその光景に震えだし…,https://www.youtube.com/watch?v=NzqT8EvPk7Y,100%
1145,【スカッとする話】銀行のATMで入金中に突然、夫「今すぐ逃げよう、早く！」私の手を掴み全力疾走の夫…私「どうかしたの？」夫「後ろ見てみろ…」実は【朗読】【スカッと】,https://www.youtube.com/watch?v=qbv3oYHPVrc,2.1万回視聴 / 2 か月前,人生の一頁 5631,https://www.youtube.com/channel/UC342_Tf8mM_bScq2p9d7lcg,3 週間前,4回視聴,【スカッとする話】銀行のATMで入金中に突然、夫「今すぐ逃げよう、早く！」私の手を掴み全力疾走の夫…私「どうかしたの？」夫「後ろ見てみろ…」実は【朗読】【スカッと】,https://www.youtube.com/watch?v=_Hw4KIf2xi8,100%
1146,【スカッとする話】出産した姪の見舞いに行くと赤ちゃんの父親がまさかの夫…。私「お幸せに（何があってもね…）」帰宅した私は家を売払い更地にし→残高0円にして永久に姿を消すと…w【朗読】【スカッと】,https://www.youtube.com/watch?v=FE65frGvzH0,4.7万回視聴 / 11 か月前,人生の交差点 5705,https://www.youtube.com/channel/UCV9MF-dfJIAj5e9adSavO3g,2 週間前,0 回視聴,【スカッとする話】出産した姪の見舞いに行くと赤ちゃんの父親がまさかの夫…。私「お幸せに（何があってもね…）」帰宅した私は家を売払い更地にし→残高0円にして永久に姿を消すと…w【朗読】【スカッと】,https://www.youtube.com/watch?v=eHiqEYyNVY4,96%
1147,【スカッとする話】施設育ちで天涯孤独の私を家政婦扱いする夫と義妹。夫「逆らうなら離婚w消えろw」10分後、黒塗り高級車が次々に現れ→夫「え？」【朗読】【スカッと】,https://www.youtube.com/watch?v=qss9KoL5a0Q,7.2万回視聴 / 1 年前,人生の交差点 5705,https://www.youtube.com/channel/UCV9MF-dfJIAj5e9adSavO3g,2 週間前,0 回視聴,【スカッとする話】施設育ちで天涯孤独の私を家政婦扱いする夫と義妹。夫「逆らうなら離婚w消えろw」10分後、黒塗り高級車が次々に現れ→夫「え？」【朗読】【スカッと】,https://www.youtube.com/watch?v=lvqDoxr9Vd4,100%
1148,【スカッとする話】離婚したことを知らずに電話で夫「今ママとハワイ旅行中w300万振り込んどいてw」私「は？私は払わないよwだって…」夫「はい？」実はw【朗読】【スカッと】,https://www.youtube.com/watch?v=6K9d_wx44bY,2.5万回視聴 / 9 か月前,人生の交差点 5705,https://www.youtube.com/channel/UCV9MF-dfJIAj5e9adSavO3g,2 週間前,0 回視聴,【スカッとする話】離婚したことを知らずに電話で夫「今ママとハワイ旅行中w300万振り込んどいてw」私「は？私は払わないよwだって…」夫「はい？」実はw【朗読】【スカッと】,https://www.youtube.com/watch?v=66N_CJIQFH0,100%
1149,【スカッとする話】私の資産が9億あると知らず社長令嬢の愛人と再婚した元夫と再会「生活保護の貧乏人じゃんw元気？w」私「は？誰と勘違いしてるの？」真実を伝えると元夫が半狂乱にw【スカッと】【朗読】,https://www.youtube.com/watch?v=uYt37nxwb0o,1.8万回視聴 / 2 年前,人生の備忘録4575,https://www.youtube.com/channel/UCWEwjQsNQWnqcRooGj4XQfA,2 か月前,42回視聴,私の資産が9億あると知らず社長令嬢の愛人と再婚した元夫と再会「生活保護の貧乏人じゃんw元気？w」私「は？誰と勘違いしてるの？」真実を伝えると元夫が半狂乱にw,https://www.youtube.com/watch?v=2Z0wH03tYTA,100%
1150,【スカッと総集編】私の資産が9億あると知らず社長令嬢の愛人と再婚した元夫と再会「生活保護の貧乏人じゃんw元気？w」私「は？誰と勘違いしてるの？」真実を伝えると元夫が半狂乱にw,https://www.youtube.com/watch?v=lVGupM23LsE,31万回視聴 / 2 年前,人生の備忘録4575,https://www.youtube.com/channel/UCWEwjQsNQWnqcRooGj4XQfA,2 か月前,42回視聴,私の資産が9億あると知らず社長令嬢の愛人と再婚した元夫と再会「生活保護の貧乏人じゃんw元気？w」私「は？誰と勘違いしてるの？」真実を伝えると元夫が半狂乱にw,https://www.youtube.com/watch?v=2Z0wH03tYTA,100%
1151,【スカッとする話】警察官の弟の結婚式に出席した私。義母「中卒の姉は一族の恥ねw」直後、慌てた弟が義母に私の正体を伝えると、義母は顔面蒼白に…【朗読】【スカッと】,https://www.youtube.com/watch?v=nlS5u4pCtI0,3.8万回視聴 / 3 か月前,人生の備忘録4708,https://www.youtube.com/channel/UCBg4AS5WuTQaIZsg_Th-7vg,1 か月前,25回視聴,警察官の弟の結婚式に出席した私。義母「中卒の姉は一族の恥ねw」直後、慌てた弟が義母に私の正体を伝えると、義母は顔面蒼白に…,https://www.youtube.com/watch?v=m-XEAdV3noE,97%
1152,【スカッと】起業した夫を支えてきた私を裏切った夫「21歳のバイトを妊娠させた！離婚しで！」私「はーい、仕事も辞めるね！」夫「は？仕事は続けてくれよ」私「嫌よ。だってあのバイト...」,https://www.youtube.com/watch?v=n-_5T-nb0dg,3.7万回視聴 / 2 年前,人生の備忘録4924,https://www.youtube.com/channel/UCRf85a7PnwoRRON703TEROQ,2 か月前,85回視聴,起業した夫を支えてきた私を裏切った夫「21歳のバイトを妊娠させた！悪いが、離婚してくれ！」私「はーい、仕事も辞めるね！」夫「は？仕事は続けてくれよ」,https://www.youtube.com/watch?v=tgyybopfpnQ,86%
1153,【スカッとする話】結婚10年目に銀行員の夫が突然の暴露「お前の親友と結婚するw籍入れてないし財産分与は無しw」私「あれ？あんた知らないの？」夫「何がだよw」実は…,https://www.youtube.com/watch?v=Tpbu9uHiFPg,11万回視聴 / 2 年前,人生の備忘録4924,https://www.youtube.com/channel/UCRf85a7PnwoRRON703TEROQ,1 か月前,40回視聴,結婚10年目に銀行員の夫が突然の暴露「お前の親友と結婚するw籍入れてないし財産分与は無しw」私「あれ？あんた知らないの？」夫「何がだよw」実は…,https://www.youtube.com/watch?v=UYfoejMk5Zw,100%
1154,【スカッとする話】義両親に蹴られ骨折した私に夫「寝かせとけば治るw」翌日、病室に嘲笑いに来た義家族「あれ、嫁は？w」医師「警察署です」義家族「え？」【朗読】【スカッと】,https://www.youtube.com/watch?v=p4pyD9SD1Tk,8.1万回視聴 / 2 か月前,人生の備忘録4924,https://www.youtube.com/channel/UCRf85a7PnwoRRON703TEROQ,1 か月前,93回視聴,義両親に蹴られ骨折した私に夫「寝かせとけば治るw」翌日、病室に嘲笑いに来た義家族「あれ、嫁は？w」医師「警察署です」義家族「え？」,https://www.youtube.com/watch?v=8iIyy2qjyS8,100%
1155,【スカッとする話】警察官の弟の結婚式に出席した私。義母「中卒の姉は一族の恥ねw」直後、慌てた弟が義母に私の正体を伝えると、義母は顔面蒼白に…【朗読】【スカッと】,https://www.youtube.com/watch?v=nlS5u4pCtI0,3.8万回視聴 / 3 か月前,人生の備忘録4924,https://www.youtube.com/channel/UCRf85a7PnwoRRON703TEROQ,1 か月前,53回視聴,警察官の弟の結婚式に出席した私。義母「中卒の姉は一族の恥ねw」直後、慌てた弟が義母に私の正体を伝えると、義母は顔面蒼白に…,https://www.youtube.com/watch?v=07R9XKJM99w,97%
1156,【スカッと総集編】起業した夫を支えてきた私を裏切った夫「21歳のバイトを妊娠させた！悪いが、離婚してくれ！」私「はーい、仕事も辞めるね！」夫「は？仕事は続けてくれよ」,https://www.youtube.com/watch?v=C6r_ataNQZU,18万回視聴 / 2 年前,人生の備忘録4924,https://www.youtube.com/channel/UCRf85a7PnwoRRON703TEROQ,2 か月前,85回視聴,起業した夫を支えてきた私を裏切った夫「21歳のバイトを妊娠させた！悪いが、離婚してくれ！」私「はーい、仕事も辞めるね！」夫「は？仕事は続けてくれよ」,https://www.youtube.com/watch?v=tgyybopfpnQ,100%
1157,【スカッとする話】12年前、私の夫を略奪し駆け落ちした長男嫁から連絡。長男嫁「旦那と久しぶりに帰るwあんたはトイレに隠れててw」私「はい…」→約束破ってトイレから飛び出すと…w【朗読】【スカッと】,https://www.youtube.com/watch?v=LMo-dxLN6Qc,3.7万回視聴 / 8 か月前,人生の光と影,https://www.youtube.com/channel/UCYX4tsWpykTmtfNq_i36C_w,8 日前,111回視聴,【スカッとする話】12年前、私の夫を略奪し駆け落ちした長男嫁から連絡。長男嫁「旦那と久しぶりに帰るwあんたはトイレに隠れててw」私「はい…」→約束破ってトイレから飛び出すと…w【朗読】,https://www.youtube.com/watch?v=k8PCprhidvc,100%
1158,【スカッとする話】夫「お前の部屋は両親に譲る。2人を介護するから頼むな」私「はーい（何も知らないのねw）」翌日、義両親が引越してくると夫は半狂乱→私と娘は大爆笑wだって…,https://www.youtube.com/watch?v=I0YiB-VENsY,1.3万回視聴 / 1 年前,人生の光と影,https://www.youtube.com/channel/UCYX4tsWpykTmtfNq_i36C_w,1 日前,4回視聴,【スカッとする話】夫「お前の部屋は両親に譲る。2人を介護するから頼むな」私「はーい（何も知らないのねw）」翌日、義両親が引越してくると夫は半狂乱→私と娘は大爆笑wだって…,https://www.youtube.com/watch?v=P5rDMpoAe0U,100%
1159,【スカッとする話】姉夫婦の婚約祝いに到着すると息子「ママ、今すぐ帰ろう！早く発車して！」混乱する息子に理由を聞くと、息子「後ろみて…」私「え？」【朗読】【スカッと】,https://www.youtube.com/watch?v=3ROoZpLQQvY,1.8万回視聴 / 10 か月前,人生の光と影,https://www.youtube.com/channel/UCYX4tsWpykTmtfNq_i36C_w,5 日前,62回視聴,【スカッとする話】姉夫婦の婚約祝いに到着すると息子「ママ、今すぐ帰ろう！早く発車して！」混乱する息子に理由を聞くと、息子「後ろみて…」私「え？」【朗読】【スカッと】,https://www.youtube.com/watch?v=eKijFqrCIO4,100%
1160,【スカッとする話】孫の七五三のお祝いに行くと私の食事がない...長男嫁「家族分しか用意してませんｗ」夫「じゃあ帰るか」私「うん」直後、長男嫁に大惨事がw,https://www.youtube.com/watch?v=U5xUCWiE2KA,54万回視聴 / 2 年前,人生の光と影,https://www.youtube.com/channel/UCYX4tsWpykTmtfNq_i36C_w,13 日前,266回視聴,【スカッとする話】孫の七五三のお祝いに行くと私の食事がない...長男嫁「家族分しか用意してませんｗ」夫「じゃあ帰るか」私「うん」直後、長男嫁に大惨事がw,https://www.youtube.com/watch?v=WKNYdo5PHgQ,100%
1161,【スカッとする話】私が余命半年と聞いて愛人と豪遊しはじめた夫「いつまで生きてるの？w」 私「余命なのはあなただよ？」後日、半狂乱の夫が...【修羅場】【スカッと】,https://www.youtube.com/watch?v=Tm9DKLFF30M,25万回視聴 / 3 年前,人生の光と影,https://www.youtube.com/channel/UCYX4tsWpykTmtfNq_i36C_w,20 時間前,2回視聴,【スカッとする話】私が余命半年と聞いて愛人と豪遊しはじめた夫「いつまで生きてるの？w」 私「余命なのはあなただよ？」後日、半狂乱の夫が...【修羅場】【スカッと】,https://www.youtube.com/watch?v=VLohau_jerE,100%
1162,【スカッとする話】私が社員9000人の社長と知らず父が亡くなった途端に豹変した夫「お前の遺産は俺が管理する！文句あるなら離婚して失せろw」私「はーい」即離婚して夫の勤め先へ→私「全取引中止で」,https://www.youtube.com/watch?v=AG72nH3Qr4E,27万回視聴 / 2 年前,人生の光と影,https://www.youtube.com/channel/UCYX4tsWpykTmtfNq_i36C_w,2 日前,10回視聴,【スカッとする話】私が社員9000人の社長と知らず父が亡くなった途端に豹変した夫「お前の遺産は俺が管理する！文句あるなら離婚して失せろw」私「はーい」即離婚して夫の勤め先へ→私「全取引中止,https://www.youtube.com/watch?v=krTnXIGEv7w,99%
1163,【スカッとする話】私の両親が亡くなった途端、実家を勝手に解体した夫「今日から俺の家で両親と同居だ！」それを聞いた私は大爆笑→私「あんた達、知らないの？」実は...,https://www.youtube.com/watch?v=3WlCnGLe67U,55万回視聴 / 2 年前,人生の光と影,https://www.youtube.com/channel/UCYX4tsWpykTmtfNq_i36C_w,12 日前,"6,029回視聴",【スカッとする話】私の両親が亡くなった途端、実家を勝手に解体した夫「今日から俺の家で両親と同居だ！」それを聞いた私は大爆笑→私「あんた達、知らないの？」実は...,https://www.youtube.com/watch?v=GTB0TLeMo6I,100%
1164,【スカッとする話】結婚し幸せな日常を送る息子が急逝し13日後、私宛に亡き息子から手紙が届いた。手紙「俺の代わりに嫁に復讐を...」手紙で指定された場所に行った私は恐怖で震えだし...,https://www.youtube.com/watch?v=Ru27si_54MQ,30万回視聴 / 2 年前,人生の光と影,https://www.youtube.com/channel/UCYX4tsWpykTmtfNq_i36C_w,4 日前,87回視聴,【スカッとする話】結婚し幸せな日常を送る息子が急逝し13日後、私宛に亡き息子から手紙が届いた。手紙「俺の代わりに嫁に復讐を   」手紙で指定された場所に行った私は恐怖で震えだし,https://www.youtube.com/watch?v=cYepYy4CPGU,100%
1165,【スカッとする話】義母の嫁いびりが原因で夫と離婚。夫「今すぐ出てけ役立たずw」私「はい」両親と共に挨拶を済ませ迎えに来た車に乗り込むと→夫・義母「え？」,https://www.youtube.com/watch?v=7Vq5sNaCsNc,26万回視聴 / 2 年前,人生の光と影,https://www.youtube.com/channel/UCYX4tsWpykTmtfNq_i36C_w,1 日前,7回視聴,【スカッとする話】義母の嫁いびりが原因で夫と離婚。夫「今すぐ出てけ役立たずw」私「はい」両親と共に挨拶を済ませ迎えに来た車に乗り込むと→夫・義母「え？」,https://www.youtube.com/watch?v=5exrxdHByg8,100%
1166,【スカッとする話】親代わりに育てた弟の結婚式でタキシードを着た弟が1人ポツン。弟「結婚は嘘でドッキリって…」直後、普段温厚な夫が新婦一族に電話。夫「出資1億はキャンセルで」新婦一族「え？」【朗読】,https://www.youtube.com/watch?v=ZTng_6NCKl8,6万回視聴 / 8 か月前,人生の光と影,https://www.youtube.com/channel/UCYX4tsWpykTmtfNq_i36C_w,8 日前,161回視聴,【スカッとする話】親代わりに育てた弟の結婚式でタキシードを着た弟が1人ポツン。弟「結婚は嘘でドッキリって…」直後、普段温厚な夫が新婦一族に電話。夫「出資1億はキャンセルで」新婦一族「え？」【朗読】,https://www.youtube.com/watch?v=8AmSKMrlaRQ,100%
1167,【スカッとする話】親族20人の前で夫と義母。義母「月収100万の息子の寄生虫w」夫「金 目当ての最低な嫁w」私「じゃ嫁辞める」玄関から出ると→夫と義母「ギャアアア」【朗読】【スカッと】,https://www.youtube.com/watch?v=w6v4PeHPtAs,5万回視聴 / 11 か月前,人生の光と影,https://www.youtube.com/channel/UCYX4tsWpykTmtfNq_i36C_w,3 日前,47回視聴,【スカッとする話】親族20人の前で夫と義母。義母「月収100万の息子の寄生虫w」夫「金 目当ての最低な嫁w」私「じゃ嫁辞める」玄関から出ると→夫と義母「ギャアアア」【朗読】【スカッと】,https://www.youtube.com/watch?v=ky0P_CvUAyI,100%
1168,【スカッとする話】長男夫婦との二世帯住宅ローンを月25万全額支払う私に長男嫁「小銭ぐらいで偉そうにｗ」長男「支払い止めてみろｗ」私「喜んで！」支払い止めた結果w【修羅場】【スカッと】,https://www.youtube.com/watch?v=WHx8h3F0pU0,34万回視聴 / 3 年前,人生の光と影,https://www.youtube.com/channel/UCYX4tsWpykTmtfNq_i36C_w,6 日前,142回視聴,【スカッとする話】長男夫婦との二世帯住宅ローンを月25万全額支払う私に長男嫁「小銭ぐらいで偉そうにｗ」長男「支払い止めてみろｗ」私「喜んで！」支払い止めた結果w【修羅場】【スカッと】,https://www.youtube.com/watch?v=W9DGvjP4DmA,100%
1169,【スカッと総集編】孫の七五三のお祝いに行くと私の食事がない   長男嫁「家族分しか用意してませんｗ」夫「じゃあ帰るか」私「うん」直後、長男嫁に大惨事がv【朗読】【シニア】【スカッと】,https://www.youtube.com/watch?v=BGGFZHCKH2A,2.3万回視聴 / 1 年前,人生の光と影,https://www.youtube.com/channel/UCYX4tsWpykTmtfNq_i36C_w,13 日前,266回視聴,【スカッとする話】孫の七五三のお祝いに行くと私の食事がない...長男嫁「家族分しか用意してませんｗ」夫「じゃあ帰るか」私「うん」直後、長男嫁に大惨事がw,https://www.youtube.com/watch?v=WKNYdo5PHgQ,99%
1170,【スカッと総集編】私の総資産が9億と知らず入院中の私を捨て20歳の愛人と再婚した夫「家事も出来ない役立たずは離婚ｗ慰謝料も払ってくれよなｗ」私「いいよ！はい離婚届け」→3日後、半狂乱の夫から鬼電がw,https://www.youtube.com/watch?v=VRN73vXHN9Y,46万回視聴 / 3 年前,人生の光と影,https://www.youtube.com/channel/UCYX4tsWpykTmtfNq_i36C_w,11 日前,164回視聴,【スカッと総集編】私の総資産が9億と知らず入院中の私を捨て20歳の愛人と再婚した夫「家事も出来ない役立たずは離婚ｗ慰謝料も払ってくれよなｗ」私「いいよ！はい離婚届け」→3日後、半狂乱の夫から鬼電がw,https://www.youtube.com/watch?v=v3n_U9e95kE,100%
1171,【スカッとする話】大雪の夜、道端で震える7歳の少女。少女「これおばちゃんの財布？」私は実家の温泉旅館に連れ帰り、懐石料理を振る舞った結果…【朗読】【スカッと】,https://www.youtube.com/watch?v=GsVNz8g6MTk,2.1万回視聴 / 5 か月前,人生の分かれ道4567,https://www.youtube.com/channel/UCbdty6-772o6y-U2w8ff-Lw,2 週間前,2回視聴,【スカッとする話】大雪の夜、道端で震える7歳の少女。少女「これおばちゃんの財布？」私は実家の温泉旅館に連れ帰り、懐石料理を振る舞った結果…【朗読】【スカッと】,https://www.youtube.com/watch?v=wKVyomYc7Ik,100%
1172,【スカッとする話】娘の1か月検診から帰宅すると家の鍵が開かない…夫「夜泣きうるさくて鍵換えたw」義両親「ガキとお前は野宿しろｗ」私「はーい、どこで寝ても文句言うなよ」夫・義両親「え？」,https://www.youtube.com/watch?v=Xd4dY1mjM78,5.7万回視聴 / 2 年前,人生の分かれ道4567,https://www.youtube.com/channel/UCbdty6-772o6y-U2w8ff-Lw,2 週間前,2回視聴,【スカッとする話】娘の1か月検診から帰宅すると家の鍵が開かない…夫「夜泣きうるさくて鍵換えたw」義両親「ガキとお前は野宿しろｗ」私「はーい、どこで寝ても文句言うなよ」夫・義両親「え？」,https://www.youtube.com/watch?v=z-tscqXaEkk,100%
1173,【スカッとする話】家事に疲れて家事代行を頼むと妊娠8ヶ月の私を蹴ってきた夫「妊娠ごときで甘えんな！」無視した私に夫がコップを投げるも当たって血まみれになったのは..,https://www.youtube.com/watch?v=MkbLs1UoJbs,2.5万回視聴 / 2 年前,人生の分かれ道4567,https://www.youtube.com/channel/UCbdty6-772o6y-U2w8ff-Lw,2 週間前,1 回視聴,【スカッとする話】家事に疲れて家事代行を頼むと妊娠8ヶ月の私を蹴ってきた夫「妊娠ごときで甘えんな！」無視した私に夫がコップを投げるも当たって血まみれになったのは..,https://www.youtube.com/watch?v=k6a5EkTy8hY,100%
1174,【スカッとする話】東大卒の弟の結婚式に出席すると義母「中卒？差がすごいことw」直後、義母の元に弟が歩み寄り、弟「姉が誰だか知らないんですか？」私の正体を知り手のひら返し…w【朗読】【スカッと】,https://www.youtube.com/watch?v=wGvgplx2Ecw,3.6万回視聴 / 5 か月前,人生の分かれ道4567,https://www.youtube.com/channel/UCbdty6-772o6y-U2w8ff-Lw,2 週間前,2回視聴,【スカッとする話】東大卒の弟の結婚式に出席すると義母「中卒？差がすごいことw」直後、義母の元に弟が歩み寄り、弟「姉が誰だか知らないんですか？」私の正体を知り手のひら返し…w【朗読】【スカッと】,https://www.youtube.com/watch?v=2bPIZNlZZxE,100%
1175,【スカッとする話】200人が集まる兄の結婚式で院長夫人の義母が私に詰め寄り、義母「低学歴はお荷物！出てけw」直後、顔面蒼白で震える兄「お義母さん、妹は…」【朗読】【スカッと】,https://www.youtube.com/watch?v=UUZxfE_gHw4,2.8万回視聴 / 5 か月前,人生の分かれ道4716,https://www.youtube.com/channel/UCeICrgMl03_lHG8LvJYPU_A,3 週間前,0 回視聴,【スカッとする話】200人が集まる兄の結婚式で院長夫人の義母が私に詰め寄り、義母「低学歴はお荷物！出てけw」直後、顔面蒼白で震える兄「お義母さん、妹は…」【朗読】【スカッと】,https://www.youtube.com/watch?v=h59OIBLcjb0,100%
1176,【スカッとする話】事故で脳死と判定され、山奥の病院に捨てられた私。夫「今までお疲れさんw」夫が耳元で囁き部屋を出た瞬間、私はそっと立ち上がり…w【朗読】【スカッと】,https://www.youtube.com/watch?v=E3ZqmTv4Zk0,5.8万回視聴 / 5 か月前,人生の分かれ道4716,https://www.youtube.com/channel/UCeICrgMl03_lHG8LvJYPU_A,2 週間前,0 回視聴,【スカッとする話】事故で脳死と判定され、山奥の病院に捨てられた私。夫「今までお疲れさんw」夫が耳元で囁き部屋を出た瞬間、私はそっと立ち上がり…w【朗読】【スカッと】,https://www.youtube.com/watch?v=iA8BFY5ThKk,100%
1177,【スカッとする話】私たち家族を結婚式に招待しない義母。義母「息子の式にお前ら家族は不要w」私「はーい」結婚式当日、黙って家族で沖縄旅行に行くと→義母から大量着信が…w【朗読】【スカッと】,https://www.youtube.com/watch?v=ScHjrNEgsdw,7.3万回視聴 / 9 か月前,人生の分かれ道4716,https://www.youtube.com/channel/UCeICrgMl03_lHG8LvJYPU_A,2 週間前,0 回視聴,【スカッとする話】私たち家族を結婚式に招待しない義母。義母「息子の式にお前ら家族は不要w」私「はーい」結婚式当日、黙って家族で沖縄旅行に行くと→義母から大量着信が…w【朗読】【スカッと】,https://www.youtube.com/watch?v=_bY99k0dU6o,95%
1178,【スカッとする話】夫から高級化粧品を貰った私。夫「あれ、もう使った？w」私「お義母さんが試してたよ」直後、なぜか夫が慌て出しw【朗読】【スカッと】,https://www.youtube.com/watch?v=28rOAUunNPw,5.8万回視聴 / 1 か月前,人生の小径,https://www.youtube.com/channel/UC78TzGOjf8frkE2jiE3lzGg,1 か月前,1 回視聴,【スカッとする話】夫から高級化粧品を貰った私。夫「あれ、もう使った？w」私「お義母さんが試してたよ」直後、なぜか夫が慌て出しw【朗読】【スカッと】,https://www.youtube.com/watch?v=fMIdEEXA9tQ,100%
1179,【スカッと総集編】長男夫婦に母の保険金を奪われ実家を追い出されボロボロの父が我が家へ来て「10万円貸してくれ...」夫「え？そんなの無理ですよw」父「そんな…」実は…【スカッとする話】【修羅場】,https://www.youtube.com/watch?v=YrSY8KgMSy4,39万回視聴 / 3 年前,人生の小径,https://www.youtube.com/channel/UC78TzGOjf8frkE2jiE3lzGg,1 か月前,2回視聴,【スカッと総集編】長男夫婦に母の保険金を奪われ実家を追い出されボロボロの父が我が家へ来て「10万円貸してくれ...」夫「え？そんなの無理ですよw」父「そんな…」実は…【スカッとする話】【修羅場】,https://www.youtube.com/watch?v=V0_STlRgeQY,100%
1180,【スカッとする話】夫の手帳から愛人と隠し子との家族写真、更に離婚届が…。私「離婚したいから出せってことか！」即提出して夫の荷物を全て処分→黙って永久に姿を消した結果w,https://www.youtube.com/watch?v=q3GnEwyCGbE,1.8万回視聴 / 1 年前,人生の小径、Love in later life,,1 か月前,9回視聴,夫の手帳から愛人と隠し子との家族写真、更に離婚届が…。私「離婚したいから出せってことか！」即提出して夫の荷物を全て処分→黙って永久に姿を消した結果w,https://www.youtube.com/watch?v=XdEKWgjOb-I,100%
1181,【スカッとする話】体調不良でパートを早退し家に帰ると夫が親友と真っ最中...コッソリ二人の動画を撮影し親友の夫に送ってやった結果w,https://www.youtube.com/watch?v=NTuf2k99EWQ,27万回視聴 / 2 年前,人生の感動物語,https://www.youtube.com/channel/UCLq7Bngo0s5xFWKcyKaJHWA,2 か月前,2回視聴,体調不良でパートを早退し家に帰ると夫が親友と真っ最中...コッソリ二人の動画を撮影し親友の夫に送ってやった結果w,https://www.youtube.com/watch?v=2bnA0iWe1fM,100%
1182,【スカッとする話】私が離婚届に署名すると、満面の笑みで大喜びする義家族。新しい嫁を迎えた1週間後、電気・ガス・水道が止まると急に義家族が焦り出しw【朗読】【スカッと】,https://www.youtube.com/watch?v=cVe3XmXeRuE,14万回視聴 / 4 か月前,人生の感動物語,https://www.youtube.com/channel/UCLq7Bngo0s5xFWKcyKaJHWA,2 か月前,3回視聴,私が離婚届に署名すると、満面の笑みで大喜びする義家族。新しい嫁を迎えた1週間後、電気・ガス・水道が止まると急に義家族が焦り出しw,https://www.youtube.com/watch?v=4BCLG3mlvHM,100%
1183,【スカッとする話】臨月の私を家庭用サウナに閉じこめ5泊7日の温泉旅行に出かけたエリート義両親「私達から息子を奪った罰よw」7日後、帰宅した義父が腐敗臭に気づき慌ててサウナの扉を開けると..【スカッと】,https://www.youtube.com/watch?v=5AbXeqqVHY4,2.1万回視聴 / 2 年前,人生の感動物語,https://www.youtube.com/channel/UCLq7Bngo0s5xFWKcyKaJHWA,2 か月前,3回視聴,臨月の私を家庭用サウナに閉じこめ5泊7日の温泉旅行に出かけたエリート義両親「私達から息子を奪った罰よw」7日後、帰宅した義父が腐敗臭に気づき慌ててサウナの扉を開けると...,https://www.youtube.com/watch?v=YGfvNCRyOBQ,100%
1184,【スカッと総集編】私の年収が2000万と知らず入院中の私を捨て愛人と再婚した夫「離婚届け出しといたｗ慰謝料として家と車は貰うｗ」私「承知しました」→3日後、半狂乱の夫から200件の鬼電がw【修羅場】,https://www.youtube.com/watch?v=sd-a4XIE7jQ,36万回視聴 / 3 年前,人生の感動物語,https://www.youtube.com/channel/UCLq7Bngo0s5xFWKcyKaJHWA,2 か月前,4回視聴,私の年収が2000万と知らず入院中の私を捨て愛人と再婚した夫「離婚届け出しといたｗ慰謝料として家と車は貰うｗ」私「承知しました」→3日後、半狂乱の夫から200件の鬼電がw,https://www.youtube.com/watch?v=8lLcpzEPnUs,100%
1185,【スカッと総集編】臨月の私を家庭用サウナに閉じこめ5泊7日の温泉旅行に出かけたエリート義両親「私達から息子を奪った罰よw」7日後、帰宅した義父が腐敗臭に気づき慌ててサウナの扉を開けると...,https://www.youtube.com/watch?v=LPY1ke7gWfI,11万回視聴 / 2 年前,人生の感動物語,https://www.youtube.com/channel/UCLq7Bngo0s5xFWKcyKaJHWA,2 か月前,3回視聴,臨月の私を家庭用サウナに閉じこめ5泊7日の温泉旅行に出かけたエリート義両親「私達から息子を奪った罰よw」7日後、帰宅した義父が腐敗臭に気づき慌ててサウナの扉を開けると...,https://www.youtube.com/watch?v=YGfvNCRyOBQ,100%
1186,【スカッとする話】5歳の孫の誕生日会に行くと長男嫁「ジジババは物置で寝て下さい。嫌なら帰って下さいね」キレた私は長男夫婦への全支援停止→家も売り払い更地にすると,https://www.youtube.com/watch?v=a4YWgFFtOS8,8.7万回視聴 / 1 年前,人生の教訓 5696,https://www.youtube.com/channel/UChL0a6zTE7nHEavxEB0mGtQ,3 週間前,1 回視聴,【スカッとする話】5歳の孫の誕生日会に行くと長男嫁「ジジババは物置で寝て下さい。嫌なら帰って下さいね」キレた私は長男夫婦への全支援停止→家も売り払い更地にすると,https://www.youtube.com/watch?v=jSZYnigLHDo,89%
1187,【スカッとする話】息子夫婦から突然の絶縁宣言。息子「貧乏人の親なんていらない」息子嫁「遺産ないなら出てって」絶縁状を置いて黙って消えると、翌日、半狂乱の二人から鬼電がw【朗読】【スカッと】,https://www.youtube.com/watch?v=dLeumkKBbyA,8.7万回視聴 / 1 年前,人生の教訓 5696,https://www.youtube.com/channel/UChL0a6zTE7nHEavxEB0mGtQ,3 週間前,1 回視聴,【スカッとする話】息子夫婦から突然の絶縁宣言。息子「貧乏人の親なんていらない」息子嫁「遺産ないなら出てって」絶縁状を置いて黙って消えると、翌日、半狂乱の二人から鬼電がw【朗読】【スカッと】,https://www.youtube.com/watch?v=yAokQws9ZLQ,100%
1188,【スカッとする話】父の会社を手伝って25年の私に夫「俺、来月引退することにした…会社は東京にいる長男に任せる」私「勝手にどうぞ。私今日でここ辞めるので」直後、父が半狂乱にw【朗読】【スカッと】,https://www.youtube.com/watch?v=39BPJNaibmM,7.5万回視聴 / 7 か月前,人生の教訓 5696,https://www.youtube.com/channel/UChL0a6zTE7nHEavxEB0mGtQ,3 週間前,1 回視聴,【スカッとする話】父の会社を手伝って25年の私に夫「俺、来月引退することにした…会社は東京にいる長男に任せる」私「勝手にどうぞ。私今日でここ辞めるので」直後、父が半狂乱にw【朗読】【スカッと】,https://www.youtube.com/watch?v=pE7R3YQKIW0,100%
1189,【スカッとする話】長男夫婦の家に泊まりにいくと、深夜に突然孫に起こされた私。9歳の孫「バァバ、早く病院行くよ」孫の言葉を聞いた私は病院へ直行→検査結果を聞いた私は絶句し…【朗読】【スカッと】,https://www.youtube.com/watch?v=gOp5p1t_0Es,8.8万回視聴 / 6 か月前,人生の教訓 5696,https://www.youtube.com/channel/UChL0a6zTE7nHEavxEB0mGtQ,4 週間前,0 回視聴,【スカッとする話】長男夫婦の家に泊まりにいくと、深夜に突然孫に起こされた私。9歳の孫「バァバ、早く病院行くよ」孫の言葉を聞いた私は病院へ直行→検査結果を聞いた私は絶句し…【朗読】【スカッと】,https://www.youtube.com/watch?v=fzAQJYPFnxQ,100%
1190,【スカッと】起業した夫を支えてきた私を裏切った夫「21歳のバイトを妊娠させた！離婚しで！」私「はーい、仕事も辞めるね！」夫「は？仕事は続けてくれよ」私「嫌よ。だってあのバイト...」,https://www.youtube.com/watch?v=n-_5T-nb0dg,3.7万回視聴 / 2 年前,人生の晩年5045,https://www.youtube.com/channel/UCRajns3nAnfDW1XFNGE8mjg,1 か月前,6回視聴,起業した夫を支えてきた私を裏切った夫「21歳のバイトを妊娠させた！悪いが、離婚してくれ！」私「はーい、仕事も辞めるね！」夫「は？仕事は続けてくれよ」,https://www.youtube.com/watch?v=tH1-lLCCL1I,86%
1191,【スカッとする話】愛人に夫を奪われた私。2人「すまん、離婚してくれ…」離婚届が置かれた瞬間、即サインし夫を譲ると、相手弁護士がガタガタ震え出しw【朗読】【スカッと】,https://www.youtube.com/watch?v=blo_a56_T1U,37万回視聴 / 2 か月前,人生の晩年5045,https://www.youtube.com/channel/UCRajns3nAnfDW1XFNGE8mjg,1 か月前,15回視聴,【スカッとする話】愛人に夫を奪われた私。2人「すまん、離婚してくれ…」離婚届が置かれた瞬間、即サインし夫を譲ると、相手弁護士がガタガタ震え出しw【朗読】【スカッと】,https://www.youtube.com/watch?v=5pWfQJ33PNw,100%
1192,【スカッとする話】昼休みに同僚とカフェに入ると、隣の席に夫と若い女性が…夫「妻は2年前に他界したからwこの後うち来ていいよw」先回りし最高のおもてなしをするとw【朗読】【スカッと】,https://www.youtube.com/watch?v=pdhclv8SJrI,8.5万回視聴 / 2 か月前,人生の晩年5045,https://www.youtube.com/channel/UCRajns3nAnfDW1XFNGE8mjg,1 か月前,1 回視聴,【スカッとする話】昼休みに同僚とカフェに入ると、隣の席に夫と若い女性が…夫「妻は2年前に他界したからwこの後うち来ていいよw」先回りし最高のおもてなしをするとw【朗読】【スカッと】,https://www.youtube.com/watch?v=YU25fVp_XlU,100%
1193,【スカッとする話】毎日9時間義母の介護で倒れた私に夫「介護すらできないなら離婚wこれからは愛人に任せるw」私「いいけど後悔しない？」夫「しねぇよw」1週間後w【朗読】【スカッと】,https://www.youtube.com/watch?v=9TulrMzmHr8,5.7万回視聴 / 9 か月前,人生の晩年5045,https://www.youtube.com/channel/UCRajns3nAnfDW1XFNGE8mjg,1 か月前,66回視聴,毎日9時間義母の介護で倒れた私に夫「介護すらできないなら離婚wこれからは愛人に任せるw」私「いいけど後悔しない？」夫「しねぇよw」1週間後w,https://www.youtube.com/watch?v=_Xp6uTZBhZc,100%
1194,【スカッと総集編】夫が土下座「20歳の愛人が妊娠した！離婚してくれ！」私「はい離婚届け。じゃ娘以外は連れてくね」夫「は？娘も連れていけよ」私「無理、だってこの子は…」【スカッとする話】,https://www.youtube.com/watch?v=70JSyEr3ztQ,34万回視聴 / 3 年前,人生の晩年5045,https://www.youtube.com/channel/UCRajns3nAnfDW1XFNGE8mjg,1 か月前,278回視聴,夫が土下座「20歳の愛人が妊娠した！離婚してくれ！」私「はい離婚届け。じゃ娘以外は連れてくね」夫「は？娘も連れていけよ」私「無理、だってこの子は…」,https://www.youtube.com/watch?v=tDlxe4jFQSA,100%
1195,【スカッと総集編】起業した夫を支えてきた私を裏切った夫「21歳のバイトを妊娠させた！悪いが、離婚してくれ！」私「はーい、仕事も辞めるね！」夫「は？仕事は続けてくれよ」,https://www.youtube.com/watch?v=C6r_ataNQZU,18万回視聴 / 2 年前,人生の晩年5045,https://www.youtube.com/channel/UCRajns3nAnfDW1XFNGE8mjg,1 か月前,6回視聴,起業した夫を支えてきた私を裏切った夫「21歳のバイトを妊娠させた！悪いが、離婚してくれ！」私「はーい、仕事も辞めるね！」夫「は？仕事は続けてくれよ」,https://www.youtube.com/watch?v=tH1-lLCCL1I,100%
1196,【スカッとする話】私の両親が亡くなった途端、実家を勝手に解体した夫「今日から俺の家で両親と同居だ！」それを聞いた私は大爆笑→私「あんた達、知らないの？」実は...,https://www.youtube.com/watch?v=3WlCnGLe67U,55万回視聴 / 2 年前,人生の物語,https://www.youtube.com/channel/UCH9C86h_itPpw8p1Sgq0mVQ,6 か月前,895回視聴,「今日から俺の家で両親と同居だ！」私の両親が亡くなった途端、実家を勝手に解体し宣言する夫。それを聞いた私は大爆笑→私「あんた達、知らないの？」実は...【シニアライフ】【60代以上の方へ】,https://www.youtube.com/watch?v=aL7blZhMt94,73%
1197,【スカッとする話】息子のために貯めた800万の進学資金を勝手に義母に渡した夫「ママが家買うから渡したw文句あるなら離婚！」私「OK」息子「今までありがとう！」夫「え？」【朗読】【スカッと】,https://www.youtube.com/watch?v=UMALXNxEZ8g,4.6万回視聴 / 1 か月前,人生の物語箱,https://www.youtube.com/channel/UCsP8EZOSEghEmRMB6P_j6Ng,12 日前,"5,388回視聴",息子のために貯めた800万円の進学資金を義母に勝手に渡した夫。「ママが家を買うから渡したw 文句があるなら離婚！」私「OK」――息子「今までありがとう、父さん」夫「……え？」,https://www.youtube.com/watch?v=e2Z2jZFKM3U,90%
1198,【スカッとする話】夫と離婚してから8日後、VIP病室に入院した義母から電話。義母「入院費払っておいてね」私「無理です。だって…」直後、義母が暴れ出し…w【朗読】【スカッと】,https://www.youtube.com/watch?v=Wobm7os3nrw,2.9万回視聴 / 5 か月前,人生の物語箱、他 2 チャンネル,,2 日前,629回視聴,夫と離婚してから8日後、VIP病室に入院した義母から電話。義母「入院費払っておいてね」私「無理です。だって…」直後、義母が暴れ出し…,https://www.youtube.com/watch?v=Ngu9GUME2YA,100%
1199,【スカッとする話】愛人に夫を奪われた私。2人「すまん、離婚してくれ…」離婚届が置かれた瞬間、即サインし夫を譲ると、相手弁護士がガタガタ震え出しw【朗読】【スカッと】,https://www.youtube.com/watch?v=blo_a56_T1U,37万回視聴 / 2 か月前,人生の物語箱、他 2 チャンネル,,1 か月前,"7,900回視聴",愛人に夫を奪われた私。2人「すまん、離婚してくれ…」離婚届が置かれた瞬間、即サインし夫を譲ると、相手弁護士がガタガタ震え出しw,https://www.youtube.com/watch?v=4jj47ldJDS4,100%
1200,【スカッとする話】義父を介護して10年目、私が過労で倒れると夫「仮病はいいからw怠け者とは離婚で！」私「マジで？ありがとう！」【朗読】【スカッと】,https://www.youtube.com/watch?v=uz1Rgfr9Du0,3.5万回視聴 / 5 か月前,人生の物語箱、他 2 チャンネル,,1 日前,"2,256回視聴",義父を介護して10年目、私が過労で倒れると夫「仮病はいいからw怠け者とは離婚で！」私「マジで？ありがとう！」,https://www.youtube.com/watch?v=_Z4dPGU5E-c,81%
1201,【スカッとする話】年末に息子夫婦が泊まりにくると、深夜に夫が突然私を裏口に…夫「今のうちに家から出よう」私「え？年越しそば食べないの？」夫「お前気づいてないのか？」【朗読】【スカッと】,https://www.youtube.com/watch?v=AdhCK-BGvg4,13万回視聴 / 11 か月前,人生の終着駅で見つけた愛,https://www.youtube.com/channel/UCXJ4hm2EZO7Qdri-r_-M4fw,2 週間前,"11,031回視聴",年末に息子夫婦が泊まりに来ると、深夜に夫が突然私を裏口に呼んだ夫「今のうちに家から出よう」私「え？年越しそば食べないの？」夫「お前気づいてないのか？」【シニアライフ】【60代以上の方へ】,https://www.youtube.com/watch?v=3M55VOnd-dY,96%
1202,【スカッとする話】義母を10年介護している私に夫「離婚してくれ…老後もお前と一緒は無理…」私「じゃあ介護と嫁辞めるね」即離婚して沖縄に引越すと夫から鬼電→携帯解約し永久に無視した結果w【朗読】,https://www.youtube.com/watch?v=tfbycPtFjbg,17万回視聴 / 11 か月前,人生の終着駅で見つけた愛,https://www.youtube.com/channel/UCXJ4hm2EZO7Qdri-r_-M4fw,3 週間前,"1,060回視聴",義母を10年介護している私に夫「離婚してくれ老後もお前と一緒は無理だ」私「じゃあ介護と嫁を辞めるね」即離婚して引越すと夫から鬼電→携帯解約し永久に無視した結果【シニアライフ】【60代以上の方へ】,https://www.youtube.com/watch?v=FdqaXlVZbjE,97%
1203,【スカッとする話】私の年収が1000万と知らず夫と一緒に出ていった息子「毒親とは絶縁wバイバイw」私「じゃあ夫とも縁切るね」息子「勝手にどうぞw」2日後w【朗読】【スカッと】,https://www.youtube.com/watch?v=DPS_qm8jKlI,10万回視聴 / 2 か月前,人生の黄昏話、時を越える話,,2 時間前,8回視聴,【スカッとする話】私の年収が1000万と知らず夫と一緒に出ていった息子「毒親とは絶縁wバイバイw」私「じゃあ夫とも縁切るね」息子「勝手にどうぞw」2日後w【朗読】【スカッと】,https://www.youtube.com/watch?v=TVfya_b7HAQ,100%
1204,【スカッとする話】年末に息子夫婦が泊まりにくると、深夜に夫が突然私を裏口に…夫「今のうちに家から出よう」私「え？年越しそば食べないの？」夫「お前気づいてないのか？」【朗読】【スカッと】,https://www.youtube.com/watch?v=AdhCK-BGvg4,13万回視聴 / 11 か月前,人生を楽しむ,https://www.youtube.com/channel/UC5qUTUcmPlik9fgvXZSxe-Q,5 か月前,6回視聴,年末に息子夫婦が泊まりに来ると、深夜に夫が突然私を裏口に呼んだ...夫「今のうちに家から出よう」私「え？年越しそば食べないの？」夫「お前気づいてないのか？」【シニアライフ】【60代以上の方へ】,https://www.youtube.com/watch?v=_jghIqczZGY,96%
1205,【スカッとする話】私の車のアクセルにこっそり手を加える夫。私（知らないふりしよw）翌日、車を義両親に貸し出すと、夫「ま、待ってくれ…」実はw【朗読】【スカッと】,https://www.youtube.com/watch?v=lRIrN83xkSc,6.2万回視聴 / 2 か月前,人生スカッと劇場,https://www.youtube.com/channel/UC_cewmtTGTOGlNpnH_fSc6w,5 日前,0 回視聴,私の車のアクセルにこっそり手を加える夫。私（知らないふりしよw）翌日、車を義両親に貸し出すと、夫「ま、待ってくれ…」実はw,https://www.youtube.com/watch?v=Ce32bO_vsXQ,100%
1206,【スカッとする話】夫の出張中、オウムを任された私。何気なくオウムに話しかけると、オウム「嫁にはバレてないよ」不審に思い夫の部屋を開けた。→直後、私は顔面蒼白に…【朗読ドラマ】【朗読】【スカッと】,https://www.youtube.com/watch?v=hi2PAohyTkU,2万回視聴 / 8 日前,人生スカッと朗読館,https://www.youtube.com/channel/UChTkZ7g3oCCQG3XSqe69LWQ,5 日前,0 回視聴,【スカッとする話】夫の出張中、オウムを任された私。何気なくオウムに話しかけると、オウム「嫁にはバレてないよ」不審に思い夫の部屋を開けた。→直後、私は顔面蒼白に…【朗読ドラマ】【朗読】【スカッと】,https://www.youtube.com/watch?v=qsjIpApuEeQ,100%
1207,【スカッとする話】娘の葬儀に愛人を連れてきた婿「最期に間に合わなくて残念w」愛人「遺産2億は私達が相続ねw」私「…ですってw」夫「助かるなw」愛人「え？」実はw【朗読ドラマ】【朗読】【スカッと】,https://www.youtube.com/watch?v=IsPanDg1vH0,2.8万回視聴 / 2 週間前,人生スカッと朗読館,https://www.youtube.com/channel/UChTkZ7g3oCCQG3XSqe69LWQ,2 日前,0 回視聴,【スカッとする話】娘の葬儀に愛人を連れてきた婿「最期に間に合わなくて残念w」愛人「遺産2億は私達が相続ねw」私「…ですってw」夫「助かるなw」愛人「え？」実はw【朗読ドラマ】【朗読】【スカッと】,https://www.youtube.com/watch?v=KAK0g14QoEk,100%
1208,【スカッとする話】最愛の夫を事故で亡くし49日後、私を家から追い出す義両親。義父「出ていってほしい」私「今までお世話になりました…」翌日、遺言を見た2人から鬼電がw【朗読ドラマ】【朗読】【スカッと】,https://www.youtube.com/watch?v=Fd31YEY2YA0,2.9万回視聴 / 2 週間前,人生スカッと朗読館,https://www.youtube.com/channel/UChTkZ7g3oCCQG3XSqe69LWQ,3 日前,0 回視聴,【スカッとする話】最愛の夫を事故で亡くし49日後、私を家から追い出す義両親。義父「出ていってほしい」私「今までお世話になりました…」翌日、遺言を見た2人から鬼電がw【朗読ドラマ】【朗読】【スカッと】,https://www.youtube.com/watch?v=FRnqGdRwH-A,100%
1209,【スカッとする話】毎月30万仕送りを続けたのに、帰国すると娘が毎日お粥生活。私「30万送ってたよね？」娘「私は1円も見てないよ」→なぜか義母が慌て出し…w【朗読ドラマ】【朗読】【スカッと】,https://www.youtube.com/watch?v=HFQiOY1EIYg,2.6万回視聴 / 10 日前,人生スカッと朗読館,https://www.youtube.com/channel/UChTkZ7g3oCCQG3XSqe69LWQ,4 日前,0 回視聴,【スカッとする話】毎月30万仕送りを続けたのに、帰国すると娘が毎日お粥生活。私「30万送ってたよね？」娘「私は1円も見てないよ」→なぜか義母が慌て出し…w【朗読ドラマ】【朗読】【スカッと】,https://www.youtube.com/watch?v=I_t1idu0rlk,92%
1210,【スカッとする話】父が毎日お茶漬けなので、私「仕送り10万じゃ足りない？」父「仕送り？貰ってないぞ」私「変ね…銀行に電話するわ」直後、夫がガタガタ震え出し…【朗読ドラマ】【朗読】【スカッと】,https://www.youtube.com/watch?v=W7iyZQfb2oU,4.1万回視聴 / 3 週間前,人生スカッと朗読館,https://www.youtube.com/channel/UChTkZ7g3oCCQG3XSqe69LWQ,18 時間前,1 回視聴,【スカッとする話】父が毎日お茶漬けなので、私「仕送り10万じゃ足りない？」父「仕送り？貰ってないぞ」私「変ね…銀行に電話するわ」直後、夫がガタガタ震え出し…【朗読ドラマ】【朗読】【スカッと】,https://www.youtube.com/watch?v=yZ-O91t9bwA,100%
1211,【スカッとする話】結婚式をドタキャンした妹の代わりに、田舎の大工と結婚させられた私。私「バイトして生活費入れるね」夫「必要ないよ！だって…」翌日、半狂乱の妹が自宅に来てw【朗読ドラマ】【スカッと】,https://www.youtube.com/watch?v=eFu4Ak6nNYo,2.8万回視聴 / 12 日前,人生スカッと朗読館,https://www.youtube.com/channel/UChTkZ7g3oCCQG3XSqe69LWQ,4 日前,0 回視聴,【スカッとする話】結婚式をドタキャンした妹の代わりに、田舎の大工と結婚させられた私。私「バイトして生活費入れるね」夫「必要ないよ！だって…」翌日、半狂乱の妹が自宅に来てw【朗読ドラマ】【スカッと】,https://www.youtube.com/watch?v=R6VSFZgv9rc,100%
1212,【スカッとする話】義両親が我が家に居座り1ヶ月。義両親「水漏れが酷くて…」私「なら業者呼びますね」義両親「や、やめてくれ！」なぜか2人が慌て出しw【朗読ドラマ】【朗読】【スカッと】,https://www.youtube.com/watch?v=WimfKEqUSmI,2.8万回視聴 / 2 週間前,人生スカッと朗読館,https://www.youtube.com/channel/UChTkZ7g3oCCQG3XSqe69LWQ,1 日前,0 回視聴,【スカッとする話】義両親が我が家に居座り1ヶ月。義両親「水漏れが酷くて…」私「なら業者呼びますね」義両親「や、やめてくれ！」なぜか2人が慌て出しw【朗読ドラマ】【朗読】【スカッと】,https://www.youtube.com/watch?v=17WdyEForLM,84%
1213,【スカッとする話】親戚一同の前で私を笑い者にする夫「稼ぎ0の嫁はお荷物で…w」義母「捨てられないよう頑張れw」私「別に頑張らないですよ？もう嫁じゃないので」→3秒後w【朗読ドラマ】【朗読】【スカッと】,https://www.youtube.com/watch?v=sPpAlpY3zIw,1.9万回視聴 / 3 週間前,人生スカッと朗読館,https://www.youtube.com/channel/UChTkZ7g3oCCQG3XSqe69LWQ,22 時間前,0 回視聴,【スカッとする話】親戚一同の前で私を笑い者にする夫「稼ぎ0の嫁はお荷物で…w」義母「捨てられないよう頑張れw」私「別に頑張らないですよ？もう嫁じゃないので」→3秒後w【朗読ドラマ】【朗読】【スカッと】,https://www.youtube.com/watch?v=WMKXjnCRQZs,100%
1214,【スカッとする話】通院費1万すら拒絶した息子夫婦「年金から払えば？w」翌日、家の名義を変え姿を消すと、大号泣の2人から大量着信が…w【朗読ドラマ】【朗読】【スカッと】,https://www.youtube.com/watch?v=DEqKKzP1pB4,2.1万回視聴 / 2 週間前,人生スカッと朗読館,https://www.youtube.com/channel/UChTkZ7g3oCCQG3XSqe69LWQ,2 日前,0 回視聴,【スカッとする話】通院費1万すら拒絶した息子夫婦「年金から払えば？w」翌日、家の名義を変え姿を消すと、大号泣の2人から大量着信が…w【朗読ドラマ】【朗読】【スカッと】,https://www.youtube.com/watch?v=tUiERp-OvV8,100%
1215,【スカッとする話】70歳を過ぎ夫と別居中の私。40年もの間、夫は冷酷だった。ある日、夫の手帳を開いた瞬間、全てを理解し涙が溢れ…【朗読】【スカッと】,https://www.youtube.com/watch?v=00HSG0Knh3I,1.7万回視聴 / 4 か月前,人生ラジオ 5692,https://www.youtube.com/channel/UCACY-9VfdCYZj8Z24xy_e4w,4 週間前,442回視聴,【スカッとする話】70歳を過ぎ夫と別居中の私。40年もの間、夫は冷酷だった。ある日、夫の手帳を開いた瞬間、全てを理解し涙が溢れ…【朗読】【スカッと】,https://www.youtube.com/watch?v=Mne5o-Wd4Pg,100%
1216,【スカッとする話】夫「ママが施設入るから毎月40万の仕送り頼むなw」私「OK（良いこと考えたw」）3日後、夫と義母が銀行に行くと口座を見た2人はガクガク震えだし…w【朗読】【スカッと】,https://www.youtube.com/watch?v=AqjTtGDoywE,10万回視聴 / 7 か月前,人生ラジオ 5692,https://www.youtube.com/channel/UCACY-9VfdCYZj8Z24xy_e4w,3 週間前,28回視聴,【スカッとする話】夫「ママが施設入るから毎月40万の仕送り頼むなw」私「OK（良いこと考えたw」）3日後、夫と義母が銀行に行くと口座を見た2人はガクガク震えだし…w【朗読】【スカッと】,https://www.youtube.com/watch?v=F8QzB6kF7Zk,100%
1217,【スカッとする話】息子が亡くなった途端、私を家から追い出す息子嫁「保険金入ったし用済み！旦那の荷物持って出てけ」私「本当に後悔しない？」嫁「しねぇよw早く消えろ」→3日後w【朗読】【スカッと】,https://www.youtube.com/watch?v=RplBfcanX0Q,4.6万回視聴 / 9 か月前,人生ラジオ 5692,https://www.youtube.com/channel/UCACY-9VfdCYZj8Z24xy_e4w,2 週間前,18回視聴,【スカッとする話】息子が亡くなった途端、私を家から追い出す息子嫁「保険金入ったし用済み！旦那の荷物持って出てけ」私「本当に後悔しない？」嫁「しねぇよw早く消えろ」→3日後w【朗読】【スカッと】,https://www.youtube.com/watch?v=YOF2-Xc7IoQ,100%
1218,【スカッとする話】私が在宅ワークに切り替え6年介護した寝たきりの義父「遺産6億は全て長男夫婦に渡したwお前には一銭も残さないw」→即出ていくと義父から鬼電が…w【朗読】【スカッと】,https://www.youtube.com/watch?v=FNCNvnaZXFw,18万回視聴 / 8 か月前,人生ラジオ 5692,https://www.youtube.com/channel/UCACY-9VfdCYZj8Z24xy_e4w,3 週間前,2回視聴,【スカッとする話】私が在宅ワークに切り替え6年介護した寝たきりの義父「遺産6億は全て長男夫婦に渡したwお前には一銭も残さないw」→即出ていくと義父から鬼電が…w【朗読】【スカッと】,https://www.youtube.com/watch?v=FbezuATPWSU,100%
1219,【スカッとする話】私を嫌う夫と息子が私を無視。私「ただいま」2人「…」息子の大学卒業式に消えると鬼電。私「私に息子はいませんが？」→息子「え？」【朗読】【スカッと】,https://www.youtube.com/watch?v=DcIegdkPriU,6.5万回視聴 / 1 年前,人生ラジオ 5692,https://www.youtube.com/channel/UCACY-9VfdCYZj8Z24xy_e4w,2 週間前,88回視聴,【スカッとする話】私を嫌う夫と息子が私を無視。私「ただいま」2人「…」息子の大学卒業式に消えると鬼電。私「私に息子はいませんが？」→息子「え？」【朗読】【スカッと】,https://www.youtube.com/watch?v=X0xl-QIHKHk,100%
1220,【スカッとする話】兄夫婦の出産祝いで父親と家を訪ねると父「今すぐ帰る！車を出せ！」慌てる父に理由を訪ねると、父「バックミラー見てみろ」私「え？」【朗読】【スカッと】,https://www.youtube.com/watch?v=xZkf_P7X0BY,9.8万回視聴 / 1 年前,人生劇場チャンネル5062,https://www.youtube.com/channel/UCDUjpUXLHRFyRStL02pHIwA,1 か月前,111回視聴,【スカッとする話】兄夫婦の出産祝いで父親と家を訪ねると父「今すぐ帰る！車を出せ！」慌てる父に理由を訪ねると、父「バックミラー見てみろ」私「え？」【朗読】【スカッと】,https://www.youtube.com/watch?v=jmIQkdjG5pg,100%
1221,【スカッとする話】号泣する娘を引きずってきた婿両親。義母「貧乏な子は合わなかったw」義父「高収入の息子とは格が違うw」私「後悔しないでくださいね？」婿両親「しないしないw」3日後w【朗読】【スカッと】,https://www.youtube.com/watch?v=j2eZcUFfC0Y,3.5万回視聴 / 1 か月前,人生劇場チャンネル5062,https://www.youtube.com/channel/UCDUjpUXLHRFyRStL02pHIwA,4 週間前,4回視聴,【スカッとする話】号泣する娘を引きずってきた婿両親。義母「貧乏な子は合わなかったw」義父「高収入の息子とは格が違うw」私「後悔しないでくださいね？」婿両親「しないしないw」3日後w【朗読】【スカッと】,https://www.youtube.com/watch?v=nS8RzdBKuPI,100%
1222,【スカッとする話】私が年商1500億の社長と知らず夫を奪った夫の幼馴染「もやし生活頑張ってねw」後日、示談交渉で夫が大爆笑「貧乏生活は俺達の方だぞ？」幼馴染「は？」実は...,https://www.youtube.com/watch?v=SsTnEXgWzwI,14万回視聴 / 2 年前,人生劇場チャンネル5062,https://www.youtube.com/channel/UCDUjpUXLHRFyRStL02pHIwA,4 週間前,0 回視聴,【スカッとする話】私が年商1500億の社長と知らず夫を奪った夫の幼馴染「もやし生活頑張ってねw」後日、示談交渉で夫が大爆笑「貧乏生活は俺達の方だぞ？」幼馴染「は？」実は...,https://www.youtube.com/watch?v=qEHbErzCWgI,100%
1223,【スカッとする話】私の車のアクセルにこっそり手を加える夫。私（知らないふりしよw）翌日、車を義両親に貸し出すと、夫「ま、待ってくれ…」実はw【朗読】【スカッと】,https://www.youtube.com/watch?v=lRIrN83xkSc,6.2万回視聴 / 2 か月前,人生劇場チャンネル5062,https://www.youtube.com/channel/UCDUjpUXLHRFyRStL02pHIwA,1 か月前,12回視聴,【スカッとする話】私の車のアクセルにこっそり手を加える夫。私（知らないふりしよw）翌日、車を義両親に貸し出すと、夫「ま、待ってくれ…」実はw【朗読】【スカッと】,https://www.youtube.com/watch?v=ZPU0I07VM9U,100%
1224,【スカッとする話】私を嫌う夫と息子が私を無視。私「ただいま」2人「…」息子の大学卒業式に消えると鬼電。私「私に息子はいませんが？」→息子「え？」【朗読】【スカッと】,https://www.youtube.com/watch?v=DcIegdkPriU,6.5万回視聴 / 1 年前,人生劇場チャンネル5062,https://www.youtube.com/channel/UCDUjpUXLHRFyRStL02pHIwA,1 か月前,81回視聴,【スカッとする話】私を嫌う夫と息子が私を無視。私「ただいま」2人「…」息子の大学卒業式に消えると鬼電。私「私に息子はいませんが？」→息子「え？」【朗読】【スカッと】,https://www.youtube.com/watch?v=6sHkMVLXrQw,100%
1225,【スカッとする話】結婚式当日に夫からブチギレ電話。夫「今何時だと思ってんだ！花嫁の立場でふざけるな！」父「お前こそふざけんなよ？」電話に出たのは私の父で…【朗読】【スカッと】,https://www.youtube.com/watch?v=EeQo49qzzTA,10万回視聴 / 1 年前,人生劇場チャンネル5062,https://www.youtube.com/channel/UCDUjpUXLHRFyRStL02pHIwA,1 か月前,91回視聴,【スカッとする話】結婚式当日に夫からブチギレ電話。夫「今何時だと思ってんだ！花嫁の立場でふざけるな！」父「お前こそふざけんなよ？」電話に出たのは私の父で…【朗読】【スカッと】,https://www.youtube.com/watch?v=aUnrO72as7M,100%
1226,【スカッとする話】裕福な義家族と高級料亭に行くと、義兄嫁「その服で同席する気？お前とは格が違うんだよ」義母「ええ、あなたとは違うわね」義兄嫁「え？」実はw【朗読】【スカッと】,https://www.youtube.com/watch?v=InEluoUt8ik,3.3万回視聴 / 1 か月前,人生劇場チャンネル5062,https://www.youtube.com/channel/UCDUjpUXLHRFyRStL02pHIwA,1 か月前,0 回視聴,【スカッとする話】裕福な義家族と高級料亭に行くと、義兄嫁「その服で同席する気？お前とは格が違うんだよ」義母「ええ、あなたとは違うわね」義兄嫁「え？」実はw【朗読】【スカッと】,https://www.youtube.com/watch?v=qcJzdgpps48,100%
1227,【スカッとする話】親代わりに育てた弟の結婚式でタキシードを着た弟が1人ポツン。弟「結婚は嘘でドッキリって…」直後、普段温厚な夫が新婦一族に電話。夫「出資1億はキャンセルで」新婦一族「え？」【朗読】,https://www.youtube.com/watch?v=ZTng_6NCKl8,6万回視聴 / 8 か月前,人生劇場チャンネル5062,https://www.youtube.com/channel/UCDUjpUXLHRFyRStL02pHIwA,1 か月前,3回視聴,【スカッとする話】親代わりに育てた弟の結婚式でタキシードを着た弟が1人ポツン。弟「結婚は嘘でドッキリって…」直後、普段温厚な夫が新婦一族に電話。夫「出資1億はキャンセルで」新婦一族「え？」【朗読】,https://www.youtube.com/watch?v=BP3UUASdXFI,100%
1228,【スカッとする話】兄夫婦の出産祝いで父親と家を訪ねると父「今すぐ帰る！車を出せ！」慌てる父に理由を訪ねると、父「バックミラー見てみろ」私「え？」【朗読】【スカッと】,https://www.youtube.com/watch?v=xZkf_P7X0BY,9.8万回視聴 / 1 年前,人生噺5066,https://www.youtube.com/channel/UCZJ4Jg1kZ3q6nlBrQJdbQnQ,1 か月前,1 回視聴,【スカッとする話】兄夫婦の出産祝いで父親と家を訪ねると父「今すぐ帰る！車を出せ！」慌てる父に理由を訪ねると、父「バックミラー見てみろ」私「え？」【朗読】【スカッと】,https://www.youtube.com/watch?v=SO4DRPO1yXE,100%
1229,【スカッとする話】結婚式当日に夫からブチギレ電話。夫「今何時だと思ってんだ！花嫁の立場でふざけるな！」父「お前こそふざけんなよ？」電話に出たのは私の父で…【朗読】【スカッと】,https://www.youtube.com/watch?v=EeQo49qzzTA,10万回視聴 / 1 年前,人生噺5066,https://www.youtube.com/channel/UCZJ4Jg1kZ3q6nlBrQJdbQnQ,1 か月前,95回視聴,【スカッとする話】結婚式当日に夫からブチギレ電話。夫「今何時だと思ってんだ！花嫁の立場でふざけるな！」父「お前こそふざけんなよ？」電話に出たのは私の父で…【朗読】【スカッと】,https://www.youtube.com/watch?v=lRW9mtCXNXM,100%
1230,【スカッとする話】私の資産が9億あると知らず社長令嬢の愛人と再婚した元夫と再会「生活保護の貧乏人じゃんw元気？w」私「は？誰と勘違いしてるの？」真実を伝えると元夫が半狂乱にw【スカッと】【朗読】,https://www.youtube.com/watch?v=uYt37nxwb0o,1.8万回視聴 / 2 年前,人生逆転 4998,https://www.youtube.com/channel/UCGQybHqgxsQtHfsrgABLjAw,1 か月前,2回視聴,【感動する話】私の資産が9億あると知らず社長令嬢の愛人と再婚した元夫と再会「生活保護の貧乏人じゃんw元気？w」私「は？誰と勘違いしてるの？」真実を伝えると元夫が半狂乱にw,https://www.youtube.com/watch?v=m7NbdgGZFYg,100%
1231,【スカッと総集編】私の資産が9億あると知らず社長令嬢の愛人と再婚した元夫と再会「生活保護の貧乏人じゃんw元気？w」私「は？誰と勘違いしてるの？」真実を伝えると元夫が半狂乱にw,https://www.youtube.com/watch?v=lVGupM23LsE,31万回視聴 / 2 年前,人生逆転 4998,https://www.youtube.com/channel/UCGQybHqgxsQtHfsrgABLjAw,1 か月前,2回視聴,【感動する話】私の資産が9億あると知らず社長令嬢の愛人と再婚した元夫と再会「生活保護の貧乏人じゃんw元気？w」私「は？誰と勘違いしてるの？」真実を伝えると元夫が半狂乱にw,https://www.youtube.com/watch?v=m7NbdgGZFYg,100%
1232,【スカッとする話】資産5億の父と食事中、離婚直後の元夫と愛人に遭遇。元夫「また金持ちに寄生かw」直後、父の一言で2人は青ざめw【朗読】【スカッと】,https://www.youtube.com/watch?v=byOeJgVNDQo,6万回視聴 / 1 か月前,人生逆転劇,https://www.youtube.com/channel/UChQ1QPCoCPRXlD5aqltcP2Q,8 日前,0 回視聴,【スカッとする話】資産5億の父と食事中、離婚直後の元夫と愛人に遭遇。元夫「また金持ちに寄生かw」→父の一言で顔面蒼白に…【感動】【朗読】,https://www.youtube.com/watch?v=rhnqi3S2fo0,86%
1233,【スカッと総集編】妊娠した私を捨て21歳の浮気相手と再婚した社長の夫「彼女が妊娠したから離婚w」20年後、公園で元夫と再会すると…【スカッと】【スカッとする話】【修羅場】,https://www.youtube.com/watch?v=zb8EIRbjwZc,2.9万回視聴 / 1 年前,人生逆転劇,https://www.youtube.com/channel/UChQ1QPCoCPRXlD5aqltcP2Q,1 か月前,26回視聴,妊娠した私を捨て21歳の浮気相手と再婚した社長の夫「彼女が妊娠したから離婚w」20年後、公園で元夫と再会すると…,https://www.youtube.com/watch?v=iDMUfsZ73Bo,100%
1234,【スカッとする話】兄夫婦の出産祝いで父親と家を訪ねると父「今すぐ帰る！車を出せ！」慌てる父に理由を訪ねると、父「バックミラー見てみろ」私「え？」【朗読】【スカッと】,https://www.youtube.com/watch?v=xZkf_P7X0BY,9.8万回視聴 / 1 年前,人生逆転噺5074,https://www.youtube.com/channel/UCSE8UrVc2WuisTfaKPVRjGA,1 か月前,1 回視聴,【スカッとする話】兄夫婦の出産祝いで父親と家を訪ねると父「今すぐ帰る！車を出せ！」慌てる父に理由を訪ねると、父「バックミラー見てみろ」私「え？」【朗読】【スカッと】,https://www.youtube.com/watch?v=nPSLaGnDiuQ,100%
1235,【スカッとする話】私を嫌う夫と息子が私を無視。私「ただいま」2人「…」息子の大学卒業式に消えると鬼電。私「私に息子はいませんが？」→息子「え？」【朗読】【スカッと】,https://www.youtube.com/watch?v=DcIegdkPriU,6.5万回視聴 / 1 年前,人生逆転噺5074,https://www.youtube.com/channel/UCSE8UrVc2WuisTfaKPVRjGA,1 か月前,1 回視聴,【スカッとする話】私を嫌う夫と息子が私を無視。私「ただいま」2人「…」息子の大学卒業式に消えると鬼電。私「私に息子はいませんが？」→息子「え？」【朗読】【スカッと】,https://www.youtube.com/watch?v=DFjWgItp_iI,100%
1236,【スカッと総集編】夫が土下座「20歳の愛人が妊娠した！離婚してくれ！」私「はい離婚届け。じゃ娘以外は連れてくね」夫「は？娘も連れていけよ」私「無理、だってこの子は…」【スカッとする話】,https://www.youtube.com/watch?v=70JSyEr3ztQ,34万回視聴 / 3 年前,人間拾遺錄,https://www.youtube.com/channel/UCfLrnpabpT2GhyhKVuZEqlg,1 か月前,4回視聴,夫が土下座「20歳の愛人が妊娠した！離婚してくれ！」私「はい離婚届け。じゃ娘以外は連れてくね」夫「は？娘も連れていけよ」私「無理、だってこの子は…」,https://www.youtube.com/watch?v=GkNbFMYSt5Q,100%
1237,【スカッと】起業した夫を支えてきた私を裏切った夫「21歳のバイトを妊娠させた！離婚しで！」私「はーい、仕事も辞めるね！」夫「は？仕事は続けてくれよ」私「嫌よ。だってあのバイト...」,https://www.youtube.com/watch?v=n-_5T-nb0dg,3.7万回視聴 / 2 年前,人間模様の記録4926,https://www.youtube.com/channel/UCnD_7fuQhUby4AEJmhWasaQ,1 か月前,65回視聴,起業した夫を支えてきた私を裏切った夫「21歳のバイトを妊娠させた！悪いが、離婚してくれ！」私「はーい、仕事も辞めるね！」夫「は？仕事は続けてくれよ」,https://www.youtube.com/watch?v=ZzA0_sJeh6I,86%
1238,【スカッと総集編】夫が亡くなった途端、我が家を勝手に解体した義両親「今日からうちで同居しろ！嫁は家政婦にしてやるw」それを聞いた私は大爆笑→私「アンタら知らないの？」実は...,https://www.youtube.com/watch?v=yUWQozZU0zY,18万回視聴 / 2 年前,人間模様の記録4926,https://www.youtube.com/channel/UCnD_7fuQhUby4AEJmhWasaQ,2 か月前,173回視聴,夫が亡くなった途端、我が家を勝手に解体した義両親「今日からうちで同居しろ！嫁は家政婦にしてやるw」それを聞いた私は大爆笑→私「アンタら知らないの？」実は...,https://www.youtube.com/watch?v=2Jz9dwuyQ5E,100%
1239,【スカッと総集編】起業した夫を支えてきた私を裏切った夫「21歳のバイトを妊娠させた！悪いが、離婚してくれ！」私「はーい、仕事も辞めるね！」夫「は？仕事は続けてくれよ」,https://www.youtube.com/watch?v=C6r_ataNQZU,18万回視聴 / 2 年前,人間模様の記録4926,https://www.youtube.com/channel/UCnD_7fuQhUby4AEJmhWasaQ,1 か月前,65回視聴,起業した夫を支えてきた私を裏切った夫「21歳のバイトを妊娠させた！悪いが、離婚してくれ！」私「はーい、仕事も辞めるね！」夫「は？仕事は続けてくれよ」,https://www.youtube.com/watch?v=ZzA0_sJeh6I,100%
1240,【スカッとする話】夫の出張中に息子に誘われ高級ホテルへディナーに行くと女性にプロポーズする夫「亡き妻と息子の分まで幸せにする！」直後、静かに席を立ち上がり求婚に乱入→私と息子「死んだ全家族です」,https://www.youtube.com/watch?v=-fE68tebmjk,7.2万回視聴 / 2 年前,今日の感動する話,https://www.youtube.com/channel/UCngA_dQ1VQpTicBa3d9RDxQ,2 年前,64回視聴,【スカッとする話】夫の出張中に息子に誘われ高級ホテルへディナーに行くと女性にプロポーズする夫「亡き妻と息子の分まで幸せにする！」→直後、静かに席を立ち求婚に乱入「どうも、亡き妻と息子です」,https://www.youtube.com/watch?v=6FASdsrfp-g,90%
1241,【スカッとする話】夫の連れ子の娘と暮らし始めて1年。しかし、全くなつく気配がない…夫が海外出張に行った日に娘が初めて話しかけてきた。娘「お母さん、実は...」そう言って差し出された手には...,https://www.youtube.com/watch?v=BKC9CbFIESk,5.2万回視聴 / 3 年前,今日の感動する話,https://www.youtube.com/channel/UCngA_dQ1VQpTicBa3d9RDxQ,2 年前,80回視聴,【スカッとする話】夫の連れ子の娘と暮らし始めて1年。しかし、全くなつく気配がない…夫が海外出張に行った日に娘が初めて話しかけてきた。娘「お母さん、実は...」そう言って差し出された手には,https://www.youtube.com/watch?v=GxYOYjqAACo,100%
1242,【スカッとする話】夫と義実家までバスで向かうと降車直前、私の腕をつかんだ運転手「ここで降りたら終わるよ。次のバス停で逃げなさい」理由を知った私は血の気が引いて…【朗読】【スカッと】,https://www.youtube.com/watch?v=79m-CwHxGq8,11万回視聴 / 6 か月前,今日の物語,https://www.youtube.com/channel/UC_S7c-tions1Eb5-YCxmvqw,6 か月前,102回視聴,「涙が止まらない…」夫と義実家までバスで向かうと降車直前、私の腕をつかんだ運転手運転手「ここで降りたら終わるよ次のバス停で逃げなさい」理由を知った私は血の気が引いて… [日本感動ドラマ],https://www.youtube.com/watch?v=BCUqrhfl0EA,89%
1243,【スカッとする話】私が毎日12時間、義父の介護をしていると知らない夫「離婚しよう…お前と一緒はもう限界…」私「本当にいいの？」夫「当然w」→介護負担を伝えず即離婚して姿を消すと…w【朗読】【スカッと】,https://www.youtube.com/watch?v=Mpi2bhYFSsQ,14万回視聴 / 9 か月前,今日の物語,https://www.youtube.com/channel/UCPXh5v9VEouZRWDFnMm2RNg,3 か月前,150回視聴,私が毎日12時間、義父の介護をしていると知らない夫「離婚しよう…お前と一緒はもう限界…」私「本当にいいの？」夫「当然w」→介護負担を伝えず即離婚して姿を消すと…w,https://www.youtube.com/watch?v=41IKF-y9FF4,100%
1244,【スカッと総集編】私の年収が2000万と知らず入院中の私を捨て愛人と再婚した夫「離婚届け出しといたｗ慰謝料として家と車は貰うｗ」私「承知しました」→3日後、半狂乱の夫から200件の鬼電がw【修羅場】,https://www.youtube.com/watch?v=sd-a4XIE7jQ,36万回視聴 / 3 年前,今日の物語、Japan sports channel ,,3 か月前,139回視聴,私の年収が2000万と知らず、入院中の私を捨てて愛人と再婚した夫――。「家も車も俺がもらうｗ」私「承知しました」3日後、青ざめた元夫から200件を超える着信が鳴り続けた…。,https://www.youtube.com/watch?v=h3dbsa2Z8pM,67%
1245,【スカッと総集編】夫が土下座「20歳の愛人が妊娠した！離婚してくれ！」私「はい離婚届け。じゃ娘以外は連れてくね」夫「は？娘も連れていけよ」私「無理、だってこの子は…」【スカッとする話】,https://www.youtube.com/watch?v=70JSyEr3ztQ,34万回視聴 / 3 年前,今日の物語、他 3 チャンネル,,3 か月前,225回視聴,「20歳の愛人が妊娠した。離婚してくれ！」土下座する夫――。私は離婚届を差し出し、「娘以外は連れて行くね」と告げた。夫「娘も連れていけよ」私「それは無理。この子は…」,https://www.youtube.com/watch?v=79M4i6b2zZI,73%
1246,【スカッとする話】義母を10年介護している私に夫「離婚してくれ…老後もお前と一緒は無理…」私「じゃあ介護と嫁辞めるね」即離婚して沖縄に引越すと夫から鬼電→携帯解約し永久に無視した結果w【朗読】,https://www.youtube.com/watch?v=tfbycPtFjbg,17万回視聴 / 11 か月前,仏壇の前で,https://www.youtube.com/channel/UCU6HJdhSw8L0jtQrNonSBmw,6 か月前,374回視聴,義母を10年介護している私に夫「離婚してくれ老後もお前と一緒は無理だ」私「じゃあ介護と嫁を辞めるね」即離婚して引越すと夫から鬼電→携帯解約し永久に無視した結果【シニアライフ】【60代以上の方へ】,https://www.youtube.com/watch?v=7ZUVhLuF3nU,97%
1247,【スカッとする話】夫が突然大量の荷物を持ってきて、夫「今日から俺の両親と姉を養う！嫌なら離婚だ！」私「え？もう離婚済みだけど？」夫「え？」結果w,https://www.youtube.com/watch?v=G4O12jIGPfg,8.7万回視聴 / 3 年前,仕事と恋愛,https://www.youtube.com/channel/UCJdDK3PzoGAbftkwZoDV7DQ,1 年前,0 回視聴,【スカッと感動】夫が突然大量の荷物を持ってきて、夫「今日から俺の両親と姉を養う！嫌なら離婚だ！」私「え？もう離婚済みだけど？」夫「え？」結果,https://www.youtube.com/watch?v=IHxc2gpXtk4,88%
1248,【スカッとする話】夫が突然大量の荷物を持ってきて、夫「今日から俺の両親と姉を養う！嫌なら離婚だ！」私「え？もう離婚済みだけど？」夫「え？」結果w,https://www.youtube.com/watch?v=G4O12jIGPfg,8.7万回視聴 / 3 年前,仕事と恋愛,https://www.youtube.com/channel/UCJdDK3PzoGAbftkwZoDV7DQ,1 年前,1 回視聴,【スカッと感動】夫が突然大量の荷物を持ってきて、夫「今日から俺の両親と姉を養う！嫌なら離婚だ！」私「え？もう離婚済みだけど？」夫「え？」結果,https://www.youtube.com/watch?v=3zempY531O8,88%
1249,【スカッとする話】年末に息子夫婦が泊まりにくると、深夜に夫が突然私を裏口に…夫「今のうちに家から出よう」私「え？年越しそば食べないの？」夫「お前気づいてないのか？」【朗読】【スカッと】,https://www.youtube.com/watch?v=AdhCK-BGvg4,13万回視聴 / 11 か月前,何も知らない猫,https://www.youtube.com/channel/UCMFQ8OeB_K8-SLaJO87_tEA,13 日前,"5,722回視聴",年末に息子夫婦が泊まりに来ると、深夜に夫が突然私を裏口に呼んだ夫「今のうちに家から出よう」私「え？年越しそば食べないの？」夫,https://www.youtube.com/watch?v=y2wJdTRtZNM,87%
1250,【スカッとする話】義母を10年介護している私に夫「離婚してくれ…老後もお前と一緒は無理…」私「じゃあ介護と嫁辞めるね」即離婚して沖縄に引越すと夫から鬼電→携帯解約し永久に無視した結果w【朗読】,https://www.youtube.com/watch?v=tfbycPtFjbg,17万回視聴 / 11 か月前,何も知らない猫,https://www.youtube.com/channel/UCMFQ8OeB_K8-SLaJO87_tEA,1 か月前,"2,772回視聴",義母を10年介護している私に夫「離婚してくれ老後もお前と一緒は無理だ」私「じゃあ介護と嫁を辞めるね」即離婚して引越すと夫から,https://www.youtube.com/watch?v=OshHthWOVro,84%
1251,【スカッとする話】嫁いびり姑が大ケガで緊急搬送され救急隊員「家族の方ですか？」私「いえ、家族ではありません」他人扱いしてやった結果...【修羅場】,https://www.youtube.com/watch?v=ESVqacNH7Kw,3.2万回視聴 / 4 年前,修羅場の女たち【スカッと漫画】,https://www.youtube.com/channel/UCj7Sd1pmMthkVVcTdi-poeg,1 年前,1 回視聴,【スカッとする話】嫁いびり姑が大ケガで緊急搬送され救急隊員「家族の方ですか？」私「いえ、家族ではありません」他人扱いしてやった結果   【修羅場】,https://www.youtube.com/watch?v=8JY4jNxDz0g,100%
1252,【スカッとする話】母が海で大ケガし緊急搬送！夫に病院に行くと相談するも「お前の母親より仕事が大事！逆らうなら離婚だ！」と離婚届を突きつけられたので、即提出してやった結果...【修羅場】,https://www.youtube.com/watch?v=SKo9NlLkMTQ,2.3万回視聴 / 4 年前,修羅場の女たち【スカッと漫画】,https://www.youtube.com/channel/UCj7Sd1pmMthkVVcTdi-poeg,1 年前,0 回視聴,【スカッとする話】母が海で大ケガし緊急搬送！夫に病院に行くと相談するも「お前の母親より仕事が大事！逆らうなら離婚だ！」と離婚届を突きつけられたので、即提出してやった結果   【修羅場】,https://www.youtube.com/watch?v=yTTwGVJ-1TM,100%
1253,【スカッとする話】医者の夫を奪ったママ友「年収3千万の医者の旦那くんの子供出来たw3ヶ月後の結婚式来てねw」私「わかった」（年収3千万の医者は私なんだけど黙っとこw）3ヶ月後w【スカッと】【朗読】,https://www.youtube.com/watch?v=B-nqblWpeIE,5.4万回視聴 / 2 年前,修羅場の管理人,https://www.youtube.com/channel/UCPhDxjB2KqaaiQCygakhqTA,10 日前,0 回視聴,私の夫を奪ったママ友「年収3000万の医者の旦那くんの子供できたw3ヶ月後の結婚式来てねw」→私「分かった（年収3000万の医者は私だけど黙っとこ）」3ヶ月後w,https://www.youtube.com/watch?v=oDCHcs8fqGs,86%
1254,【スカッとする話】私名義の新築戸建と知らず里帰り出産で我が家に来た娘「母さんの部屋は私が使うw」夫「お前は車で寝てろw」私「わかりました...」→キレた私が家を売り払うと...w,https://www.youtube.com/watch?v=yefpSXnGZOg,15万回視聴 / 3 年前,修羅場スカッとTV,https://www.youtube.com/channel/UCX6Gj5DGAkaqhmu4d0djS4A,1 か月前,3回視聴,【スカッと感動】私名義の新築戸建と知らず里帰り出産で我が家に来た娘「母さんの部屋は私が使うw」夫「お前は車で寝てろw」私「わかりました...」→キレた私が家を売り払うとw【修羅場】,https://www.youtube.com/watch?v=H20-Lt9iIIY,100%
1255,【スカッとする話】30年連れ添った夫と離婚すると、義母「引っ越しはまだ？」夫「早く出てけ」私「30分後に消えます」荷物が運ばれ私が車に乗ると→義母「え？何なのこの高級車は？」,https://www.youtube.com/watch?v=Tlkag3rVT5s,18万回視聴 / 2 年前,傾向のLINE,https://www.youtube.com/channel/UCFYvJCkQ741W1U9C-0MKCQg,11 か月前,0 回視聴,【LINE】30年連れ添った夫と離婚すると、義母「引っ越しはまだ？早く出てけ」私「30分後に消えます」→30分後、荷物が運ばれ私が車に乗ると…,https://www.youtube.com/watch?v=6tre-3px66Y,86%
1256,【スカッとする話】私が手術から目を覚ました日、3人の子どもは誰も見舞いに来なかった。退院後、私は家を売却し更地に→黙って姿を消し永遠に縁を切った結果w【朗読】【スカッと】,https://www.youtube.com/watch?v=Muf1SDi7IAE,7.1万回視聴 / 7 か月前,儚い幸せ,https://www.youtube.com/channel/UCooJKX6KhAwly9k2Hj9M8lQ,1 か月前,"125,925回視聴",【スカッと】手術から目覚めた日、3人の子どもは誰一人見舞いに来なかった。退院した私は家を売却し、更地にして姿を消した――。,https://www.youtube.com/watch?v=7bNIepbIhxg,77%
1257,【スカッとする話】夫と連れ子（娘）に10年間嫌われ続けた母親の私。耐えれず新居に引越すと5年後...夫「娘が結婚する！式に来い！」私「はい」新郎側で参列すると→夫・連れ子「え？」,https://www.youtube.com/watch?v=2l9EasURZEk,5.9万回視聴 / 2 年前,兔牙尖尖,https://www.youtube.com/channel/UCS9T9zSklP4GqaU_K6-iE9Q,4 日前,0 回視聴,夫と連れ子（娘）に5年間嫌われ続けた母親の私。耐えれず新居に引越すと3年後…夫「娘が結婚する!!式に来い!!」私「はい」新郎側で参列すると→夫・連れ子「え？」,https://www.youtube.com/watch?v=rCHpXsGRQG8,96%
1258,【スカッとする話】17年前に3歳の私と不治の病の母を捨て愛人を選んだ父に再会「まだ生きてたのかｗ俺は孫も生まれて幸せだぜw」母「創業17年の会社と娘家族を紹介するわ」父「はい？」実は...,https://www.youtube.com/watch?v=hJCiwiFtPwM,8.8万回視聴 / 2 年前,出る杭は打たれる,https://www.youtube.com/channel/UCAmIDIbiOxKA9YSVK0aYSZQ,2 か月前,0 回視聴,【スカッとする話】 17年前に3歳の私と不治の病の母を捨て愛人を選んだ父に再会「まだ生きてたのかｗ俺は孫も生まれて幸せだぜw」母「創業17年の会社と娘家族を紹介するわ」父「はい？」実は,https://www.youtube.com/watch?v=CGoZsaW2cdE,100%
1259,【スカッとする話】18年間家賃を払ってきた私を罵倒する長男嫁「月9万の家賃程度で偉そうにw母親づらすんなよババァがw」長男「支払い止めてみろw」私「喜んで！」結果w,https://www.youtube.com/watch?v=gWWRbmvBG_A,3.4万回視聴 / 1 年前,出る杭は打たれる,https://www.youtube.com/channel/UCAmIDIbiOxKA9YSVK0aYSZQ,2 か月前,0 回視聴,【スカッとする話】 18年間家賃を払ってきた私を罵倒する長男嫁「月9万の家賃程度で偉そうにw母親づらすんなよババァがw」長男「支払い止めてみろw」私「喜んで！」結果w,https://www.youtube.com/watch?v=a4kHMkoZHmM,100%
1260,【スカッとする話】1億の庭付き一軒家を持つ金持ち自慢の婚約者の家へ結婚挨拶へ行くと婚約者「ブスだけど家政婦には良いだろw」義母「貧相な顔ｗ」義姉「実家見てみたいw」→私「では実家に招待します」結果w,https://www.youtube.com/watch?v=VZczm593KRQ,4.5万回視聴 / 2 年前,出る杭は打たれる,https://www.youtube.com/channel/UCAmIDIbiOxKA9YSVK0aYSZQ,2 か月前,0 回視聴,【スカッとする話】 1億の庭付き一軒家を持つ金持ち自慢の婚約者の家へ結婚挨拶へ行くと婚約者「ブスだけど家政婦には良いだろw」義母「貧相な顔ｗ」義姉「実家見てみたいw」→私「では実家に招待します」結果w,https://www.youtube.com/watch?v=8AYn2t9XBEo,100%
1261,【スカッとする話】55000円で年金暮らしの私に娘「ババァの介護とか絶対無理w今日で絶縁して連絡しないでw」私「いいけど後悔しない？」娘「しねぇよ」3ヶ月後w,https://www.youtube.com/watch?v=xrBR0QZZRq0,3.5万回視聴 / 1 年前,出る杭は打たれる,https://www.youtube.com/channel/UCAmIDIbiOxKA9YSVK0aYSZQ,2 か月前,0 回視聴,【スカッとする話】 55000円で年金暮らしの私に娘「ババァの介護とか絶対無理w今日で絶縁して連絡しないでw」私「いいけど後悔しない？」娘「しねぇよ」3ヶ月後w,https://www.youtube.com/watch?v=j2_KU4xaWdE,100%
1262,【スカッとする話】55階タワマンの最上階を購入すると、夫「両親も一緒に暮らすからw」義両親「嫌なら離婚して出てけw」即出ていくと血相変えた夫から鬼電→私「やっと気づいた？w」実は…【朗読】【スカッと】,https://www.youtube.com/watch?v=Du3Qri7ivK8,2.8万回視聴 / 2 年前,出る杭は打たれる,https://www.youtube.com/channel/UCAmIDIbiOxKA9YSVK0aYSZQ,2 か月前,1 回視聴,【スカッとする話】 55階タワマンの最上階を購入すると、夫「両親も一緒に暮らすからw」義両親「嫌なら離婚して出てけw」即出ていくと血相変えた夫から鬼電→私「やっと気づいた？w」実は…,https://www.youtube.com/watch?v=FoSBsUHVUgA,100%
1263,【スカッとする話】がん末期の母を置いて海外旅行に行った長男夫婦「ババァの介護は頼んだわｗ」翌日、母が笑顔で行動開始すると長男夫婦は帰らぬ人に...【修羅場】,https://www.youtube.com/watch?v=uBvDuF4U2Aw,4.8万回視聴 / 3 年前,出る杭は打たれる,https://www.youtube.com/channel/UCAmIDIbiOxKA9YSVK0aYSZQ,2 か月前,0 回視聴,【スカッとする話】 がん末期の母を置いて海外旅行に行った長男夫婦「ババァの介護は頼んだわｗ」翌日、母が笑顔で行動開始すると長男夫婦は帰らぬ人に,https://www.youtube.com/watch?v=Ls4mIyoNETY,100%
1264,【スカッとする話】両親と同居するための新築一軒家が完成すると、夫「お袋の介護か離婚か選べw」私「え？同居するつもり？2週間前から他人なのに？」夫「え？他人？」実はw,https://www.youtube.com/watch?v=7z-EBP9QVbU,1.8万回視聴 / 1 年前,出る杭は打たれる,https://www.youtube.com/channel/UCAmIDIbiOxKA9YSVK0aYSZQ,2 か月前,0 回視聴,【スカッとする話】 両親と同居するための新築一軒家が完成すると、夫「お袋の介護か離婚か選べw」私「え？同居するつもり？2週間前から他人なのに？」夫「え？他人？」実はw,https://www.youtube.com/watch?v=cZ_wZEMKHQQ,100%
1265,【スカッとする話】出張中に飛行機が墜落し半身不随になった夫「迷惑かけれないから離婚しよ」私「え？もう離婚済みだよ？介護は愛人がするんでしょ？」→義父「え？」義両親がブチギレw,https://www.youtube.com/watch?v=YdttuW1Geo0,3万回視聴 / 2 年前,出る杭は打たれる,https://www.youtube.com/channel/UCAmIDIbiOxKA9YSVK0aYSZQ,2 か月前,1 回視聴,【スカッとする話】 出張中に飛行機が墜落し半身不随になった夫「迷惑かけれないから離婚しよ」私「え？もう離婚済みだよ？介護は愛人がするんでしょ？」→義父「え？」義両親がブチギレw,https://www.youtube.com/watch?v=tdRN9ljPk8k,100%
1266,【スカッとする話】単身赴任から帰った夫が愛人を連れ帰宅すると、夫「今日でお前とは離婚する！」愛人「私たちの家から早く出てけw」私「え？ここは私の家だけど？」夫・愛人「え？」結果w,https://www.youtube.com/watch?v=9HluUqVt4lA,4.4万回視聴 / 2 年前,出る杭は打たれる,https://www.youtube.com/channel/UCAmIDIbiOxKA9YSVK0aYSZQ,2 か月前,1 回視聴,【スカッとする話】 単身赴任から帰った夫が愛人を連れ帰宅すると、夫「今日でお前とは離婚する！」愛人「私たちの家から早く出てけw」私「え？ここは私の家だけど？」夫・愛人「え？」結果w,https://www.youtube.com/watch?v=JqkZPhEQ90k,100%
1267,【スカッとする話】夫「妊娠？知らねぇよwお願いだからもうしゃべんな！」私「..」黙って引っ越し永久に無視してやった結果ｗ,https://www.youtube.com/watch?v=acMaagt7Yv0,11万回視聴 / 2 年前,出る杭は打たれる,https://www.youtube.com/channel/UCAmIDIbiOxKA9YSVK0aYSZQ,2 か月前,0 回視聴,【スカッとする話】 夫「妊娠？知らねぇよwお願いだからもうしゃべんな！」私「  」黙って引っ越し永久に無視してやった結果ｗ,https://www.youtube.com/watch?v=2qhsL5IBPdE,100%
1268,【スカッとする話】夫と買い出し中、金持ちの浮気相手と結婚した元婚約者と再会。婚約者「俺の嫁は美人で女医だぜwお前の旦那は貧乏臭いなw」→夫「あ、じゃあ彼女はクビで」婚約者「え？」実は...,https://www.youtube.com/watch?v=72mrBowyHJw,2.6万回視聴 / 2 年前,出る杭は打たれる,https://www.youtube.com/channel/UCAmIDIbiOxKA9YSVK0aYSZQ,2 か月前,1 回視聴,【スカッとする話】 夫と買い出し中、金持ちの浮気相手と結婚した元婚約者と再会。婚約者「俺の嫁は美人で女医だぜwお前の旦那は貧乏臭いなw」→夫「あ、じゃあ彼女はクビで」婚約者「え？」実は,https://www.youtube.com/watch?v=4zNu2e4cEv0,100%
1269,【スカッとする話】夫に連れられ夫婦旅行へ行くと、高速道路のSAで売店の女性が耳打ちしてきた「今すぐ逃げて下さい！」理由を聞くと衝撃の事実に戦慄し私は慌てて警察へ駆け込んだ…,https://www.youtube.com/watch?v=F0gsz0c6tDc,5.3万回視聴 / 3 年前,出る杭は打たれる,https://www.youtube.com/channel/UCAmIDIbiOxKA9YSVK0aYSZQ,2 か月前,0 回視聴,【スカッとする話】 夫に連れられ夫婦旅行へ行くと、高速道路のSAで売店の女性が耳打ちしてきた「今すぐ逃げて下さい！」理由を聞くと衝撃の事実に戦慄し私は慌てて警察へ駆け込んだ…,https://www.youtube.com/watch?v=Xr1nb2k6jdk,100%
1270,【スカッとする話】夫の義両親と同居する事になり義父母と新居の見学へ行くと、なぜか私だけ別室に案内。不動産「今すぐ逃げて下さい！」明かされた衝撃の真実を知って私は慌てて物件を飛び出し...,https://www.youtube.com/watch?v=NBqBPgaFa2A,6.7万回視聴 / 3 年前,出る杭は打たれる,https://www.youtube.com/channel/UCAmIDIbiOxKA9YSVK0aYSZQ,2 か月前,1 回視聴,【スカッとする話】 夫の義両親と同居する事になり義父母と新居の見学へ行くと、なぜか私だけ別室に案内。不動産「今すぐ逃げて下さい！」明かされた衝撃の真実を知って私は慌てて物件を飛び出し,https://www.youtube.com/watch?v=UZCj8NanA-0,100%
1271,【スカッとする話】夫・息子・義母に9年間嫌われ続けた私。義母が亡くなり葬儀の日、離婚届を置いて引越すと、半狂乱の夫から鬼電がw,https://www.youtube.com/watch?v=5HWlENHS8h8,10万回視聴 / 2 年前,出る杭は打たれる,https://www.youtube.com/channel/UCAmIDIbiOxKA9YSVK0aYSZQ,2 か月前,1 回視聴,【スカッとする話】 夫・息子・義母に9年間嫌われ続けた私。義母が亡くなり葬儀の日、離婚届を置いて引越すと、半狂乱の夫から鬼電がw,https://www.youtube.com/watch?v=-mYSNjp4moM,100%
1272,【スカッとする話】父の銀行で次期頭取候補だった夫が職場の受付嬢と浮気。夫「お前に頭取夫人は無理だろw」私「何も知らないのねw」3日後、大号泣の夫から66件の着信がw,https://www.youtube.com/watch?v=YfWacJ9_fK8,3.4万回視聴 / 1 年前,出る杭は打たれる,https://www.youtube.com/channel/UCAmIDIbiOxKA9YSVK0aYSZQ,2 か月前,0 回視聴,【スカッとする話】 父の銀行で次期頭取候補だった夫が職場の受付嬢と浮気。夫「お前に頭取夫人は無理だろw」私「何も知らないのねw」3日後、大号泣の夫から66件の着信がw,https://www.youtube.com/watch?v=G6xeIfd_UT4,100%
1273,【スカッとする話】生まれた息子が夫に似てない。夫「浮気してたな？離婚だ！」義父「今すぐ出てけアバズレが」10年後、夫と義父と遭遇すると2人が発狂。だって息子は…,https://www.youtube.com/watch?v=DeIUkxQ3Yjg,1万回視聴 / 1 年前,出る杭は打たれる,https://www.youtube.com/channel/UCAmIDIbiOxKA9YSVK0aYSZQ,2 か月前,0 回視聴,【スカッとする話】 生まれた息子が夫に似てない。夫「浮気してたな？離婚だ！」義父「今すぐ出てけアバズレが」10年後、夫と義父と遭遇すると2人が発狂。だって息子は…,https://www.youtube.com/watch?v=1cday0ktFEQ,100%
1274,【スカッとする話】私が義父の入院費を払ってると知らず私の荷物を処分した義妹「パパに寄生するなクズがw」義妹を残し2億の新築に引越し入院費の支払いをやめた結果w,https://www.youtube.com/watch?v=kN2RaU-DlNM,2.9万回視聴 / 1 年前,出る杭は打たれる,https://www.youtube.com/channel/UCAmIDIbiOxKA9YSVK0aYSZQ,2 か月前,2回視聴,【スカッとする話】 私が義父の入院費を払ってると知らず私の荷物を処分した義妹「パパに寄生するなクズがw」義妹を残し2億の新築に引越し入院費の支払いをやめた結果w,https://www.youtube.com/watch?v=VWZHjv1Fbec,100%
1275,【スカッとする話】私の第一子の出産祝で親戚一同と義実家に行くとなぜか私の席だけ無かった...義母「お祝いは家族だけw他人は立ってろw」私「帰りますか…」親戚一同「うん」→5分後、義母に悲劇がw,https://www.youtube.com/watch?v=awx6UJE46kc,4.4万回視聴 / 2 年前,出る杭は打たれる,https://www.youtube.com/channel/UCAmIDIbiOxKA9YSVK0aYSZQ,2 か月前,0 回視聴,【スカッとする話】 私の第一子の出産祝で親戚一同と義実家に行くとなぜか私の席だけ無かった   義母「お祝いは家族だけw他人は立ってろw」私「帰りますか…」親戚一同「うん」→5分後、義母に悲劇がw,https://www.youtube.com/watch?v=KfQdGttuU08,100%
1276,【スカッとする話】私の里帰り中に夫と家を奪った親友から連絡「赤ちゃん出来たwもう帰ってくるなw」私「いいの？喜んで！」そのまま新居に引越した結果w,https://www.youtube.com/watch?v=BTIYCjXsOiY,17万回視聴 / 2 年前,出る杭は打たれる,https://www.youtube.com/channel/UCAmIDIbiOxKA9YSVK0aYSZQ,2 か月前,10回視聴,【スカッとする話】 私の里帰り中に夫と家を奪った親友から連絡「赤ちゃん出来たwもう帰ってくるなw」私「いいの？喜んで！」そのまま新居に引越した結果w,https://www.youtube.com/watch?v=Ha-4fuxGs8g,100%
1277,【スカッとする話】私を捨て金持ちの愛人と再婚した元夫と再会すると、元夫「年収300万の貧乏人は失せろw」愛人「底辺は生活保護でも貰えばw」私「え？300万は月収だけど？」夫・愛人「え？」,https://www.youtube.com/watch?v=44cWtddOh_Y,9.6万回視聴 / 2 年前,出る杭は打たれる,https://www.youtube.com/channel/UCAmIDIbiOxKA9YSVK0aYSZQ,2 か月前,0 回視聴,【スカッとする話】 私を捨て金持ちの愛人と再婚した元夫と再会すると、元夫「年収300万の貧乏人は失せろw」愛人「底辺は生活保護でも貰えばw」私「え？300万は月収だけど？」夫・愛人「え？」,https://www.youtube.com/watch?v=_3Lrl0KQNHk,100%
1278,【スカッとする話】義実家の新築祝いに行くと私だけカップ麺が出てきた...義両親「家族分しかありませんw」夫「...帰るか」私「はい」直後、義両親に大惨事がw,https://www.youtube.com/watch?v=wA9U9cdmjks,8.2万回視聴 / 2 年前,出る杭は打たれる,https://www.youtube.com/channel/UCAmIDIbiOxKA9YSVK0aYSZQ,2 か月前,2回視聴,【スカッとする話】 義実家の新築祝いに行くと私だけカップ麺が出てきた   義両親「家族分しかありませんw」夫「   帰るか」私「はい」直後、義両親に大惨事がw,https://www.youtube.com/watch?v=W0XUztQxB8g,100%
1279,【スカッとする話】義母「家政婦3号の引越しはまだ？w」義父「寄生虫はとっとと失せろw」私「5分後には出ていきます」1ヶ月後、血相変えた義父から鬼電→義父「お、お前の月収って」,https://www.youtube.com/watch?v=pYQ4HHc2X70,6.6万回視聴 / 1 年前,出る杭は打たれる,https://www.youtube.com/channel/UCAmIDIbiOxKA9YSVK0aYSZQ,2 か月前,4回視聴,【スカッとする話】 義母「家政婦3号の引越しはまだ？w」義父「寄生虫はとっとと失せろw」私「5分後には出ていきます」1ヶ月後、血相変えた義父から鬼電→義父「お、お前の月収って」,https://www.youtube.com/watch?v=iHUwcG_Pzp0,100%
1280,【スカッとする話】義母の私にだけ引越し先を教えない長男嫁「他人に住所は教えませんw今後一切関わらないでくださいw」1ヶ月後、長男嫁が病気で緊急手術→他人なので執刀医を辞退した結果w,https://www.youtube.com/watch?v=OJkzN_P6Tys,4.3万回視聴 / 1 年前,出る杭は打たれる,https://www.youtube.com/channel/UCAmIDIbiOxKA9YSVK0aYSZQ,2 か月前,0 回視聴,【スカッとする話】 義母の私にだけ引越し先を教えない長男嫁「他人に住所は教えませんw今後一切関わらないでくださいw」1ヶ月後、長男嫁が病気で緊急手術→他人なので執刀医を辞退した結果w,https://www.youtube.com/watch?v=eO55IR5xYH8,100%
1281,【スカッとする話】親代わりで育てた妹の結婚式で中卒の私を拒絶する医者の義父「クズがなぜここに？底辺は失せろ！」夫「じゃあお前が失せろ」義父「え？」結果w,https://www.youtube.com/watch?v=DSNpH-u2EGo,2.8万回視聴 / 1 年前,出る杭は打たれる,https://www.youtube.com/channel/UCAmIDIbiOxKA9YSVK0aYSZQ,2 か月前,0 回視聴,【スカッとする話】 親代わりで育てた妹の結婚式で中卒の私を拒絶する医者の義父「クズがなぜここに？底辺は失せろ！」夫「じゃあお前が失せろ」義父「え？」結果w,https://www.youtube.com/watch?v=y5qWj5_hhvY,100%
1282,【スカッとする話】農家の夫を20年支えてきた私を裏切り愛人と再婚した夫「好きな人が出来たから離婚でw」私「お世話になりました」即離婚して引っ越すと涙を流した夫から鬼電がw,https://www.youtube.com/watch?v=sxGodPlB1PE,6.1万回視聴 / 2 年前,出る杭は打たれる,https://www.youtube.com/channel/UCAmIDIbiOxKA9YSVK0aYSZQ,2 か月前,0 回視聴,【スカッとする話】 農家の夫を20年支えてきた私を裏切り愛人と再婚した夫「好きな人が出来たから離婚でw」私「お世話になりました」即離婚して引っ越すと涙を流した夫から鬼電がw,https://www.youtube.com/watch?v=MoFnOvCejhs,100%
1283,【スカッとする話】長期入院してた私が娘と家に帰ると夫と愛人と隠し子が…夫「離婚届にサインして出てけw」娘「あんたら何も知らないの？」夫「え？」3人は半狂乱にw,https://www.youtube.com/watch?v=B47vKdBLrbY,7.5万回視聴 / 2 年前,出る杭は打たれる,https://www.youtube.com/channel/UCAmIDIbiOxKA9YSVK0aYSZQ,2 か月前,0 回視聴,【スカッとする話】 長期入院してた私が娘と家に帰ると夫と愛人と隠し子が…夫「離婚届にサインして出てけw」娘「あんたら何も知らないの？」夫「え？」3人は半狂乱にw,https://www.youtube.com/watch?v=uRjuM-nJFW0,100%
1284,【スカッとする話】長男の葬儀当日、斎場の控室に入ると夫と長男嫁が真っ最中…私「嫁が男に襲われています！」こっそり部屋に鍵をかけ閉じ込め親戚一同を全員呼んだ結果w,https://www.youtube.com/watch?v=f4wGIv3cYG0,10万回視聴 / 2 年前,出る杭は打たれる,https://www.youtube.com/channel/UCAmIDIbiOxKA9YSVK0aYSZQ,2 か月前,0 回視聴,【スカッとする話】 長男の葬儀当日、斎場の控室に入ると夫と長男嫁が真っ最中…私「嫁が男に襲われています！」こっそり部屋に鍵をかけ閉じ込め親戚一同を全員呼んだ結果,https://www.youtube.com/watch?v=JLN7Gy0U9tY,100%
1285,【スカッとする話】妹の代わりに田舎の猟師に嫁いだ私「今日の夕飯は鹿肉？」夫「いや、これで好きな物食べて」10万円を手渡された私…→夫の正体を知った妹が半狂乱にw【朗読】【スカッと】,https://www.youtube.com/watch?v=YYnTTQ_3WI8,5.9万回視聴 / 2 か月前,午後の茶室5033,https://www.youtube.com/channel/UCAY-Kr81JdEZjsie9IiR_bw,1 か月前,4回視聴,【スカッとする話】妹の代わりに田舎の猟師に嫁いだ私「今日の夕飯は鹿肉？」夫「いや、これで好きな物食べて」10万円を手渡された私…→夫の正体を知った妹が半狂乱にw【朗読】【スカッと】,https://www.youtube.com/watch?v=B5VV42gSoIQ,100%
1286,【スカッとする話】昼休みに同僚とカフェに入ると、隣の席に夫と若い女性が…夫「妻は2年前に他界したからwこの後うち来ていいよw」先回りし最高のおもてなしをするとw【朗読】【スカッと】,https://www.youtube.com/watch?v=pdhclv8SJrI,8.5万回視聴 / 2 か月前,午後の茶室5033,https://www.youtube.com/channel/UCAY-Kr81JdEZjsie9IiR_bw,1 か月前,17回視聴,【スカッとする話】昼休みに同僚とカフェに入ると、隣の席に夫と若い女性が…夫「妻は2年前に他界したからwこの後うち来ていいよw」先回りし最高のおもてなしをするとw【朗読】【スカッと】,https://www.youtube.com/watch?v=wgOwASXTwgc,100%
1287,【スカッとする話】毎日9時間義母の介護で倒れた私に夫「介護すらできないなら離婚wこれからは愛人に任せるw」私「いいけど後悔しない？」夫「しねぇよw」1週間後w【朗読】【スカッと】,https://www.youtube.com/watch?v=9TulrMzmHr8,5.7万回視聴 / 9 か月前,午後の茶室5033,https://www.youtube.com/channel/UCAY-Kr81JdEZjsie9IiR_bw,1 か月前,64回視聴,毎日9時間義母の介護で倒れた私に夫「介護すらできないなら離婚wこれからは愛人に任せるw」私「いいけど後悔しない？」夫「しねぇよw」1週間後w,https://www.youtube.com/watch?v=Vt74FAxxnu8,100%
1288,【スカッと総集編】私が夫の入院費を払ってると知らず新居に引越した夫の連れ子「いつまで寄生虫するの？w」私「じゃ出てく」連れ子だけ残し1億の豪邸に引越した結果w,https://www.youtube.com/watch?v=bDw-dlei5Gk,4.6万回視聴 / 2 年前,午後の茶室5033,https://www.youtube.com/channel/UCAY-Kr81JdEZjsie9IiR_bw,3 週間前,136回視聴,【感動する話】私が夫の入院費を払ってると知らず新居に引越した夫の連れ子「いつまで寄生虫するの？w」私「じゃ出てく」連れ子だけ残し1億の豪邸に引越した結果w,https://www.youtube.com/watch?v=c5j-gRh8bBE,100%
1289,【スカッとする話】長男夫婦の家へ行くと孫が膝を抱え泣いていた...私「あれ？お父さんとお母さんは？」孫「家族だけでハワイ行くって」私「そう、それなら...」本当の家族を呼び出した結果,https://www.youtube.com/watch?v=RTO0Ty4liC0,5.4万回視聴 / 2 年前,印象的な猫,https://www.youtube.com/channel/UCVgOxcRM0kWkYrO3QdV2_6A,2 年前,2回視聴,【スカッとする話】長男夫婦の家へ行くと孫が膝を抱え泣いていた   私「あれ？お父さんとお母さんは？」孫「家族だけでハワイ行くって」私「そう、それなら   」本当の家族を呼び出した結果,https://www.youtube.com/watch?v=nNf6fXmTxGw,100%
1290,【スカッとする話】年末に息子夫婦が泊まりにくると、深夜に夫が突然私を裏口に…夫「今のうちに家から出よう」私「え？年越しそば食べないの？」夫「お前気づいてないのか？」【朗読】【スカッと】,https://www.youtube.com/watch?v=AdhCK-BGvg4,13万回視聴 / 11 か月前,古時計が鳴る頃、古いアルバムから,,1 か月前,"1,493回視聴",年末に息子夫婦が泊まりに来ると、深夜に夫が突然私を裏口に呼んだ夫「今のうちに家から出よう」私「え？年越しそば食べないの？」夫「お前気づいてないのか？」【シニアライフ】【60代以上の方へ】,https://www.youtube.com/watch?v=UoCqwDzn_k4,96%
1291,【スカッとする話】義母を10年介護している私に夫「離婚してくれ…老後もお前と一緒は無理…」私「じゃあ介護と嫁辞めるね」即離婚して沖縄に引越すと夫から鬼電→携帯解約し永久に無視した結果w【朗読】,https://www.youtube.com/watch?v=tfbycPtFjbg,17万回視聴 / 11 か月前,古時計が鳴る頃、古いアルバムから,,1 か月前,588回視聴,義母を10年介護している私に夫「離婚してくれ老後もお前と一緒は無理だ」私「じゃあ介護と嫁を辞めるね」即離婚して引越すと夫から鬼電→携帯解約し永久に無視した結果【シニアライフ】【60代以上の方へ】,https://www.youtube.com/watch?v=DdVFFNJlxyo,97%
1292,【スカッとする話】年末年始の親族の集まりで20人分のおせちをゴミ箱にぶちまけたエリート夫「親戚にマズイ飯を作るな！」私「私は何も作ってないよ？」夫「え？」実は...,https://www.youtube.com/watch?v=iT0GjRHrB6w,26万回視聴 / 2 年前,同期,https://www.youtube.com/channel/UCBT3KEdvX6IdeVoZG_lFltw,1 か月前,5回視聴,年末年始の親族の集まりで20人分のおせちをゴミ箱にぶちまけたエリート夫「親戚にマズイ飯を作るな！」私「私は何も作ってないよ？」夫「え？」実は..,https://www.youtube.com/watch?v=tmOBeDpPi1c,100%
1293,【スカッとする話】1億のピアノがある金持ち自慢の婚約者の実家へ結婚挨拶に行くと、婚約者「俺達の家政婦連れてきたよw」義父「貧乏な顔w親の顔が見たいw」父「どうも、家政婦の父です」,https://www.youtube.com/watch?v=a5lS8StIZwA,17万回視聴 / 2 年前,君のアイコンを探して,https://www.youtube.com/channel/UC_cxHs_zA4wz_4E3e4eo40Q,1 か月前,0 回視聴,1億のピアノがある金持ち自慢の婚約者の実家へ結婚挨拶に行くと、婚約者「俺達の家政婦連れてきたよw」義父「貧乏な顔w親の顔が見たいw」父「どうも、家政婦の父です」,https://www.youtube.com/watch?v=bAh_66ewznY,100%
1294,【スカッとする話】医者の夫を奪ったママ友「年収3千万の医者の旦那くんの子供出来たw3ヶ月後の結婚式来てねw」私「わかった」（年収3千万の医者は私なんだけど黙っとこw）3ヶ月後w【スカッと】【朗読】,https://www.youtube.com/watch?v=B-nqblWpeIE,5.4万回視聴 / 2 年前,嘘つき,https://www.youtube.com/channel/UCEjsh64rm2oHOouG6Daa1tQ,1 か月前,2回視聴,私の夫を奪ったママ友「年収3000万の医者の旦那くんの子供できたw3ヶ月後の結婚式来てねw」→私「分かった（年収3000万の医者は私だけど黙っとこ）」3ヶ月後w,https://www.youtube.com/watch?v=ZlqRVhOehSE,86%
1295,【スカッとする話】介護してた91歳の母が亡くなった途端、我が家に義両親の荷物を運び入れた夫「次は俺の両親の介護でw嫌なら離婚w」それを聞いた娘が血相を変え→娘「お、お父さん達知らないの？」」,https://www.youtube.com/watch?v=gZ6VN8UcEiQ,7.9万回視聴 / 1 年前,嘘と温もり 5646,https://www.youtube.com/channel/UCxtvYnyBSRQBeUoKt9cvsmw,2 週間前,1 回視聴,【スカッとする話】介護してた91歳の母が亡くなった途端、我が家に義両親の荷物を運び入れた夫「次は俺の両親の介護でw嫌なら離婚w」それを聞いた娘が血相を変え→娘「お、お父さん達知らないの？」」,https://www.youtube.com/watch?v=gQRkXbFfrT8,100%
1296,【スカッとする話】夫が私の持ち家をリフォームすることになり完成すると夫が「お前と義母さんは４畳の物置部屋なw」姑「嫌なら離婚して出てけw」→私「じゃあ出ていく」母と結託、家を売却し引っ越した結果,https://www.youtube.com/watch?v=hGeIy-jQiII,12万回視聴 / 3 年前,嘘と温もり 5646,https://www.youtube.com/channel/UCxtvYnyBSRQBeUoKt9cvsmw,3 週間前,0 回視聴,【スカッとする話】夫が私の持ち家をリフォームすることになり完成すると夫が「お前と義母さんは４畳の物置部屋なw」姑「嫌なら離婚して出てけw」→私「じゃあ出ていく」母と結託、家を売却し引っ越した結果,https://www.youtube.com/watch?v=ve55QdutxPE,100%
1297,【スカッとする話】姑の誕生会でも私を家政婦扱いする夫「バカ嫁さっさと料理出せ」義父「これ全部1人で！？」私「いつものことですから…」すると義父が豹変し…【修羅場】,https://www.youtube.com/watch?v=My7bUq_jaIs,11万回視聴 / 3 年前,嘘と温もり 5646,https://www.youtube.com/channel/UCxtvYnyBSRQBeUoKt9cvsmw,3 週間前,1 回視聴,【スカッとする話】姑の誕生会でも私を家政婦扱いする夫「バカ嫁さっさと料理出せ」義父「これ全部1人で！？」私「いつものことですから…」すると義父が豹変し…【修羅場】,https://www.youtube.com/watch?v=coVzXRnUsdA,87%
1298,【スカッとする話】私の事が大嫌いな長男嫁「ウチの冠婚葬祭に義両親は絶対来ないで。嫌なら離婚する」私「いいけど、アナタ本当に大丈夫？後悔するよ？」長男嫁「しねぇよw二度と連絡してくんなw」→数ヶ月後w,https://www.youtube.com/watch?v=xyoQNySkFhc,10万回視聴 / 3 年前,嘘と温もり 5646,https://www.youtube.com/channel/UCxtvYnyBSRQBeUoKt9cvsmw,3 週間前,0 回視聴,【スカッとする話】私の事が大嫌いな長男嫁「ウチの冠婚葬祭に義両親は絶対来ないで。嫌なら離婚する」私「いいけど、アナタ本当に大丈夫？後悔するよ？」長男嫁「しねぇよw二度と連絡してくんなw」→数ヶ月後w,https://www.youtube.com/watch?v=VGZ8u9KN8Vs,100%
1299,【スカッとする話】義母を10年介護している私に夫「離婚してくれ…老後もお前と一緒は無理…」私「じゃあ介護と嫁辞めるね」即離婚して沖縄に引越すと夫から鬼電→携帯解約し永久に無視した結果w【朗読】,https://www.youtube.com/watch?v=tfbycPtFjbg,17万回視聴 / 11 か月前,因果応報ストーリー,https://www.youtube.com/channel/UCMGO4KdNkqYUea2qOP6jvIQ,2 か月前,241回視聴,義母を10年介護している私に夫「離婚してくれ老後もお前と一緒は無理だ」私「じゃあ介護と嫁を辞めるね」即離婚して引越すと夫から鬼電→携帯解約し永久に無視した結果【シニアライフ】【60代以上の方へ,https://www.youtube.com/watch?v=zvDm0AsCbYE,91%
1300,【スカッとする話】私が夫の入院費を払ってると知らず私の荷物を全て捨てた夫の連れ子「もうパパに寄生するなw」連れ子を残し1億のタワマンに引越し入院費の支払いも止めた結果w,https://www.youtube.com/watch?v=JaGjTAkTfxQ,30万回視聴 / 2 年前,地獄のグループ招待,https://www.youtube.com/channel/UCf5vTqzF_Hb4VM88O_kb0zQ,1 か月前,1 回視聴,私が夫の入院費を払ってると知らず私の荷物を全て捨てた夫の連れ子「もうパパに寄生するなw」→連れ子を残し1億のタワマンに引っ越し入院費の支払いも止めた結果ｗ,https://www.youtube.com/watch?v=J7rOjSGyk8o,99%
1301,【スカッと】長男夫婦がお盆に帰省し私が店を予約すると長男嫁「何この汚い店w年金生活の貧乏ババァじゃ仕方ないかw」直後、普段温厚な夫→夫「調子乗るなよガキが」長男嫁「え？」,https://www.youtube.com/watch?v=LXxfsTZeuZU,11万回視聴 / 2 年前,坂本 瑛太 ,https://www.youtube.com/channel/UCljgwRjZ9oiWUMyVt3pdJpw,1 か月前,3回視聴,長男夫婦がお盆に帰省し私が店を予約すると長男嫁「何この汚い店w年金生活の貧乏ババアじゃ仕方ないかw」→直後、普段温厚な夫「調子乗るなよガキが」長男嫁「え？」,https://www.youtube.com/watch?v=uzPQ9Dq7G_E,98%
1302,【スカッとする話】長男嫁から突然怒りの電話「お義父の介護費用、ちょっとはお義母さんも払ってください！」私「え？私に夫はいませんが」長男嫁「え？」実は…【修羅場】【スカッと】,https://www.youtube.com/watch?v=0AsFooilZ4k,12万回視聴 / 3 年前,堀田 あやか,https://www.youtube.com/channel/UCA_Jou4B-xo7nsjrqftqHJQ,2 年前,0 回視聴,長男嫁から突然怒りの電話「お義父の介護費用、ちょっとはお義母さんも払ってください！」私「え？私に夫はいませんが」長男嫁「え？」実は…,https://www.youtube.com/watch?v=UVuBeZfUQlk,100%
1303,【スカッとする話】長男嫁が新築祝いから帰ると、120万の時計が無くなった…。私「警察に通報しましょう！」夫「やめろ！長男嫁が疑われる！」→私「もう通報したよ」10分後ｗ【修羅場】,https://www.youtube.com/watch?v=9o0MLK83Gwg,1.6万回視聴 / 3 年前,堀田 あやか,https://www.youtube.com/channel/UCA_Jou4B-xo7nsjrqftqHJQ,2 年前,1 回視聴,長男嫁が新築祝いから帰ると、120万の時計が無くなった…。私「警察に通報しましょう！」夫「やめろ！長男嫁が疑われる！」→私「もう通報したよ」10分後ｗ,https://www.youtube.com/watch?v=rdkxxODvtYc,93%
1304,【スカッとする話】30年連れ添った夫と離婚すると、義母「引っ越しはまだ？」夫「早く出てけ」私「30分後に消えます」荷物が運ばれ私が車に乗ると→義母「え？何なのこの高級車は？」,https://www.youtube.com/watch?v=Tlkag3rVT5s,18万回視聴 / 2 年前,壊れかけた巣 5653,https://www.youtube.com/channel/UCCxdsvXDsa6Fg4zEu_0fDoA,3 週間前,18回視聴,【スカッとする話】30年連れ添った夫と離婚すると、義母「引っ越しはまだ？」夫「早く出てけ」私「30分後に消えます」荷物が運ばれ私が車に乗ると→義母「え？何なのこの高級車は？」,https://www.youtube.com/watch?v=BsjA2A905q8,100%
1305,【スカッとする話】姑との同居を勝手に決めた夫「引越しは済んだか？」私「うん！私の荷物も全部実家に送り終わったとこ」夫「え？実家？」結果w【修羅場】,https://www.youtube.com/watch?v=McNVTi5SXBU,9.5万回視聴 / 3 年前,壊れかけた巣 5653,https://www.youtube.com/channel/UCCxdsvXDsa6Fg4zEu_0fDoA,2 週間前,3回視聴,【スカッとする話】姑との同居を勝手に決めた夫「引越しは済んだか？」私「うん！私の荷物も全部実家に送り終わったとこ」夫「え？実家？」結果w【修羅場】,https://www.youtube.com/watch?v=gykK75sSLwQ,100%
1306,【スカッと総集編】夫と離婚すると義両親「私物は１つも残さず出てけw」夫「今日中に引っ越せw」私「はーい」ゴミ回収業者に電話し私の家具家電全てを捨て引越した結果w,https://www.youtube.com/watch?v=ntYW_pit1Ic,26万回視聴 / 3 年前,壊れかけた巣 5653,https://www.youtube.com/channel/UCCxdsvXDsa6Fg4zEu_0fDoA,3 週間前,63回視聴,【スカッと総集編】夫と離婚すると義両親「私物は１つも残さず出てけw」夫「今日中に引っ越せw」私「はーい」ゴミ回収業者に電話し私の家具家電全てを捨て引越した結果w,https://www.youtube.com/watch?v=OPXZRsrCeAo,100%
1307,【スカッと総集編】娘夫婦との同居を勝手に決めた夫「娘達の引越しは済んだか？」私「うん、完了した！私の方も新築戸建てに引越し完了したとこ！」夫「え？戸建て？」,https://www.youtube.com/watch?v=rygaEgtKMnY,19万回視聴 / 3 年前,壊れかけた巣 5653,https://www.youtube.com/channel/UCCxdsvXDsa6Fg4zEu_0fDoA,3 週間前,8回視聴,【スカッと総集編】娘夫婦との同居を勝手に決めた夫「娘達の引越しは済んだか？」私「うん、完了した！私の方も新築戸建てに引越し完了したとこ！」夫「え？戸建て？」,https://www.youtube.com/watch?v=6E7XSJRREQM,100%
1308,【スカッと総集編】家のローン月18万を払ってるとは知らず同居する夫の連れ子に1年間無視された私。ある日「あれ...荷物がない」私の荷物を勝手に捨てられたのでそのまま家を売り払い引っ越した結果w,https://www.youtube.com/watch?v=zEJ_8-NjSgM,18万回視聴 / 3 年前,壊れかけた巣 5653,https://www.youtube.com/channel/UCCxdsvXDsa6Fg4zEu_0fDoA,3 週間前,15回視聴,【スカッと総集編】家のローン月18万を払ってるとは知らず同居する夫の連れ子に1年間無視された私。ある日「あれ...荷物がない」私の荷物を勝手に捨てられたのでそのまま家を売り払い引っ越した結果w,https://www.youtube.com/watch?v=b4kvf38W160,100%
1309,【スカッと総集編】私が全員を養ってるとは知らず、同居の長男夫婦に3ヶ月も無視され続けた私。ある日、勝手に鍵を変えられ閉め出されたので家を売り払い引っ越すとボロボロの長男夫婦が家に来て...w,https://www.youtube.com/watch?v=v9anjPMEp3Y,15万回視聴 / 3 年前,壊れかけた巣 5653,https://www.youtube.com/channel/UCCxdsvXDsa6Fg4zEu_0fDoA,3 週間前,24回視聴,【スカッと総集編】私が全員を養ってるとは知らず、同居の長男夫婦に3ヶ月も無視され続けた私。ある日、勝手に鍵を変えられ閉め出されたので家を売り払い引っ越すとボロボロの長男夫婦が家に来て...w,https://www.youtube.com/watch?v=iOVVWefAFwo,100%
1310,【スカッとする話】義実家から帰宅し激怒する夫 「もう離婚だ！俺が渡してた仕送り5万で遊んでただろ！」 私「え？じゃあ離婚で」 即離婚し、仕送りをやめた結果w,https://www.youtube.com/watch?v=_cinXh3xb0M,4.5万回視聴 / 2 年前,夕暮れのマル秘回覧板【スカッとする話】,https://www.youtube.com/channel/UCrv0UdssL2LuZ8Z8SKP0Nzw,2 年前,907回視聴,【スカッとする話】義実家から帰宅し激怒する夫 「俺が渡してた仕送り10万で 遊んでただろ！」 私「お義母さんの口座見た？」 即離婚し仕送りをやめた結果,https://www.youtube.com/watch?v=RpyosA5xKRA,78%
1311,【スカッとする話】女4姉妹を育てる私に夫「離婚して愛人と再婚するから」私「いいけど長女は連れてってね」夫「え？母親のお前が育てろよ」私「嫌よ。だって…」,https://www.youtube.com/watch?v=tQe8apURLKM,20万回視聴 / 1 年前,夕暮れの散歩道4846,https://www.youtube.com/channel/UCZtqjRN0zErgBqr6a5jBkUA,1 か月前,2回視聴,女4姉妹を育てる私に夫「離婚して愛人と再婚するから」私「いいけど長女は連れてってね」夫「え？母親のお前が育てろよ」私「嫌よ。だって…」,https://www.youtube.com/watch?v=mJi17DT9yFQ,92%
1312,【スカッとする話】私の資産が9億あると知らず社長令嬢の愛人と再婚した元夫と再会「生活保護の貧乏人じゃんw元気？w」私「は？誰と勘違いしてるの？」真実を伝えると元夫が半狂乱にw【スカッと】【朗読】,https://www.youtube.com/watch?v=uYt37nxwb0o,1.8万回視聴 / 2 年前,夕暮れの散歩道4846,https://www.youtube.com/channel/UCZtqjRN0zErgBqr6a5jBkUA,1 か月前,3回視聴,私の資産が9億あると知らず社長令嬢の愛人と再婚した元夫と再会「生活保護の貧乏人じゃんw元気？w」私「は？誰と勘違いしてるの？」真実を伝えると元夫が半狂乱にw,https://www.youtube.com/watch?v=NcCLNdH6Oqk,100%
1313,【スカッとする話】結婚10年目に銀行員の夫が突然の暴露「お前の親友と結婚するw籍入れてないし財産分与は無しw」私「あれ？あんた知らないの？」夫「何がだよw」実は…,https://www.youtube.com/watch?v=Tpbu9uHiFPg,11万回視聴 / 2 年前,夕暮れの散歩道4846,https://www.youtube.com/channel/UCZtqjRN0zErgBqr6a5jBkUA,1 か月前,6回視聴,結婚10年目に銀行員の夫が突然の暴露「お前の親友と結婚するw籍入れてないし財産分与は無しw」私「あれ？あんた知らないの？」夫「何がだよw」実は…,https://www.youtube.com/watch?v=PUrYaVWq7QA,100%
1314,【スカッとする話】義両親に蹴られ骨折した私に夫「寝かせとけば治るw」翌日、病室に嘲笑いに来た義家族「あれ、嫁は？w」医師「警察署です」義家族「え？」【朗読】【スカッと】,https://www.youtube.com/watch?v=p4pyD9SD1Tk,8.1万回視聴 / 2 か月前,夕暮れの散歩道4846,https://www.youtube.com/channel/UCZtqjRN0zErgBqr6a5jBkUA,1 か月前,5回視聴,義両親に蹴られ骨折した私に夫「寝かせとけば治るw」翌日、病室に嘲笑いに来た義家族「あれ、嫁は？w」医師「警察署です」義家族「え？」,https://www.youtube.com/watch?v=scVguDB7G-8,100%
1315,【スカッとする話】警察官の弟の結婚式に出席した私。義母「中卒の姉は一族の恥ねw」直後、慌てた弟が義母に私の正体を伝えると、義母は顔面蒼白に…【朗読】【スカッと】,https://www.youtube.com/watch?v=nlS5u4pCtI0,3.8万回視聴 / 3 か月前,夕暮れの散歩道4846,https://www.youtube.com/channel/UCZtqjRN0zErgBqr6a5jBkUA,1 か月前,185回視聴,警察官の弟の結婚式に出席した私。義母「中卒の姉は一族の恥ねw」直後、慌てた弟が義母に私の正体を伝えると、義母は顔面蒼白に…,https://www.youtube.com/watch?v=2jTZl175tfg,97%
1316,【スカッと総集編】私の資産が9億あると知らず社長令嬢の愛人と再婚した元夫と再会「生活保護の貧乏人じゃんw元気？w」私「は？誰と勘違いしてるの？」真実を伝えると元夫が半狂乱にw,https://www.youtube.com/watch?v=lVGupM23LsE,31万回視聴 / 2 年前,夕暮れの散歩道4846,https://www.youtube.com/channel/UCZtqjRN0zErgBqr6a5jBkUA,1 か月前,3回視聴,私の資産が9億あると知らず社長令嬢の愛人と再婚した元夫と再会「生活保護の貧乏人じゃんw元気？w」私「は？誰と勘違いしてるの？」真実を伝えると元夫が半狂乱にw,https://www.youtube.com/watch?v=NcCLNdH6Oqk,100%
1317,【スカッとする話】孫「ばあば、早く隠れて」正月に大掃除をしていると、屋根裏に隠れてと言う8歳の孫。下から聞こえる息子夫婦の会話に、私は恐怖で凍りつき…【朗読】【スカッと】,https://www.youtube.com/watch?v=5m9QdFwINj8,1.9万回視聴 / 4 か月前,夜の物語 5627,https://www.youtube.com/channel/UC8GBqwMrS0kK0C5i25QbSWQ,3 週間前,124回視聴,【スカッとする話】孫「ばあば、早く隠れて」正月に大掃除をしていると、屋根裏に隠れてと言う8歳の孫。下から聞こえる息子夫婦の会話に、私は恐怖で凍りつき…【朗読】【スカッと】,https://www.youtube.com/watch?v=TbLZfwX2jvE,100%
1318,【スカッとする話】息子の婚約者と高級料亭に行くと彼女が席を外した瞬間に女将「今すぐ逃げて！あの女は…」明かされた衝撃の真実を知り私は慌てて料亭を飛び出し…【朗読】【スカッと】,https://www.youtube.com/watch?v=zLdQYdWtNXw,3.7万回視聴 / 11 か月前,夜の物語 5627,https://www.youtube.com/channel/UC8GBqwMrS0kK0C5i25QbSWQ,2 週間前,100回視聴,【スカッとする話】息子の婚約者と高級料亭に行くと彼女が席を外した瞬間に女将「今すぐ逃げて！あの女は…」明かされた衝撃の真実を知り私は慌てて料亭を飛び出し…【朗読】【スカッと】,https://www.youtube.com/watch?v=lb32SK7q-v8,100%
1319,【スカッとする話】毎日9時間義母の介護で倒れた私に夫「介護すらできないなら離婚wこれからは愛人に任せるw」私「いいけど後悔しない？」夫「しねぇよw」1週間後w【朗読】【スカッと】,https://www.youtube.com/watch?v=9TulrMzmHr8,5.7万回視聴 / 9 か月前,夜の語り部4791,https://www.youtube.com/channel/UCdqrXIX7LOgvAwC7y2WZuog,1 か月前,839回視聴,毎日9時間義母の介護で倒れた私に夫「介護すらできないなら離婚wこれからは愛人に任せるw」私「いいけど後悔しない？」夫「しねぇよw」1週間後w,https://www.youtube.com/watch?v=5CCy49qEI8w,100%
1320,【スカッとする話】同窓会で東大卒のイケメン医師が中卒でバイトの私に難病症例を提示。医師「解けたら何でもするw」私「あ、それ難しくないよ」【朗読】【スカッと】,https://www.youtube.com/watch?v=qORErX-vqL8,3.2万回視聴 / 4 か月前,夜の語り部5056,https://www.youtube.com/channel/UCEvaB4r-6y7tj3UAoMEdqXA,1 か月前,1 回視聴,【スカッとする話】同窓会で東大卒のイケメン医師が中卒でバイトの私に難病症例を提示。医師「解けたら何でもするw」私「あ、それ難しくないよ」【朗読】【スカッと】,https://www.youtube.com/watch?v=3EO3FneMC1g,100%
1321,【スカッとする話】私が義母の入院費を払ってると知らず新居に引っ越した夫「寄生虫は施設でもいけw」1億の高級施設に引越し入院費の支払も止めた結果w,https://www.youtube.com/watch?v=hRCh_bWpcgg,10万回視聴 / 2 年前,夜の語り部5056,https://www.youtube.com/channel/UCEvaB4r-6y7tj3UAoMEdqXA,4 週間前,0 回視聴,【スカッとする話】私が義母の入院費を払ってると知らず新居に引っ越した夫「寄生虫は施設でもいけw」1億の高級施設に引越し入院費の支払も止めた結果w,https://www.youtube.com/watch?v=VjSSirs6rOo,100%
1322,【スカッとする話】私が離婚届に署名すると、満面の笑みで大喜びする義家族。新しい嫁を迎えた1週間後、電気・ガス・水道が止まると急に義家族が焦り出しw【朗読】【スカッと】,https://www.youtube.com/watch?v=cVe3XmXeRuE,14万回視聴 / 4 か月前,夜の語り部5056,https://www.youtube.com/channel/UCEvaB4r-6y7tj3UAoMEdqXA,1 か月前,187回視聴,私が離婚届に署名すると、満面の笑みで大喜びする義家族。新しい嫁を迎えた1週間後、電気・ガス・水道が止まると急に義家族が焦り出しw,https://www.youtube.com/watch?v=8DLp2nu8Hy0,100%
1323,【スカッとする話】私の年収が1000万と知らず夫と一緒に出ていった息子「毒親とは絶縁wバイバイw」私「じゃあ夫とも縁切るね」息子「勝手にどうぞw」2日後w【朗読】【スカッと】,https://www.youtube.com/watch?v=DPS_qm8jKlI,10万回視聴 / 2 か月前,夜の語り部5056,https://www.youtube.com/channel/UCEvaB4r-6y7tj3UAoMEdqXA,1 か月前,28回視聴,【スカッとする話】私の年収が1000万と知らず夫と一緒に出ていった息子「毒親とは絶縁wバイバイw」私「じゃあ夫とも縁切るね」息子「勝手にどうぞw」2日後w【朗読】【スカッと】,https://www.youtube.com/watch?v=-PbKfh2Ga5A,100%
1324,【スカッとする話】私の年収が1000万と知らず夫と一緒に出ていった息子「毒親とは絶縁wバイバイw」私「じゃあ夫とも縁切るね」息子「勝手にどうぞw」2日後w【朗読】【スカッと】,https://www.youtube.com/watch?v=DPS_qm8jKlI,10万回視聴 / 2 か月前,夜の語り部5056,https://www.youtube.com/channel/UCEvaB4r-6y7tj3UAoMEdqXA,1 か月前,7回視聴,【スカッとする話】私の年収が1000万と知らず夫と一緒に出ていった息子「毒親とは絶縁wバイバイw」私「じゃあ夫とも縁切るね」息子「勝手にどうぞw」2日後w【朗読】【スカッと】,https://www.youtube.com/watch?v=TH7qfqD12cA,100%
1325,【スカッとする話】私の車のアクセルにこっそり手を加える夫。私（知らないふりしよw）翌日、車を義両親に貸し出すと、夫「ま、待ってくれ…」実はw【朗読】【スカッと】,https://www.youtube.com/watch?v=lRIrN83xkSc,6.2万回視聴 / 2 か月前,夜の語り部5056,https://www.youtube.com/channel/UCEvaB4r-6y7tj3UAoMEdqXA,1 か月前,100回視聴,【スカッとする話】私の車のアクセルにこっそり手を加える夫。私（知らないふりしよw）翌日、車を義両親に貸し出すと、夫「ま、待ってくれ…」実はw【朗読】【スカッと】,https://www.youtube.com/watch?v=IZTrM4ybCbI,100%
1326,【スカッとする話】私を嫌う夫と息子が私を無視。私「ただいま」2人「…」息子の大学卒業式に消えると鬼電。私「私に息子はいませんが？」→息子「え？」【朗読】【スカッと】,https://www.youtube.com/watch?v=DcIegdkPriU,6.5万回視聴 / 1 年前,夜の語り部5056,https://www.youtube.com/channel/UCEvaB4r-6y7tj3UAoMEdqXA,1 か月前,5回視聴,【スカッとする話】私を嫌う夫と息子が私を無視。私「ただいま」2人「…」息子の大学卒業式に消えると鬼電。私「私に息子はいませんが？」→息子「え？」【朗読】【スカッと】,https://www.youtube.com/watch?v=MPI-aa3JaqM,100%
1327,【スカッとする話】結婚式当日に夫からブチギレ電話。夫「今何時だと思ってんだ！花嫁の立場でふざけるな！」父「お前こそふざけんなよ？」電話に出たのは私の父で…【朗読】【スカッと】,https://www.youtube.com/watch?v=EeQo49qzzTA,10万回視聴 / 1 年前,夜の語り部5056,https://www.youtube.com/channel/UCEvaB4r-6y7tj3UAoMEdqXA,1 か月前,11回視聴,【スカッとする話】結婚式当日に夫からブチギレ電話。夫「今何時だと思ってんだ！花嫁の立場でふざけるな！」父「お前こそふざけんなよ？」電話に出たのは私の父で…【朗読】【スカッと】,https://www.youtube.com/watch?v=NDzr4wgxcVA,100%
1328,【スカッとする話】親代わりで育てた妹の結婚式で、着物姿の妹が式場に1人ポツン…義家族「嘘に決まってるじゃんw」私「なら契約も嘘か！了解」義家族「え？」実はw【朗読】【スカッと】,https://www.youtube.com/watch?v=t9x4VmiCRI4,4.3万回視聴 / 1 か月前,夜の語り部5056,https://www.youtube.com/channel/UCEvaB4r-6y7tj3UAoMEdqXA,1 か月前,1 回視聴,【スカッとする話】親代わりで育てた妹の結婚式で、着物姿の妹が式場に1人ポツン…義家族「嘘に決まってるじゃんw」私「なら契約も嘘か！了解」義家族「え？」実はw【朗読】【スカッと】,https://www.youtube.com/watch?v=bQ7ZCEsAHqU,100%
1329,【スカッとする話】夫の社長退任祝いで、夫「好きな人ができた。離婚してくれ」私「いいよ！はい、離婚届」離婚後、夫と再婚した20歳の新入社員に私「あ、言い忘れてたけど…」ある事実を告げると2人は発狂し..,https://www.youtube.com/watch?v=faMNblUzAj0,4.7万回視聴 / 3 年前,夜明けのスカッと,https://www.youtube.com/channel/UCTP1y-gaDj--k57T3LiYdew,3 年前,"75,998回視聴",【スカッとする話】夫の社長退任祝いで「好きな人ができたから離婚してくれ」と言われた私➡夫の再婚相手の23歳新入社員に私「あ、言い忘れてたけど…」ある事実を告げると2人は発狂しだし…,https://www.youtube.com/watch?v=P_PY9rAJAks,79%
1330,【スカッと総集編】車いす生活の私を海に置いていった夫「もう帰ってこなくてもいいぞw」私は必死に陸に上がろうとするも   →翌日ニュースに映る私を見た夫は焦りだし…,https://www.youtube.com/watch?v=D1FsrJfJtCs,15万回視聴 / 3 年前,夜明けのスカッと,https://www.youtube.com/channel/UCTP1y-gaDj--k57T3LiYdew,3 年前,"162,498回視聴",【スカッとする話】車いす生活の私を山に置いていった夫「もう帰ってこなくてもいいぞw」→翌日ニュースに映る私を見た夫は焦りだし…,https://www.youtube.com/watch?v=N8D6zuDLmw0,85%
1331,【スカッとする話】ある日突然、激怒した夫が「毎月渡している仕送りの20万はどこだ！母さんボロボロだったぞ！」私「お義母さんの通帳見た？」夫「え？通帳？」夫が真実を知った結果ｗ【修羅場】【スカッと】,https://www.youtube.com/watch?v=jIAIebtJLxI,14万回視聴 / 3 年前,夜明け前の涙 5656,https://www.youtube.com/channel/UCDjRsUmNQg-CPaapybgOWdw,3 週間前,0 回視聴,【スカッとする話】ある日突然、激怒した夫が「毎月渡している仕送りの20万はどこだ！母さんボロボロだったぞ！」私「お義母さんの通帳見た？」夫「え？通帳？」夫が真実を知った結果ｗ【修羅場】【スカッと】,https://www.youtube.com/watch?v=4XxZf6eAWdM,100%
1332,【スカッとする話】同居中の父が亡くなった瞬間、突然我が家に引っ越してきた義両親「他人は今すぐ出てけw」それを聞いた夫が血相を変えて、夫「お、お袋知らないのか？」,https://www.youtube.com/watch?v=NW2djFvCjds,13万回視聴 / 2 年前,夜明け前の涙 5656,https://www.youtube.com/channel/UCDjRsUmNQg-CPaapybgOWdw,3 週間前,0 回視聴,【スカッとする話】同居中の父が亡くなった瞬間、突然我が家に引っ越してきた義両親「他人は今すぐ出てけw」それを聞いた夫が血相を変えて、夫「お、お袋知らないのか？」,https://www.youtube.com/watch?v=VyhqEgB2Iwo,100%
1333,【スカッとする話】夫「俺の両親と同居するから他人のお前は格安施設入ってろw」義両親「なんか悪いわねw」私（誰が生活費28万払うのよ...）翌日、業者に電話して家具家電全て回収し高級施設に入所した結果w,https://www.youtube.com/watch?v=TTZq9-R-S0Y,10万回視聴 / 2 年前,夜明け前の涙 5656,https://www.youtube.com/channel/UCDjRsUmNQg-CPaapybgOWdw,3 週間前,0 回視聴,【スカッとする話】夫「俺の両親と同居するから他人のお前は格安施設入ってろw」義両親「なんか悪いわねw」私（誰が生活費28万払うのよ...）翌日、業者に電話して家具家電全て回収し高級施設に入所した結果w,https://www.youtube.com/watch?v=l-y_C9VDsvw,100%
1334,【スカッとする話】新築一戸建てを建てると、姑との同居を無理矢理決めた夫「母さんの引越しは済んだか？」私「うん、終わったよ！私の方も今実家に引っ越し完了したとこ」夫「え？実家？」結果w【修羅場】,https://www.youtube.com/watch?v=VUbbMKYSQcE,6.6万回視聴 / 3 年前,夜明け前の涙 5656,https://www.youtube.com/channel/UCDjRsUmNQg-CPaapybgOWdw,2 週間前,0 回視聴,【スカッとする話】新築一戸建てを建てると、姑との同居を無理矢理決めた夫「母さんの引越しは済んだか？」私「うん、終わったよ！私の方も今実家に引っ越し完了したとこ」夫「え？実家？」結果w【修羅場】,https://www.youtube.com/watch?v=djWt8rPxJ-c,100%
1335,【スカッとする話】私「実家に帰ります」夫「俺を置いて帰るなら離婚だ！ほら記入済みの離婚届だぞ！w」即提出して、義父に報告すると血相を変えた夫から鬼電が...w【修羅場】【スカッと】,https://www.youtube.com/watch?v=OBszaCYnk84,13万回視聴 / 3 年前,夜明け前の涙 5656,https://www.youtube.com/channel/UCDjRsUmNQg-CPaapybgOWdw,3 週間前,1 回視聴,【スカッとする話】私「実家に帰ります」夫「俺を置いて帰るなら離婚だ！ほら記入済みの離婚届だぞ！w」即提出して、義父に報告すると血相を変えた夫から鬼電が...w【修羅場】【スカッと】,https://www.youtube.com/watch?v=q9vJ1Pz7--g,100%
1336,【スカッと総集編】長男夫婦に内緒で、在宅ワークで月収100万稼ぐ私に長男嫁「お義母さん給料3桁あるんですか？」 私「いや、7万しかないわよ···」嫌な予感がして嘘をついた→後日、私を見捨てた長男嫁から,https://www.youtube.com/watch?v=CQT7LG2_UnQ,15万回視聴 / 3 年前,夜明け前の涙 5656,https://www.youtube.com/channel/UCDjRsUmNQg-CPaapybgOWdw,3 週間前,0 回視聴,【スカッと総集編】長男夫婦に内緒で、在宅ワークで月収100万稼ぐ私に長男嫁「お義母さん給料3桁あるんですか？」 私「いや、7万しかないわよ···」嫌な予感がして嘘をついた→後日、私を見捨てた長男嫁から,https://www.youtube.com/watch?v=cacCp3LYKck,100%
1337,【スカッと総集編】夫が土下座「20歳の愛人が妊娠した！離婚してくれ！」私「はい離婚届け。じゃ娘以外は連れてくね」夫「は？娘も連れていけよ」私「無理、だってこの子は…」【スカッとする話】,https://www.youtube.com/watch?v=70JSyEr3ztQ,34万回視聴 / 3 年前,夜更かしの物語QL33,https://www.youtube.com/channel/UCcMIWaIDpdlFMpaEM4nGwsQ,1 か月前,"1,203回視聴",夫が土下座「20歳の愛人が妊娠した！離婚してくれ！」私「はい離婚届け。じゃ娘以外は連れてくね」夫「は？娘も連れていけよ」私「無理、だってこの子は…」,https://www.youtube.com/watch?v=H1BgGDyI2Hg,100%
1338,【スカッとする話】私と夫が年金暮らしと知った途端、絶縁宣言する息子夫婦。息子「貧乏な親の介護とか無理w」息子嫁「絶縁でお願いしますw」私「いいよ（資産2億あるけど…）」息子「ばいび〜w」3ヶ月後ｗ,https://www.youtube.com/watch?v=OkM8PSI_Q9M,4.3万回視聴 / 11 か月前,夜竹LINEトーク,https://www.youtube.com/channel/UCoa0P3tm4-125aU63Vjlg1Q,5 か月前,72回視聴,【LINE】私と夫が年金暮らしと知った途端に絶縁宣言する息子夫婦。息子「貧乏人と関わるの無理w」息子嫁「介護イヤだし絶縁でw」→私「いいよ（資産3億あるけど…）」息子夫婦「やったーw」,https://www.youtube.com/watch?v=WVt0d9Rx9IM,72%
1339,【スカッとする話】両親が他界した途端に難病の私と娘を捨て妹と再婚した夫「ガキは施設にでも送れw」13年後、豪邸を建てると元夫から電話→娘「私に父親はいませんが？」【朗読】【スカッと】,https://www.youtube.com/watch?v=ZvlVtWHosLc,3万回視聴 / 11 か月前,夜話 5706,https://www.youtube.com/channel/UC242SuEE2M4a7Hm1FkNy1dw,2 週間前,0 回視聴,【スカッとする話】両親が他界した途端に難病の私と娘を捨て妹と再婚した夫「ガキは施設にでも送れw」13年後、豪邸を建てると元夫から電話→娘「私に父親はいませんが？」【朗読】【スカッと】,https://www.youtube.com/watch?v=VAHnb653ogc,100%
1340,【スカッと総集編】妊娠した私を捨て21歳の浮気相手と再婚した社長の夫「彼女が妊娠したから離婚w」20年後、公園で元夫と再会すると…【スカッと】【スカッとする話】【修羅場】,https://www.youtube.com/watch?v=zb8EIRbjwZc,2.9万回視聴 / 1 年前,夜話 5706,https://www.youtube.com/channel/UC242SuEE2M4a7Hm1FkNy1dw,2 週間前,"1,498回視聴",【スカッと総集編】妊娠した私を捨て21歳の浮気相手と再婚した社長の夫「彼女が妊娠したから離婚w」20年後、公園で元夫と再会すると…【スカッと】【スカッとする話】【修羅場】,https://www.youtube.com/watch?v=xKK2fGBUGhE,100%
1341,【スカッとする話】医者の夫を奪ったママ友「年収3千万の医者の旦那くんの子供出来たw3ヶ月後の結婚式来てねw」私「わかった」（年収3千万の医者は私なんだけど黙っとこw）3ヶ月後w【スカッと】【朗読】,https://www.youtube.com/watch?v=B-nqblWpeIE,5.4万回視聴 / 2 年前,夢色時間,https://www.youtube.com/channel/UC74tLRGiEmQYIjqR3q7gQtQ,5 日前,29回視聴,私の夫を奪ったママ友「年収3000万の医者の旦那くんの子供できたw3ヶ月後の結婚式来てねw」→私「分かった（年収3000万の医者は私だけど黙っとこ）」3ヶ月後w,https://www.youtube.com/watch?v=NQFC23mJEOg,86%
1342,【スカッとする話】牛乳アレルギーの私に牛乳を飲ませ愛人と旅行に行った夫「計算おかしい！浮気したな！」私「違う、助けて...」放置され3日後→血相変えた夫から鬼電がw,https://www.youtube.com/watch?v=32PcmmzXwLY,4.2万回視聴 / 2 年前,大人のスカッと物語,https://www.youtube.com/channel/UC3_22iiSJgBR1aGvyoWj1gg,3 か月前,0 回視聴,【スカッとする話】牛乳アレルギーの私に牛乳を飲ませ愛人と旅行に行った夫「計算おかしい！浮気したな！」私「違う、助けて   」放置され3日後→血相変えた夫から鬼電が,https://www.youtube.com/watch?v=KhyXM7-EjBw,100%
1343,【スカッとする話】私が年商1500億の社長と知らず父の葬儀が終わった途端に豹変した夫「遺産は全部俺のw嫌なら離婚w」即離婚届を提出し夫の勤め先へ→私「全取引中止で」,https://www.youtube.com/watch?v=v6KeZkHFU7k,1.6万回視聴 / 1 年前,大人のスカッと物語,https://www.youtube.com/channel/UC3_22iiSJgBR1aGvyoWj1gg,2 か月前,0 回視聴,【スカッとする話】私が年商1500億の社長と知らず父の葬儀が終わった途端に豹変した夫「遺産は全部俺のw嫌なら離婚w」即離婚届を提出し夫の勤め先へ→私「全取引中止で」,https://www.youtube.com/watch?v=RQMxB-hkgHY,100%
1344,【スカッとする話】私が田舎に庭付き一軒家を購入すると、夫「母さん達も引っ越してくるってw」義母「嫌なら息子と離婚させるからw」引越し当日、義母から鬼電→私「もう気づいたかw」実は…,https://www.youtube.com/watch?v=FT6UKghkomY,14万回視聴 / 2 年前,大人のスカッと物語,https://www.youtube.com/channel/UC3_22iiSJgBR1aGvyoWj1gg,3 か月前,1 回視聴,【スカッとする話】私が田舎に庭付き一軒家を購入すると、夫「母さん達も引っ越してくるってw」義母「嫌なら息子と離婚させるからw」引越し当日、義母から鬼電→,https://www.youtube.com/watch?v=WCnmniRkM8Y,92%
1345,【スカッとする話】私が総資産11億の主婦と知らずに夫「仕事もしない役立たずは出てけw」連れ子「寄生虫は今すぐ母親辞めろw」私「承知しました」1年後、夫と連れ子から鬼電がw,https://www.youtube.com/watch?v=mgV03N2miWM,4.3万回視聴 / 2 年前,大人のスカッと物語,https://www.youtube.com/channel/UC3_22iiSJgBR1aGvyoWj1gg,2 か月前,1 回視聴,【スカッとする話】私が総資産11億の主婦と知らずに夫「仕事もしない役立たずは出てけw」連れ子「寄生虫は今すぐ母親辞めろw」私「承知しました」1年後、夫と連れ子から鬼電が,https://www.youtube.com/watch?v=1USAusebSpE,100%
1346,【スカッとする話】私の実家が資産160億の不動産王と知らず私を捨て社長令嬢の娘と再婚した元夫と再会「俺は逆玉で将来安泰ｗ貧乏なお前は地獄で頑張れよｗ」私「どこの会社？あ、あそこかぁ...w」,https://www.youtube.com/watch?v=V40Y5tMWi_0,11万回視聴 / 2 年前,大人のスカッと物語,https://www.youtube.com/channel/UC3_22iiSJgBR1aGvyoWj1gg,3 か月前,1 回視聴,【スカッとする話】私の実家が資産160億の不動産王と知らず私を捨て社長令嬢の娘と再婚した元夫と再会「俺は逆玉で将来安泰ｗ貧乏なお前は地獄で頑張れよｗ」私「どこの会,https://www.youtube.com/watch?v=AV-65XTwciA,95%
1347,【スカッとする話】私の年収が4000万と知らず事故で両足を失った私を捨て社長令嬢と再婚したエリート夫「家事もできない役立たずは離婚wガキ共もお前にやるわｗ」私「分かった！はい離婚届！」2ヶ月後...,https://www.youtube.com/watch?v=btTsRUVmMq8,2万回視聴 / 2 年前,大人のスカッと物語,https://www.youtube.com/channel/UC3_22iiSJgBR1aGvyoWj1gg,3 か月前,0 回視聴,【スカッとする話】私の年収が4000万と知らず事故で両足を失った私を捨て社長令嬢と再婚したエリート夫「家事もできない役立たずは離婚wガキ共もお前にやるわｗ」私「分かった！,https://www.youtube.com/watch?v=zTjAyTb5FoE,94%
1348,【スカッとする話】私の父が亡くなった途端、実家を無断で解体した夫「ここは更地にして民宿にするw」それを聞いた娘が大爆笑→娘「お父さん知らないの？w」実は...,https://www.youtube.com/watch?v=KlztcZvQraE,9.1万回視聴 / 2 年前,大人のスカッと物語,https://www.youtube.com/channel/UC3_22iiSJgBR1aGvyoWj1gg,2 か月前,0 回視聴,【スカッとする話】私の父が亡くなった途端、実家を無断で解体した夫「ここは更地にして民宿にするw」それを聞いた娘が大爆笑→娘「お父さん知らないの？w」実は,https://www.youtube.com/watch?v=L1afRXemRp0,100%
1349,【スカッとする話】私の里帰り中に医者の婚約者を略奪した姉から連絡「彼の赤ちゃん妊娠したwアンタは帰ってくるなw」私「いいの？有り難う！」そのまま新居に引越した結果w,https://www.youtube.com/watch?v=T40Q2m3NnVw,6万回視聴 / 2 年前,大人のスカッと物語,https://www.youtube.com/channel/UC3_22iiSJgBR1aGvyoWj1gg,2 か月前,0 回視聴,【スカッとする話】私の里帰り中に医者の婚約者を略奪した姉から連絡「彼の赤ちゃん妊娠したwアンタは帰ってくるなw」私「いいの？有り難う！」そのまま新居に引越した結果,https://www.youtube.com/watch?v=XJPf2LziWio,100%
1350,【スカッとする話】私も夫も日本人なのに息子の肌が黒い…夫「黒人の男と浮気しただろ！」私「はぁ？じゃあDNA鑑定してよ！」後日、鑑定結果を見せると夫はガクガク震えだし…,https://www.youtube.com/watch?v=kEirPZtxmUU,7.6万回視聴 / 2 年前,大人のスカッと物語,https://www.youtube.com/channel/UC3_22iiSJgBR1aGvyoWj1gg,2 か月前,0 回視聴,【スカッとする話】私も夫も日本人なのに息子の肌が黒い…夫「黒人の男と浮気しただろ！」私「はぁ？じゃあDNA鑑定してよ！」後日、鑑定結果を見せると夫はガクガク震えだし…,https://www.youtube.com/watch?v=2N-D6fFLgss,100%
1351,【スカッとする話】結婚10年目、夫婦の会話も無く寝室別で夜の行為も絶対しない夫が癌で長期入院に…1ヶ月後、夫が手術する事になり夫の体を見た医師が顔面蒼白に…,https://www.youtube.com/watch?v=1-hqNpJ_jOU,3.2万回視聴 / 2 年前,大人のスカッと物語,https://www.youtube.com/channel/UC3_22iiSJgBR1aGvyoWj1gg,2 か月前,0 回視聴,【スカッとする話】結婚10年目、夫婦の会話も無く寝室別で夜の行為も絶対しない夫が癌で長期入院に…1ヶ月後、夫が手術する事になり夫の体を見た医師が顔面蒼白に…,https://www.youtube.com/watch?v=cAIX6EW5L3c,100%
1352,【スカッと総集編】私の年収が4000万と知らず事故で両足を失った私を捨て社長令嬢と再婚したエリート夫「家事もできない役立たずは離婚wガキ共もお前にやるわｗ」私「分かった！はい離婚届！」2ヶ月後...,https://www.youtube.com/watch?v=FaDXmBfHp58,12万回視聴 / 2 年前,大人のスカッと物語,https://www.youtube.com/channel/UC3_22iiSJgBR1aGvyoWj1gg,3 か月前,0 回視聴,【スカッとする話】私の年収が4000万と知らず事故で両足を失った私を捨て社長令嬢と再婚したエリート夫「家事もできない役立たずは離婚wガキ共もお前にやるわｗ」私「分かった！,https://www.youtube.com/watch?v=zTjAyTb5FoE,94%
1353,【スカッとする話】私が夫の入院費を払ってると知らず私の荷物を全て捨てた夫の連れ子「もうパパに寄生するなw」連れ子を残し1億のタワマンに引越し入院費の支払いも止めた結果w,https://www.youtube.com/watch?v=JaGjTAkTfxQ,30万回視聴 / 2 年前,大野 恒一輝,https://www.youtube.com/channel/UCuLnXBeO0wz9Vp6TdmAWdZw,5 か月前,2回視聴,私が夫の入院費を払ってると知らず私の荷物を全て捨てた夫の連れ子「もうパパに寄生するなw」→連れ子を残し1億のタワマンに引っ越し入院費の支払いも止めた結果ｗ,https://www.youtube.com/watch?v=SIwYmE-pKyU,99%
1354,【スカッとする話】毎日9時間義母の介護で倒れた私に夫「介護すらできないなら離婚wこれからは愛人に任せるw」私「いいけど後悔しない？」夫「しねぇよw」1週間後w【朗読】【スカッと】,https://www.youtube.com/watch?v=9TulrMzmHr8,5.7万回視聴 / 9 か月前,夫婦の裏事情,https://www.youtube.com/channel/UCXMVIjhIMWhXIhyIuifUnmg,1 か月前,2回視聴,毎日9時間義母の介護で倒れた私に夫「介護すらできないなら離婚wこれからは愛人に任せるw」私「いいけど後悔しない？」夫「しねぇよw」1週間後w,https://www.youtube.com/watch?v=DZT-VJxfpns,100%
1355,【スカッと総集編】私の年収が2000万と知らず入院中の私を捨て愛人と再婚した夫「離婚届け出しといたｗ慰謝料として家と車は貰うｗ」私「承知しました」→3日後、半狂乱の夫から200件の鬼電がw【修羅場】,https://www.youtube.com/watch?v=sd-a4XIE7jQ,36万回視聴 / 3 年前,夫婦の裏事情,https://www.youtube.com/channel/UCXMVIjhIMWhXIhyIuifUnmg,1 か月前,8回視聴,私の年収が2000万と知らず入院中の私を捨て愛人と再婚した夫「離婚届け出しといたｗ慰謝料として家と車は貰うｗ」私「承知しました」→3日後、半狂乱の夫から200件の鬼電がw,https://www.youtube.com/watch?v=Oe0hxZdWo1M,100%
1356,【スカッとする話】息子の結婚式に行くと、100人の前で嫁にビンタされた。嫁「今すぐ私の財布を返して！」会場の皆が嫁に同情したが、1時間後、真実に会場が凍りつき…【朗読】【スカッと】,https://www.youtube.com/watch?v=D3l_V05NlkE,3.5万回視聴 / 5 か月前,夫婦・家族の物語 5513,https://www.youtube.com/channel/UCR5_W6Cg9HzQmu5MkQKRt8A,1 か月前,44回視聴,【スカッとする話】息子の結婚式に行くと、100人の前で嫁にビンタされた。嫁「今すぐ私の財布を返して！」会場の皆が嫁に同情したが、1時間後、真実に会場が凍りつき…【朗読】【スカッと】,https://www.youtube.com/watch?v=oA5yFONLUIw,100%
1357,【スカッとする話】義妹に家を譲ると宣言した義母が、荷物を抱え家に転がり込んできた。義母「今日からここで暮らしますw」夫「それは無理。だって…」【朗読】【スカッと】,https://www.youtube.com/watch?v=GGaTXmhxd8I,3.7万回視聴 / 3 か月前,夫婦・家族の物語 5513,https://www.youtube.com/channel/UCR5_W6Cg9HzQmu5MkQKRt8A,1 か月前,133回視聴,【スカッとする話】義妹に家を譲ると宣言した義母が、荷物を抱え家に転がり込んできた。義母「今日からここで暮らしますw」夫「それは無理。だって…」【朗読】【スカッと】,https://www.youtube.com/watch?v=nry3zKHr0Ws,100%
1358,【スカッとする話】夫がくれた出産プレゼントのベビー服を即行で捨てた私。義両親「何て事を！謝りなさい！」私「タグ、見ました？」プレゼントを見ると義両親が震え出し...【スカッと】,https://www.youtube.com/watch?v=fu-ITgtPXqY,15万回視聴 / 3 年前,奈落の家族 5652,https://www.youtube.com/channel/UC-CxUAgCsbf-R4BwTN_XWHw,3 週間前,0 回視聴,【スカッとする話】夫がくれた出産プレゼントのベビー服を即行で捨てた私。義両親「何て事を！謝りなさい！」私「タグ、見ました？」プレゼントを見ると義両親が震え出し...【スカッと】,https://www.youtube.com/watch?v=xCAlH5JozqU,77%
1359,【スカッとする話】婿両親がウチの娘と孫を引きずってきた。義父「月100万の息子と釣り合わんw」義母「役立たずの家政婦は返品でw」私「じゃ明日から路上生活がんばれw」義父・義母「は？」,https://www.youtube.com/watch?v=EdukiB7Cm5k,9.2万回視聴 / 1 年前,奈落の家族 5652,https://www.youtube.com/channel/UC-CxUAgCsbf-R4BwTN_XWHw,2 週間前,0 回視聴,【スカッとする話】婿両親がウチの娘と孫を引きずってきた。義父「月100万の息子と釣り合わんw」義母「役立たずの家政婦は返品でw」私「じゃ明日から路上生活がんばれw」義父・義母「は？」,https://www.youtube.com/watch?v=Hkhcg7tCrBs,100%
1360,【スカッとする話】親戚の集まりに私たち家族だけ招待しない義両親。義父「お前ら貧乏家族は不要w」私「わかりました…」家族全員で欠席しハワイ旅行行くと→大号泣の義父から鬼電がw【朗読】【スカッと】,https://www.youtube.com/watch?v=ae1eDwWjrBU,7.6万回視聴 / 8 か月前,奈落の家族 5652,https://www.youtube.com/channel/UC-CxUAgCsbf-R4BwTN_XWHw,2 週間前,0 回視聴,【スカッとする話】親戚の集まりに私たち家族だけ招待しない義両親。義父「お前ら貧乏家族は不要w」私「わかりました…」家族全員で欠席しハワイ旅行行くと→大号泣の義父から鬼電がw【朗読】【スカッと】,https://www.youtube.com/watch?v=Vl9vxSk30Vo,100%
1361,【スカッと総集編】夫「この家で両親と同居する！家事もしないお前は出てけ！」私（ローン28万払ってるの私なのに   ）翌朝、リサイクル業者に電話し家具家電全て売却し引越した結果w【修羅場】,https://www.youtube.com/watch?v=uSPOvGlDe6c,9.1万回視聴 / 3 年前,奈落の家族 5652,https://www.youtube.com/channel/UC-CxUAgCsbf-R4BwTN_XWHw,3 週間前,0 回視聴,【スカッと総集編】夫「この家で両親と同居する！家事もしないお前は出てけ！」私（ローン28万払ってるの私なのに   ）翌朝、リサイクル業者に電話し家具家電全て売却し引越した結果w【修羅場】,https://www.youtube.com/watch?v=jh5ryHRseFw,100%
1362,【スカッと総集編】新築一軒家を購入した途端、夫「今日から俺の両親と同居する」義両親「逆らったら離婚ですよw」私「え？私は独身ですけど？」夫・義両親「は？」結果w,https://www.youtube.com/watch?v=DT8RsbtKX0k,16万回視聴 / 3 年前,奈落の家族 5652,https://www.youtube.com/channel/UC-CxUAgCsbf-R4BwTN_XWHw,3 週間前,0 回視聴,【スカッと総集編】新築一軒家を購入した途端、夫「今日から俺の両親と同居する」義両親「逆らったら離婚ですよw」私「え？私は独身ですけど？」夫・義両親「は？」結果w,https://www.youtube.com/watch?v=m4n0C7E3zQw,100%
1363,【スカッと総集編】私「里帰り出産で実家に帰る」母「長男と長男嫁と同居してるしアンタは一生帰ってくるなw」私（あ…何も知らないのね…）→後日、血相を変えた母から鬼電がw,https://www.youtube.com/watch?v=Nk5V6rGzYHU,29万回視聴 / 3 年前,奈落の家族 5652,https://www.youtube.com/channel/UC-CxUAgCsbf-R4BwTN_XWHw,3 週間前,0 回視聴,【スカッと総集編】私「里帰り出産で実家に帰る」母「長男と長男嫁と同居してるしアンタは一生帰ってくるなw」私（あ…何も知らないのね…）→後日、血相を変えた母から鬼電がw,https://www.youtube.com/watch?v=DCKe4bQWc20,100%
1364,【スカッと総集編】私が新築を購入した途端に我が家に突然引っ越してきた長男夫婦「今日から同居してあげるw」私の家を乗っ取る気の長男と長男嫁→翌月、血相を変えた長男嫁から鬼電が来て、嫁「引っ越し先って」,https://www.youtube.com/watch?v=Gij4fQKvVM0,13万回視聴 / 3 年前,奈落の家族 5652,https://www.youtube.com/channel/UC-CxUAgCsbf-R4BwTN_XWHw,3 週間前,0 回視聴,【スカッと総集編】私が新築を購入した途端に我が家に突然引っ越してきた長男夫婦「今日から同居してあげるw」私の家を乗っ取る気の長男と長男嫁→翌月、血相を変えた長男嫁から鬼電が来て、嫁「引っ越し先って」,https://www.youtube.com/watch?v=-tYaMMHqe1A,100%
1365,【スカッと総集編】私が田舎に畑と庭付き一軒家を購入した途端、義母「私もお父さんと引っ越すw」義父「介護もよろしく頼むよw」引越し当日、義母から鬼電→私「やっと気づいたかw」実は…,https://www.youtube.com/watch?v=6AdAW6Y3AdM,11万回視聴 / 2 年前,奈落の家族 5652,https://www.youtube.com/channel/UC-CxUAgCsbf-R4BwTN_XWHw,3 週間前,0 回視聴,【スカッと総集編】私が田舎に畑と庭付き一軒家を購入した途端、義母「私もお父さんと引っ越すw」義父「介護もよろしく頼むよw」引越し当日、義母から鬼電→私「やっと気づいたかw」実は…,https://www.youtube.com/watch?v=2TZsiC8HWKU,100%
1366,【スカッとする話】同窓会で結婚直前に私を捨てた夫と再会。夫「金持ちの社長令嬢と結婚したw俺だけ幸せでごめんなw」私「本当にそう思う？」真実を伝えると元夫が震え出し…【朗読】【スカッと】,https://www.youtube.com/watch?v=aCFKEISe330,36万回視聴 / 1 年前,女たちのスカッと物語,https://www.youtube.com/channel/UCpVDiaX7X6rpIOvjUGkm0kA,2 週間前,8回視聴,【スカッとする話】同窓会で結婚直前に私を捨てた夫と再会。夫「金持ちの社長令嬢と結婚したw俺だけ幸せでごめんなw」私「本当にそう思う？」真実を伝えると元夫が震え出し…【朗読】【スカッと】,https://www.youtube.com/watch?v=4tvRnS4X1hM,100%
1367,【スカッとする話】大雪の中、赤ちゃんを背負い2時間歩いてきた8歳の姪「3000円貸して下さい...」夫「はぁ？貸すわけないだろ！」次の瞬間、ブチギレた夫は...,https://www.youtube.com/watch?v=8p7Hl5wjPok,37万回視聴 / 2 年前,女たちのスカッと物語,https://www.youtube.com/channel/UCpVDiaX7X6rpIOvjUGkm0kA,2 週間前,1 回視聴,【スカッとする話】大雪の中、赤ちゃんを背負い2時間歩いてきた8歳の姪「3000円貸して下さい...」夫「はぁ？貸すわけないだろ！」次の瞬間、ブチギレた夫は...,https://www.youtube.com/watch?v=RbP0evE5cIY,100%
1368,【スカッとする話】年末に義実家へ帰省するといつものように奴隷扱いの私に、久しぶりに帰省した義父「なんでご飯食べないんだ？」私「いつもの事なので」義父「は？」激怒した義父が義実家を売却し更地に【修羅場】,https://www.youtube.com/watch?v=a14Uvt5re2g,32万回視聴 / 3 年前,女たちのスカッと物語,https://www.youtube.com/channel/UCpVDiaX7X6rpIOvjUGkm0kA,11 日前,0 回視聴,【スカッとする話】年末に義実家へ帰省するといつものように奴隷扱いの私に、久しぶりに帰省した義父「なんでご飯食べないんだ？」私「いつもの事なので」義父「は？」激怒した義父が義実家を売却し更地に【修羅場】,https://www.youtube.com/watch?v=3p2rUmrgUWo,100%
1369,【スカッとする話】月9万円で年金暮らしの私に長男嫁「頼られるの嫌だし絶縁でw」長男「今後一切関わらないからw」私「本当にいいのね？」長男嫁「え？」絶縁して2ヶ月後…w,https://www.youtube.com/watch?v=_m8w5ILU3u0,33万回視聴 / 1 年前,女たちのスカッと物語,https://www.youtube.com/channel/UCpVDiaX7X6rpIOvjUGkm0kA,12 日前,1 回視聴,【スカッとする話】月9万円で年金暮らしの私に長男嫁「頼られるの嫌だし絶縁でw」長男「今後一切関わらないからw」私「本当にいいのね？」長男嫁「え？」絶縁して2ヶ月後…w,https://www.youtube.com/watch?v=lPpDgp7l7Sc,100%
1370,【スカッとする話】母子家庭で育てた娘の結婚挨拶へ行くと私だけ料理がない…義母「貧乏人は水で十分でしょw」直後、義姉が私を見て顔面蒼白→義家族全員は全てを失ったw,https://www.youtube.com/watch?v=6eC3Q3csQ9U,32万回視聴 / 2 年前,女たちのスカッと物語,https://www.youtube.com/channel/UCpVDiaX7X6rpIOvjUGkm0kA,11 日前,0 回視聴,【スカッとする話】母子家庭で育てた娘の結婚挨拶へ行くと私だけ料理がない…義母「貧乏人は水で十分でしょw」直後、義姉が私を見て顔面蒼白→義家族全員は全てを失ったw,https://www.youtube.com/watch?v=OCCgIG2QBZk,100%
1371,【スカッとする話】社員食堂のおばちゃんの私。男性社員「おばさんありがと！」女性社員「いつも有難う！」私「君達、今日でクビね」社員「え？」【朗読】【スカッと】,https://www.youtube.com/watch?v=a4zw-oCgHd0,31万回視聴 / 1 年前,女たちのスカッと物語,https://www.youtube.com/channel/UCpVDiaX7X6rpIOvjUGkm0kA,10 日前,0 回視聴,【スカッとする話】社員食堂のおばちゃんの私。男性社員「おばさんありがと！」女性社員「いつも有難う！」私「君達、今日でクビね」社員「え？」【朗読】【スカッと】,https://www.youtube.com/watch?v=Oj60nY6ri4o,100%
1372,【スカッとする話】私の資産が9億あると知らず社長令嬢の愛人と再婚した元夫と再会「生活保護の貧乏人じゃんw元気？w」私「は？誰と勘違いしてるの？」真実を伝えると元夫が半狂乱にw【スカッと】【朗読】,https://www.youtube.com/watch?v=uYt37nxwb0o,1.8万回視聴 / 2 年前,女たちのスカッと物語,https://www.youtube.com/channel/UCpVDiaX7X6rpIOvjUGkm0kA,10 日前,2回視聴,【スカッと総集編】私の資産が9億あると知らず社長令嬢の愛人と再婚した元夫と再会「生活保護の貧乏人じゃんw元気？w」私「は？誰と勘違いしてるの？」真実を伝えると元夫が半狂乱に,https://www.youtube.com/watch?v=o7aq6y0myeg,100%
1373,【スカッとする話】私を嫌う夫と娘が私を無視。私「おはよう」2人「…」娘の豪華挙式当日に姿を消すと鬼電。私「私に娘はいませんが？」→娘「え？」結果w【朗読】【スカッと】,https://www.youtube.com/watch?v=cdwBAP575w8,34万回視聴 / 1 年前,女たちのスカッと物語,https://www.youtube.com/channel/UCpVDiaX7X6rpIOvjUGkm0kA,12 日前,6回視聴,【スカッとする話】私を嫌う夫と娘が私を無視。私「おはよう」2人「…」娘の豪華挙式当日に姿を消すと鬼電。私「私に娘はいませんが？」→娘「え？」結果w【朗読】【スカッと】,https://www.youtube.com/watch?v=az87LvNaBR8,94%
1374,【スカッとする話】結婚し幸せな日常を送る息子が急逝し13日後、私宛に亡き息子から手紙が届いた。手紙「俺の代わりに嫁に復讐を...」手紙で指定された場所に行った私は恐怖で震えだし...,https://www.youtube.com/watch?v=Ru27si_54MQ,30万回視聴 / 2 年前,女たちのスカッと物語,https://www.youtube.com/channel/UCpVDiaX7X6rpIOvjUGkm0kA,9 日前,0 回視聴,【スカッとする話】結婚し幸せな日常を送る息子が急逝し13日後、私宛に亡き息子から手紙が届いた。手紙「俺の代わりに嫁に復讐を...」手紙で指定された場所に行った私は恐怖で震えだし,https://www.youtube.com/watch?v=YSVqAPYHnpg,100%
1375,【スカッと総集編】夫「もう限界だ…離婚しよう。老後もお前と一緒とか無理だ」私「はい離婚届。娘以外連れてくね」夫「え？娘はお前が引き取れよ」私「無理よ。だってあの子…」【スカッと】【朗読】,https://www.youtube.com/watch?v=GfIuJM9lgJo,33万回視聴 / 1 年前,女たちのスカッと物語,https://www.youtube.com/channel/UCpVDiaX7X6rpIOvjUGkm0kA,12 日前,1 回視聴,【スカッと総集編】夫「もう限界だ…離婚しよう。老後もお前と一緒とか無理だ」私「はい離婚届。娘以外連れてくね」夫「え？娘はお前が引き取れよ」私「無理よ。だってあの子…」【スカッと】【朗読】,https://www.youtube.com/watch?v=ZwOzGPUfFEk,100%
1376,【スカッと総集編】夫に愛人がいるのが発覚し離婚すると…姑「引っ越しまだ？早く消えてねw」私「30分後に消えますご安心を」直後、荷物が運ばれ最後に車に乗り込むと...夫「は？一体どういう事？」,https://www.youtube.com/watch?v=gGILea_xo5c,13万回視聴 / 2 年前,女たちのスカッと物語,https://www.youtube.com/channel/UCpVDiaX7X6rpIOvjUGkm0kA,2 週間前,160回視聴,【スカッとする話】夫に愛人がいるのが発覚し離婚すると、姑「引っ越しまだ？」私「30分後に消えます」直後、荷物が運ばれ最後に車に乗り込むと→夫「は？一体どういう事？」【スカッと】【朗読】,https://www.youtube.com/watch?v=uYnevi33Jxo,92%
1377,【スカッと総集編】家のローンを毎月21万払う私に夫「この家は長男夫婦に相続する！」長男嫁「他人ババァはでてけw」私「じゃあ引越します」1ヶ月後、慌てた嫁が新居に来たのでボケたふりして他人扱いした結果w,https://www.youtube.com/watch?v=0wz6UQiOzp0,33万回視聴 / 3 年前,女たちのスカッと物語,https://www.youtube.com/channel/UCpVDiaX7X6rpIOvjUGkm0kA,12 日前,0 回視聴,【スカッと総集編】家のローンを毎月21万払う私に夫「この家は長男夫婦に相続する！」長男嫁「他人ババァはでてけw」私「じゃあ引越します」1ヶ月後、慌てた嫁が新居に来たのでボケたふりして他人扱いした結果w,https://www.youtube.com/watch?v=qjBRBFePEV8,100%
1378,【スカッと総集編】月9万円で年金暮らしの私に長男嫁「頼られるの嫌だし絶縁w」長男「今後一切関わらないw」私「本当にいいのね？」長男嫁「え？」【朗読】【スカッと】【スカッとする話】,https://www.youtube.com/watch?v=2jJCIGafP3k,8.7万回視聴 / 1 年前,女たちのスカッと物語,https://www.youtube.com/channel/UCpVDiaX7X6rpIOvjUGkm0kA,12 日前,1 回視聴,【スカッとする話】月9万円で年金暮らしの私に長男嫁「頼られるの嫌だし絶縁でw」長男「今後一切関わらないからw」私「本当にいいのね？」長男嫁「え？」絶縁して2ヶ月後…w,https://www.youtube.com/watch?v=lPpDgp7l7Sc,90%
1379,【スカッと総集編】私の総資産が11億と知らず妊娠9ヶ月の私を捨て社長令嬢と再婚した夫「腹がデカくて女として見れんｗガキはお前が育てろｗ」私「いいよ！はい、離婚届け！」3ヶ月後、半狂乱の夫から鬼電がw,https://www.youtube.com/watch?v=gp0iCrgbXh8,38万回視聴 / 3 年前,女たちのスカッと物語,https://www.youtube.com/channel/UCpVDiaX7X6rpIOvjUGkm0kA,2 週間前,0 回視聴,【スカッと総集編】私の総資産が11億と知らず妊娠9ヶ月の私を捨て社長令嬢と再婚した夫「腹がデカくて女として見れんｗガキはお前が育てろｗ」私「いいよ！はい、離婚届け！」3ヶ月後、半狂乱の夫から鬼電がw,https://www.youtube.com/watch?v=-ncCdOktk0A,100%
1380,【スカッと総集編】長男夫婦に母の保険金を奪われ実家を追い出されボロボロの父が我が家へ来て「10万円貸してくれ...」夫「え？そんなの無理ですよw」父「そんな…」実は…【スカッとする話】【修羅場】,https://www.youtube.com/watch?v=YrSY8KgMSy4,39万回視聴 / 3 年前,女たちのスカッと物語,https://www.youtube.com/channel/UCpVDiaX7X6rpIOvjUGkm0kA,2 週間前,2回視聴,【スカッと総集編】長男夫婦に母の保険金を奪われ実家を追い出されボロボロの父が我が家へ来て「10万円貸してくれ...」夫「え？そんなの無理ですよw」父「そんな…」実は…【スカッとする話】【修羅場】,https://www.youtube.com/watch?v=De1IqOa1Kbk,100%
1381,【スカッとする話】私が離婚届に署名すると、満面の笑みで大喜びする義家族。新しい嫁を迎えた1週間後、電気・ガス・水道が止まると急に義家族が焦り出しw【朗読】【スカッと】,https://www.youtube.com/watch?v=cVe3XmXeRuE,14万回視聴 / 4 か月前,女たちの逆転劇場、他 2 チャンネル,,2 か月前,"43,291回視聴",私が離婚届に署名すると、満面の笑みで大喜びする義家族。新しい嫁を迎えた1週間後、電気・ガス・水道が止まると急に義家族が焦り出しw,https://www.youtube.com/watch?v=Tn8kFyc4k64,100%
1382,【スカッと総集編】夫が土下座「20歳の愛人が妊娠した！離婚してくれ！」私「はい離婚届け。じゃ娘以外は連れてくね」夫「は？娘も連れていけよ」私「無理、だってこの子は…」【スカッとする話】,https://www.youtube.com/watch?v=70JSyEr3ztQ,34万回視聴 / 3 年前,女たちの逆転劇場、他 3 チャンネル,,2 か月前,"138,984回視聴",夫が土下座「20歳の愛人が妊娠した！離婚してくれ！」私「はい離婚届け。じゃ娘以外は連れてくね」夫「は？娘も連れていけよ」私「無理、だってこの子は…」,https://www.youtube.com/watch?v=dV5o67tMgno,100%
1383,【スカッとする話】パートから帰ると突然私を殴ってきた義母「息子の金盗んだな！金返せ！」夫と義母に泥棒扱いされた私「じゃあ警察呼びますね」→即通報すると2人が半狂乱にw【朗読】【スカッと】【シニア】,https://www.youtube.com/watch?v=wxIjPqUT7oA,10万回視聴 / 10 か月前,妻の復讐 5649,https://www.youtube.com/channel/UC_-FBuCpoEW8RPG4j-oCbkg,2 週間前,1 回視聴,【スカッとする話】パートから帰ると突然私を殴ってきた義母「息子の金盗んだな！金返せ！」夫と義母に泥棒扱いされた私「じゃあ警察呼びますね」→即通報すると2人が半狂乱にw【朗読】【スカッと】【シニア】,https://www.youtube.com/watch?v=RsEXpU8hnpQ,100%
1384,【スカッとする話】母子家庭で育てた娘の結婚挨拶へ行くと私だけ料理がない…義母「貧乏人は水で十分でしょw」直後、義姉が私を見て顔面蒼白→義家族全員は全てを失ったw,https://www.youtube.com/watch?v=6eC3Q3csQ9U,32万回視聴 / 2 年前,妻の復讐 5649,https://www.youtube.com/channel/UC_-FBuCpoEW8RPG4j-oCbkg,3 週間前,0 回視聴,【スカッとする話】母子家庭で育てた娘の結婚挨拶へ行くと私だけ料理がない…義母「貧乏人は水で十分でしょw」直後、義姉が私を見て顔面蒼白→義家族全員は全てを失ったw,https://www.youtube.com/watch?v=3UFXUBVqOGo,100%
1385,【スカッとする話】私が全員を養ってるとも知らず家族旅行で長男嫁「義母の全てが気に入らない！家族だけで行くからババァは掃除してろw」私「は〜い」家を売却して引越しキレイに掃除してやった結果w【修羅場】,https://www.youtube.com/watch?v=7a4h1eiOwjw,10万回視聴 / 3 年前,妻の復讐 5649,https://www.youtube.com/channel/UC_-FBuCpoEW8RPG4j-oCbkg,3 週間前,0 回視聴,【スカッとする話】私が全員を養ってるとも知らず家族旅行で長男嫁「義母の全てが気に入らない！家族だけで行くからババァは掃除してろw」私「は〜い」家を売却して引越しキレイに掃除してやった結果w【修羅場】,https://www.youtube.com/watch?v=XlThS5fE3-w,100%
1386,【スカッとする話】私が社員3000人の夫の会社の社長と知らず新築を購入した途端に豹変した夫「今日から両親と同居する！嫌なら離婚して出てけw」→私「じゃお前は解雇で会社出てけ」,https://www.youtube.com/watch?v=kpGjizf6mpc,17万回視聴 / 2 年前,妻の復讐 5649,https://www.youtube.com/channel/UC_-FBuCpoEW8RPG4j-oCbkg,3 週間前,3回視聴,【スカッとする話】私が社員3000人の夫の会社の社長と知らず新築を購入した途端に豹変した夫「今日から両親と同居する！嫌なら離婚して出てけw」→私「じゃお前は解雇で会社出てけ」,https://www.youtube.com/watch?v=T33Fil1juto,100%
1387,【スカッとする話】義母の嫁いびりが原因で夫と離婚。夫「今すぐ出てけ役立たずw」私「はい」両親と共に挨拶を済ませ迎えに来た車に乗り込むと→夫・義母「え？」,https://www.youtube.com/watch?v=7Vq5sNaCsNc,26万回視聴 / 2 年前,妻の復讐 5649,https://www.youtube.com/channel/UC_-FBuCpoEW8RPG4j-oCbkg,3 週間前,0 回視聴,【スカッとする話】義母の嫁いびりが原因で夫と離婚。夫「今すぐ出てけ役立たずw」私「はい」両親と共に挨拶を済ませ迎えに来た車に乗り込むと→夫・義母「え？」,https://www.youtube.com/watch?v=hyAYIjXQyj0,100%
1388,【スカッとする話】里帰り出産中、私の荷物が全て実家に送られてきた…夫「この家で母と暮らすから離婚でw」義母「役立たずは帰ってこないでねw」私「ありがとう、助かる！」実は…,https://www.youtube.com/watch?v=Suxi8PzXzbk,8.5万回視聴 / 1 年前,妻の復讐 5649,https://www.youtube.com/channel/UC_-FBuCpoEW8RPG4j-oCbkg,2 週間前,0 回視聴,【スカッとする話】里帰り出産中、私の荷物が全て実家に送られてきた…夫「この家で母と暮らすから離婚でw」義母「役立たずは帰ってこないでねw」私「ありがとう、助かる！」実は…,https://www.youtube.com/watch?v=HB8kbxdHmcw,100%
1389,【スカッと総集編】夫が亡くなった途端、我が家を勝手に解体した義両親「今日からうちで同居しろ！嫁は家政婦にしてやるw」それを聞いた私は大爆笑→私「アンタら知らないの？」実は...,https://www.youtube.com/watch?v=yUWQozZU0zY,18万回視聴 / 2 年前,妻の復讐 5649,https://www.youtube.com/channel/UC_-FBuCpoEW8RPG4j-oCbkg,3 週間前,0 回視聴,【スカッと総集編】夫が亡くなった途端、我が家を勝手に解体した義両親「今日からうちで同居しろ！嫁は家政婦にしてやるw」それを聞いた私は大爆笑→私「アンタら知らないの？」実は...,https://www.youtube.com/watch?v=fN59nNyu_A0,100%
1390,【スカッと総集編】家のローンを毎月17万払う私に夫「家事もしない役立たずは家から出てけ！」長男嫁「お義母さんは施設へどうぞ（笑）」私「じゃあ引越しますね」1ヶ月後、慌てた嫁から鬼電が来て..【修羅場】,https://www.youtube.com/watch?v=8GATpQFg7_w,23万回視聴 / 3 年前,妻の復讐 5649,https://www.youtube.com/channel/UC_-FBuCpoEW8RPG4j-oCbkg,3 週間前,0 回視聴,【スカッと総集編】家のローンを毎月17万払う私に夫「家事もしない役立たずは家から出てけ！」長男嫁「お義母さんは施設へどうぞ（笑）」私「じゃあ引越しますね」1ヶ月後、慌てた嫁から鬼電が来て..【修羅場】,https://www.youtube.com/watch?v=OtaTpLvX8pM,100%
1391,【スカッと総集編】長男夫婦と夫に嫌われ続けた母親の私が実家を追い出され娘夫婦の家へ。私「1000円貸してください   」婿「お義母さん…同居しませんか？」私「いいの？涙」結果【修羅場】,https://www.youtube.com/watch?v=2s_1_Gvlhpo,14万回視聴 / 3 年前,妻の復讐 5649,https://www.youtube.com/channel/UC_-FBuCpoEW8RPG4j-oCbkg,3 週間前,4回視聴,【スカッと総集編】長男夫婦と夫に嫌われ続けた母親の私が実家を追い出され娘夫婦の家へ。私「1000円貸してください   」婿「お義母さん…同居しませんか？」私「いいの？涙」結果【修羅場】,https://www.youtube.com/watch?v=nbgjapHfAYE,100%
1392,【スカッとする話】72歳の誕生日に息子が私に嘘をつき義家族とハワイ旅行したとSNSで発覚。息子「ごめん、見てると思ってなかったw」空港に置き去りにされた私はカードと予約を全停止した結果w【朗読】,https://www.youtube.com/watch?v=wygqZyloOZs,4.1万回視聴 / 6 か月前,姑の裏の顔 5668,https://www.youtube.com/channel/UCAUkwErZzfdQ5NFOS49O-rw,3 週間前,76回視聴,【スカッとする話】72歳の誕生日に息子が私に嘘をつき義家族とハワイ旅行したとSNSで発覚。息子「ごめん、見てると思ってなかったw」空港に置き去りにされた私はカードと予約を全停止した結果w【朗読】,https://www.youtube.com/watch?v=I1Y9orzE8Zg,100%
1393,【スカッとする話】インフルで高熱の私に突然、義母から怒りの鬼電。義母「旦那が熱出してるのにお前は遊びに行きやがって！」私「発熱してるのは私ですが…」義母「嘘つくなw」結果w【朗読】【スカッと】,https://www.youtube.com/watch?v=L7w7177AO6A,1.5万回視聴 / 8 か月前,姑の裏の顔 5668,https://www.youtube.com/channel/UCAUkwErZzfdQ5NFOS49O-rw,10 日前,0 回視聴,【スカッとする話】インフルで高熱の私に突然、義母から怒りの鬼電。義母「旦那が熱出してるのにお前は遊びに行きやがって！」私「発熱してるのは私ですが…」義母「嘘つくなw」結果w【朗読】【スカッと】,https://www.youtube.com/watch?v=9gEfk0BifO8,100%
1394,【スカッとする話】会社の有給休暇で兄の結婚式に行くと、義母「荷物捨てたから一生帰って来るなw離婚して関わらないで欲しいわw」私「はい、承知しました」→3日後、義母は 【スカッと】【朗読】,https://www.youtube.com/watch?v=nw5vqqyFuAo,3.9万回視聴 / 1 年前,姑の裏の顔 5668,https://www.youtube.com/channel/UCAUkwErZzfdQ5NFOS49O-rw,4 日前,2回視聴,【スカッとする話】会社の有給休暇で兄の結婚式に行くと、義母「荷物捨てたから一生帰って来るなw離婚して関わらないで欲しいわw」私「はい、承知しました」→3日後、義母は 【スカッと】【朗読】,https://www.youtube.com/watch?v=QLzXmTgTySk,95%
1395,【スカッとする話】医者の弟の結婚式に出席した私に義母「中卒が身内とか医者一族の恥w」直後、夫が私の名前を呼んだ瞬間、その場にいた全員が凍りつき…w【朗読】【スカッと】,https://www.youtube.com/watch?v=1DLChkN9oW8,4.1万回視聴 / 7 か月前,姑の裏の顔 5668,https://www.youtube.com/channel/UCAUkwErZzfdQ5NFOS49O-rw,3 週間前,15回視聴,【スカッとする話】医者の弟の結婚式に出席した私に義母「中卒が身内とか医者一族の恥w」直後、夫が私の名前を呼んだ瞬間、その場にいた全員が凍りつき…w【朗読】【スカッと】,https://www.youtube.com/watch?v=Mo3V5bptutM,100%
1396,【スカッとする話】夫と一緒にお盆に義実家に帰省すると私達だけカップ麺。銀行員の義兄「家族の分だけ高級うな重w」夫「帰るか…」私「うん…」翌日、義兄は社長室に呼び出され…【朗読】【スカッと】,https://www.youtube.com/watch?v=feq1qa_cjkY,5.2万回視聴 / 1 年前,姑の裏の顔 5668,https://www.youtube.com/channel/UCAUkwErZzfdQ5NFOS49O-rw,3 日前,0 回視聴,【スカッとする話】夫と一緒にお盆に義実家に帰省すると私達だけカップ麺。銀行員の義兄「家族の分だけ高級うな重w」夫「帰るか…」私「うん…」翌日、義兄は社長室に呼び出され…【朗読】【スカッと】,https://www.youtube.com/watch?v=fTbqr1DdJ6Q,93%
1397,【スカッとする話】女医の娘の結婚挨拶に行くと夫の席はあるのに私だけ席が無い。医者の義両親「無能は立ち見w」夫「…帰ろっか」私「…うん」義母「とっとと帰れw」その後…w【朗読】【スカッと】,https://www.youtube.com/watch?v=qAkeYm7RkW0,10万回視聴 / 1 年前,姑の裏の顔 5668,https://www.youtube.com/channel/UCAUkwErZzfdQ5NFOS49O-rw,2 日前,0 回視聴,【スカッとする話】女医の娘の結婚挨拶に行くと夫の席はあるのに私だけ席が無い。医者の義両親「無能は立ち見w」夫「…帰ろっか」私「…うん」義母「とっとと帰れw」その後…w【朗読】【スカッと】,https://www.youtube.com/watch?v=c6WfPPUO52E,95%
1398,【スカッとする話】女手一つで育てた娘の結婚式で私が作ったウェルカムボードを捨てた義母「こんな貧乏くさい絵はゴミw」娘「母さん、帰るよ」私「いいの？」【スカッと】【朗読】,https://www.youtube.com/watch?v=4jpS4EiMOsE,7.4万回視聴 / 1 年前,姑の裏の顔 5668,https://www.youtube.com/channel/UCAUkwErZzfdQ5NFOS49O-rw,6 日前,0 回視聴,【スカッとする話】女手一つで育てた娘の結婚式で私が作ったウェルカムボードを捨てた義母「こんな貧乏くさい絵はゴミw」娘「母さん、帰るよ」私「いいの？」【スカッと】【朗読】,https://www.youtube.com/watch?v=mWGFiHATy38,84%
1399,【スカッとする話】孫の七五三祝いに行くと息子「母さんは便所メシでw」嫁「嫌なら外でお願いしますw」直後、普段温厚な夫が立ち上がり、夫「外に出るのはお前達だ」【朗読】【スカッと】,https://www.youtube.com/watch?v=NyhY1gRNkEE,2.2万回視聴 / 5 か月前,姑の裏の顔 5668,https://www.youtube.com/channel/UCAUkwErZzfdQ5NFOS49O-rw,2 週間前,15回視聴,【スカッとする話】孫の七五三祝いに行くと息子「母さんは便所メシでw」嫁「嫌なら外でお願いしますw」直後、普段温厚な夫が立ち上がり、夫「外に出るのはお前達だ」【朗読】【スカッと】,https://www.youtube.com/watch?v=50SxTGvrOSs,100%
1400,【スカッとする話】私が総資産30億の社長と知らず夫「女部長と再婚するから離婚でｗ子供はお前に譲ってやるよw」私「はーい」即離婚して引越すと→1週間後に半狂乱にw,https://www.youtube.com/watch?v=qXmpDKTFsJg,4.8万回視聴 / 1 年前,姑の裏の顔 5668,https://www.youtube.com/channel/UCAUkwErZzfdQ5NFOS49O-rw,2 週間前,0 回視聴,【スカッとする話】私が総資産30億の社長と知らず夫「女部長と再婚するから離婚でｗ子供はお前に譲ってやるよw」私「はーい」即離婚して引越すと→1週間後に半狂乱にw,https://www.youtube.com/watch?v=3FrVVvgXGtk,93%
1401,【スカッとする話】私が家族9人を養ってると知らず荷物を全て捨てた義母「いつまで我が家に寄生するの？w」私「では引っ越しますね」義母だけ残し豪邸に引越した結果w,https://www.youtube.com/watch?v=t2MZmYNuCdE,4.9万回視聴 / 1 年前,姑の裏の顔 5668,https://www.youtube.com/channel/UCAUkwErZzfdQ5NFOS49O-rw,1 日前,0 回視聴,【スカッと総集編】私が家族9人を養ってると知らず荷物を全て捨てた義母「いつまで我が家に寄生するの？w」私「では引っ越しますね」義母だけ残し豪邸に引越した結果w,https://www.youtube.com/watch?v=HpCgM5Pwq-Q,100%
1402,【スカッとする話】義母「子供を1ヶ月預けるのは非常識！子供が可哀想だろ！」私「家で夫が面倒みてますが…」直後、義母が全てを悟りブチギレ…【朗読】【スカッと】,https://www.youtube.com/watch?v=GEvoY6NKBZw,2.3万回視聴 / 8 か月前,姑の裏の顔 5668,https://www.youtube.com/channel/UCAUkwErZzfdQ5NFOS49O-rw,11 日前,0 回視聴,【スカッとする話】義母「子供を1ヶ月預けるのは非常識！子供が可哀想だろ！」私「家で夫が面倒みてますが…」直後、義母が全てを悟りブチギレ…【朗読】【スカッと】,https://www.youtube.com/watch?v=MMnQ83ehWkY,78%
1403,【スカッとする話】義父を介護して10年目、私が過労で倒れると夫「仮病はいいからw怠け者とは離婚で！」私「マジで？ありがとう！」【朗読】【スカッと】,https://www.youtube.com/watch?v=uz1Rgfr9Du0,3.5万回視聴 / 5 か月前,姑の裏の顔 5668,https://www.youtube.com/channel/UCAUkwErZzfdQ5NFOS49O-rw,3 週間前,0 回視聴,【スカッとする話】義父を介護して10年目、私が過労で倒れると夫「仮病はいいからw怠け者とは離婚で！」私「マジで？ありがとう！」【朗読】【スカッと】,https://www.youtube.com/watch?v=_xCfAXk-2OM,81%
1404,【スカッとする話】陣痛で義妹の結婚式を欠席すると、夫「大事な妹の式だぞ！我慢しろ！来ないなら離婚だから！」私「では離婚でお願いします」式当日、夫は全てを失いw 【朗読】【修羅場】,https://www.youtube.com/watch?v=0e75YQ1eFv8,6.2万回視聴 / 1 年前,姑の裏の顔 5668,https://www.youtube.com/channel/UCAUkwErZzfdQ5NFOS49O-rw,5 日前,5回視聴,【スカッとする話】陣痛で義妹の結婚式を欠席すると、夫「大事な妹の式だぞ！我慢しろ！来ないなら離婚だから！」私「では離婚でお願いします」式当日、夫は全てを失いw 【朗読】【修羅場】,https://www.youtube.com/watch?v=au5_MlT1qTA,86%
1405,【スカッと総集編】私が家族9人を養ってると知らず荷物を全て捨てた義母「いつまで我が家に寄生するの？w」私「では引っ越しますね」義母だけ残し豪邸に引越した結果w,https://www.youtube.com/watch?v=5GO3xM_YnnI,8.3万回視聴 / 1 年前,姑の裏の顔 5668,https://www.youtube.com/channel/UCAUkwErZzfdQ5NFOS49O-rw,1 日前,0 回視聴,【スカッと総集編】私が家族9人を養ってると知らず荷物を全て捨てた義母「いつまで我が家に寄生するの？w」私「では引っ越しますね」義母だけ残し豪邸に引越した結果w,https://www.youtube.com/watch?v=HpCgM5Pwq-Q,100%
1406,【スカッと総集編】義実家で義母の同居介護中に浮気した夫から離婚届が速達で届いた…夫「息子・娘も離婚を望んでるってｗ」即提出して家を売り払い引越すと→半狂乱の夫達から鬼電がw【スカッと】【朗読】,https://www.youtube.com/watch?v=3vf-BW99bPI,6.9万回視聴 / 1 年前,姑の裏の顔 5668,https://www.youtube.com/channel/UCAUkwErZzfdQ5NFOS49O-rw,3 週間前,55回視聴,【スカッと総集編】義実家で義母の同居介護中に浮気した夫から離婚届が速達で届いた…夫「息子・娘も離婚を望んでるってｗ」即提出して家を売り払い引越すと→半狂乱の夫達から鬼電がw【スカッと】【朗読】,https://www.youtube.com/watch?v=OWbenJjPKfs,100%
1407,【スカッとする話】出産直後の私を追い出す同居中の義母「娘が帰ってくるから出てけw」私「じゃあ子供は置いていきますね」義母「はぁ？子供は連れていきな」私「無理です。だって…」【朗読】【スカッと】,https://www.youtube.com/watch?v=_y-dBrBAb8I,7.6万回視聴 / 7 か月前,嫁いびり絶滅部屋 5669,https://www.youtube.com/channel/UC-x7_UNkw0hshLKChQ83Xyw,3 週間前,0 回視聴,【スカッとする話】出産直後の私を追い出す同居中の義母「娘が帰ってくるから出てけw」私「じゃあ子供は置いていきますね」義母「はぁ？子供は連れていきな」私「無理です。だって…」【朗読】【スカッと】,https://www.youtube.com/watch?v=C7Og0tKr5SE,100%
1408,【スカッとする話】女医の娘の結婚挨拶に行くと夫の席はあるのに私だけ席が無い。医者の義両親「無能は立ち見w」夫「…帰ろっか」私「…うん」義母「とっとと帰れw」その後…w【朗読】【スカッと】,https://www.youtube.com/watch?v=qAkeYm7RkW0,10万回視聴 / 1 年前,嫁と姑のリアル 5667,https://www.youtube.com/channel/UCEuTa9b4BOpvp3_4dEk6guA,3 週間前,22回視聴,【スカッとする話】女医の娘の結婚挨拶に行くと夫の席はあるのに私だけ席が無い。医者の義両親「無能は立ち見w」夫「…帰ろっか」私「…うん」義母「とっとと帰れw」その後…w【朗読】【スカッと】,https://www.youtube.com/watch?v=PQ39Mj8Gg20,95%
1409,【スカッとする話】姉の結婚式に行くと私を見下す京大卒の義父「中卒の英語聞かせろw」私（アメリカの大学教授だけど、今は黙っとくかw）1時間後w【朗読】【スカッと】,https://www.youtube.com/watch?v=PWHztx9-bjo,7.8万回視聴 / 3 か月前,嫁と姑のリアル 5667,https://www.youtube.com/channel/UCEuTa9b4BOpvp3_4dEk6guA,3 週間前,300回視聴,【スカッとする話】姉の結婚式に行くと私を見下す京大卒の義父「中卒の英語聞かせろw」私（アメリカの大学教授だけど、今は黙っとくかw）1時間後w【朗読】【スカッと】,https://www.youtube.com/watch?v=qzgy8M1jZmA,100%
1410,【スカッとする話】息子からの仕送りが月1000円…私「おかげで回転寿司行けるわ」息子「え？15万入れてるけど？」翌日、直接現金で受け取ると、なぜか義母が半狂乱にw【朗読】【スカッと】,https://www.youtube.com/watch?v=HIZ-adiGYZ0,4万回視聴 / 6 か月前,嫁と姑のリアル 5667,https://www.youtube.com/channel/UCEuTa9b4BOpvp3_4dEk6guA,3 週間前,5回視聴,【スカッとする話】息子からの仕送りが月1000円…私「おかげで回転寿司行けるわ」息子「え？15万入れてるけど？」翌日、直接現金で受け取ると、なぜか義母が半狂乱にw【朗読】【スカッと】,https://www.youtube.com/watch?v=gcjGaM1DxNE,100%
1411,【スカッとする話】月収60万の夫が義母には50万渡すのに、私には生活費2万だけ…私は1ヶ月間食事を作らず外食を続けると→義母と夫が半狂乱に…w【朗読】【スカッと】,https://www.youtube.com/watch?v=GjfVbDfwW3A,2.9万回視聴 / 7 か月前,嫁と姑のリアル 5667,https://www.youtube.com/channel/UCEuTa9b4BOpvp3_4dEk6guA,3 週間前,3回視聴,【スカッとする話】月収60万の夫が義母には50万渡すのに、私には生活費2万だけ…私は1ヶ月間食事を作らず外食を続けると→義母と夫が半狂乱に…w【朗読】【スカッと】,https://www.youtube.com/watch?v=FAVJRNaB5lI,100%
1412,【スカッとする話】義両親を15年間介護してきた私に離婚届を突きつけてきた夫「感謝はしてる、でも離婚してくれ」私「はーいwこちらこそありがとう」→翌朝、軽井沢に引っ越すと夫から鬼電がw【朗読】,https://www.youtube.com/watch?v=I_oFsv-nXeo,1.9万回視聴 / 7 か月前,嫁と姑のリアル 5667,https://www.youtube.com/channel/UCEuTa9b4BOpvp3_4dEk6guA,3 週間前,8回視聴,【スカッとする話】義両親を15年間介護してきた私に離婚届を突きつけてきた夫「感謝はしてる、でも離婚してくれ」私「はーいwこちらこそありがとう」→翌朝、軽井沢に引っ越すと夫から鬼電がw【朗読】,https://www.youtube.com/watch?v=L1bOCdu6i-E,100%
1413,【スカッとする話】38歳で第一子を出産した私を捨て、19歳年下の不倫相手を優先した夫「可愛い子供が欲しかったな。お前との子はブスだから離婚で」18年後、娘と再会した夫が青ざめw【朗読】【スカッと】,https://www.youtube.com/watch?v=6wF7ONOegQ0,3万回視聴 / 1 か月前,嫁の切り札朗読館,https://www.youtube.com/channel/UCJs7FR3NDs8ntlTSLFQBGOg,2 週間前,246回視聴,【スカッとする話】38歳で第一子を出産した私を捨て、19歳年下の不倫相手を優先した夫「可愛い子供が欲しかったな。お前との子はブスだから離婚で」18年後、娘と再会した夫が青ざめw【朗読】【スカッと】,https://www.youtube.com/watch?v=DZxdCD4dGIQ,100%
1414,【スカッとする話】5年ぶりに本社に復帰した私。年下部長が英語資料を投げつけ「残業よろしくw朝締切で」私が一瞬で翻訳すると…w【朗読】【スカッと】,https://www.youtube.com/watch?v=0APTrXx_onI,3.7万回視聴 / 4 週間前,嫁の切り札朗読館,https://www.youtube.com/channel/UCJs7FR3NDs8ntlTSLFQBGOg,2 週間前,435回視聴,【スカッとする話】5年ぶりに本社に復帰した私。年下部長が英語資料を投げつけ「残業よろしくw朝締切で」私が一瞬で翻訳すると…w【朗読】【スカッと】,https://www.youtube.com/watch?v=tCutOHG4Qy8,82%
1415,【スカッとする話】勉強が苦手な私の息子に義母「うちの子は優秀なのに…ダメ嫁が産むと出来損ないかw」ブチギレた私は義母と絶縁。10年後、息子は医大生になり…w【朗読】【スカッと】,https://www.youtube.com/watch?v=W1l_WF0rxns,3.8万回視聴 / 4 週間前,嫁の切り札朗読館,https://www.youtube.com/channel/UCJs7FR3NDs8ntlTSLFQBGOg,2 週間前,416回視聴,【スカッとする話】勉強が苦手な私の息子に義母「うちの子は優秀なのに…ダメ嫁が産むと出来損ないかw」ブチギレた私は義母と絶縁。10年後、息子は医大生になり…w【朗読】【スカッと】,https://www.youtube.com/watch?v=KR4q6p8v37M,100%
1416,【スカッとする話】夫「もう俺の親に関わるな」10年間義母を介護してきた私は、夫の一言で介護・支援を即終了。1ヶ月家に帰らず姿を消すと、発狂した夫から鬼電がw【朗読】【スカッと】,https://www.youtube.com/watch?v=iDdnkB23JiU,3.2万回視聴 / 1 か月前,嫁の切り札朗読館,https://www.youtube.com/channel/UCJs7FR3NDs8ntlTSLFQBGOg,2 週間前,143回視聴,【スカッとする話】夫「もう俺の親に関わるな」10年間義母を介護してきた私は、夫の一言で介護・支援を即終了。1ヶ月家に帰らず姿を消すと、発狂した夫から鬼電がw【朗読】【スカッと】,https://www.youtube.com/watch?v=9kXJsm99oV4,100%
1417,【スカッとする話】夫から高級化粧品を貰った私。夫「あれ、もう使った？w」私「お義母さんが試してたよ」直後、なぜか夫が慌て出しw【朗読】【スカッと】,https://www.youtube.com/watch?v=28rOAUunNPw,5.8万回視聴 / 1 か月前,嫁の切り札朗読館,https://www.youtube.com/channel/UCJs7FR3NDs8ntlTSLFQBGOg,2 週間前,306回視聴,【スカッとする話】夫から高級化粧品を貰った私。夫「あれ、もう使った？w」私「お義母さんが試してたよ」直後、なぜか夫が慌て出しw【朗読】【スカッと】,https://www.youtube.com/watch?v=WRvg5fD33k4,100%
1418,【スカッとする話】娘の結婚式に愛人と共に現れた夫「彼女にも座らせてあげて」私は黙って愛人に席を譲った直後、グループ10社を束ねる新郎父「会長、お久しぶりです」【朗読】【スカッと】,https://www.youtube.com/watch?v=ZobJWKrmIzQ,7.7万回視聴 / 4 週間前,嫁の切り札朗読館,https://www.youtube.com/channel/UCJs7FR3NDs8ntlTSLFQBGOg,2 週間前,359回視聴,【スカッとする話】娘の結婚式に愛人と共に現れた夫「彼女にも座らせてあげて」私は黙って愛人に席を譲った直後、グループ10社を束ねる新郎父「会長、お久しぶりです」【朗読】【スカッと】,https://www.youtube.com/watch?v=_nRFilJcS_g,100%
1419,【スカッとする話】私の退職金をやたら気にする夫「いくら貰ったの？」私「口座に2000万入った！」翌日、カードを手に夫が失踪。私（計画通りw）実は【朗読】【スカッと】,https://www.youtube.com/watch?v=dOy6I1JE_yY,3万回視聴 / 3 週間前,嫁の切り札朗読館,https://www.youtube.com/channel/UCJs7FR3NDs8ntlTSLFQBGOg,2 週間前,630回視聴,【スカッとする話】私の退職金をやたら気にする夫「いくら貰ったの？」私「口座に2000万入った！」翌日、カードを手に夫が失踪。私（計画通りw）実は【朗読】【スカッと】,https://www.youtube.com/watch?v=6jKoA7KlcjE,100%
1420,【スカッとする話】親戚一同の前で私を笑い者にする夫「稼ぎ0の嫁はお荷物で…w」義母「捨てられないよう頑張れw」私「別に頑張らないですよ？もう嫁じゃないので」→3秒後w【朗読ドラマ】【朗読】【スカッと】,https://www.youtube.com/watch?v=sPpAlpY3zIw,1.9万回視聴 / 3 週間前,嫁の切り札朗読館,https://www.youtube.com/channel/UCJs7FR3NDs8ntlTSLFQBGOg,3 週間前,50回視聴,【スカッとする話】親戚一同の前で私を笑い者にする夫「稼ぎ0の嫁はお荷物で…w」義母「捨てられないよう頑張れw」私「別に頑張らないですよ？もう嫁じゃないので」→3秒後w【朗読ドラマ】【朗読】【スカッと】,https://www.youtube.com/watch?v=rDsS1a0O9eY,100%
1421,【スカッとする話】78歳の義母が急変したので出張中の夫に連絡すると…夫「商談中だから連絡するな！」私「でも、お義母」夫「言い訳すんな」→永久に無視した結果w【スカッと】【朗読】,https://www.youtube.com/watch?v=mVcqfL6C-r4,3.4万回視聴 / 1 年前,嫁の反撃開始 5680,https://www.youtube.com/channel/UCBcMM8R9KS3noj6fZOhxAPA,3 週間前,10回視聴,【スカッとする話】78歳の義母が急変したので出張中の夫に連絡すると…夫「商談中だから連絡するな！」私「でも、お義母」夫「言い訳すんな」→永久に無視した結果w【スカッと】【朗読】,https://www.youtube.com/watch?v=eoiFRn_LkG0,90%
1422,【スカッとする話】70歳を過ぎ夫と別居中の私。40年もの間、夫は冷酷だった。ある日、夫の手帳を開いた瞬間、全てを理解し涙が溢れ…【朗読】【スカッと】,https://www.youtube.com/watch?v=00HSG0Knh3I,1.7万回視聴 / 4 か月前,嫁ゴコロ逆転朗読館,https://www.youtube.com/channel/UCQDSjWHn0tvkuVZav4jZnXQ,6 日前,0 回視聴,【スカッとする話】70歳を過ぎ夫と別居中の私。40年もの間、夫は冷酷だった。ある日、夫の手帳を開いた瞬間、全てを理解し涙が溢れ…【朗読】【スカッと】,https://www.youtube.com/watch?v=sn9gV9SEkus,100%
1423,【スカッとする話】亭主関白夫「明日から食費は月3000円！予算超えたら離婚だからな！」私「はーい、後悔しないでね？」夫「しねぇよw」1ヶ月後w【朗読】【スカッと】,https://www.youtube.com/watch?v=PN93A1chfSU,17万回視聴 / 1 年前,嫁ゴコロ逆転朗読館,https://www.youtube.com/channel/UCQDSjWHn0tvkuVZav4jZnXQ,3 日前,0 回視聴,【スカッとする話】亭主関白夫「明日から食費は月3000円！予算超えたら離婚だからな！」私「はーい、後悔しないでね？」夫「しねぇよw」1ヶ月後w【朗読】【スカッと】,https://www.youtube.com/watch?v=IAQF03tIZGk,100%
1424,【スカッとする話】余命5ヶ月と診断された夫「嫁と娘に渡す遺産はない。全額愛人に相続する」私「はーい（覚悟しろよ）」娘と容赦無く制裁した結果w【朗読】【スカッと】,https://www.youtube.com/watch?v=9YYFRUPxl10,4.6万回視聴 / 1 年前,嫁ゴコロ逆転朗読館,https://www.youtube.com/channel/UCQDSjWHn0tvkuVZav4jZnXQ,3 日前,0 回視聴,【スカッとする話】余命5ヶ月と診断された夫「嫁と娘に渡す遺産はない。全額愛人に相続する」私「はーい（覚悟しろよ）」娘と容赦無く制裁した結果w【朗読】【スカッと】,https://www.youtube.com/watch?v=j-OOmUx_VyA,100%
1425,【スカッとする話】夫「3年間アメリカに赴任する」私「長すぎる！私も一緒に行く」夫「お前は家を守っててくれ」1年後、デパートで夫と妊婦を目撃→証拠を押さえ全て開示すると…w,https://www.youtube.com/watch?v=bUesKx2d9r8,2.7万回視聴 / 4 か月前,嫁ゴコロ逆転朗読館,https://www.youtube.com/channel/UCQDSjWHn0tvkuVZav4jZnXQ,8 日前,0 回視聴,【スカッとする話】夫「3年間アメリカに赴任する」私「長すぎる！私も一緒に行く」夫「お前は家を守っててくれ」1年後、デパートで夫と妊婦を目撃→証拠を押さえ全て開示すると…w,https://www.youtube.com/watch?v=gf855k-72TE,100%
1426,【スカッとする話】夫「不倫相手を好きになった…悪いが離婚してくれ」私「はーい、両親と子供連れてくね」即離婚して引越すと夫から鬼電→私（あ、もうバレたかw）【朗読】【スカッと】,https://www.youtube.com/watch?v=NoI2VSODku4,14万回視聴 / 1 年前,嫁ゴコロ逆転朗読館,https://www.youtube.com/channel/UCQDSjWHn0tvkuVZav4jZnXQ,4 日前,0 回視聴,【スカッとする話】夫「不倫相手を好きになった…悪いが離婚してくれ」私「はーい、両親と子供連れてくね」即離婚して引越すと夫から鬼電→私（あ、もうバレたかw）【朗読】【スカッと】,https://www.youtube.com/watch?v=KO_1eATdl4M,100%
1427,【スカッとする話】夫「息子夫婦から全部聞いた！」突然夫に殴られた私…。離婚届を置いて黙って家を出た半年後、とある映像が公開され夫は大後悔し…【朗読】【スカッと】,https://www.youtube.com/watch?v=MGatnbs_LMc,20万回視聴 / 1 年前,嫁ゴコロ逆転朗読館,https://www.youtube.com/channel/UCQDSjWHn0tvkuVZav4jZnXQ,5 日前,0 回視聴,【スカッとする話】夫「息子夫婦から全部聞いた！」突然夫に殴られた私…。離婚届を置いて黙って家を出た半年後、とある映像が公開され夫は大後悔し…【朗読】【スカッと】,https://www.youtube.com/watch?v=GEmFlw9hGL4,97%
1428,【スカッとする話】夫の葬儀49日後、私を追い出し義両親と同居する息子夫婦「ジジィの荷物持って出てけ」翌日、家具家電全て持って引越し家を売却し更地にし…w【朗読】【スカッと】,https://www.youtube.com/watch?v=RDPqmMx-11U,25万回視聴 / 11 か月前,嫁ゴコロ逆転朗読館,https://www.youtube.com/channel/UCQDSjWHn0tvkuVZav4jZnXQ,7 時間前,1 回視聴,【スカッとする話】夫の葬儀49日後、私を追い出し義両親と同居する息子夫婦「ジジィの荷物持って出てけ」翌日、家具家電全て持って引越し家を売却し更地にし…w【朗読】【スカッと】,https://www.youtube.com/watch?v=FYFT7WpAh2w,95%
1429,【スカッとする話】女の子を出産直後に夫「すまん、離婚しよう。お互い今が都合良いよね？」私「OK（本当にいいのかなw）」お望み通り提出すると夫が阿鼻叫喚w【朗読】【スカッと】,https://www.youtube.com/watch?v=XxAE11v62qA,2.3万回視聴 / 4 か月前,嫁ゴコロ逆転朗読館,https://www.youtube.com/channel/UCQDSjWHn0tvkuVZav4jZnXQ,10 日前,0 回視聴,【スカッとする話】女の子を出産直後に夫「すまん、離婚しよう。お互い今が都合良いよね？」私「OK（本当にいいのかなw）」お望み通り提出すると夫が阿鼻叫喚w【朗読】【スカッと】,https://www.youtube.com/watch?v=lQssednKgFk,100%
1430,【スカッとする話】新築祝い当日、親族の前で息子夫婦「祝い金たった40万って何？300万くらい包めよ貧乏人w」キレた私は仕送りと援助を停止→ついでに家を売払い更地にし…w【朗読】【スカッと】,https://www.youtube.com/watch?v=X0ymak1xUTk,6.3万回視聴 / 11 か月前,嫁ゴコロ逆転朗読館,https://www.youtube.com/channel/UCQDSjWHn0tvkuVZav4jZnXQ,19 時間前,0 回視聴,【スカッとする話】新築祝い当日、親族の前で息子夫婦「祝い金たった40万って何？300万くらい包めよ貧乏人w」キレた私は仕送りと援助を停止→ついでに家を売払い更地にし…w【朗読】【スカッと】,https://www.youtube.com/watch?v=jJ6Oj2y5sO0,100%
1431,【スカッとする話】正月、帰省の新幹線で、妊娠中の私を立ち席にした夫は「腰が痛い」と1人グリーン車へ。愛人の元へ向かったと知った私は、何も告げず新大阪で姿を消すとw【朗読】【スカッと】,https://www.youtube.com/watch?v=Lz3rc2N2XhM,4.7万回視聴 / 4 か月前,嫁ゴコロ逆転朗読館,https://www.youtube.com/channel/UCQDSjWHn0tvkuVZav4jZnXQ,6 日前,0 回視聴,【スカッとする話】正月、帰省の新幹線で、妊娠中の私を立ち席にした夫は「腰が痛い」と1人グリーン車へ。愛人の元へ向かったと知った私は、何も告げず新大阪で姿を消すとw【朗読】【スカッと】,https://www.youtube.com/watch?v=JIMx_juz-_s,100%
1432,【スカッとする話】父「もう限界だ…助けて」息子夫婦から年金と貯金を摂取されボロボロな姿で現れた。私「一緒に暮らそ」父「ええんか？涙」翌日、息子夫婦が泣き叫びw【朗読】【スカッと】,https://www.youtube.com/watch?v=FKxO2ZIWpyI,8.7万回視聴 / 1 年前,嫁ゴコロ逆転朗読館,https://www.youtube.com/channel/UCQDSjWHn0tvkuVZav4jZnXQ,4 日前,0 回視聴,【スカッとする話】父「もう限界だ…助けて」息子夫婦から年金と貯金を摂取されボロボロな姿で現れた。私「一緒に暮らそ」父「ええんか？涙」翌日、息子夫婦が泣き叫びw【朗読】【スカッと】,https://www.youtube.com/watch?v=XXmPjhkM_C8,100%
1433,【スカッとする話】父を亡くし借金生活をする私。父の鞄に入っていた通帳から延滞金20万を振り込んだ直後、玄関前の光景を見た私は絶句し…【朗読】【スカッと】,https://www.youtube.com/watch?v=XxaFsY1Peuo,2.1万回視聴 / 4 か月前,嫁ゴコロ逆転朗読館,https://www.youtube.com/channel/UCQDSjWHn0tvkuVZav4jZnXQ,7 日前,0 回視聴,【スカッとする話】父を亡くし借金生活をする私。父の鞄に入っていた通帳から延滞金20万を振り込んだ直後、玄関前の光景を見た私は絶句し…【朗読】【スカッと】,https://www.youtube.com/watch?v=f1y8iXINIsA,97%
1434,【スカッとする話】社員食堂のおばちゃんの私。男性社員「おばさんありがと！」女性社員「いつも有難う！」私「君達、今日でクビね」社員「え？」【朗読】【スカッと】,https://www.youtube.com/watch?v=a4zw-oCgHd0,31万回視聴 / 1 年前,嫁ゴコロ逆転朗読館,https://www.youtube.com/channel/UCQDSjWHn0tvkuVZav4jZnXQ,4 日前,0 回視聴,【スカッとする話】社員食堂のおばちゃんの私。男性社員「おばさんありがと！」女性社員「いつも有難う！」私「君達、今日でクビね」社員「え？」【朗読】【スカッと】,https://www.youtube.com/watch?v=wypTXZU0pOo,100%
1435,【スカッとする話】私と夫を猛烈に嫌う長男夫婦が作ったミートソースが怪しい。私（なんか動いた？）夫（だな）バレないようにこっそり長男嫁の皿と入れ替えると…w【朗読】【スカッと】,https://www.youtube.com/watch?v=0G9PzgXs2Hg,15万回視聴 / 1 年前,嫁ゴコロ逆転朗読館,https://www.youtube.com/channel/UCQDSjWHn0tvkuVZav4jZnXQ,5 日前,0 回視聴,【スカッとする話】私と夫を猛烈に嫌う長男夫婦が作ったミートソースが怪しい。私（なんか動いた？）夫（だな）バレないようにこっそり長男嫁の皿と入れ替えると…w【朗読】【スカッと】,https://www.youtube.com/watch?v=5xc2qZVS0h8,100%
1436,【スカッとする話】私の入院中に勝手に義両親を住ませる夫「お前の部屋はもうないよw」義母「荷物も捨てといたからw」娘「大丈夫よ！手は打ったから！」3日後、半狂乱の夫から鬼電がw【朗読】【スカッとする話】,https://www.youtube.com/watch?v=5NdbKUema40,9.1万回視聴 / 1 年前,嫁ゴコロ逆転朗読館,https://www.youtube.com/channel/UCQDSjWHn0tvkuVZav4jZnXQ,2 日前,0 回視聴,【スカッとする話】私の入院中に勝手に義両親を住ませる夫「お前の部屋はもうないよw」義母「荷物も捨てといたからw」娘「大丈夫よ！手は打ったから！」3日後、半狂乱の夫から鬼電がw【朗読】【スカッとする話】,https://www.youtube.com/watch?v=tjF9EMKKPek,100%
1437,【スカッとする話】親族20人の前で夫と義母。義母「月収100万の息子の寄生虫w」夫「金 目当ての最低な嫁w」私「じゃ嫁辞める」玄関から出ると→夫と義母「ギャアアア」【朗読】【スカッと】,https://www.youtube.com/watch?v=w6v4PeHPtAs,5万回視聴 / 11 か月前,嫁ゴコロ逆転朗読館,https://www.youtube.com/channel/UCQDSjWHn0tvkuVZav4jZnXQ,1 日前,1 回視聴,【スカッとする話】親族20人の前で夫と義母。義母「月収100万の息子の寄生虫w」夫「金 目当ての最低な嫁w」私「じゃ嫁辞める」玄関から出ると→夫と義母「ギャアアア」【朗読】【スカッと】,https://www.youtube.com/watch?v=pzaBjuFwzmg,100%
1438,【スカッとする話】離婚届を見せ脅してくる夫「今すぐ俺にメシ作れ！逆らったら離婚するぞ！」息子が勝手に提出すると、急に夫がガクガク震え出しw【朗読】【スカッと】,https://www.youtube.com/watch?v=vyk34qyD3O0,4万回視聴 / 4 か月前,嫁ゴコロ逆転朗読館,https://www.youtube.com/channel/UCQDSjWHn0tvkuVZav4jZnXQ,9 日前,0 回視聴,【スカッとする話】離婚届を見せ脅してくる夫「今すぐ俺にメシ作れ！逆らったら離婚するぞ！」息子が勝手に提出すると、急に夫がガクガク震え出しw【朗読】【スカッと】,https://www.youtube.com/watch?v=2eQP76-TiFo,84%
1439,【スカッと総集編】夫「息子夫婦から全部聞いた！」突然夫に殴られた私…。離婚届を置いて黙って家を出た半年後、とある映像が公開され夫は大後悔し…,https://www.youtube.com/watch?v=ASyRO03-Tgo,6万回視聴 / 9 か月前,嫁ゴコロ逆転朗読館,https://www.youtube.com/channel/UCQDSjWHn0tvkuVZav4jZnXQ,5 日前,0 回視聴,【スカッとする話】夫「息子夫婦から全部聞いた！」突然夫に殴られた私…。離婚届を置いて黙って家を出た半年後、とある映像が公開され夫は大後悔し…【朗読】【スカッと】,https://www.youtube.com/watch?v=GEmFlw9hGL4,97%
1440,【スカッと】母と不倫し隠し子を連れて来た夫「娘はやるから離婚して出てけw」母「あなたの分まで幸せになるわねw」娘「離婚は無理だよ？だって…」直後、二人は顔面硬直し…w,https://www.youtube.com/watch?v=6JjbbQV4Hhs,2万回視聴 / 2 年前,嫁姑問題,https://www.youtube.com/channel/UCZFgHjLXUwUtXP1l70aZ8Bw,1 年前,0 回視聴,【スカッと】母と不倫し隠し子を連れて来た夫「娘はやるから離婚して出てけw」母「あなたの分まで幸せになるわねw」娘「離婚は無理だよ？だって…」直後、二人は顔面硬直し,https://www.youtube.com/watch?v=NpISGfixwZU,100%
1441,【スカッと】知らない女に突然殴られ夫が経営する会社へ…私「社長を呼んで下さい…」社員「そんな人いませんが？」私「え？」実は…,https://www.youtube.com/watch?v=5g57IhR1lIE,3.6万回視聴 / 2 年前,嫁姑問題,https://www.youtube.com/channel/UCZFgHjLXUwUtXP1l70aZ8Bw,1 年前,0 回視聴,【スカッと】知らない女に突然殴られ夫が経営する会社へ…私「社長を呼んで下さい…」社員「そんな人いませんが？」私「え？」実は…,https://www.youtube.com/watch?v=nemzU5ZooQc,100%
1442,【スカッとする話】娘の結婚式当日、婿と義両親が来ない…私「式始まったわよ！今どこ？」婿「母さんと沖縄旅行中w式延期でw」キレた夫は家を売り払い婿をクビに→帰る場所を全て消した結果w,https://www.youtube.com/watch?v=khRebn7y2f8,9万回視聴 / 2 年前,嫁姑問題,https://www.youtube.com/channel/UCZFgHjLXUwUtXP1l70aZ8Bw,1 年前,0 回視聴,【スカッとする話】娘の結婚式当日、婿と義両親が来ない…私「式始まったわよ！今どこ？」婿「母さんと沖縄旅行中w式延期でw」キレた夫は家を売り払い婿をクビに→帰る場所を全て消した結果,https://www.youtube.com/watch?v=g4theYR3iHs,100%
1443,【スカッとする話】長男が他界した途端に夫「未亡人の長男嫁と結婚する。お前は離婚して出てけｗ」私「いいよ！はい離婚届！」1週間後、半狂乱の夫から鬼電がw,https://www.youtube.com/watch?v=YuKT2ln-BFI,5.2万回視聴 / 2 年前,嫁姑問題,https://www.youtube.com/channel/UCZFgHjLXUwUtXP1l70aZ8Bw,1 年前,0 回視聴,【スカッとする話】長男が他界した途端に夫「未亡人の長男嫁と結婚する。お前は離婚して出てけｗ」私「いいよ！はい離婚届！」1週間後、半狂乱の夫から鬼電が,https://www.youtube.com/watch?v=lW8YFXNwqS8,100%
1444,【スカッとする話】夫の出張中、オウムを任された私。何気なくオウムに話しかけると、オウム「嫁にはバレてないよ」不審に思い夫の部屋を開けた。→直後、私は顔面蒼白に…【朗読ドラマ】【朗読】【スカッと】,https://www.youtube.com/watch?v=hi2PAohyTkU,2万回視聴 / 8 日前,嫁子の逆転朗読劇場【スカッと物語】,https://www.youtube.com/channel/UCqrk4gfB7SAhYKnyK39vAdg,6 日前,3回視聴,【スカッとする話】夫の出張中、オウムを任された私。何気なくオウムに話しかけると、オウム「嫁にはバレてないよ」不審に思い夫の部屋を開けた。→直後、私は顔面蒼白に…【朗読ドラマ】【朗読】【スカッと,https://www.youtube.com/watch?v=8TtMycXvCVE,96%
1445,【スカッとする話】娘の葬儀に愛人を連れてきた婿「最期に間に合わなくて残念w」愛人「遺産2億は私達が相続ねw」私「…ですってw」夫「助かるなw」愛人「え？」実はw【朗読ドラマ】【朗読】【スカッと】,https://www.youtube.com/watch?v=IsPanDg1vH0,2.8万回視聴 / 2 週間前,嫁子の逆転朗読劇場【スカッと物語】,https://www.youtube.com/channel/UCqrk4gfB7SAhYKnyK39vAdg,1 日前,2回視聴,【スカッとする話】娘の葬儀に愛人を連れてきた婿「最期に間に合わなくて残念w」愛人「遺産2億は私達が相続ねw」私「…ですってw」夫「助かるなw」愛人「え？」実はw【朗読ドラマ】【朗読】【スカッと,https://www.youtube.com/watch?v=cTcHDCr-aQ4,96%
1446,【スカッとする話】毎月30万仕送りを続けたのに、帰国すると娘が毎日お粥生活。私「30万送ってたよね？」娘「私は1円も見てないよ」→なぜか義母が慌て出し…w【朗読ドラマ】【朗読】【スカッと】,https://www.youtube.com/watch?v=HFQiOY1EIYg,2.6万回視聴 / 10 日前,嫁子の逆転朗読劇場【スカッと物語】,https://www.youtube.com/channel/UCqrk4gfB7SAhYKnyK39vAdg,2 日前,0 回視聴,【スカッとする話】毎月30万仕送りを続けたのに、帰国すると娘が毎日お粥生活。私「30万送ってたよね？」娘「私は1円も見てないよ」→なぜか義母が慌て出し…w【朗読ドラマ】【朗読】【スカッと,https://www.youtube.com/watch?v=iX5Kwmhd4Wg,89%
1447,【スカッとする話】結婚式をドタキャンした妹の代わりに、田舎の大工と結婚させられた私。私「バイトして生活費入れるね」夫「必要ないよ！だって…」翌日、半狂乱の妹が自宅に来てw【朗読ドラマ】【スカッと】,https://www.youtube.com/watch?v=eFu4Ak6nNYo,2.8万回視聴 / 12 日前,嫁子の逆転朗読劇場【スカッと物語】,https://www.youtube.com/channel/UCqrk4gfB7SAhYKnyK39vAdg,2 日前,0 回視聴,【スカッとする話】結婚式をドタキャンした妹の代わりに、田舎の大工と結婚させられた私。私「バイトして生活費入れるね」夫「必要ないよ！だって…」翌日、半狂乱の妹が自宅に来てw【朗読ドラマ】【スカッ,https://www.youtube.com/watch?v=Y6q_6VixOC0,97%
1448,【スカッとする話】義両親が我が家に居座り1ヶ月。義両親「水漏れが酷くて…」私「なら業者呼びますね」義両親「や、やめてくれ！」なぜか2人が慌て出しw【朗読ドラマ】【朗読】【スカッと】,https://www.youtube.com/watch?v=WimfKEqUSmI,2.8万回視聴 / 2 週間前,嫁子の逆転朗読劇場【スカッと物語】,https://www.youtube.com/channel/UCqrk4gfB7SAhYKnyK39vAdg,1 日前,0 回視聴,【スカッとする話】義両親が我が家に居座り1ヶ月。義両親「水漏れが酷くて…」私「なら業者呼びますね」義両親「や、やめてくれ！」なぜか2人が慌て出しw【朗読ドラマ】【朗読】【スカッと】,https://www.youtube.com/watch?v=rq_F0Edchno,84%
1449,【スカッとする話】通院費1万すら拒絶した息子夫婦「年金から払えば？w」翌日、家の名義を変え姿を消すと、大号泣の2人から大量着信が…w【朗読ドラマ】【朗読】【スカッと】,https://www.youtube.com/watch?v=DEqKKzP1pB4,2.1万回視聴 / 2 週間前,嫁子の逆転朗読劇場【スカッと物語】,https://www.youtube.com/channel/UCqrk4gfB7SAhYKnyK39vAdg,13 時間前,0 回視聴,【スカッとする話】通院費1万すら拒絶した息子夫婦「年金から払えば？w」翌日、家の名義を変え姿を消すと、大号泣の2人から大量着信が…w【朗読ドラマ】【朗読】【スカッと】,https://www.youtube.com/watch?v=uJY49GB3YLY,100%
1450,【スカッと】単身赴任の夫の家へサプライズで行くと記入済みの離婚届が...私「お望み通り提出するか」速攻で提出して携帯解約し家を売却して海外移住した結果w,https://www.youtube.com/watch?v=jcLkESG2h5U,4.7万回視聴 / 2 年前,孤独な心,https://www.youtube.com/channel/UCSNdJwT8r-r8xVDRxs6utlw,1 年前,30回視聴,【スカッと】単身赴任の夫の家へサプライズで行くと記入済みの離婚届が…私「お望み通り提出してやるか」速攻で提出して携帯解約し家を売却して海外移住した結果w【修羅場】,https://www.youtube.com/watch?v=7FQvCeZuF34,97%
1451,【スカッとする話】1億のピアノがある金持ち自慢の婚約者の実家へ結婚挨拶に行くと、婚約者「俺達の家政婦連れてきたよw」義父「貧乏な顔w親の顔が見たいw」父「どうも、家政婦の父です」,https://www.youtube.com/watch?v=a5lS8StIZwA,17万回視聴 / 2 年前,孤独な心,https://www.youtube.com/channel/UCSNdJwT8r-r8xVDRxs6utlw,1 年前,36回視聴,【スカッと】1億のピアノがある金持ち自慢の婚約者の実家へ結婚挨拶に行くと、婚約者「俺達の家政婦連れてきたよw」義父「貧乏な顔w親の顔が見たいw」父「どうも、家政婦の父です」【修羅場】,https://www.youtube.com/watch?v=q2hewcZaBVw,100%
1452,【スカッとする話】夫と義両親から13年間も嫌われ続けた私。ある日、離婚届を置いて引っ越すと、ボロボロの夫と義両親から鬼電が→私（やっと気づいたかw）実は...,https://www.youtube.com/watch?v=Wk9S9SoTHxU,9.2万回視聴 / 3 年前,孤独な心,https://www.youtube.com/channel/UCSNdJwT8r-r8xVDRxs6utlw,11 か月前,2回視聴,【スカッと】夫と義両親から13年間も嫌われ続けた私。ある日、私は離婚届をそっと置いて引っ越すと、ボロボロの夫と義両親から鬼電→私（やっと気づいたのねw）実は…,https://www.youtube.com/watch?v=9F31FqrD7SY,93%
1453,【スカッとする話】夫の連れ子の出産祝いに行くと、連れ子「ババァは戸籍上は他人w赤ちゃん触るなら1回30万払えw」夫「...帰るか」私「うん」速攻で帰宅→永遠に他人扱いした結果w,https://www.youtube.com/watch?v=iWpWDCY4L5o,10万回視聴 / 2 年前,孤独な心,https://www.youtube.com/channel/UCSNdJwT8r-r8xVDRxs6utlw,1 年前,166回視聴,【スカッと】夫の連れ子の出産祝いに行くと、連れ子「ババアは戸籍上は他人w赤ちゃんに触るなら1回30万払えw」夫「帰るか…」私「うん…」速攻で帰宅→永遠に他人扱いした結果w【修羅場】,https://www.youtube.com/watch?v=moZp7T4kQiY,98%
1454,【スカッとする話】夫を略奪した姉から結婚式の招待状が届くと、父「母さんと2人で行くよ」母「地獄を見せてくるわね」普段温厚な両親がこの後...w,https://www.youtube.com/watch?v=g4FVXeIsDTQ,14万回視聴 / 2 年前,孤独な心,https://www.youtube.com/channel/UCSNdJwT8r-r8xVDRxs6utlw,1 年前,17回視聴,【スカッと】夫を略奪した姉から結婚式の招待状が届くと、父「母さんと2人で行くよ」母「地獄を見せてくるわね」普段温厚な両親がこの後…w【修羅場】,https://www.youtube.com/watch?v=u1GSjSJh3R0,100%
1455,【スカッとする話】婚約者を略奪した親友から結婚式の招待状が届くと、長男「嫁と2人で行ってくる」長男嫁「盛大に暴れてきます」普段温厚な長男夫婦が...w,https://www.youtube.com/watch?v=mLYItA9m_XY,9.8万回視聴 / 2 年前,孤独な心,https://www.youtube.com/channel/UCSNdJwT8r-r8xVDRxs6utlw,1 年前,75回視聴,【スカッと】私の婚約者を略奪した親友から結婚式の招待状が届くと、長男「嫁と2人で行ってくる」長男嫁「盛大に暴れてきますねw」普段温厚な長男夫婦が…w【修羅場】,https://www.youtube.com/watch?v=YF2IV7HPkzE,97%
1456,【スカッとする話】愛人と隠し子を連れ帰宅した夫「息子はお前にやる！離婚だ！」息子「母さんとは離婚出来ないよ？だって...」息子の衝撃の一言で夫と愛人が半狂乱にw,https://www.youtube.com/watch?v=E6hGGRc68uY,15万回視聴 / 2 年前,孤独な心,https://www.youtube.com/channel/UCSNdJwT8r-r8xVDRxs6utlw,1 年前,277回視聴,【スカッと】愛人と隠し子を連れ帰宅した夫「息子はお前にやる!!離婚だ!!」息子「母さんとは離婚出来ないよ？だって父さんは…」息子の衝撃の一言で夫と愛人が半狂乱にw【修羅場】,https://www.youtube.com/watch?v=yoGWOJzJZ4c,97%
1457,【スカッとする話】母の葬儀中に夫から電話「親戚の集まりなのにサボるな！親の葬儀とか知るか今すぐ来い」私「分かりました」喪服のまま駆け付けた結果ｗ,https://www.youtube.com/watch?v=wdxUcG1tem8,20万回視聴 / 2 年前,孤独な心,https://www.youtube.com/channel/UCSNdJwT8r-r8xVDRxs6utlw,1 年前,0 回視聴,【スカッと】母の葬儀中に夫から電話「親戚達の集まりなのにサボるな!!親の葬儀とか知るか今すぐ来い」私「分かりました」喪服のまま駆け付け吊し上げた結果w【修羅場】,https://www.youtube.com/watch?v=gDGJSEnL7xI,96%
1458,【スカッとする話】私が役員報酬で家計を支えていると知らず夫を略奪し引越した愛人。愛人「家政婦で良いなら住所教えるよw」私「じゃ時給780円の夫とは離婚で」愛人「寝言は寝て言えw」結果w,https://www.youtube.com/watch?v=7BkfeUd5plU,7.6万回視聴 / 2 年前,孤独な心,https://www.youtube.com/channel/UCSNdJwT8r-r8xVDRxs6utlw,1 年前,32回視聴,【スカッと】私が役員報酬で家計を支えていると知らず夫を略奪し引越した愛人。愛人「家政婦で良いなら住所教えるよw」私「じゃ時給800円の夫とは離婚で」結果w【修羅場】,https://www.youtube.com/watch?v=sc4XrMs0COk,92%
1459,【スカッとする話】私が義母の入院費を払ってると知らず新居に引っ越した夫「寄生虫は施設でもいけw」1億の高級施設に引越し入院費の支払も止めた結果w,https://www.youtube.com/watch?v=hRCh_bWpcgg,10万回視聴 / 2 年前,孤独な心,https://www.youtube.com/channel/UCSNdJwT8r-r8xVDRxs6utlw,1 年前,246回視聴,【スカッと】私が義母の入院費を払ってると知らず新居に引っ越した夫「寄生虫は施設でもいけw」1億の高級施設に引越し入院費の支払も止めた結果w【修羅場】,https://www.youtube.com/watch?v=sRZrxPLurEk,100%
1460,【スカッとする話】私が資産170億の不動産王と知らず私から夫を奪った美人な姉「生活保護でも貰え貧乏人w」後日、示談交渉で弁護士が大爆笑→弁護士「生活保護はアナタでは？w」姉「え？」実は...,https://www.youtube.com/watch?v=y8ReyKKeUUQ,10万回視聴 / 2 年前,孤独な心,https://www.youtube.com/channel/UCSNdJwT8r-r8xVDRxs6utlw,1 年前,32回視聴,【スカッと】私が資産170億の不動産王と知らず私から夫を奪った美人な姉「生活保護でも貰え貧乏人w」後日、示談交渉で弁護士が大爆笑→弁護士「生活保護はアナタでは？w」姉「え？」実は…,https://www.youtube.com/watch?v=KqQ7dijW-dg,100%
1461,【スカッとする話】自ら命を絶った夫が亡くなり1週間後、私宛に夫から手紙が届いた...手紙「両親に見つからず読んでくれ」そこに記された場所に行き同封の鍵でコインロッカーを開けると...,https://www.youtube.com/watch?v=9kcEIi88egw,23万回視聴 / 2 年前,孤独な心,https://www.youtube.com/channel/UCSNdJwT8r-r8xVDRxs6utlw,1 年前,88回視聴,【スカッと】自ら命を絶った夫が亡くなり1週間後、私宛に夫から手紙が届いた…手紙「両親に見つからず読んでくれ」そこに記された場所に行き同封の鍵でコインロッカーを開けると【修羅場】,https://www.youtube.com/watch?v=Fjeq6bUienk,100%
1462,【スカッとする話】親友の出産祝いで産婦人科へ行くと新生児の父親がまさかの夫だった...。私「おめでと！赤ちゃん可愛いね！」速攻で帰宅し夫の荷物を全て捨て、家を売り払い引越した結果w,https://www.youtube.com/watch?v=7Pz5jiUvSnQ,5万回視聴 / 2 年前,孤独な心,https://www.youtube.com/channel/UCSNdJwT8r-r8xVDRxs6utlw,1 年前,78回視聴,【スカッとする話】親友の出産祝いで産婦人科へ行くと新生児の父親がまさかの夫だった…私「おめでと!!赤ちゃん可愛いね!!」速攻で帰宅し夫の荷物を全て捨て、家を売り払い引越した結果w【修羅場】,https://www.youtube.com/watch?v=fwHuJKATGww,100%
1463,【スカッとする話】長男夫婦に初孫が生まれ出産祝いに行くと長男嫁「二人は汚いので床でいいですか？w」長男「ジジババは段ボールの上でw」夫「...帰るか」私「うん」速帰宅し→永久に無視した結果w,https://www.youtube.com/watch?v=Y2GawdK7Q9E,10万回視聴 / 2 年前,孤独な心,https://www.youtube.com/channel/UCSNdJwT8r-r8xVDRxs6utlw,1 年前,283回視聴,【スカッと】長男夫婦に初孫が生まれ出産祝いに行くと長男嫁「お二人は汚いので床でいいですか？w」長男「ジジババは段ボールの上でw」夫「帰るか…」私「うん」速帰宅し→永久に無視した結果,https://www.youtube.com/watch?v=9o7-zgVgrkQ,99%
1464,【スカッとする話】高熱で病院へ行く娘を降ろし義両親とのハワイ旅行に行った夫「病院は歩いて行けるだろw」2時間後、半狂乱の夫から鬼電→夫「た、助けて下さい！」,https://www.youtube.com/watch?v=UiZsY3yFtBw,11万回視聴 / 2 年前,孤独な心,https://www.youtube.com/channel/UCSNdJwT8r-r8xVDRxs6utlw,11 か月前,2回視聴,【スカッと】高熱で病院へ行く娘を降ろし義両親とのハワイ旅行に行った夫「病院は歩いて行けるだろw」3時間後、半狂乱の夫から鬼電→夫「た、助けて下さい！」,https://www.youtube.com/watch?v=QnaVtzhMSO4,98%
1465,【スカッとする話】私が夫の入院費を払ってると知らず私の荷物を全て捨てた夫の連れ子「もうパパに寄生するなw」連れ子を残し1億のタワマンに引越し入院費の支払いも止めた結果w,https://www.youtube.com/watch?v=JaGjTAkTfxQ,30万回視聴 / 2 年前,安藤 美咲,https://www.youtube.com/channel/UCPrQTgE9M5Pvy701_CGileQ,3 週間前,686回視聴,私が夫の入院費を払ってると知らず私の荷物を全て捨てた夫の連れ子「もうパパに寄生するなw」→連れ子を残し1億のタワマンに引っ越し入院費の支払いも止めた結果ｗ,https://www.youtube.com/watch?v=0RJQUhF4yEQ,99%
1466,【スカッとする話】夫と義両親から13年間も嫌われ続けた私。ある日、離婚届を置いて引っ越すと、ボロボロの夫と義両親から鬼電が→私（やっと気づいたかw）実は...,https://www.youtube.com/watch?v=Wk9S9SoTHxU,9.2万回視聴 / 3 年前,宝哥,https://www.youtube.com/channel/UCMMkTvNfuUk8VFt4BpTylYA,3 週間前,0 回視聴,夫と義両親から13年間も嫌われ続けた私。ある日、私は離婚届をそっと置いて引っ越すと、ボロボロの夫と義両親から鬼電→私（やっと気づいたのねw）実は…,https://www.youtube.com/watch?v=Lz4oas-0o2g,93%
1467,【スカッとする話】自ら命を絶った夫が亡くなり1週間後、私宛に夫から手紙が届いた...手紙「両親に見つからず読んでくれ」そこに記された場所に行き同封の鍵でコインロッカーを開けると...,https://www.youtube.com/watch?v=9kcEIi88egw,23万回視聴 / 2 年前,宝哥,https://www.youtube.com/channel/UCMMkTvNfuUk8VFt4BpTylYA,4 週間前,0 回視聴,自ら命を絶った夫が亡くなり1週間後、私宛に夫から手紙が届いた…手紙「両親に見つからず読んでくれ」そこに記された場所に行き同封の鍵でコインロッカーを開けると,https://www.youtube.com/watch?v=hvWVwpqjwYw,100%
1468,【スカッとする話】毎日9時間義母の介護で倒れた私に夫「介護すらできないなら離婚wこれからは愛人に任せるw」私「いいけど後悔しない？」夫「しねぇよw」1週間後w【朗読】【スカッと】,https://www.youtube.com/watch?v=9TulrMzmHr8,5.7万回視聴 / 9 か月前,実話感動チャンネル,https://www.youtube.com/channel/UCekQO8WQ0udVSYSfX4Pymgw,2 か月前,"10,531回視聴",毎日9時間義母の介護で倒れた私に夫「介護すらできないなら離婚wこれからは愛人に任せるw」私「いいけど後悔しない？」夫「しねぇよw」1週間後w,https://www.youtube.com/watch?v=UajqAF_skJM,100%
1469,【スカッとする話】父を理由に夫に捨てられ5年後、若い女と子供を連れた元夫と再会。元夫「嫁はお前と違って完璧w」直後、私の新しい夫を見て、元夫がガクガク震え出しw【朗読】【スカッと】,https://www.youtube.com/watch?v=W-rW5yUgXLY,7.9万回視聴 / 1 か月前,実話感動チャンネル,https://www.youtube.com/channel/UCekQO8WQ0udVSYSfX4Pymgw,1 か月前,"1,744回視聴",父を理由に夫に捨てられ5年後、若い女と子供を連れた元夫と再会。元夫「嫁はお前と違って完璧w」直後、私の新しい夫を見て、元夫がガクガク震え出しw,https://www.youtube.com/watch?v=yHsqJO7LoCA,100%
1470,【スカッとする話】私が離婚届に署名すると、満面の笑みで大喜びする義家族。新しい嫁を迎えた1週間後、電気・ガス・水道が止まると急に義家族が焦り出しw【朗読】【スカッと】,https://www.youtube.com/watch?v=cVe3XmXeRuE,14万回視聴 / 4 か月前,実話感動チャンネル,https://www.youtube.com/channel/UCekQO8WQ0udVSYSfX4Pymgw,3 か月前,"86,189回視聴",私が離婚届に署名すると、満面の笑みで大喜びする義家族。新しい嫁を迎えた1週間後、電気・ガス・水道が止まると急に義家族が焦り出しw,https://www.youtube.com/watch?v=j59WOLZHPKk,100%
1471,【スカッとする話】結婚10年目に銀行員の夫が突然の暴露「お前の親友と結婚するw籍入れてないし財産分与は無しw」私「あれ？あんた知らないの？」夫「何がだよw」実は…,https://www.youtube.com/watch?v=Tpbu9uHiFPg,11万回視聴 / 2 年前,実話感動チャンネル,https://www.youtube.com/channel/UCekQO8WQ0udVSYSfX4Pymgw,3 か月前,"11,882回視聴",結婚10年目に銀行員の夫が突然の暴露「お前の親友と結婚するw籍入れてないし財産分与は無しw」私「あれ？あんた知らないの？」夫「何がだよw」実は…,https://www.youtube.com/watch?v=3Y0kz4vBXE4,100%
1472,【スカッとする話】義両親に蹴られ骨折した私に夫「寝かせとけば治るw」翌日、病室に嘲笑いに来た義家族「あれ、嫁は？w」医師「警察署です」義家族「え？」【朗読】【スカッと】,https://www.youtube.com/watch?v=p4pyD9SD1Tk,8.1万回視聴 / 2 か月前,実話感動チャンネル,https://www.youtube.com/channel/UCekQO8WQ0udVSYSfX4Pymgw,2 か月前,"27,912回視聴",義両親に蹴られ骨折した私に夫「寝かせとけば治るw」翌日、病室に嘲笑いに来た義家族「あれ、嫁は？w」医師「警察署です」義家族「え？」,https://www.youtube.com/watch?v=jv_tPg2W6KU,100%
1473,【スカッとする話】自ら命を絶った夫が亡くなり1週間後、私宛に夫から手紙が届いた...手紙「両親に見つからず読んでくれ」そこに記された場所に行き同封の鍵でコインロッカーを開けると...,https://www.youtube.com/watch?v=9kcEIi88egw,23万回視聴 / 2 年前,実話感動チャンネル,https://www.youtube.com/channel/UCekQO8WQ0udVSYSfX4Pymgw,2 か月前,"5,596回視聴",自ら命を絶った夫が亡くなり1週間後、私宛に夫から手紙が届いた...手紙「両親に見つからず読んでくれ」そこに記された場所に行き同封の鍵でコインロッカーを開けると...,https://www.youtube.com/watch?v=wC808VvKID0,100%
1474,【スカッとする話】警察官の弟の結婚式に出席した私。義母「中卒の姉は一族の恥ねw」直後、慌てた弟が義母に私の正体を伝えると、義母は顔面蒼白に…【朗読】【スカッと】,https://www.youtube.com/watch?v=nlS5u4pCtI0,3.8万回視聴 / 3 か月前,実話感動チャンネル,https://www.youtube.com/channel/UCekQO8WQ0udVSYSfX4Pymgw,3 か月前,"13,613回視聴",警察官の弟の結婚式に出席した私。義母「中卒の姉は一族の恥ねw」直後、慌てた弟が義母に私の正体を伝えると、義母は顔面蒼白に…,https://www.youtube.com/watch?v=qFlVMlu5W_s,97%
1475,【スカッと総集編】私の年収が2000万と知らず入院中の私を捨て愛人と再婚した夫「離婚届け出しといたｗ慰謝料として家と車は貰うｗ」私「承知しました」→3日後、半狂乱の夫から200件の鬼電がw【修羅場】,https://www.youtube.com/watch?v=sd-a4XIE7jQ,36万回視聴 / 3 年前,実話感動チャンネル,https://www.youtube.com/channel/UCekQO8WQ0udVSYSfX4Pymgw,3 か月前,"92,223回視聴",私の年収が2000万と知らず入院中の私を捨て愛人と再婚した夫「離婚届け出しといたｗ慰謝料として家と車は貰うｗ」私「承知しました」→3日後、半狂乱の夫から200件の鬼電がw,https://www.youtube.com/watch?v=XTORZQrSsvc,100%
1476,【スカッとする話】里帰り出産から帰ると、浮気夫「すまん、離婚してくれ…」愛人「金目当ての女は消えてw」私「OK（大丈夫かな？w借金1億あるけどw）」【朗読】【スカッと】,https://www.youtube.com/watch?v=cJTBStbKuvI,2.9万回視聴 / 1 か月前,実話感動チャンネル、他 2 チャンネル,,1 か月前,"4,379回視聴",里帰り出産から帰ると、浮気夫「すまん、離婚してくれ…」愛人「金目当ての女は消えて」私「OK（大丈夫かな？w借金1億あるけど）」,https://www.youtube.com/watch?v=kxUtH92Mc5Q,100%
1477,【スカッと総集編】夫が土下座「20歳の愛人が妊娠した！離婚してくれ！」私「はい離婚届け。じゃ娘以外は連れてくね」夫「は？娘も連れていけよ」私「無理、だってこの子は…」【スカッとする話】,https://www.youtube.com/watch?v=70JSyEr3ztQ,34万回視聴 / 3 年前,実話感動チャンネル、心に響く感動ストーリー,,4 か月前,"55,732回視聴",夫が土下座「20歳の愛人が妊娠した！離婚してくれ！」私「はい離婚届け。じゃ娘以外は連れてくね」夫「は？娘も連れていけよ」私「無理、だってこの子は…」,https://www.youtube.com/watch?v=QFg6FHEvF5A,100%
1478,【スカッとする話】1億のピアノがある金持ち自慢の婚約者の実家へ結婚挨拶に行くと、婚約者「俺達の家政婦連れてきたよw」義父「貧乏な顔w親の顔が見たいw」父「どうも、家政婦の父です」,https://www.youtube.com/watch?v=a5lS8StIZwA,17万回視聴 / 2 年前,宮下 結衣,https://www.youtube.com/channel/UCg8NyyF4jB-0L6WLKX_ZNpg,1 か月前,2回視聴,1億のピアノがある金持ち自慢の婚約者の実家へ結婚挨拶に行くと、婚約者「俺達の家政婦連れてきたよw」義父「貧乏な顔w親の顔が見たいw」父「どうも、家政婦の父です」,https://www.youtube.com/watch?v=kE60BQNyBsk,100%
1479,【スカッとする話】自ら命を絶った夫が亡くなり1週間後、私宛に夫から手紙が届いた...手紙「両親に見つからず読んでくれ」そこに記された場所に行き同封の鍵でコインロッカーを開けると...,https://www.youtube.com/watch?v=9kcEIi88egw,23万回視聴 / 2 年前,宮下 結衣,https://www.youtube.com/channel/UCg8NyyF4jB-0L6WLKX_ZNpg,1 か月前,18回視聴,自ら命を絶った夫が亡くなり1週間後、私宛に夫から手紙が届いた…手紙「両親に見つからず読んでくれ」そこに記された場所に行き同封の鍵でコインロッカーを開けると,https://www.youtube.com/watch?v=Tja2wt6YhoY,100%
1480,【スカッとする話】夫に不倫され離婚した当日、なぜか古いコートを預けた義母。塞がれたポケットに気づいた私は、義母の真意を知り凍りつき…【朗読】【スカッと】,https://www.youtube.com/watch?v=lXbYsN2ovgw,3.2万回視聴 / 4 か月前,家庭の奇妙な話 5498,https://www.youtube.com/channel/UCICLBxMQ_czP0_THXa5Hitg,3 週間前,1 回視聴,【スカッとする話】夫に不倫され離婚した当日、なぜか古いコートを預けた義母。塞がれたポケットに気づいた私は、義母の真意を知り凍りつき…【朗読】【スカッと】,https://www.youtube.com/watch?v=jv3ULScc57g,89%
1481,【スカッとする話】妊娠した娘が夫にお腹を殴られ、いきなり実家に逃げ帰ってきた。義母「ただの喧嘩で大袈裟なw」清掃員の私はある作戦を決行→財閥の義実家は地獄へw【朗読】【スカッと】,https://www.youtube.com/watch?v=JCzNnEHSMJ0,2.6万回視聴 / 5 か月前,家庭の奇妙な話 5498,https://www.youtube.com/channel/UCICLBxMQ_czP0_THXa5Hitg,1 か月前,2回視聴,【スカッとする話】妊娠した娘が夫にお腹を殴られ、いきなり実家に逃げ帰ってきた。義母「ただの喧嘩で大袈裟なw」清掃員の私はある作戦を決行→財閥の義実家は地獄へw【朗読】【スカッと】,https://www.youtube.com/watch?v=8ymoYdIOFNs,91%
1482,【スカッとする話】真冬なのに暖房をつけない母。私「もっと仕送り増やすね」母「仕送り？知らないけど」不審に思い口座を作り替えると、なぜか義家族の態度が一変しw【朗読】【スカッと】,https://www.youtube.com/watch?v=zK9pneFb-30,10万回視聴 / 5 か月前,家庭の奇妙な話 5498,https://www.youtube.com/channel/UCICLBxMQ_czP0_THXa5Hitg,4 週間前,0 回視聴,【スカッとする話】真冬なのに暖房をつけない母。私「もっと仕送り増やすね」母「仕送り？知らないけど」不審に思い口座を作り替えると、なぜか義家族の態度が一変しw【朗読】【スカッと】,https://www.youtube.com/watch?v=-3P7_05AZpU,93%
1483,【スカッとする話】私を嫌う義両親が私を無視。私「おやすみ」2人「…」ハワイ旅行当日に姿を消すと鬼電。義両親「今どこ？」私「…」無視して空港に置き去りにするとw【朗読】【スカッと】,https://www.youtube.com/watch?v=VqAVQppeIsM,2万回視聴 / 1 か月前,家庭の奇妙な話 5498,https://www.youtube.com/channel/UCICLBxMQ_czP0_THXa5Hitg,3 週間前,0 回視聴,【スカッとする話】私を嫌う義両親が私を無視。私「おやすみ」2人「…」ハワイ旅行当日に姿を消すと鬼電。義両親「今どこ？」私「…」無視して空港に置き去りにするとw【朗読】【スカッと】,https://www.youtube.com/watch?v=HnMr_Hh4Jlc,100%
1484,【スカッとする話】義姉の結婚式に行くと私だけ席がなかった。義姉「お前は呼んでないけど？w」私「では帰ります」速攻帰ると、なぜか夫から鬼電がw【朗読】【スカッと】,https://www.youtube.com/watch?v=mhXa8Ll9oiQ,4.9万回視聴 / 5 か月前,家庭の奇妙な話 5498,https://www.youtube.com/channel/UCICLBxMQ_czP0_THXa5Hitg,4 週間前,2回視聴,【スカッとする話】義姉の結婚式に行くと私だけ席がなかった。義姉「お前は呼んでないけど？w」私「では帰ります」速攻帰ると、なぜか夫から鬼電がw【朗読】【スカッと】,https://www.youtube.com/watch?v=iCQMujJVyFk,100%
1485,【スカッとする話】2代目の跡取りを出産した途端、夫の不倫相手を連れてきた義母「用済みw今日で離婚よ」私は嬉しくて速攻でサイン→翌日、なぜか義母が発狂し…w【朗読】【スカッと】,https://www.youtube.com/watch?v=gPozZENHgfk,3.7万回視聴 / 5 か月前,家庭の奇妙な話 5500,https://www.youtube.com/channel/UCyECOcLVBmrEH9eCxnZtzEg,4 週間前,2回視聴,【スカッとする話】2代目の跡取りを出産した途端、夫の不倫相手を連れてきた義母「用済みw今日で離婚よ」私は嬉しくて速攻でサイン→翌日、なぜか義母が発狂し…w【朗読】【スカッと】,https://www.youtube.com/watch?v=tnP8sDLc4YQ,100%
1486,【スカッとする話】3歳の息子が緊急搬送され義母の誕生会を欠席すると、義母「普通こっち優先だろ！プレゼント持って来い」私「OK」プレゼントを贈ると義母が…w【朗読】【スカッと】,https://www.youtube.com/watch?v=yMPrqmgHsG0,1.9万回視聴 / 5 か月前,家庭の奇妙な話 5500,https://www.youtube.com/channel/UCyECOcLVBmrEH9eCxnZtzEg,3 週間前,1 回視聴,【スカッとする話】3歳の息子が緊急搬送され義母の誕生会を欠席すると、義母「普通こっち優先だろ！プレゼント持って来い」私「OK」プレゼントを贈ると義母が…w【朗読】【スカッと】,https://www.youtube.com/watch?v=es0tFTOE658,100%
1487,【スカッとする話】夫「今お姉ちゃんと旅行中w義母の葬式行けなくなったw」義姉「関わり薄かったしねw」私「他界したのはあんた達の母よ」2人「またまたw」結果w【朗読】【スカッと】,https://www.youtube.com/watch?v=AcSjq1ogI10,4万回視聴 / 4 か月前,家庭の奇妙な話 5500,https://www.youtube.com/channel/UCyECOcLVBmrEH9eCxnZtzEg,4 週間前,20回視聴,【スカッとする話】夫「今お姉ちゃんと旅行中w義母の葬式行けなくなったw」義姉「関わり薄かったしねw」私「他界したのはあんた達の母よ」2人「またまたw」結果w【朗読】【スカッと】,https://www.youtube.com/watch?v=PIJNjlUxcg0,100%
1488,【スカッとする話】娘の寝室に入り5時間出てこない義父。不審に思った私と夫が静かに扉を開けた瞬間、私たちは顔面蒼白に…【朗読】【スカッと】,https://www.youtube.com/watch?v=nmxjuOeyqQ8,2.3万回視聴 / 7 か月前,家庭の奇妙な話 5500,https://www.youtube.com/channel/UCyECOcLVBmrEH9eCxnZtzEg,3 週間前,3回視聴,【スカッとする話】娘の寝室に入り5時間出てこない義父。不審に思った私と夫が静かに扉を開けた瞬間、私たちは顔面蒼白に…【朗読】【スカッと】,https://www.youtube.com/watch?v=H1qwUEBaWy0,100%
1489,【スカッとする話】金のない私を見下しこき使う義家族。義母「還暦祝いよろしくねw」私が倒れ夫がコンビニ弁当を出すと義母「これで祝ったつもり？」夫「あぁ、絶縁祝いだ」【朗読】【スカッと】,https://www.youtube.com/watch?v=p-yN-SVW_EU,5.1万回視聴 / 3 か月前,家庭の奇妙な話 5500,https://www.youtube.com/channel/UCyECOcLVBmrEH9eCxnZtzEg,3 週間前,1 回視聴,【スカッとする話】金のない私を見下しこき使う義家族。義母「還暦祝いよろしくねw」私が倒れ夫がコンビニ弁当を出すと義母「これで祝ったつもり？」夫「あぁ、絶縁祝いだ」【朗読】【スカッと】,https://www.youtube.com/watch?v=RRXQxd7QRYA,100%
1490,【スカッとする話】離婚され家から追い出された私に、風呂敷包みを投げつけてきた義母。義母「2度と戻ってくるな！」包みをそっと開け確認すると私はガクガク震え出し…【朗読】【スカッと】,https://www.youtube.com/watch?v=qZBxAv0kVdk,4万回視聴 / 7 か月前,家庭の奇妙な話 5500,https://www.youtube.com/channel/UCyECOcLVBmrEH9eCxnZtzEg,3 週間前,3回視聴,【スカッとする話】離婚され家から追い出された私に、風呂敷包みを投げつけてきた義母。義母「2度と戻ってくるな！」包みをそっと開け確認すると私はガクガク震え出し…【朗読】【スカッと】,https://www.youtube.com/watch?v=_Z526PBZhsE,100%
1491,【スカッと総集編】夫「離婚してください…もう限界…。老いたババァと一緒は無理だ…」私「はい離婚届。義母の介護よろしくね」即離婚して引越すと半狂乱の夫から鬼電→携帯解約し永久に無視した結果w,https://www.youtube.com/watch?v=Dun9vulx3CM,5.3万回視聴 / 1 年前,家庭の奇妙な話 5500,https://www.youtube.com/channel/UCyECOcLVBmrEH9eCxnZtzEg,3 週間前,1 回視聴,【スカッと総集編】夫「離婚してください…もう限界…。老いたババァと一緒は無理だ…」私「はい離婚届。義母の介護よろしくね」即離婚して引越すと半狂乱の夫から鬼電→携帯解約し永久に無視した結果w,https://www.youtube.com/watch?v=0dvxhROmI98,100%
1492,【スカッとする話】元義母「二世帯住宅建てたw来月から家賃30万お願いw」私「離婚したから払いませんが？」元義母「嘘おっしゃいw」結果w【朗読】【スカッと】,https://www.youtube.com/watch?v=kSqGwQPxtec,2.8万回視聴 / 4 か月前,家庭の嵐 5499,https://www.youtube.com/channel/UC6XQp0Ks_jrLEbxFGN-0FIQ,4 週間前,29回視聴,【スカッとする話】元義母「二世帯住宅建てたw来月から家賃30万お願いw」私「離婚したから払いませんが？」元義母「嘘おっしゃいw」結果w【朗読】【スカッと】,https://www.youtube.com/watch?v=U2djWASCO-w,100%
1493,【スカッとする話】夫と離婚してから8日後、VIP病室に入院した義母から電話。義母「入院費払っておいてね」私「無理です。だって…」直後、義母が暴れ出し…w【朗読】【スカッと】,https://www.youtube.com/watch?v=Wobm7os3nrw,2.9万回視聴 / 5 か月前,家庭の嵐 5499,https://www.youtube.com/channel/UC6XQp0Ks_jrLEbxFGN-0FIQ,3 週間前,6回視聴,【スカッとする話】夫と離婚してから8日後、VIP病室に入院した義母から電話。義母「入院費払っておいてね」私「無理です。だって…」直後、義母が暴れ出し…w【朗読】【スカッと】,https://www.youtube.com/watch?v=Ub0OaOrk6c4,100%
1494,【スカッとする話】夫の葬儀2日後に豹変した義父「嫁は物置で食事しろw」義母「納豆以外食わせないw」しかし納豆のパックを開けると、なぜか中には5万円が…【朗読】【スカッと】,https://www.youtube.com/watch?v=M0pHpjAezxk,1.7万回視聴 / 4 か月前,家庭の嵐 5499,https://www.youtube.com/channel/UC6XQp0Ks_jrLEbxFGN-0FIQ,1 か月前,114回視聴,【スカッとする話】夫の葬儀2日後に豹変した義父「嫁は物置で食事しろw」義母「納豆以外食わせないw」しかし納豆のパックを開けると、なぜか中には5万円が…【朗読】【スカッと】,https://www.youtube.com/watch?v=AiuFrcNZyzE,100%
1495,【スカッとする話】義母にお腹を蹴られ流産した私。義母「たまたまだろw泣くな」ある映像を警察に提出すると、今度は義母が号泣の展開に…w【朗読】【スカッと】,https://www.youtube.com/watch?v=5RdQqzl3mpI,3.1万回視聴 / 5 か月前,家庭の嵐 5499,https://www.youtube.com/channel/UC6XQp0Ks_jrLEbxFGN-0FIQ,4 週間前,19回視聴,【スカッとする話】義母にお腹を蹴られ流産した私。義母「たまたまだろw泣くな」ある映像を警察に提出すると、今度は義母が号泣の展開に…w【朗読】【スカッと】,https://www.youtube.com/watch?v=aaaxYsvoVcA,100%
1496,【スカッとする話】自分が一家の大黒柱と勘違いしてる夫「旦那様に逆らう気？w」義母「お荷物は出てけw」お望み通り家具家電全てまとめて出ていった結果w【朗読】【スカッと】,https://www.youtube.com/watch?v=n2erPUlbO30,2.3万回視聴 / 7 か月前,家庭の嵐 5499,https://www.youtube.com/channel/UC6XQp0Ks_jrLEbxFGN-0FIQ,3 週間前,54回視聴,【スカッとする話】自分が一家の大黒柱と勘違いしてる夫「旦那様に逆らう気？w」義母「お荷物は出てけw」お望み通り家具家電全てまとめて出ていった結果w【朗読】【スカッと】,https://www.youtube.com/watch?v=FJMINWuQ-zY,100%
1497,【スカッと総集編】お盆に義実家へ帰省するといつものように奴隷扱いの私に、3年ぶりに海外から帰国した義父「あれ？嫁のご飯だけ無いよ？」私「いつもの事なので」義父「は？」【スカッとする話】【修羅場】,https://www.youtube.com/watch?v=mLLpWbZSgEw,9.2万回視聴 / 3 年前,家庭の嵐 5499,https://www.youtube.com/channel/UC6XQp0Ks_jrLEbxFGN-0FIQ,3 週間前,44回視聴,【スカッと総集編】お盆に義実家へ帰省するといつものように奴隷扱いの私に、3年ぶりに海外から帰国した義父「あれ？嫁のご飯だけ無いよ？」私「いつもの事なので」義父「は？」【スカッとする話】【修羅場】,https://www.youtube.com/watch?v=dwxkDYzV894,100%
1498,【スカッとする話】7年の嫁いびりが限界で離婚すると義父「お邪魔虫が消えるとさw」義母「戻る家なくて可哀想w」私「家ないのはお前たちな」義両親「笑わせるなw」→結果w【朗読】【スカッと】,https://www.youtube.com/watch?v=MYS2-Y0q_tY,4.1万回視聴 / 4 か月前,家庭の暗部 5501,https://www.youtube.com/channel/UC-jALC7AUPbklHK5bcnF8qg,4 週間前,19回視聴,【スカッとする話】7年の嫁いびりが限界で離婚すると義父「お邪魔虫が消えるとさw」義母「戻る家なくて可哀想w」私「家ないのはお前たちな」義両親「笑わせるなw」→結果w【朗読】【スカッと】,https://www.youtube.com/watch?v=8C3lo3YaKo4,100%
1499,【スカッとする話】夜勤から帰ると私の部屋がない…夫「今日からママの部屋にするw」義母「嫁はリビングで寝てねw」キレた私は家を売り払い、黙って引っ越し姿を消すとw【朗読】【スカッと】,https://www.youtube.com/watch?v=F0tT9OCTn2M,3.8万回視聴 / 5 か月前,家庭の暗部 5501,https://www.youtube.com/channel/UC-jALC7AUPbklHK5bcnF8qg,4 週間前,9回視聴,【スカッとする話】夜勤から帰ると私の部屋がない…夫「今日からママの部屋にするw」義母「嫁はリビングで寝てねw」キレた私は家を売り払い、黙って引っ越し姿を消すとw【朗読】【スカッと】,https://www.youtube.com/watch?v=S66Lv6fdmYQ,100%
1500,【スカッとする話】結婚して1年経っても、給料60万を義母に渡し続ける夫「金目当てで結婚したのか？wあざとい女は出ていけw」私「出ていくのはあなたよwだって…」実はw【朗読】【スカッと】,https://www.youtube.com/watch?v=bsw6JC50-1s,4万回視聴 / 8 か月前,家庭の暗部 5501,https://www.youtube.com/channel/UC-jALC7AUPbklHK5bcnF8qg,3 週間前,210回視聴,【スカッとする話】結婚して1年経っても、給料60万を義母に渡し続ける夫「金目当てで結婚したのか？wあざとい女は出ていけw」私「出ていくのはあなたよwだって…」実はw【朗読】【スカッと】,https://www.youtube.com/watch?v=UaPmk4SvdhE,100%
1501,【スカッとする話】義家族に嫌われ続けた息子が他界。嫁「遺産ガッポリいただきw」義母「これで豪邸建てれるw」債権者「いえ、遺産は借金のみです」直後、2人は半狂乱にw【朗読】【スカッと】,https://www.youtube.com/watch?v=Nmv3G7TBvOw,3.8万回視聴 / 6 か月前,家庭の暗部 5501,https://www.youtube.com/channel/UC-jALC7AUPbklHK5bcnF8qg,1 か月前,7回視聴,【スカッとする話】義家族に嫌われ続けた息子が他界。嫁「遺産ガッポリいただきw」義母「これで豪邸建てれるw」債権者「いえ、遺産は借金のみです」直後、2人は半狂乱にw【朗読】【スカッと】,https://www.youtube.com/watch?v=f_Yii7KZC-w,100%
1502,【スカッと総集編】私が家族全員を養ってたと知らず新築に引越す義母「アンタの全てが気に入らないw家族だけで暮らすから消えろw」　即離婚して全名義を夫に変更→半狂乱の義母から鬼電がw,https://www.youtube.com/watch?v=29F5nZ8UXYQ,9.6万回視聴 / 1 年前,家庭の暗部 5501,https://www.youtube.com/channel/UC-jALC7AUPbklHK5bcnF8qg,3 週間前,164回視聴,【スカッと総集編】私が家族全員を養ってたと知らず新築に引越す義母「アンタの全てが気に入らないw家族だけで暮らすから消えろw」　即離婚して全名義を夫に変更→半狂乱の義母から鬼電がw,https://www.youtube.com/watch?v=TnjMQsdC-sI,100%
1503,【スカッとする話】41歳で妊娠した私とお腹の子を捨て医学部女子大生と再婚した医者の夫「21歳の若い女が妊娠したから再婚する」30年後、病院で元夫と遭遇すると娘を見た元夫は…【スカッと】【朗読】,https://www.youtube.com/watch?v=4II62hEUDk8,6.5万回視聴 / 1 年前,家庭の真実 5497,https://www.youtube.com/channel/UCqzVZHS7_AHD3WczZdnOkwg,1 日前,4回視聴,【スカッとする話】41歳で妊娠した私とお腹の子を捨て医学部女子大生と再婚した医者の夫「21歳の若い女が妊娠したから再婚する」30年後、病院で元夫と遭遇すると娘を見た元夫は…【スカッと】【朗読】,https://www.youtube.com/watch?v=BO-Ey1kyoKw,94%
1504,【スカッとする話】初孫を見に来た義両親を迎えに行くと、義母「何このボロいミニバンwハイヤーでも用意しなさいよw」私「では歩いて来てください」置き去りにして発車した結果w【朗読】,https://www.youtube.com/watch?v=JwCyMTMKqaI,2.6万回視聴 / 1 年前,家庭の真実 5497,https://www.youtube.com/channel/UCqzVZHS7_AHD3WczZdnOkwg,3 週間前,659回視聴,【スカッとする話】初孫を見に来た義両親を迎えに行くと、義母「何このボロいミニバンwハイヤーでも用意しなさいよw」私「では歩いて来てください」置き去りにして発車した結果w【朗読】,https://www.youtube.com/watch?v=HcyutJ8MibI,100%
1505,【スカッとする話】夫「お前の部屋は両親に譲る。2人を介護するから頼むな」私「はーい（何も知らないのねw）」翌日、義両親が引越してくると夫は半狂乱→私と娘は大爆笑wだって…,https://www.youtube.com/watch?v=I0YiB-VENsY,1.3万回視聴 / 1 年前,家庭の真実 5497,https://www.youtube.com/channel/UCqzVZHS7_AHD3WczZdnOkwg,2 週間前,18回視聴,【スカッとする話】夫「お前の部屋は両親に譲る。2人を介護するから頼むな」私「はーい（何も知らないのねw）」翌日、義両親が引越してくると夫は半狂乱→私と娘は大爆笑wだって…,https://www.youtube.com/watch?v=81QLY13fFF0,100%
1506,【スカッとする話】夫が出張で遠出するたび、私を実家へ帰らせる義母。義母「理由はいいから！」不審に思い静かに家に戻ると、玄関から怪しい声が聞こえ…【朗読】【スカッと】,https://www.youtube.com/watch?v=6DiHSqB63W0,4.1万回視聴 / 4 か月前,家庭の真実 5497,https://www.youtube.com/channel/UCqzVZHS7_AHD3WczZdnOkwg,4 週間前,22回視聴,【スカッとする話】夫が出張で遠出するたび、私を実家へ帰らせる義母。義母「理由はいいから！」不審に思い静かに家に戻ると、玄関から怪しい声が聞こえ…【朗読】【スカッと】,https://www.youtube.com/watch?v=Y9etLclFzxg,100%
1507,【スカッとする話】夫の他界後、9年間同居介護中の義父「家も遺産も本当の家族である娘に譲るが大丈夫だよな？」私「大丈夫です。今日で引っ越すので」義父「え？引越し？」,https://www.youtube.com/watch?v=zraWXCultxM,3万回視聴 / 1 年前,家庭の真実 5497,https://www.youtube.com/channel/UCqzVZHS7_AHD3WczZdnOkwg,8 日前,3回視聴,【スカッと総集編】夫の他界後、9年間同居介護中の義父「家も遺産も本当の家族である娘に譲るが大丈夫だよな？」私「大丈夫です。今日で引っ越すので」義父「え？引越し？」,https://www.youtube.com/watch?v=XN7h9Xoh6sQ,100%
1508,【スカッとする話】孫の合格祝いで義実家に行くと私と夫だけわさびのみだった…義兄「もらえるだけ光栄だろw」私「ありがたく頂きますね」帰宅後、悶絶し涙目の義兄が…w【朗読】【スカッと】,https://www.youtube.com/watch?v=AW46gN91lmo,1.8万回視聴 / 4 か月前,家庭の真実 5497,https://www.youtube.com/channel/UCqzVZHS7_AHD3WczZdnOkwg,4 週間前,21回視聴,【スカッとする話】孫の合格祝いで義実家に行くと私と夫だけわさびのみだった…義兄「もらえるだけ光栄だろw」私「ありがたく頂きますね」帰宅後、悶絶し涙目の義兄が…w【朗読】【スカッと】,https://www.youtube.com/watch?v=RoD3ADzOkEQ,100%
1509,【スカッとする話】息子「関係者だけで祝うからw」初孫の誕生会に義両親を参加させ、私だけ門前払いする息子夫婦。関係者ではないので家を即売却し、全連絡先を削除すると…w【朗読】【スカッと】,https://www.youtube.com/watch?v=Pok0f93sICw,2.5万回視聴 / 5 か月前,家庭の真実 5497,https://www.youtube.com/channel/UCqzVZHS7_AHD3WczZdnOkwg,3 週間前,7回視聴,【スカッとする話】息子「関係者だけで祝うからw」初孫の誕生会に義両親を参加させ、私だけ門前払いする息子夫婦。関係者ではないので家を即売却し、全連絡先を削除すると…w【朗読】【スカッと】,https://www.youtube.com/watch?v=gYaIALjBme0,89%
1510,【スカッとする話】月9万円で年金暮らしの私に長男嫁「頼られるの嫌だし絶縁でw」長男「今後一切関わらないからw」私「本当にいいのね？」長男嫁「え？」絶縁して2ヶ月後…w,https://www.youtube.com/watch?v=_m8w5ILU3u0,33万回視聴 / 1 年前,家庭の真実 5497,https://www.youtube.com/channel/UCqzVZHS7_AHD3WczZdnOkwg,6 日前,3回視聴,【スカッと総集編】月9万円で年金暮らしの私に長男嫁「頼られるの嫌だし絶縁w」長男「今後一切関わらないw」私「本当にいいのね？」長男嫁「え？,https://www.youtube.com/watch?v=3jG_zij-Yw8,90%
1511,【スカッとする話】私の車のアクセルにこっそり手を加える夫。私（知らないふりしよw）翌日、車を義両親に貸し出すと、夫「ま、待ってくれ…」実はw【朗読】【スカッと】,https://www.youtube.com/watch?v=lRIrN83xkSc,6.2万回視聴 / 2 か月前,家庭の真実 5497,https://www.youtube.com/channel/UCqzVZHS7_AHD3WczZdnOkwg,3 週間前,30回視聴,【スカッとする話】私の車のアクセルにこっそり手を加える夫。私（知らないふりしよw）翌日、車を義両親に貸し出すと、夫「ま、待ってくれ…」実はw【朗読】【スカッと】,https://www.youtube.com/watch?v=DBMjSadqY8E,100%
1512,【スカッとする話】私を捨て海外へ移住した義家族。家財も金も持ち逃げされていた。しかし、机上には土地の権利書が…こっそり内容を確認するとw【朗読】【スカッと】,https://www.youtube.com/watch?v=A4vl6ZGY-H4,3.8万回視聴 / 4 か月前,家庭の真実 5497,https://www.youtube.com/channel/UCqzVZHS7_AHD3WczZdnOkwg,1 か月前,7回視聴,【スカッとする話】私を捨て海外へ移住した義家族。家財も金も持ち逃げされていた。しかし、机上には土地の権利書が…こっそり内容を確認するとw【朗読】【スカッと】,https://www.youtube.com/watch?v=jgzpvPyiZbY,100%
1513,【スカッとする話】貯金で箱根に別荘を建てた私に義母「明日泊まりに行くわねw夫の介護もよろしくw」私「え？夫とは離婚してますが？」義母「え？」実はw【朗読】【スカッと】,https://www.youtube.com/watch?v=8CIj36Dn45g,3.5万回視聴 / 7 か月前,家庭の真実 5497,https://www.youtube.com/channel/UCqzVZHS7_AHD3WczZdnOkwg,3 週間前,371回視聴,【スカッとする話】貯金で箱根に別荘を建てた私に義母「明日泊まりに行くわねw夫の介護もよろしくw」私「え？夫とは離婚してますが？」義母「え？」実はw【朗読】【スカッと】,https://www.youtube.com/watch?v=KZ0tx1U9oac,100%
1514,【スカッとする話】車いすの義父を同居介護して11年…義父「家や遺産は全て長女に相続する」義母「手続きそろそろしないとね」私「ええ、ご自由にどうぞ。私は今から実家に帰ります」【朗読】【スカッと】,https://www.youtube.com/watch?v=IOjiCJpzGq8,24万回視聴 / 1 年前,家庭の真実 5497,https://www.youtube.com/channel/UCqzVZHS7_AHD3WczZdnOkwg,3 日前,2回視聴,【スカッとする話】車いすの義父を同居介護して11年…義父「家や遺産は全て長女に相続する」義母「手続きそろそろしないとね」私「ええ、ご自由にどうぞ。私は今から実家に帰ります」【朗読】【スカッと】,https://www.youtube.com/watch?v=kZPGHcJGA6s,94%
1515,【スカッと総集編】夫「我が家の貯金・老後資金・給料全部お袋が管理する。嫌なら離婚で」義母「あんたの小遣いは毎月300円ねw」私「じゃあ離婚で」即離婚した3日後→銀行に行った夫と義母が半狂乱にw,https://www.youtube.com/watch?v=bKqVmWX1Zx4,5.1万回視聴 / 1 年前,家庭の真実 5497,https://www.youtube.com/channel/UCqzVZHS7_AHD3WczZdnOkwg,2 週間前,959回視聴,【スカッと総集編】夫「我が家の貯金・老後資金・給料全部お袋が管理する。嫌なら離婚で」義母「あんたの小遣いは毎月300円ねw」私「じゃあ離婚で」即離婚した3日後→銀行に行った夫と義母が半狂乱にw,https://www.youtube.com/watch?v=DSDxIahlfk4,100%
1516,【スカッと総集編】夫が腕を骨折して入院。義両親「息子は嫁に折られたから被害届出したって言ってるわよ！」キレた義母が私の頬を叩いた直後、我が家へ警察が来たが連れて行かれたのは私ではなく...,https://www.youtube.com/watch?v=wN8ao7swkq0,6.7万回視聴 / 3 年前,家庭の真実 5497,https://www.youtube.com/channel/UCqzVZHS7_AHD3WczZdnOkwg,2 週間前,63回視聴,【スカッと総集編】夫が腕を骨折して入院。義両親「息子は嫁に折られたから被害届出したって言ってるわよ！」キレた義母が私の頬を叩いた直後、我が家へ警察が来たが連れて行かれたのは私ではなく...,https://www.youtube.com/watch?v=ZSY8zmZac6w,100%
1517,【スカッと総集編】夫の他界後、9年間同居介護中の義父「家も遺産も本当の家族である娘に譲るが大丈夫だよな？」私「大丈夫です。今日で引っ越すので」義父「え？引越し？」,https://www.youtube.com/watch?v=ED8m-ZWU12Y,3.4万回視聴 / 1 年前,家庭の真実 5497,https://www.youtube.com/channel/UCqzVZHS7_AHD3WczZdnOkwg,8 日前,3回視聴,【スカッと総集編】夫の他界後、9年間同居介護中の義父「家も遺産も本当の家族である娘に譲るが大丈夫だよな？」私「大丈夫です。今日で引っ越すので」義父「え？引越し？」,https://www.youtube.com/watch?v=XN7h9Xoh6sQ,100%
1518,【スカッと総集編】月9万円で年金暮らしの私に長男嫁「頼られるの嫌だし絶縁w」長男「今後一切関わらないw」私「本当にいいのね？」長男嫁「え？」【朗読】【スカッと】【スカッとする話】,https://www.youtube.com/watch?v=2jJCIGafP3k,8.7万回視聴 / 1 年前,家庭の真実 5497,https://www.youtube.com/channel/UCqzVZHS7_AHD3WczZdnOkwg,6 日前,3回視聴,【スカッと総集編】月9万円で年金暮らしの私に長男嫁「頼られるの嫌だし絶縁w」長男「今後一切関わらないw」私「本当にいいのね？」長男嫁「え？,https://www.youtube.com/watch?v=3jG_zij-Yw8,100%
1519,【スカッと総集編】私が義家族全員を養ってると知らず荷物を全て捨てた夫「いつまで俺の両親に寄生すんだ？w」私「じゃあ出て行くわ   」夫だけ残し1億のタワマンに引越した結果w,https://www.youtube.com/watch?v=jBjxiVehxnI,36万回視聴 / 3 年前,家庭の真実 5497,https://www.youtube.com/channel/UCqzVZHS7_AHD3WczZdnOkwg,2 週間前,30回視聴,【スカッと総集編】私が義家族全員を養ってると知らず荷物を全て捨てた夫「いつまで俺の両親に寄生すんだ？w」私「じゃあ出て行くわ   」夫だけ残し1億のタワマンに引越した結果w,https://www.youtube.com/watch?v=5W4pdapnt3Q,100%
1520,【スカッと総集編】義両親との同居を勝手に決めた夫「両親の引越しは済んだか？」私「うん、終わったよ！私の方も今タワマンに引越し完了した！」夫「は？」【スカッとする話】【修羅場】,https://www.youtube.com/watch?v=rb5KK3PkgaI,14万回視聴 / 3 年前,家庭の真実 5497,https://www.youtube.com/channel/UCqzVZHS7_AHD3WczZdnOkwg,2 週間前,138回視聴,【スカッと総集編】義両親との同居を勝手に決めた夫「両親の引越しは済んだか？」私「うん、終わったよ！私の方も今タワマンに引越し完了した！」夫「は？」【スカッとする話】【修羅場】,https://www.youtube.com/watch?v=5rAOt29LtjQ,100%
1521,【スカッと総集編】義実家で義母の同居介護中に浮気した夫から離婚届が速達で届いた…夫「息子・娘も離婚を望んでるってｗ」即提出して家を売り払い引越すと→半狂乱の夫達から鬼電がw【スカッと】【朗読】,https://www.youtube.com/watch?v=3vf-BW99bPI,6.9万回視聴 / 1 年前,家庭の真実 5497,https://www.youtube.com/channel/UCqzVZHS7_AHD3WczZdnOkwg,9 日前,3回視聴,【スカッと総集編】義実家で義母の同居介護中に浮気した夫から離婚届が速達で届いた…夫「息子・娘も離婚を望んでるってｗ」即提出して家を売り払い引越すと→半狂乱の夫達から鬼電がw,https://www.youtube.com/watch?v=LhrTK1y5rRI,100%
1522,【スカッと総集編】長男夫婦の新築祝いに50万用意した私を罵倒する長男嫁「300万ぐらい包めよ貧乏人w他人は家に入れませんのでw」次男夫婦にだけ毎月30万援助すると血相変えた長男嫁が家に来て…w,https://www.youtube.com/watch?v=erkxYLsHnNc,6.1万回視聴 / 1 年前,家庭の真実 5497,https://www.youtube.com/channel/UCqzVZHS7_AHD3WczZdnOkwg,2 日前,6回視聴,【スカッと総集編】長男夫婦の新築祝いに50万用意した私を罵倒する長男嫁「300万ぐらい包めよ貧乏人w他人は家に入れませんのでw」次男夫婦にだけ毎月30万援助すると血相変えた長男嫁が家に来て…w,https://www.youtube.com/watch?v=4v_s7Pl_j_4,100%
1523,【スカッとする話】熱海に庭付き一軒家を購入すると夫「ママも同居してくれるってw」義母「いや、嫁は不要よw」私「え？大丈夫なんですか？」義母「もちろんw」3日後w【朗読】【スカッと】,https://www.youtube.com/watch?v=Oi-t-EUHZVw,1.9万回視聴 / 7 か月前,家庭の裏側 5496,https://www.youtube.com/channel/UCwHwfvDS7xPfgKall1V6V2w,3 週間前,57回視聴,【スカッとする話】熱海に庭付き一軒家を購入すると夫「ママも同居してくれるってw」義母「いや、嫁は不要よw」私「え？大丈夫なんですか？」義母「もちろんw」3日後w【朗読】【スカッと】,https://www.youtube.com/watch?v=IM5deUyIY9g,100%
1524,【スカッとする話】私が早朝シフトに切り替え10年義母を介護し続けたのに、義母「別に頼んでないしwお前には遺産渡さないw」私「では明日から施設入れますね」【朗読】【スカッと】,https://www.youtube.com/watch?v=apu3YCoBeec,1.5万回視聴 / 3 か月前,家庭の裏側 5496,https://www.youtube.com/channel/UCwHwfvDS7xPfgKall1V6V2w,4 週間前,3回視聴,【スカッとする話】私が早朝シフトに切り替え10年義母を介護し続けたのに、義母「別に頼んでないしwお前には遺産渡さないw」私「では明日から施設入れますね」【朗読】【スカッと】,https://www.youtube.com/watch?v=X-aLvpk0v04,100%
1525,【スカッとする話】義両親に蹴られ骨折した私に夫「寝かせとけば治るw」翌日、病室に嘲笑いに来た義家族「あれ、嫁は？w」医師「警察署です」義家族「え？」【朗読】【スカッと】,https://www.youtube.com/watch?v=p4pyD9SD1Tk,8.1万回視聴 / 2 か月前,家庭の裏側 5496,https://www.youtube.com/channel/UCwHwfvDS7xPfgKall1V6V2w,3 週間前,24回視聴,【スカッとする話】義両親に蹴られ骨折した私に夫「寝かせとけば治るw」翌日、病室に嘲笑いに来た義家族「あれ、嫁は？w」医師「警察署です」義家族「え？」【朗読】【スカッと】,https://www.youtube.com/watch?v=ZJWLmPhnoUE,100%
1526,【スカッとする話】義姉が子供を連れて転がりこみ、一銭も払わず30日居座り続けた。義姉「何でそんな怒ってるの？w」夫「家族だし問題ないだろw」→息子の一言で2人が震え出しw【朗読】【スカッと】,https://www.youtube.com/watch?v=-qfSnxAmUYM,1.4万回視聴 / 4 か月前,家庭の裏側 5496,https://www.youtube.com/channel/UCwHwfvDS7xPfgKall1V6V2w,1 か月前,2回視聴,【スカッとする話】義姉が子供を連れて転がりこみ、一銭も払わず30日居座り続けた。義姉「何でそんな怒ってるの？w」夫「家族だし問題ないだろw」→息子の一言で2人が震え出しw【朗読】【スカッと】,https://www.youtube.com/watch?v=Bf5wz0NNMmk,100%
1527,【スカッとする話】裕福な義両親の還暦祝い当日、高級寿司店で私を嫌う義姉「金目的の貧乏人は来んなw」一同「了解。じゃあ帰るか」全員が帰り出すと義姉が慌て出しw【朗読】【スカッと】,https://www.youtube.com/watch?v=BwuYpXAl90I,2.8万回視聴 / 3 か月前,家庭の裏側 5496,https://www.youtube.com/channel/UCwHwfvDS7xPfgKall1V6V2w,4 週間前,14回視聴,【スカッとする話】裕福な義両親の還暦祝い当日、高級寿司店で私を嫌う義姉「金目的の貧乏人は来んなw」一同「了解。じゃあ帰るか」全員が帰り出すと義姉が慌て出しw【朗読】【スカッと】,https://www.youtube.com/watch?v=ogYmpeEZBo4,100%
1528,【スカッと総集編】夫が亡くなった途端、我が家を勝手に解体した義両親「今日からうちで同居しろ！嫁は家政婦にしてやるw」それを聞いた私は大爆笑→私「アンタら知らないの？」実は...,https://www.youtube.com/watch?v=yUWQozZU0zY,18万回視聴 / 2 年前,家族と孤独のあいだで5041,https://www.youtube.com/channel/UClBN3XUpKbtHTYjXYg0ZjCg,1 か月前,6回視聴,夫が亡くなった途端、我が家を勝手に解体した義両親「今日からうちで同居しろ！嫁は家政婦にしてやるw」それを聞いた私は大爆笑→私「アンタら知らないの？」実は...,https://www.youtube.com/watch?v=2wkMcVMgQ-I,100%
1529,【スカッと】同居の母が亡くなった瞬間、我が家に愛人と隠し子の荷物を運び入れた夫「ババァの家は俺が貰う！出てけ！」それを聞いた息子は大爆笑→息子「父さん、知らないの？w」,https://www.youtube.com/watch?v=pX4vNIEMmac,6.2万回視聴 / 2 年前,家族の修羅場,https://www.youtube.com/channel/UCBh3ipHGoPZMTeNkEWdf5kQ,7 か月前,0 回視聴,同居の母が亡くなった瞬間、我が家に愛人と隠し子の荷物を運び入れた夫「ババァの家は俺が貰う！出てけ！」それを聞いた息子は大爆笑→息子「父さん、知らないの？w」,https://www.youtube.com/watch?v=IP12GZnCjug,100%
1530,【スカッとする話】1億の一軒家に住む金持ち自慢の婚約者の実家へ結婚挨拶に行くと、義父「なんだ？不細工な嫁だなw」義母「親の顔が見てみたいわねw」→母「どうも、不細工の母です」義両親「え？あなたは…」,https://www.youtube.com/watch?v=AkFPFwnz6fs,5.5万回視聴 / 2 年前,家族の修羅場,https://www.youtube.com/channel/UCBh3ipHGoPZMTeNkEWdf5kQ,7 か月前,0 回視聴,1億の一軒家に住む金持ち自慢の婚約者の実家へ結婚挨拶に行くと、義父「なんだ？不細工な嫁だなw」義母「親の顔が見てみたいわねw」→母「どうも、不細工の母です」義両親,https://www.youtube.com/watch?v=hU_nHDJY2IQ,97%
1531,【スカッとする話】初孫の初節句のお祝いで料亭に行くと私だけ料理がない…長男嫁「家族の分しかないですよw」私「じゃあ他人は帰りますね。仕送り30万もやめるから」,https://www.youtube.com/watch?v=RAvd6Tel5z0,2.7万回視聴 / 1 年前,家族の修羅場,https://www.youtube.com/channel/UCBh3ipHGoPZMTeNkEWdf5kQ,7 か月前,3回視聴,初孫の初節句のお祝いで料亭に行くと私だけ料理がない…長男嫁「家族の分しかないですよw」私「じゃあ他人は帰りますね。仕送り30万もやめるから」,https://www.youtube.com/watch?v=TgQ5XyInIK4,100%
1532,【スカッとする話】月10万で年金暮らしの私に娘「頼られるの無理だし絶縁でw」娘婿「追い出されるか施設か選べw」私「じゃ追い出してみろ」娘「え？」→絶縁して1ヶ月後w,https://www.youtube.com/watch?v=cM6pI9zKvTM,3.2万回視聴 / 1 年前,家族の修羅場,https://www.youtube.com/channel/UCBh3ipHGoPZMTeNkEWdf5kQ,7 か月前,0 回視聴,月10万で年金暮らしの私に娘「頼られるの無理だし絶縁でw」娘婿「追い出されるか施設か選べw」私「じゃ追い出してみろ」娘「え？」→絶縁して1ヶ月後w,https://www.youtube.com/watch?v=s9pJpPJ4GFY,100%
1533,【スカッとする話】母が危篤になり病院へ急ぐ私に夫「他人のババァとか興味ないwてか出張中は連絡するなw」2週間後、満面の笑みで夫が帰ると→私「お義母さんの葬儀、終わったよ」,https://www.youtube.com/watch?v=XKULaOclsHw,1.9万回視聴 / 1 年前,家族の修羅場,https://www.youtube.com/channel/UCBh3ipHGoPZMTeNkEWdf5kQ,7 か月前,0 回視聴,母が危篤になり病院へ急ぐ私に夫「他人のババァとか興味ないwてか出張中は連絡するなw」2週間後、満面の笑みで夫が帰ると→私「お義母さんの葬儀、終わったよ」,https://www.youtube.com/watch?v=73K4XYt9xrc,100%
1534,【スカッとする話】私「ボーナスとミニバンが消えた！」夫「還暦祝いで母さんに譲ったw文句あるなら離婚するぞw」3日後、半狂乱の義母から鬼電→私「あんた誰？」【スカッと】【朗読】,https://www.youtube.com/watch?v=Hf2l_WByhX8,1.5万回視聴 / 1 年前,家族の修羅場,https://www.youtube.com/channel/UCBh3ipHGoPZMTeNkEWdf5kQ,7 か月前,0 回視聴,私「ボーナスとミニバンが消えた！」夫「還暦祝いで母さんに譲ったw文句あるなら離婚するぞw」3日後、半狂乱の義母から鬼電→私「あんた誰？」【スカッと】【朗読】,https://www.youtube.com/watch?v=Dw56BW6dv8A,100%
1535,【スカッとする話】私が生活費・娯楽・全てを支払っていると知らず夫と引越した長男夫婦「他人に新居は公開しませんw」私「じゃ無職の夫は離婚で」長男嫁「何ボケたことをw」結果w,https://www.youtube.com/watch?v=2rZwj4_jOq8,5.9万回視聴 / 1 年前,家族の修羅場,https://www.youtube.com/channel/UCBh3ipHGoPZMTeNkEWdf5kQ,7 か月前,3回視聴,私が生活費・娯楽・全てを支払っていると知らず夫と引越した長男夫婦「他人に新居は公開しませんw」私「じゃ無職の夫は離婚で」長男嫁「何ボケたことをw,https://www.youtube.com/watch?v=Tfo_LYKkxA4,98%
1536,【スカッと総集編】同居の母が亡くなった瞬間、我が家に愛人と隠し子の荷物を運び入れた夫「ババァの家は俺が貰う！出てけw」それを聞いた息子は大爆笑→息子「父さん、知らないの？w」,https://www.youtube.com/watch?v=Cf74Q0ied3c,9.8万回視聴 / 2 年前,家族の修羅場,https://www.youtube.com/channel/UCBh3ipHGoPZMTeNkEWdf5kQ,7 か月前,0 回視聴,同居の母が亡くなった瞬間、我が家に愛人と隠し子の荷物を運び入れた夫「ババァの家は俺が貰う！出てけ！」それを聞いた息子は大爆笑→息子「父さん、知らないの？w」,https://www.youtube.com/watch?v=IP12GZnCjug,100%
1537,【スカッとする話】私の両親が亡くなった途端、実家を勝手に解体した夫「今日から俺の家で両親と同居だ！」それを聞いた私は大爆笑→私「あんた達、知らないの？」実は...,https://www.youtube.com/watch?v=3WlCnGLe67U,55万回視聴 / 2 年前,家族の因果劇場,https://www.youtube.com/channel/UCp93z-r3zJoPEIuuOHZ3DBQ,1 か月前,38回視聴,「今日から俺の家で両親と同居だ！」私の両親が亡くなった途端、実家を勝手に解体し宣言する夫。それを聞いた私は大爆笑→私「あんた達、知らないの？」実は【シニアライフ】【60代以上の方へ】,https://www.youtube.com/watch?v=SJuU1ZhwRZ4,73%
1538,【スカッとする話】初孫のお食い初めに行くと私を無視する長男夫婦…私「おめでと！」長男・嫁「…」キレた私は家具家電を黙って捨て家を売払い更地にすると…w【朗読】【スカッと】,https://www.youtube.com/watch?v=yqCdgYsZcrQ,4.7万回視聴 / 9 か月前,家族の物語 5690,https://www.youtube.com/channel/UCQhjqoqDTXTRiRHqMKXfmJQ,2 週間前,1 回視聴,【スカッとする話】初孫のお食い初めに行くと私を無視する長男夫婦…私「おめでと！」長男・嫁「…」キレた私は家具家電を黙って捨て家を売払い更地にすると…w【朗読】【スカッと】,https://www.youtube.com/watch?v=m4GPXTiJUR8,100%
1539,【スカッとする話】年金生活で無一文の私。ある日、200万が入った封筒を拾い警察に届けると隣にいた会長夫人「あなたはもしかして…」夫人の一言で私は膝から崩れ落ち…【朗読】【スカッと】,https://www.youtube.com/watch?v=RimGqJQ_Vi0,5.6万回視聴 / 6 か月前,家族の物語 5690,https://www.youtube.com/channel/UCQhjqoqDTXTRiRHqMKXfmJQ,3 週間前,34回視聴,【スカッとする話】年金生活で無一文の私。ある日、200万が入った封筒を拾い警察に届けると隣にいた会長夫人「あなたはもしかして…」夫人の一言で私は膝から崩れ落ち…【朗読】【スカッと】,https://www.youtube.com/watch?v=fzoc6_-I0k8,100%
1540,【スカッとする話】私の年収が1000万と知らず夫と一緒に出ていった息子「毒親とは絶縁wバイバイw」私「じゃあ夫とも縁切るね」息子「勝手にどうぞw」2日後w【朗読】【スカッと】,https://www.youtube.com/watch?v=DPS_qm8jKlI,10万回視聴 / 2 か月前,家族の物語 5690,https://www.youtube.com/channel/UCQhjqoqDTXTRiRHqMKXfmJQ,4 週間前,53回視聴,【スカッとする話】私の年収が1000万と知らず夫と一緒に出ていった息子「毒親とは絶縁wバイバイw」私「じゃあ夫とも縁切るね」息子「勝手にどうぞw」2日後w【朗読】【スカッと】,https://www.youtube.com/watch?v=nEJHmk0_O44,100%
1541,【スカッとする話】私を無料託児所扱いする嫁「暇でしょ？w孫お願い」私（いいこと思いついたw）仕事が終わり戻ってきた嫁「そ、そんな…」実はw【朗読】【スカッと】,https://www.youtube.com/watch?v=zQ9RIq5rr4A,2.5万回視聴 / 4 か月前,家族の物語 5690,https://www.youtube.com/channel/UCQhjqoqDTXTRiRHqMKXfmJQ,3 週間前,64回視聴,【スカッとする話】私を無料託児所扱いする嫁「暇でしょ？w孫お願い」私（いいこと思いついたw）仕事が終わり戻ってきた嫁「そ、そんな…」実はw【朗読】【スカッと】,https://www.youtube.com/watch?v=bWZaCa0SgWs,100%
1542,【スカッとする話】車いすの義父を同居介護して11年…義父「家や遺産は全て長女に相続する」義母「手続きそろそろしないとね」私「ええ、ご自由にどうぞ。私は今から実家に帰ります」【朗読】【スカッと】,https://www.youtube.com/watch?v=IOjiCJpzGq8,24万回視聴 / 1 年前,家族の物語 5690,https://www.youtube.com/channel/UCQhjqoqDTXTRiRHqMKXfmJQ,3 週間前,5回視聴,【スカッとする話】車いすの義父を同居介護して11年…義父「家や遺産は全て長女に相続する」義母「手続きそろそろしないとね」私「ええ、ご自由にどうぞ。私は今から実家に帰ります」【朗読】【スカッと】,https://www.youtube.com/watch?v=Foe7R--HdQQ,94%
1543,【スカッとする話】夫「俺の年金は1円もやらん」40年間夫を支えてきたのに、他人のように突き放された私（もう我慢しなくていっかw）→翌日、なぜか夫が泣き叫びw【朗読】【スカッと】,https://www.youtube.com/watch?v=gqjIGgB7rlA,4万回視聴 / 4 か月前,家族の絆 5694,https://www.youtube.com/channel/UCCC3BDahc-Xj07rzwgBflew,4 週間前,403回視聴,【スカッとする話】夫「俺の年金は1円もやらん」40年間夫を支えてきたのに、他人のように突き放された私（もう我慢しなくていっかw）→翌日、なぜか夫が泣き叫びw【朗読】【スカッと】,https://www.youtube.com/watch?v=o3NTbDrEdF0,100%
1544,【スカッとする話】夫を亡くし、女手一つで息子を医者に育て上げたのに、息子「結婚式には来ないで」バレないようこっそり会場に行くと、息子の実母が現れ…【朗読】【スカッと】,https://www.youtube.com/watch?v=OTtXNVQfwMw,8.2万回視聴 / 2 か月前,家族の絆 5694,https://www.youtube.com/channel/UCCC3BDahc-Xj07rzwgBflew,3 週間前,347回視聴,【スカッとする話】夫を亡くし、女手一つで息子を医者に育て上げたのに、息子「結婚式には来ないで」バレないようこっそり会場に行くと、息子の実母が現れ…【朗読】【スカッと】,https://www.youtube.com/watch?v=R1qTtRDsJ4U,88%
1545,【スカッとする話】私「ボーナスとピアノが消えた！」夫「出産祝いで長男嫁に渡した。俺の稼いだ金だし文句ないだろ」私は離婚届を即提出→後日、パニックの長男嫁から鬼電→私「あんた誰？」長男嫁「え？」【修羅場,https://www.youtube.com/watch?v=kiUx3a37Lv4,9万回視聴 / 3 年前,家族の話,https://www.youtube.com/channel/UC5cdeySznQcijI-U7Nb0m0Q,3 年前,40回視聴,【スカッとする話】私「ボーナスとピアノが消えた！」夫「出産祝いで妹に渡した。俺の稼いだ金だし文句ないだろ」私は離婚届を即提出→後日、大慌ての嫁いびり義妹から電話。私「アンタ誰？」義妹「え？」【修羅場】,https://www.youtube.com/watch?v=b-e9soMl_jg,76%
1546,【スカッとする話】私が夫の入院費を払ってると知らず私の荷物を全て捨てた夫の連れ子「もうパパに寄生するなw」連れ子を残し1億のタワマンに引越し入院費の支払いも止めた結果w,https://www.youtube.com/watch?v=JaGjTAkTfxQ,30万回視聴 / 2 年前,寄生する義姉妹,https://www.youtube.com/channel/UCUBBw0PDhNpaMvRZsisnlZg,12 日前,0 回視聴,私が夫の入院費を払ってると知らず私の荷物を全て捨てた夫の連れ子「もうパパに寄生するなw」→連れ子を残し1億のタワマンに引っ越し入院費の支払いも止めた結果ｗ,https://www.youtube.com/watch?v=cj6jnFf4yJ8,99%
1547,【スカッとする話】40度の高熱の私から財布とクレカを奪った長男嫁「はい、氷水w帰るまでに治して下さいねｗ」バケツで氷水をかけられ気絶した…3日後、私はご機嫌に帰宅した長男嫁に...,https://www.youtube.com/watch?v=EIrAyCZzwiI,3.4万回視聴 / 3 年前,小さなコーナー,https://www.youtube.com/channel/UClsWKjOxXmWyf7DD0ygoufg,2 か月前,0 回視聴,【スカッとする話】 40度の高熱の私から財布とクレカを奪った長男嫁「はい、氷水w帰るまでに治して下さいねｗ」バケツで氷水をかけられ気絶した…3日後、私はご機嫌に帰宅した長男嫁に,https://www.youtube.com/watch?v=agfg7nO-KEY,100%
1548,【スカッとする話】夫が愛人とキャンプ中に遭難し両足骨折で入院すると夫「頼む！看病してくれ！」私「え？なんで私が？」直後、隣のベッドのカーテンが開き、私は絶叫！だってそこに居たのは…,https://www.youtube.com/watch?v=qflvRvPbGWw,11万回視聴 / 2 年前,小さなコーナー,https://www.youtube.com/channel/UClsWKjOxXmWyf7DD0ygoufg,2 か月前,0 回視聴,【スカッとする話】 夫が愛人とキャンプ中に遭難し両足骨折で入院すると夫「頼む！看病してくれ！」私「え？なんで私が？」直後、隣のベッドのカーテンが開き、私は絶叫！だってそこに居たのは…,https://www.youtube.com/watch?v=iIbeJvBv9FM,100%
1549,【スカッとする話】長男夫婦が我が家に引っ越して来て、長男「毎朝4時起きで弁当5人分作れ！」長男嫁「断ったら介護しませんよ！w」私「じゃあ私も実家に帰るわね」長男「え？実家？」【スカッと】【修羅場】,https://www.youtube.com/watch?v=ggXy5tjhARw,6.3万回視聴 / 3 年前,小さなコーナー,https://www.youtube.com/channel/UClsWKjOxXmWyf7DD0ygoufg,3 か月前,0 回視聴,【スカッとする話】 長男夫婦が我が家に引っ越して来て、長男「毎朝4時起きで弁当5人分作れ！」長男嫁「断ったら介護しませんよ！w」私「じゃあ私も実家に帰るわね」長男「え？実家？」【スカッと】【修羅場】,https://www.youtube.com/watch?v=Urm8pKwd__g,100%
1550,【スカッとする話】長男夫婦と夫に犯罪者扱いされ実家を追い出されて次男夫婦の家へ。私「1日だけ泊めて下さい」次男嫁「それは無理ですよ」私「そんな...涙」結果【修羅場】【スカッと】,https://www.youtube.com/watch?v=0cwzo1Z8Xf4,4.7万回視聴 / 3 年前,小さなコーナー,https://www.youtube.com/channel/UClsWKjOxXmWyf7DD0ygoufg,3 か月前,1 回視聴,【スカッとする話】 長男夫婦と夫に犯罪者扱いされ実家を追い出されて次男夫婦の家へ。私「1日だけ泊めて下さい」次男嫁「それは無理ですよ」私「そんな   涙」結果【修羅場】【スカッと】,https://www.youtube.com/watch?v=s4EU4m0fmSI,100%
1551,【スカッとする話】長男夫婦に父の保険金を奪われ、実家から追い出されたボロボロの母が我が家の玄関へ現れ、母「1000円だけ貸してちょうだい」夫「１円たりとも貸せませんw」母「そんな…涙」実は…【修羅場】,https://www.youtube.com/watch?v=5ptm0eOdv8k,2.3万回視聴 / 3 年前,小さなコーナー,https://www.youtube.com/channel/UClsWKjOxXmWyf7DD0ygoufg,3 か月前,0 回視聴,【スカッとする話】 長男夫婦に父の保険金を奪われ、実家から追い出されたボロボロの母が我が家の玄関へ現れ、母「1000円だけ貸してちょうだい」夫「１円たりとも貸せませんw」母「そんな…涙」実は…【修羅場,https://www.youtube.com/watch?v=6UCcFU16sFQ,97%
1552,【スカッとする話】長男夫婦に秘密で在宅で月184万稼ぐ私に長男嫁「ババァ給料３桁あるの！？w」長男「って事は貯金は4桁！？w」 私「給料は3万で貯金も30万よ... 」嫌な予感がして嘘をつくと...,https://www.youtube.com/watch?v=0DY1aMdmKkg,5万回視聴 / 3 年前,小さなコーナー,https://www.youtube.com/channel/UClsWKjOxXmWyf7DD0ygoufg,3 か月前,1 回視聴,【スカッとする話】 長男夫婦に秘密で在宅で月184万稼ぐ私に長男嫁「ババァ給料３桁あるの！？w」長男「って事は貯金は4桁！？w」 私「給料は3万で貯金も30万よ    」嫌な予感がして嘘をつくと,https://www.youtube.com/watch?v=YrDivOH29eM,100%
1553,【スカッとする話】長男夫婦の家へ孫を見に行くと、80歳の父が便所で食事し、庭で寝ていた。私「一体どうしたの！？」父「いつもの事じゃよ...」私「は？」激怒した私は家を売却し更地に...【修羅場】,https://www.youtube.com/watch?v=94zlJ0uZFAY,5.4万回視聴 / 3 年前,小さなコーナー,https://www.youtube.com/channel/UClsWKjOxXmWyf7DD0ygoufg,3 か月前,0 回視聴,【スカッとする話】 長男夫婦の家へ孫を見に行くと、80歳の父が便所で食事し、庭で寝ていた。私「一体どうしたの！？」父「いつもの事じゃよ   」私「は？」激怒した私は家を売却し更地に   【修羅場】,https://www.youtube.com/watch?v=kAvn_7OXCRo,100%
1554,【スカッとする話】息子夫婦の家へ行くと、庭で孫が膝を抱え震えていた...私「あれ？パパとママは？」孫「姉と海外旅行に行くって」私「は？」キレた私は家を売却し更地にし...,https://www.youtube.com/watch?v=o73p--gKGy0,51万回視聴 / 2 年前,小さな奇跡,https://www.youtube.com/channel/UCmQMnJ_7zliW_Rcl0Vpkr7g,5 か月前,356回視聴,【シニアスカッと】息子夫婦の家へ行くと、庭で孫が膝を抱え震えていた 私「あれ？パパとママは？」孫「姉と海外旅行に行くって」私「は？」キレた私は,https://www.youtube.com/watch?v=z7UY9iN8Isg,92%
1555,【スカッと総集編】息子夫婦の家へ行くと庭で孫が膝を抱え震えていた。私「パパとママは？」孫「姉と海外旅行に行くって」私「は？」【朗読】【スカッと】【スカッとする話】【総集編】,https://www.youtube.com/watch?v=DTzUdepPrks,4.3万回視聴 / 1 年前,小さな奇跡,https://www.youtube.com/channel/UCmQMnJ_7zliW_Rcl0Vpkr7g,5 か月前,356回視聴,【シニアスカッと】息子夫婦の家へ行くと、庭で孫が膝を抱え震えていた 私「あれ？パパとママは？」孫「姉と海外旅行に行くって」私「は？」キレた私は,https://www.youtube.com/watch?v=z7UY9iN8Isg,93%
1556,【スカッと】単身赴任の夫の家へサプライズで行くと記入済みの離婚届が...私「お望み通り提出するか」速攻で提出して携帯解約し家を売却して海外移住した結果w,https://www.youtube.com/watch?v=jcLkESG2h5U,4.7万回視聴 / 2 年前,小さな幸せ,https://www.youtube.com/channel/UCDan477oQB_h9RQ24R2fRhA,2 年前,17回視聴,【スカッと】単身赴任の夫の家へサプライズで行くと記入済みの離婚届が…私「お望み通り提出してやるか」速攻で提出して携帯解約し家を売却して海外移住した結果,https://www.youtube.com/watch?v=KUFk1iGpLoE,97%
1557,【スカッとする話】1億のピアノがある金持ち自慢の婚約者の実家へ結婚挨拶に行くと、婚約者「俺達の家政婦連れてきたよw」義父「貧乏な顔w親の顔が見たいw」父「どうも、家政婦の父です」,https://www.youtube.com/watch?v=a5lS8StIZwA,17万回視聴 / 2 年前,小さな幸せ,https://www.youtube.com/channel/UCDan477oQB_h9RQ24R2fRhA,2 年前,2回視聴,【スカッと】1億のピアノがある金持ち自慢の婚約者の実家へ結婚挨拶に行くと、婚約者「俺達の家政婦連れてきたよ」義父「貧乏な顔w親の顔が見たい」父「どうも、家政婦の父です」,https://www.youtube.com/watch?v=5UonOrpizXo,100%
1558,【スカッとする話】娘の結婚式当日に夫がいない…私「何してるの？式始まってるよ！」夫「悪い、緊急の仕事が入って！」私「…OK」1時間後、ある人物から電話を受けた夫が半狂乱にw,https://www.youtube.com/watch?v=9x2mRPOpvjQ,7万回視聴 / 2 年前,小さな幸せ,https://www.youtube.com/channel/UCDan477oQB_h9RQ24R2fRhA,2 年前,11回視聴,【スカッと】娘の結婚式当日に夫がいない…私「何してるの？式始まってるよ！」夫「悪い、緊急の仕事が入って！」私「OK」1時間後、ある人物から電話を受けた夫が半狂乱に,https://www.youtube.com/watch?v=81tu7UZBJM0,100%
1559,【スカッとする話】婚約者を略奪した親友から結婚式の招待状が届くと、長男「嫁と2人で行ってくる」長男嫁「盛大に暴れてきます」普段温厚な長男夫婦が...w,https://www.youtube.com/watch?v=mLYItA9m_XY,9.8万回視聴 / 2 年前,小さな幸せ,https://www.youtube.com/channel/UCDan477oQB_h9RQ24R2fRhA,2 年前,315回視聴,【スカッと】私の婚約者を略奪した親友から結婚式の招待状が届くと、長男「嫁と2人で行ってくる」長男嫁「盛大に暴れてきますねw」普段温厚な長男夫婦が,https://www.youtube.com/watch?v=Tvmk2bOmgS0,97%
1560,【スカッとする話】孫の100日祝いに親戚一同と行くと私だけ席がなかった…長男嫁「家族の席しかありませんw」私「…帰りますか」親戚一同「うん」3分後、長男嫁に悲劇がw,https://www.youtube.com/watch?v=eb8s4DgkJ3o,14万回視聴 / 2 年前,小さな幸せ,https://www.youtube.com/channel/UCDan477oQB_h9RQ24R2fRhA,2 年前,24回視聴,【スカッと】孫の100日祝いに親戚一同と行くと私だけ席がなかった…長男嫁「家族の席しかありませんw」私「…帰りますか」親戚一同「うん」5分後、長男嫁に悲劇が,https://www.youtube.com/watch?v=bUn2oMbwWMw,98%
1561,【スカッとする話】愛人と隠し子を連れ帰宅した夫「息子はお前にやる！離婚だ！」息子「母さんとは離婚出来ないよ？だって...」息子の衝撃の一言で夫と愛人が半狂乱にw,https://www.youtube.com/watch?v=E6hGGRc68uY,15万回視聴 / 2 年前,小さな幸せ,https://www.youtube.com/channel/UCDan477oQB_h9RQ24R2fRhA,2 年前,6回視聴,【スカッと】愛人と隠し子を連れ帰宅した夫「息子はお前にやる!!離婚だ!!」息子「母さんとは離婚出来ないよ？だって父さんは…」息子の衝撃の一言で夫と愛人が半狂乱,https://www.youtube.com/watch?v=0QJNMCZZE0g,96%
1562,【スカッとする話】私が資産170億の不動産王と知らず私から夫を奪った美人な姉「生活保護でも貰え貧乏人w」後日、示談交渉で弁護士が大爆笑→弁護士「生活保護はアナタでは？w」姉「え？」実は...,https://www.youtube.com/watch?v=y8ReyKKeUUQ,10万回視聴 / 2 年前,小さな幸せ,https://www.youtube.com/channel/UCDan477oQB_h9RQ24R2fRhA,2 年前,3回視聴,【スカッと】私が資産170億の不動産王と知らず私から夫を奪った美人な姉「生活保護でも貰え貧乏人w」後日、示談交渉で弁護士が大爆笑→弁護士「生活保護はアナタでは？w」姉「え？」実は…,https://www.youtube.com/watch?v=1qZ9mMY-E7E,100%
1563,【スカッとする話】親友の出産祝いで産婦人科へ行くと新生児の父親がまさかの夫だった...。私「おめでと！赤ちゃん可愛いね！」速攻で帰宅し夫の荷物を全て捨て、家を売り払い引越した結果w,https://www.youtube.com/watch?v=7Pz5jiUvSnQ,5万回視聴 / 2 年前,小さな幸せ,https://www.youtube.com/channel/UCDan477oQB_h9RQ24R2fRhA,2 年前,2回視聴,【スカッとする話】親友の出産祝いで産婦人科へ行くと新生児の父親がまさかの夫だった…私「おめでと!!赤ちゃん可愛いね!!」速攻で帰宅し夫の荷物を全て捨て、家を売り払い引越した結果,https://www.youtube.com/watch?v=c94Vx8R940I,100%
1564,【スカッとする話】長男が娘を残して他界。長男嫁「金持ちの医者と再婚するw双子はババァが育てろw」私「いいの？喜んで！」60歳の私が工場の皆と育てると→15年後、まさかの展開に,https://www.youtube.com/watch?v=VPQPhd_XW-o,11万回視聴 / 2 年前,小さな幸せ,https://www.youtube.com/channel/UCDan477oQB_h9RQ24R2fRhA,2 年前,24回視聴,【スカッとする話】長男が娘を残して他界。長男嫁「金持ちの医者と再婚するw双子はババァが育てろw」私「いいの？喜んで！」60歳の私が工場の皆と育てると→18年後、まさかの展開に,https://www.youtube.com/watch?v=qXG_qdmBwTM,99%
1565,【スカッとする話】私が離婚届に署名すると、満面の笑みで大喜びする義家族。新しい嫁を迎えた1週間後、電気・ガス・水道が止まると急に義家族が焦り出しw【朗読】【スカッと】,https://www.youtube.com/watch?v=cVe3XmXeRuE,14万回視聴 / 4 か月前,小さな幸せ便り,https://www.youtube.com/channel/UCHM9oCUXlsh9yYe3EfDijuA,3 週間前,27回視聴,私が離婚届に署名すると、満面の笑みで大喜びする義家族。新しい嫁を迎えた1週間後、電気・ガス・水道が止まると急に義家族が焦り出しw,https://www.youtube.com/watch?v=MfQm7DUNfSo,100%
1566,【スカッと総集編】夫が土下座「20歳の愛人が妊娠した！離婚してくれ！」私「はい離婚届け。じゃ娘以外は連れてくね」夫「は？娘も連れていけよ」私「無理、だってこの子は…」【スカッとする話】,https://www.youtube.com/watch?v=70JSyEr3ztQ,34万回視聴 / 3 年前,小さな幸せ便り,https://www.youtube.com/channel/UCHM9oCUXlsh9yYe3EfDijuA,8 日前,14回視聴,夫が土下座「20歳の愛人が妊娠した！離婚してくれ！」私「はい離婚届け。じゃ娘以外は連れてくね」夫「は？娘も連れていけよ」私「無理、だってこの子は…」,https://www.youtube.com/watch?v=1TyYM6t5AgA,100%
1567,【スカッと総集編】夫が土下座「20歳の愛人が妊娠した！離婚してくれ！」私「はい離婚届け。じゃ娘以外は連れてくね」夫「は？娘も連れていけよ」私「無理、だってこの子は…」【スカッとする話】,https://www.youtube.com/watch?v=70JSyEr3ztQ,34万回視聴 / 3 年前,小さな幸せ便り,https://www.youtube.com/channel/UCHM9oCUXlsh9yYe3EfDijuA,3 日前,16回視聴,夫が土下座「20歳の愛人が妊娠した！離婚してくれ！」私「はい離婚届け。じゃ娘以外は連れてくね」夫「は？娘も連れていけよ」私「無理、だってこの子は…」,https://www.youtube.com/watch?v=0KbOie_W8CE,100%
1568,【スカッと】単身赴任の夫の家へサプライズで行くと記入済みの離婚届が...私「お望み通り提出するか」速攻で提出して携帯解約し家を売却して海外移住した結果w,https://www.youtube.com/watch?v=jcLkESG2h5U,4.7万回視聴 / 2 年前,小刘同学,https://www.youtube.com/channel/UCVU7qdhT7ffUFt9LherXxwA,4 週間前,2回視聴,単身赴任の夫の家へサプライズで行くと記入済みの離婚届が…私「お望み通り提出してやるか」速攻で提出して携帯解約し家を売却して海外移住した結果w,https://www.youtube.com/watch?v=BaiT3nrGisU,97%
1569,【スカッとする話】妹の出産祝いに義両親と行くと、夫「俺も自分の子供欲しいな」私「え？何言ってるの？目の前にいるじゃない」義母と義父「は？」二人がブチギレ,https://www.youtube.com/watch?v=4cntzQ0KsAA,13万回視聴 / 2 年前,小刘同学,https://www.youtube.com/channel/UCVU7qdhT7ffUFt9LherXxwA,3 週間前,0 回視聴,妹の出産祝いに義両親と行くと、夫「俺も自分の子供欲しいな～w」→私「え？あなた何言ってるの？目の前にいるじゃない」義母と義父「は？」二人は大激怒www,https://www.youtube.com/watch?v=Ih_wpUdxcEo,89%
1570,【スカッとする話】私が資産170億の不動産王と知らず私から夫を奪った美人な姉「生活保護でも貰え貧乏人w」後日、示談交渉で弁護士が大爆笑→弁護士「生活保護はアナタでは？w」姉「え？」実は...,https://www.youtube.com/watch?v=y8ReyKKeUUQ,10万回視聴 / 2 年前,小刘同学,https://www.youtube.com/channel/UCVU7qdhT7ffUFt9LherXxwA,4 週間前,0 回視聴,私が資産170億の不動産王と知らず私から夫を奪った美人な姉「生活保護でも貰え貧乏人w」後日、示談交渉で弁護士が大爆笑→弁護士「生活保護はアナタでは？w」姉「え？」実は…,https://www.youtube.com/watch?v=gJrvJnBFSzc,100%
1571,【スカッとする話】年末に帰省し医師一族と高級料亭で食事会へ行くと私を貧乏人と見下す兄嫁「ここは勝ち組専用よw底辺の貧乏人はさっさと帰れ」→義父「じゃあお前が帰れ」兄嫁「え？」【修羅場】【スカッと】,https://www.youtube.com/watch?v=QAi5SwgIgCA,9.8万回視聴 / 3 年前,小型ランタン,https://www.youtube.com/channel/UCO2YtR8fQeeNChEBK_vytqQ,2 か月前,2回視聴,【スカッとする話】 年末に帰省し医師一族と高級料亭で食事会へ行くと私を貧乏人と見下す兄嫁「ここは勝ち組専用よw底辺の貧乏人はさっさと帰れ」→義父「じゃあお前が帰れ」兄嫁「え？」,https://www.youtube.com/watch?v=UrdKZBN07SI,100%
1572,【スカッとする話】私がタワマン3棟保有と知らずに絶縁してきた夫の連れ子と再会「生活保護貰ってるらしいねw」私「え？誰と勘違いを？」真実を知えると連れ子が絶叫w,https://www.youtube.com/watch?v=6ApdaTTnZcU,4.3万回視聴 / 2 年前,小型ランタン,https://www.youtube.com/channel/UCO2YtR8fQeeNChEBK_vytqQ,2 か月前,0 回視聴,【スカッとする話】 私がタワマン3棟保有と知らずに絶縁してきた夫の連れ子と再会「生活保護貰ってるらしいねw」私「え？誰と勘違いを？」真実を知えると連れ子が絶叫w,https://www.youtube.com/watch?v=C5o_aPJO98I,100%
1573,【スカッとする話】親族の集まりでエリート夫「嫁の飯はまずいんだよなw」私「え？私の料理食べた事ある？食事はいつも愛人宅じゃないの」義父「は？」義両親がブチギレ...,https://www.youtube.com/watch?v=GZtalGoS6qE,11万回視聴 / 3 年前,小型ランタン,https://www.youtube.com/channel/UCO2YtR8fQeeNChEBK_vytqQ,3 か月前,1 回視聴,【スカッとする話】親族の集まりでエリート夫「嫁の飯はまずいんだよなw」私「え？私の料理食べた事ある？食事はいつも愛人宅じゃないの」義父「は？」義両親がブチギレ,https://www.youtube.com/watch?v=z4rczQ3GnsA,100%
1574,【スカッとする話】長男嫁が新築祝いから帰ると、120万の時計が無くなった…。私「警察に通報しましょう！」夫「やめろ！長男嫁が疑われる！」→私「もう通報したよ」10分後ｗ【修羅場】,https://www.youtube.com/watch?v=9o0MLK83Gwg,1.6万回視聴 / 3 年前,小型ランタン,https://www.youtube.com/channel/UCO2YtR8fQeeNChEBK_vytqQ,3 か月前,0 回視聴,【スカッとする話】 長男嫁が新築祝いから帰ると、120万の時計が無くなった…。私「警察に通報しましょう！」夫「やめろ！長男嫁が疑われる！」→私「もう通報したよ」10分後ｗ【修羅場】,https://www.youtube.com/watch?v=OVW0Rs6r4_g,93%
1575,【スカッとする話】高級車のローンを毎月15万払い続けている私に夫「この車は長男嫁に譲る！逆らったら離婚だ！」長男嫁「なんかすみませんw」→私「離婚しましょう」後日、事故った長男嫁から鬼電が来て...,https://www.youtube.com/watch?v=kI6eED301ZA,7.9万回視聴 / 3 年前,小型ランタン,https://www.youtube.com/channel/UCO2YtR8fQeeNChEBK_vytqQ,3 か月前,0 回視聴,【スカッとする話】 高級車のローンを毎月15万払い続けている私に夫「この車は長男嫁に譲る！逆らったら離婚だ！」長男嫁「なんかすみませんw」→私「離婚しましょう」後日、事故った長男嫁から鬼電が来て,https://www.youtube.com/watch?v=uDHwgeulBcw,98%
1576,【スカッとする話】3年間、生活苦の長男夫婦に月10万仕送りする私に長男「年金暮らしババァが10万程度で偉そうに！」長男嫁「孫も見せたし逆に感謝しろｗ」私「では返金してもらいますね」長男嫁「え？」,https://www.youtube.com/watch?v=BVMMbJF1Yyg,1.4万回視聴 / 3 年前,小川 まりこ,https://www.youtube.com/channel/UC53MBRQyKkDsuQiIxcBTGUQ,2 年前,0 回視聴,【修羅場】 3年間、生活苦の長男夫婦に月10万仕送りする私に長男「年金暮らしババァが10万程度で偉そうに！」長男嫁「孫も見せたし逆に感謝しろｗ」私「では返金してもらいますね」長男嫁「え？」,https://www.youtube.com/watch?v=KPF8DDatVk4,100%
1577,【スカッとする話】夫に連れられ夫婦旅行へ行くと、高速道路のSAで売店の女性が耳打ちしてきた「今すぐ逃げて下さい！」理由を聞くと衝撃の事実に戦慄し私は慌てて警察へ駆け込んだ…,https://www.youtube.com/watch?v=F0gsz0c6tDc,5.3万回視聴 / 3 年前,小川 まりこ,https://www.youtube.com/channel/UC53MBRQyKkDsuQiIxcBTGUQ,2 年前,0 回視聴,【感動する話】 夫に連れられ夫婦旅行へ行くと、高速道路のSAで売店の女性が耳打ちしてきた「今すぐ逃げて下さい！」理由を聞くと衝撃の事実に戦慄し私は慌てて警察へ駆け込んだ…,https://www.youtube.com/watch?v=SnCkpvuMBpk,100%
1578,【スカッとする話】新築一戸建てを建てると、姑との同居を無理矢理決めた夫「母さんの引越しは済んだか？」私「うん、終わったよ！私の方も今実家に引っ越し完了したとこ」夫「え？実家？」結果w【修羅場】,https://www.youtube.com/watch?v=VUbbMKYSQcE,6.6万回視聴 / 3 年前,小川 まりこ,https://www.youtube.com/channel/UC53MBRQyKkDsuQiIxcBTGUQ,2 年前,2回視聴,【スカッ】 新築一戸建てを建てると、姑との同居を無理矢理決めた夫「母さんの引越しは済んだか？」私「うん、終わったよ！私の方も今実家に引っ越し完了したとこ」夫「え？実家？」結果,https://www.youtube.com/watch?v=iWXCjcShStM,100%
1579,【スカッとする話】私名義の4LDKマンションと知らず、強引に私を追い出す姑と義姉「家は貰う！寄生虫は出て行け！」稼ぎ頭の私「わかりました…」→私物を全て回収し、家賃30万の家だけ残した結果w【修羅場】,https://www.youtube.com/watch?v=NAEwCqwiBcg,6.7万回視聴 / 3 年前,小川 まりこ,https://www.youtube.com/channel/UC53MBRQyKkDsuQiIxcBTGUQ,2 年前,0 回視聴,【感動する話】 私名義の4LDKマンションと知らず、強引に私を追い出す姑と義姉「家は貰う！寄生虫は出て行け！」稼ぎ頭の私「わかりました…」→私物を全て回収し、家賃30万の家だけ残した結果,https://www.youtube.com/watch?v=ZutqMgKZErI,100%
1580,【スカッとする話】医者の夫を奪ったママ友「年収3千万の医者の旦那くんの子供出来たw3ヶ月後の結婚式来てねw」私「わかった」（年収3千万の医者は私なんだけど黙っとこw）3ヶ月後w【スカッと】【朗読】,https://www.youtube.com/watch?v=B-nqblWpeIE,5.4万回視聴 / 2 年前,小沢 恒一斗,https://www.youtube.com/channel/UCp60w5a9ENDEYkHRogBA28A,2 か月前,8回視聴,私の夫を奪ったママ友「年収3000万の医者の旦那くんの子供できたw3ヶ月後の結婚式来てねw」→私「分かった（年収3000万の医者は私だけど黙っとこ）」3ヶ月後w,https://www.youtube.com/watch?v=ZZ9uVPA3dGc,86%
1581,【スカッとする話】年末年始の親族の集まりで20人分のおせちをゴミ箱にぶちまけたエリート夫「親戚にマズイ飯を作るな！」私「私は何も作ってないよ？」夫「え？」実は...,https://www.youtube.com/watch?v=iT0GjRHrB6w,26万回視聴 / 2 年前,小野 美月,https://www.youtube.com/channel/UCj4Ied5VqC7BnIyH-ZEWkfw,4 か月前,0 回視聴,年末年始の親族の集まりで20人分のおせちをゴミ箱にぶちまけたエリート夫「親戚にマズイ飯を作るな！」私「私は何も作ってないよ？」夫「え？」実は..,https://www.youtube.com/watch?v=TdV6YHK625k,100%
1582,【スカッとする話】私が義母の入院費を払ってると知らず新居に引っ越した夫「寄生虫は施設でもいけw」1億の高級施設に引越し入院費の支払も止めた結果w,https://www.youtube.com/watch?v=hRCh_bWpcgg,10万回視聴 / 2 年前,尴尬笑场团,https://www.youtube.com/channel/UCzUkBP4kXovWWNL8PmpEDbg,22 時間前,0 回視聴,私が義母の入院費を払ってると知らず新居に引っ越した夫「寄生虫は施設でもいけw」1億の高級施設に引越し入院費の支払も止めた結果w,https://www.youtube.com/watch?v=h6_FVKQ7C9U,100%
1583,【スカッとする話】天才外科女医である事を隠して生きてきた私。ある日、娘に連れられイチゴ狩りに行くとおばちゃんが倒れ緊急搬送！医者「この手術は私には無理だ…」緊急事態発生し…,https://www.youtube.com/watch?v=Zq9eORdDdX8,2.3万回視聴 / 3 年前,山口 るみ,https://www.youtube.com/channel/UCUP10Hi7XrqedvibsczRs1A,2 年前,16回視聴,【修羅場な話】 天才外科女医である事を隠して生きてきた私。ある日、娘に連れられイチゴ狩りに行くとおばちゃんが倒れ緊急搬送！医者「この手術は私には無理だ…」緊急事態発生し…,https://www.youtube.com/watch?v=rXfjMh477ug,100%
1584,【スカッとする話】夫が突然ビールをぶっかけ、夫「俺のおかげで暮らせてる寄生虫が…文句あるなら離婚して出て行け！」私「わかりました…」3日後、夫からの鬼電を全無視した結果w,https://www.youtube.com/watch?v=Z7gS0PmgiuQ,2.6万回視聴 / 3 年前,山口 るみ,https://www.youtube.com/channel/UCUP10Hi7XrqedvibsczRs1A,2 年前,1 回視聴,【修羅場な話】 夫が突然ビールをぶっかけ、夫「俺のおかげで暮らせてる寄生虫が…文句あるなら離婚して出て行け！」私「わかりました…」3日後、夫からの鬼電を全無視した結果,https://www.youtube.com/watch?v=EKhfq_UoXZs,100%
1585,【スカッとする話】夫が結婚式へ行くと娘が突然「パパが乗る飛行機が燃えてる...」私「え？一体どうしたの？」直後、不思議な力を持つ娘がある物を指差し、娘「あれが証拠だよ」実は...【修羅場】,https://www.youtube.com/watch?v=8k24mctnXF4,4.2万回視聴 / 3 年前,山口 るみ,https://www.youtube.com/channel/UCUP10Hi7XrqedvibsczRs1A,2 年前,0 回視聴,【修羅場】 夫が結婚式へ行くと娘が突然「パパが乗る飛行機が燃えてる...」私「え？一体どうしたの？」直後、不思議な力を持つ娘がある物を指差し、娘「あれが証拠だよ」実は...,https://www.youtube.com/watch?v=dKeZrvZkH6c,100%
1586,【スカッとする話】私の母と暮らす新築戸建が完成した途端、私を追い出した夫「やっぱこの家は俺のお袋と暮らすwお前は離婚して出てけｗ」私「はーい」3日後、銀行から夫の元へ鬼電がw,https://www.youtube.com/watch?v=Fh364ViwyOM,2.8万回視聴 / 2 年前,山田さんは,https://www.youtube.com/channel/UC2WjfhUwn8JI-RrAs59liww,2 年前,25回視聴,【スカッとする話】私の母と暮らす新築戸建が完成した途端、私を追い出した夫「やっぱこの家は俺のお袋と暮らすwお前は離婚して出てけｗ」私「はーい」3日後、銀行から夫の元へ鬼電が,https://www.youtube.com/watch?v=Qp98bVM5KII,100%
1587,【スカッとする話】年末年始の親族の集まりで20人分のおせちをゴミ箱にぶちまけたエリート夫「親戚にマズイ飯を作るな！」私「私は何も作ってないよ？」夫「え？」実は...,https://www.youtube.com/watch?v=iT0GjRHrB6w,26万回視聴 / 2 年前,岩本 恒,https://www.youtube.com/channel/UCpL_Ro4uIgzIxiRchqwo70A,6 日前,15回視聴,【LINE】 年末年始の親族の集まりで20人分のおせちをゴミ箱にぶちまけたエリート夫「親戚にマズイ飯を作るな！」私「私は何も作ってないよ？」夫「え？」実は..,https://www.youtube.com/watch?v=9ZdJJUOyuck,100%
1588,【スカッと】起業した夫を支えてきた私を裏切った夫「21歳のバイトを妊娠させた！離婚しで！」私「はーい、仕事も辞めるね！」夫「は？仕事は続けてくれよ」私「嫌よ。だってあのバイト...」,https://www.youtube.com/watch?v=n-_5T-nb0dg,3.7万回視聴 / 2 年前,巡る人生4577,https://www.youtube.com/channel/UCwN0AryGOqjMHNrKy1XUitQ,2 か月前,6回視聴,起業した夫を支えてきた私を裏切った夫「21歳のバイトを妊娠させた！悪いが、離婚してくれ！」私「はーい、仕事も辞めるね！」夫「は？仕事は続けてくれよ」,https://www.youtube.com/watch?v=wqNLtyXuIF4,86%
1589,【スカッとする話】義両親に蹴られ骨折した私に夫「寝かせとけば治るw」翌日、病室に嘲笑いに来た義家族「あれ、嫁は？w」医師「警察署です」義家族「え？」【朗読】【スカッと】,https://www.youtube.com/watch?v=p4pyD9SD1Tk,8.1万回視聴 / 2 か月前,巡る人生4577,https://www.youtube.com/channel/UCwN0AryGOqjMHNrKy1XUitQ,1 か月前,19回視聴,義両親に蹴られ骨折した私に夫「寝かせとけば治るw」翌日、病室に嘲笑いに来た義家族「あれ、嫁は？w」医師「警察署です」義家族「え？」,https://www.youtube.com/watch?v=MGosKhYNGSE,100%
1590,【スカッと総集編】起業した夫を支えてきた私を裏切った夫「21歳のバイトを妊娠させた！悪いが、離婚してくれ！」私「はーい、仕事も辞めるね！」夫「は？仕事は続けてくれよ」,https://www.youtube.com/watch?v=C6r_ataNQZU,18万回視聴 / 2 年前,巡る人生4577,https://www.youtube.com/channel/UCwN0AryGOqjMHNrKy1XUitQ,2 か月前,6回視聴,起業した夫を支えてきた私を裏切った夫「21歳のバイトを妊娠させた！悪いが、離婚してくれ！」私「はーい、仕事も辞めるね！」夫「は？仕事は続けてくれよ」,https://www.youtube.com/watch?v=wqNLtyXuIF4,100%
1591,【スカッとする話】会社を辞め父を介護し続けて10年の私に車椅子の父「遺産と家は長男に譲るw家政婦のお前は0でいいよな？w」私「はーい。では絶縁して引越すので」【朗読】【スカッと】,https://www.youtube.com/watch?v=9usr9kZfnD8,3万回視聴 / 7 か月前,平成ストーリー 5691,https://www.youtube.com/channel/UCmQV3SMY6qKoiJW2Zy5j0Tg,3 週間前,3回視聴,【スカッとする話】会社を辞め父を介護し続けて10年の私に車椅子の父「遺産と家は長男に譲るw家政婦のお前は0でいいよな？w」私「はーい。では絶縁して引越すので」【朗読】【スカッと】,https://www.youtube.com/watch?v=1nk9il6BWic,100%
1592,【スカッとする話】夜勤から帰ると私の部屋がない…夫「今日からママの部屋にするw」義母「嫁はリビングで寝てねw」キレた私は家を売り払い、黙って引っ越し姿を消すとw【朗読】【スカッと】,https://www.youtube.com/watch?v=F0tT9OCTn2M,3.8万回視聴 / 5 か月前,平成ストーリー 5691,https://www.youtube.com/channel/UCmQV3SMY6qKoiJW2Zy5j0Tg,3 週間前,9回視聴,【スカッとする話】夜勤から帰ると私の部屋がない…夫「今日からママの部屋にするw」義母「嫁はリビングで寝てねw」キレた私は家を売り払い、黙って引っ越し姿を消すとw【朗読】【スカッと】,https://www.youtube.com/watch?v=kZyQD9fFaWY,100%
1593,【スカッとする話】正月に帰省してきた息子夫婦に孫の世話を丸投げされた私。息子夫婦「お年玉少なwその分しっかり働けw」直後、普段温厚な夫が机を叩き…【朗読】【スカッと】,https://www.youtube.com/watch?v=tehpJI6dk7U,3.4万回視聴 / 5 か月前,平成ストーリー 5691,https://www.youtube.com/channel/UCmQV3SMY6qKoiJW2Zy5j0Tg,3 週間前,26回視聴,【スカッとする話】正月に帰省してきた息子夫婦に孫の世話を丸投げされた私。息子夫婦「お年玉少なwその分しっかり働けw」直後、普段温厚な夫が机を叩き…【朗読】【スカッと】,https://www.youtube.com/watch?v=SV2o1djWQFc,100%
1594,【スカッとする話】同窓会で結婚直前に私を捨てた夫と再会。夫「金持ちの社長令嬢と結婚したw俺だけ幸せでごめんなw」私「本当にそう思う？」真実を伝えると元夫が震え出し…【朗読】【スカッと】,https://www.youtube.com/watch?v=aCFKEISe330,36万回視聴 / 1 年前,幸せの亀裂5035,https://www.youtube.com/channel/UC4e5hbWoHZ_5_GeMmD_2eSw,1 か月前,641回視聴,【スカッとする話】同窓会で結婚直前に私を捨てた夫と再会。夫「金持ちの社長令嬢と結婚したw俺だけ幸せでごめんなw」私「本当にそう思う？」真実を伝えると元夫が震え出し…【朗読】【スカッと】,https://www.youtube.com/watch?v=oGAAdqVfnzI,100%
1595,【スカッとする話】夫婦同伴の懇親会に夫と出席した私に年下部長「何で底辺社員がここに？w帰れ」一同大爆笑。隣で聞いていた夫「社長呼べ、この会社の！」→直後、現れた社長が青ざめ…w【朗読】【スカッと】,https://www.youtube.com/watch?v=hNMxFpvUaGo,6.3万回視聴 / 10 か月前,幸せの亀裂5035,https://www.youtube.com/channel/UC4e5hbWoHZ_5_GeMmD_2eSw,2 週間前,67回視聴,【スカッとする話】夫婦同伴の懇親会に夫と出席した私に年下部長「何で底辺社員がここに？w帰れ」一同大爆笑。隣で聞いていた夫「社長呼べ、この会社の！」→直後、現れた社長が青ざめ…w【朗読】【スカッと】,https://www.youtube.com/watch?v=iR3vPq8sda4,100%
1596,【スカッとする話】結婚10年目に銀行員の夫が突然の暴露「お前の親友と結婚するw籍入れてないし財産分与は無しw」私「あれ？あんた知らないの？」夫「何がだよw」実は…,https://www.youtube.com/watch?v=Tpbu9uHiFPg,11万回視聴 / 2 年前,幸せの亀裂5035,https://www.youtube.com/channel/UC4e5hbWoHZ_5_GeMmD_2eSw,1 か月前,77回視聴,結婚10年目に銀行員の夫が突然の暴露「お前の親友と結婚するw籍入れてないし財産分与は無しw」私「あれ？あんた知らないの？」夫「何がだよw」実は…,https://www.youtube.com/watch?v=C9ZnTg6Zg1A,100%
1597,【スカッとする話】結婚式で手紙を朗読する娘「母は父の寄生虫でした…」夫「ママがお荷物で迷惑かけたな…」私「今日で母も妻も辞めるね」娘・夫「え？」結果w【朗読】【スカッと】,https://www.youtube.com/watch?v=jw9S7G6HmWE,6.7万回視聴 / 11 か月前,幸せの亀裂5035,https://www.youtube.com/channel/UC4e5hbWoHZ_5_GeMmD_2eSw,2 週間前,2回視聴,【スカッとする話】結婚式で手紙を朗読する娘「母は父の寄生虫でした…」夫「ママがお荷物で迷惑かけたな…」私「今日で母も妻も辞めるね」娘・夫「え？」結果w【朗読】【スカッと】,https://www.youtube.com/watch?v=3XupxyQlWAM,87%
1598,【スカッとする話】私名義の新築戸建と知らず里帰り出産で我が家に来た娘「母さんの部屋は私が使うw」夫「お前は車で寝てろw」私「わかりました...」→キレた私が家を売り払うと...w,https://www.youtube.com/watch?v=yefpSXnGZOg,15万回視聴 / 3 年前,幸せを感じる瞬間,https://www.youtube.com/channel/UCLonhlF7rxljOJAAuViNsuw,1 年前,0 回視聴,【スカッと】私名義の新築戸建と知らず里帰り出産で我が家に来た娘「母さんの部屋は私が使うw」夫「お前は車で寝てろw」私「わかりました   」→キレた私が家を売り払うと,https://www.youtube.com/watch?v=_kaLh3m6A20,100%
1599,【スカッとする話】夫の連れ子の出産祝いに行くと、連れ子「ババァは戸籍上は他人w赤ちゃん触るなら1回30万払えw」夫「...帰るか」私「うん」速攻で帰宅→永遠に他人扱いした結果w,https://www.youtube.com/watch?v=iWpWDCY4L5o,10万回視聴 / 2 年前,张大帅太帅,https://www.youtube.com/channel/UCNjHtwq6NZLoB9nV6jh7QRA,1 か月前,0 回視聴,夫の連れ子の出産祝いに行くと、連れ子「ババアは戸籍上は他人w赤ちゃんに触るなら1回30万払えw」夫「帰るか…」私「うん…」速攻で帰宅→永遠に他人扱いした結果w,https://www.youtube.com/watch?v=5UPJlZSKFzo,98%
1600,【スカッとする話】孫の七五三のお祝いに親戚一同と行くと私だけ席がない...長男嫁「他人の席は無いから立ってればw」私「じゃ帰るか」親戚一同「うん」全員で帰宅した結果w,https://www.youtube.com/watch?v=bI91wh-7IMg,19万回視聴 / 2 年前,张大帅太帅,https://www.youtube.com/channel/UCNjHtwq6NZLoB9nV6jh7QRA,22 時間前,0 回視聴,孫の七五三のお祝いに親戚一同と行くと私だけ席がない…長男嫁「他人の席は無いから立ってればw」私「じゃ帰るか」親戚一同「うん」全員で帰宅した結果w,https://www.youtube.com/watch?v=QsiV1pNtEwI,100%
1601,【スカッとする話】私が役員報酬で家計を支えていると知らず夫を略奪し引越した愛人。愛人「家政婦で良いなら住所教えるよw」私「じゃ時給780円の夫とは離婚で」愛人「寝言は寝て言えw」結果w,https://www.youtube.com/watch?v=7BkfeUd5plU,7.6万回視聴 / 2 年前,张大帅太帅,https://www.youtube.com/channel/UCNjHtwq6NZLoB9nV6jh7QRA,2 週間前,0 回視聴,私が役員報酬で家計を支えていると知らず夫を略奪し引越した愛人。愛人「家政婦で良いなら住所教えるよw」私「じゃ時給800円の夫とは離婚で」結果w,https://www.youtube.com/watch?v=fQcevA9wGao,92%
1602,【スカッとする話】私が資産170億の不動産王と知らず私から夫を奪った美人な姉「生活保護でも貰え貧乏人w」後日、示談交渉で弁護士が大爆笑→弁護士「生活保護はアナタでは？w」姉「え？」実は...,https://www.youtube.com/watch?v=y8ReyKKeUUQ,10万回視聴 / 2 年前,张大帅太帅,https://www.youtube.com/channel/UCNjHtwq6NZLoB9nV6jh7QRA,2 日前,0 回視聴,私が資産170億の不動産王と知らず私から夫を奪った美人な姉「生活保護でも貰え貧乏人w」後日、示談交渉で弁護士が大爆笑→弁護士「生活保護はアナタでは？w」姉「え？」実は…,https://www.youtube.com/watch?v=ZojarwGWPvw,100%
1603,【スカッとする話】親友の出産祝いで産婦人科へ行くと新生児の父親がまさかの夫だった...。私「おめでと！赤ちゃん可愛いね！」速攻で帰宅し夫の荷物を全て捨て、家を売り払い引越した結果w,https://www.youtube.com/watch?v=7Pz5jiUvSnQ,5万回視聴 / 2 年前,张大帅太帅,https://www.youtube.com/channel/UCNjHtwq6NZLoB9nV6jh7QRA,8 時間前,0 回視聴,親友の出産祝いで産婦人科へ行くと新生児の父親がまさかの夫だった…私「おめでと!!赤ちゃん可愛いね!!」速攻で帰宅し夫の荷物を全て捨て、家を売り払い引越した結果w,https://www.youtube.com/watch?v=ltj6jY5bePY,100%
1604,【スカッとする話】息子の結婚式に行くと、100人の前で嫁にビンタされた。嫁「今すぐ私の財布を返して！」会場の皆が嫁に同情したが、1時間後、真実に会場が凍りつき…【朗読】【スカッと】,https://www.youtube.com/watch?v=D3l_V05NlkE,3.5万回視聴 / 5 か月前,影の告白 5438,https://www.youtube.com/channel/UComuFUgBo6gXsBacU3_GUmA,3 週間前,0 回視聴,【スカッとする話】息子の結婚式に行くと、100人の前で嫁にビンタされた。嫁「今すぐ私の財布を返して！」会場の皆が嫁に同情したが、1時間後、真実に会場が凍りつき…【朗読】【スカッと】,https://www.youtube.com/watch?v=m1iyNnXFoJc,100%
1605,【スカッとする話】息子の結婚挨拶で料亭に行くと、私が月収500万と知らない義家族「貧乏人に高い料理は不要w」私「貧乏人って？」義家族「お前だよw」私（地獄に落としてやろう）→翌日w【朗読】【スカッと】,https://www.youtube.com/watch?v=Znzson9cwOc,4.4万回視聴 / 3 か月前,影の告白 5438,https://www.youtube.com/channel/UComuFUgBo6gXsBacU3_GUmA,3 週間前,5回視聴,【スカッとする話】息子の結婚挨拶で料亭に行くと、私が月収500万と知らない義家族「貧乏人に高い料理は不要w」私「貧乏人って？」義家族「お前だよw」私（地獄に落としてやろう）→翌日w【朗読】【スカッと】,https://www.youtube.com/watch?v=xxbR9dHNiFA,100%
1606,【スカッとする話】息子の結婚挨拶で料亭に行くと、私が月収500万と知らない義家族「貧乏人に高い料理は不要w」私「貧乏人って？」義家族「お前だよw」私（地獄に落としてやろう）→翌日w【朗読】【スカッと】,https://www.youtube.com/watch?v=Znzson9cwOc,4.4万回視聴 / 3 か月前,影の告白 5438,https://www.youtube.com/channel/UComuFUgBo6gXsBacU3_GUmA,3 週間前,0 回視聴,【スカッとする話】息子の結婚挨拶で料亭に行くと、私が月収500万と知らない義家族「貧乏人に高い料理は不要w」私「貧乏人って？」義家族「お前だよw」私（地獄に落としてやろう）→翌日w【朗読】【スカッと】,https://www.youtube.com/watch?v=CuL9EJi29NU,100%
1607,【スカッとする話】作業服姿の夫と散歩中、私の元旦那と駆け落ちした親友と遭遇。元親友「そこのタワマン住みなのwあなたたちは生活大変そうねw」私「あ、うちの夫のタワマンねw」元親友「え？」【朗読】,https://www.youtube.com/watch?v=y46IIixxM20,1.8万回視聴 / 9 か月前,心に灯る物語,https://www.youtube.com/channel/UC9RH_NC0WPeS4wTf1v8DyAA,8 日前,90回視聴,【スカッとする話】作業服姿の夫と散歩中、私の元旦那と駆け落ちした親友と遭遇。元親友「そこのタワマン住みなのwあなたたちは生活大変そうねw」私「あ、うちの夫のタワマンねw」元親友「え？」【朗読】,https://www.youtube.com/watch?v=fdPdTHGzP3Q,100%
1608,【スカッとする話】出産した妹のお見舞いに行くと、新生児の父親がまさかの夫...。私「おめでとう、お幸せに！」帰宅して夫の荷物を全て処分し家を売り払い更地にした結果w,https://www.youtube.com/watch?v=OWdBzCbgDKk,24万回視聴 / 2 年前,心に灯る物語,https://www.youtube.com/channel/UC9RH_NC0WPeS4wTf1v8DyAA,19 時間前,12回視聴,【スカッとする話】出産した妹のお見舞いに行くと、新生児の父親がまさかの夫...。私「おめでとう、お幸せに！」帰宅して夫の荷物を全て処分し家を売り払い更地にした結果w,https://www.youtube.com/watch?v=DNmv0Hg_5Io,100%
1609,【スカッとする話】年末年始の親族の集まりで20人分のおせちをゴミ箱にぶちまけたエリート夫「親戚にマズイ飯を作るな！」私「私は何も作ってないよ？」夫「え？」実は...,https://www.youtube.com/watch?v=iT0GjRHrB6w,26万回視聴 / 2 年前,心に灯る物語,https://www.youtube.com/channel/UC9RH_NC0WPeS4wTf1v8DyAA,1 日前,75回視聴,【スカッとする話】年末年始の親族の集まりで20人分のおせちをゴミ箱にぶちまけたエリート夫「親戚にマズイ飯を作るな！」私「私は何も作ってないよ？」夫「え？」実は,https://www.youtube.com/watch?v=Y06XC41FsBE,100%
1610,【スカッとする話】息子が亡くなった途端、私を家から追い出す息子嫁「保険金入ったし用済み！旦那の荷物持って出てけ」私「本当に後悔しない？」嫁「しねぇよw早く消えろ」→3日後w【朗読】【スカッと】,https://www.youtube.com/watch?v=RplBfcanX0Q,4.6万回視聴 / 9 か月前,心に灯る物語,https://www.youtube.com/channel/UC9RH_NC0WPeS4wTf1v8DyAA,6 日前,34回視聴,【スカッとする話】息子が亡くなった途端、私を家から追い出す息子嫁「保険金入ったし用済み！旦那の荷物持って出てけ」私「本当に後悔しない？」嫁「しねぇよw早く消えろ」→3日後w【朗読】【スカッと】,https://www.youtube.com/watch?v=zrCEdtu0oao,100%
1611,【スカッとする話】息子の葬儀に夫と義父が来ない。私「早く来て！もう告別式よ？」夫「今からタイだから無理！」義父「旅行中に連絡すんな」キレた私が義実家を売却すると→帰宅した二人から鬼電が【朗読】,https://www.youtube.com/watch?v=T3U_Z90x4XM,2.9万回視聴 / 10 か月前,心に灯る物語,https://www.youtube.com/channel/UC9RH_NC0WPeS4wTf1v8DyAA,4 日前,13回視聴,【スカッとする話】息子の葬儀に夫と義父が来ない。私「早く来て！もう告別式よ？」夫「今からタイだから無理！」義父「旅行中に連絡すんな」キレた私が義実家を売却すると→帰宅した二人から鬼電が【朗読】,https://www.youtube.com/watch?v=77SDLWlcnlY,100%
1612,【スカッとする話】私からエリート銀行員の夫を奪った同僚から結婚式の招待状。同僚「ハワイ挙式するから来てねw」直後、私は夫の勤務先へ電話→私「支店長？離婚したからアイツ解雇で」,https://www.youtube.com/watch?v=Yf8E-jgnsFM,1.3万回視聴 / 1 年前,心に灯る物語,https://www.youtube.com/channel/UC9RH_NC0WPeS4wTf1v8DyAA,2 日前,25回視聴,【スカッとする話】私からエリート銀行員の夫を奪った同僚から結婚式の招待状。同僚「ハワイ挙式するから来てねw」直後、私は夫の勤務先へ電話→私「支店長？離婚したからアイツ解雇で」,https://www.youtube.com/watch?v=98AOVhQAA7Y,100%
1613,【スカッとする話】私が夫の入院費を払ってると知らず私の荷物を全て捨てた夫の連れ子「もうパパに寄生するなw」連れ子を残し1億のタワマンに引越し入院費の支払いも止めた結果w,https://www.youtube.com/watch?v=JaGjTAkTfxQ,30万回視聴 / 2 年前,心に灯る物語,https://www.youtube.com/channel/UC9RH_NC0WPeS4wTf1v8DyAA,4 日前,270回視聴,【スカッとする話】私が夫の入院費を払ってると知らず私の荷物を全て捨てた夫の連れ子「もうパパに寄生するなw」連れ子を残し1億のタワマンに引越し入院費の支払いも止めた結果w,https://www.youtube.com/watch?v=4FdweOZs9yo,100%
1614,【スカッとする話】長男夫婦が正月に帰省し、長男「お腹空いた？ｗローストビーフは俺達のだから母さんにはあげないよw」私「そう、私も実家に帰るわね」長男「え？」結果w【修羅場】,https://www.youtube.com/watch?v=91uIitHGAw0,25万回視聴 / 3 年前,心に灯る物語,https://www.youtube.com/channel/UC9RH_NC0WPeS4wTf1v8DyAA,1 日前,43回視聴,【スカッとする話】長男夫婦が正月に帰省し、長男「お腹空いた？ｗローストビーフは俺達のだから母さんにはあげないよw」私「そう、私も実家に帰るわね」長男「え？」結果w【修羅場】,https://www.youtube.com/watch?v=hciFJkTimnM,100%
1615,【スカッとする話】長男夫婦が近所に引っ越して来ると長男「毎朝3時に起きて弁当3食分届けろ！断ったら絶縁して孫にも会わせん！w」私「じゃあ絶縁でいいわよ」夫「は？」【修羅場】,https://www.youtube.com/watch?v=R4_twhiqs1A,29万回視聴 / 3 年前,心に灯る物語,https://www.youtube.com/channel/UC9RH_NC0WPeS4wTf1v8DyAA,3 日前,"4,050回視聴",【スカッとする話】長男夫婦が近所に引っ越して来ると長男「毎朝3時に起きて弁当3食分届けろ！断ったら絶縁して孫にも会わせん！w」私「じゃあ絶縁でいいわよ」夫「は？」【修羅場】,https://www.youtube.com/watch?v=oL1Wk06Tzeo,100%
1616,【スカッとする話】長男夫婦と同居中、私が全員を養っていると知らず私を罵倒する長男嫁「アンタの顔見ると吐き気するw家族だけで暮らすから出てけw」→私「じゃあ出ていきますね」結果w,https://www.youtube.com/watch?v=8qwPHXkvJeQ,7.1万回視聴 / 1 年前,心に灯る物語,https://www.youtube.com/channel/UC9RH_NC0WPeS4wTf1v8DyAA,1 日前,263回視聴,【スカッとする話】長男夫婦と同居中、私が全員を養っていると知らず私を罵倒する長男嫁「アンタの顔見ると吐き気するw家族だけで暮らすから出てけw」→私「じゃあ出ていきますね」結果w,https://www.youtube.com/watch?v=SkSQ9vSgEqs,100%
1617,【スカッと総集編】私が全員を養っていると知らず私を罵倒する長男嫁「アンタの顔見ると吐き気するw家族だけで暮らすから出てけw」私「じゃあ出ていきますね」嫁だけ残し2億の新居に引越した結果w,https://www.youtube.com/watch?v=xcsigijhZAo,13万回視聴 / 2 年前,心に灯る物語,https://www.youtube.com/channel/UC9RH_NC0WPeS4wTf1v8DyAA,1 日前,263回視聴,【スカッとする話】長男夫婦と同居中、私が全員を養っていると知らず私を罵倒する長男嫁「アンタの顔見ると吐き気するw家族だけで暮らすから出てけw」→私「じゃあ出ていきますね」結果w,https://www.youtube.com/watch?v=SkSQ9vSgEqs,84%
1618,【スカッとする話】体調不良でパートを早退し家に帰ると夫が親友と真っ最中...コッソリ二人の動画を撮影し親友の夫に送ってやった結果w,https://www.youtube.com/watch?v=NTuf2k99EWQ,27万回視聴 / 2 年前,心に響く感動ストーリー,https://www.youtube.com/channel/UCX6aBSlCbTqYjP1pjpTyqmg,4 か月前,"55,319回視聴",体調不良でパートを早退し家に帰ると夫が親友と真っ最中...コッソリ二人の動画を撮影し親友の夫に送ってやった結果w【朗読】【スカッと】,https://www.youtube.com/watch?v=tYUEN-OoD-Q,100%
1619,【スカッとする話】年末に息子夫婦が泊まりにくると、深夜に夫が突然私を裏口に…夫「今のうちに家から出よう」私「え？年越しそば食べないの？」夫「お前気づいてないのか？」【朗読】【スカッと】,https://www.youtube.com/watch?v=AdhCK-BGvg4,13万回視聴 / 11 か月前,心に響く話,https://www.youtube.com/channel/UCjxzsUysNF26bHK3cDdVGrg,3 時間前,1 回視聴,年末に息子夫婦が泊まりに来ると、深夜に夫が突然私を裏口に呼んだ夫「今のうちに家から出よう」私「え？年越しそば食べないの？」夫「お前気づいてないのか？」【シニアライフ】【60代以上の方へ】,https://www.youtube.com/watch?v=Qac4WSGiwms,96%
1620,【スカッとする話】年末に息子夫婦が泊まりにくると、深夜に夫が突然私を裏口に…夫「今のうちに家から出よう」私「え？年越しそば食べないの？」夫「お前気づいてないのか？」【朗読】【スカッと】,https://www.youtube.com/watch?v=AdhCK-BGvg4,13万回視聴 / 11 か月前,心に響く話,https://www.youtube.com/channel/UCjxzsUysNF26bHK3cDdVGrg,2 週間前,494回視聴,年末に息子夫婦が泊まりに来ると、深夜に夫が突然私を裏口に呼んだ夫「今のうちに家から出よう」私「え？年越しそば食べないの？」夫「お前気づいてないのか？」【シニアライフ】【60代以上の方へ】,https://www.youtube.com/watch?v=QLLu7RdA0Cg,96%
1621,【スカッとする話】私が離婚届に署名すると、満面の笑みで大喜びする義家族。新しい嫁を迎えた1週間後、電気・ガス・水道が止まると急に義家族が焦り出しw【朗読】【スカッと】,https://www.youtube.com/watch?v=cVe3XmXeRuE,14万回視聴 / 4 か月前,心のさざめき4792,https://www.youtube.com/channel/UCPj5p8aRNuVF0zbQsqrQAjw,2 か月前,12回視聴,私が離婚届に署名すると、満面の笑みで大喜びする義家族。新しい嫁を迎えた1週間後、電気・ガス・水道が止まると急に義家族が焦り出しw,https://www.youtube.com/watch?v=a47cDF7xZOE,100%
1622,【スカッとする話】毎日9時間義母の介護で倒れた私に夫「介護すらできないなら離婚wこれからは愛人に任せるw」私「いいけど後悔しない？」夫「しねぇよw」1週間後w【朗読】【スカッと】,https://www.youtube.com/watch?v=9TulrMzmHr8,5.7万回視聴 / 9 か月前,心のラジオ 5704,https://www.youtube.com/channel/UCTYL3zm2mHCTixzhSZRtx0w,2 週間前,0 回視聴,【スカッとする話】毎日9時間義母の介護で倒れた私に夫「介護すらできないなら離婚wこれからは愛人に任せるw」私「いいけど後悔しない？」夫「しねぇよw」1週間後w【朗読】【スカッと】,https://www.youtube.com/watch?v=-8bBUMQDi4A,100%
1623,【スカッとする話】病院から突然の電話で看護師「夫さん倒れて緊急入院です！病院代支払いに来て下さい！」私「もう支払い済ですよ？」看護師「え？」実は…【朗読】【スカッと】,https://www.youtube.com/watch?v=-rCnVoxQEpM,6.2万回視聴 / 1 年前,心のラジオ 5704,https://www.youtube.com/channel/UCTYL3zm2mHCTixzhSZRtx0w,2 週間前,1 回視聴,【スカッとする話】病院から突然の電話で看護師「夫さん倒れて緊急入院です！病院代支払いに来て下さい！」私「もう支払い済ですよ？」看護師「え？」実は…【朗読】【スカッと】,https://www.youtube.com/watch?v=Rwh6U-NjqG4,100%
1624,【スカッとする話】4歳の娘を寝かしつけていると、急にベランダを指差し囁いた。娘「ママがお外行くと、そこから女の人が来るの」→出かける瞬間110番するとw【朗読】【スカッと】,https://www.youtube.com/watch?v=KOdNAZcklk0,1.4万回視聴 / 4 か月前,心の声 5632,https://www.youtube.com/channel/UCCVKUOj3JXKmWMmSOGeozxQ,3 週間前,4回視聴,【感動する話】4歳の娘を寝かしつけていると、急にベランダを指差し囁いた。娘「ママがお外行くと、そこから女の人が来るの」→出かける瞬間110番するとw【朗読】【スカッと】,https://www.youtube.com/watch?v=AFVzCy0aF2Q,100%
1625,【スカッとする話】私の資産が9億あると知らず社長令嬢の愛人と再婚した元夫と再会「生活保護の貧乏人じゃんw元気？w」私「は？誰と勘違いしてるの？」真実を伝えると元夫が半狂乱にw【スカッと】【朗読】,https://www.youtube.com/watch?v=uYt37nxwb0o,1.8万回視聴 / 2 年前,心の声を聴く4568,https://www.youtube.com/channel/UCNNY9vU8bd79P7eJQhYGkSQ,1 か月前,1 回視聴,私の資産が9億あると知らず社長令嬢の愛人と再婚した元夫と再会「生活保護の貧乏人じゃんw元気？w」私「は？誰と勘違いしてるの？」真実を伝えると元夫が半狂乱にw,https://www.youtube.com/watch?v=jhrm5E0xQJI,100%
1626,【スカッと総集編】私の資産が9億あると知らず社長令嬢の愛人と再婚した元夫と再会「生活保護の貧乏人じゃんw元気？w」私「は？誰と勘違いしてるの？」真実を伝えると元夫が半狂乱にw,https://www.youtube.com/watch?v=lVGupM23LsE,31万回視聴 / 2 年前,心の声を聴く4568,https://www.youtube.com/channel/UCNNY9vU8bd79P7eJQhYGkSQ,1 か月前,1 回視聴,私の資産が9億あると知らず社長令嬢の愛人と再婚した元夫と再会「生活保護の貧乏人じゃんw元気？w」私「は？誰と勘違いしてるの？」真実を伝えると元夫が半狂乱にw,https://www.youtube.com/watch?v=jhrm5E0xQJI,100%
1627,【スカッとする話】夫の他界後、9年間同居介護中の義父「家も遺産も本当の家族である娘に譲るが大丈夫だよな？」私「大丈夫です。今日で引っ越すので」義父「え？引越し？」,https://www.youtube.com/watch?v=zraWXCultxM,3万回視聴 / 1 年前,心の影 5476,https://www.youtube.com/channel/UCurSn3tPfci7NFuBRTNZOQA,1 か月前,1 回視聴,【スカッとする話】夫の他界後、9年間同居介護中の義父「家も遺産も本当の家族である娘に譲るが大丈夫だよな？」私「大丈夫です。今日で引っ越すので」義父「え？引越し？」,https://www.youtube.com/watch?v=7oh1osAvV9Y,100%
1628,【スカッとする話】年末にエリート親族との集まりで私と夫だけ門前払いされた…義父「年末に底辺と過ごすのは勘弁w」親族一同から帰れコールを浴びると→夫「じゃあお前ら全員クビな」【朗読】,https://www.youtube.com/watch?v=oD06ck-TlCc,8.4万回視聴 / 10 か月前,心の影 5476,https://www.youtube.com/channel/UCurSn3tPfci7NFuBRTNZOQA,1 か月前,0 回視聴,【スカッとする話】年末にエリート親族との集まりで私と夫だけ門前払いされた…義父「年末に底辺と過ごすのは勘弁w」親族一同から帰れコールを浴びると→夫「じゃあお前ら全員クビな」【朗読】,https://www.youtube.com/watch?v=4jr5uJhnBzA,87%
1629,【スカッとする話】私が毎日12時間、義父の介護をしていると知らない夫「離婚しよう…お前と一緒はもう限界…」私「本当にいいの？」夫「当然w」→介護負担を伝えず即離婚して姿を消すと…w【朗読】【スカッと】,https://www.youtube.com/watch?v=Mpi2bhYFSsQ,14万回視聴 / 9 か月前,心の影 5476,https://www.youtube.com/channel/UCurSn3tPfci7NFuBRTNZOQA,1 か月前,0 回視聴,【スカッとする話】私が毎日12時間、義父の介護をしていると知らない夫「離婚しよう…お前と一緒はもう限界…」私「本当にいいの？」夫「当然w」→介護負担を伝えず即離婚して姿を消すと…w【朗読】【スカッと】,https://www.youtube.com/watch?v=k9wXZUWJ6RQ,100%
1630,【スカッとする話】結婚してまだ5日なのに、給料70万を全て義母に渡す夫「金稼いだのは俺wお前には一銭も入れないw」私「じゃあ私もそうするね」→私の給料を全部母に渡すと夫は半狂乱に…w【朗読】,https://www.youtube.com/watch?v=RjPb4f1lroI,27万回視聴 / 9 か月前,心の影 5476,https://www.youtube.com/channel/UCurSn3tPfci7NFuBRTNZOQA,1 か月前,184回視聴,【スカッとする話】結婚してまだ5日なのに、給料70万を全て義母に渡す夫「金稼いだのは俺wお前には一銭も入れないw」私「じゃあ私もそうするね」→私の給料を全部母に渡すと夫は半狂乱に…w【朗読】,https://www.youtube.com/watch?v=FSwI0L5cQm0,94%
1631,【スカッとする話】義両親の介護に疲れた私「もう限界。実家に帰ります」夫「はぁ？両親の世話は一生やれ！帰るなら離婚届書いて行けよ！」私「はーい」即提出して引っ越すと涙を流した夫から鬼電がw,https://www.youtube.com/watch?v=XOHEsLaj9NU,21万回視聴 / 2 年前,心の影 5476,https://www.youtube.com/channel/UCurSn3tPfci7NFuBRTNZOQA,4 週間前,1 回視聴,【スカッとする話】義両親の介護に疲れた私「もう限界。実家に帰ります」夫「はぁ？両親の世話は一生やれ！帰るなら離婚届書いて行けよ！」私「はーい」即提出して引っ越すと涙を流した夫から鬼電がw,https://www.youtube.com/watch?v=SVuD0DtXA6g,100%
1632,【スカッとする話】義妹が居座り2年間も出ていかない。義妹「私、病気持ちで辛くて…」私「じゃあ私が引越すね」夫「は？」義妹「ま、待って下さい」3日後、義妹は私の罠にハマり…w,https://www.youtube.com/watch?v=6nj9rvRxM-4,10万回視聴 / 1 年前,心の影 5476,https://www.youtube.com/channel/UCurSn3tPfci7NFuBRTNZOQA,4 週間前,0 回視聴,【スカッとする話】義妹が居座り2年間も出ていかない。義妹「私、病気持ちで辛くて…」私「じゃあ私が引越すね」夫「は？」義妹「ま、待って下さい」3日後、義妹は私の罠にハマり…w,https://www.youtube.com/watch?v=NgantkfVBV0,100%
1633,【スカッとする話】義母が居座り2週間も出ていかない。義母「私、足が悪くてね…」私「では私が家を出ますね」夫「え？」義母「ま、待って！」翌日、義母は私の思惑通り…w,https://www.youtube.com/watch?v=sBP7EbSkRSM,13万回視聴 / 2 年前,心の影 5476,https://www.youtube.com/channel/UCurSn3tPfci7NFuBRTNZOQA,4 週間前,0 回視聴,【スカッとする話】義母が居座り2週間も出ていかない。義母「私、足が悪くてね…」私「では私が家を出ますね」夫「え？」義母「ま、待って！」翌日、義母は私の思惑通り…w,https://www.youtube.com/watch?v=KSVLszb6r5s,100%
1634,【スカッとする話】里帰り出産から戻ると家が三世帯住宅に増築されていた…義父「支払いと介護はよろしくなw」私「え？私は住みませんけど？」義父・夫「え？」,https://www.youtube.com/watch?v=5_6f0e8GyqU,8.9万回視聴 / 1 年前,心の影 5476,https://www.youtube.com/channel/UCurSn3tPfci7NFuBRTNZOQA,1 か月前,1 回視聴,【スカッとする話】里帰り出産から戻ると家が三世帯住宅に増築されていた…義父「支払いと介護はよろしくなw」私「え？私は住みませんけど？」義父・夫「え？」,https://www.youtube.com/watch?v=t8H0w-rwC4c,100%
1635,【スカッとする話】金のない私を見下しこき使う義家族。義母「還暦祝いよろしくねw」私が倒れ夫がコンビニ弁当を出すと義母「これで祝ったつもり？」夫「あぁ、絶縁祝いだ」【朗読】【スカッと】,https://www.youtube.com/watch?v=p-yN-SVW_EU,5.1万回視聴 / 3 か月前,心の影 5476,https://www.youtube.com/channel/UCurSn3tPfci7NFuBRTNZOQA,1 か月前,35回視聴,【スカッとする話】金のない私を見下しこき使う義家族。義母「還暦祝いよろしくねw」私が倒れ夫がコンビニ弁当を出すと義母「これで祝ったつもり？」夫「あぁ、絶縁祝いだ」【朗読】【スカッと】,https://www.youtube.com/watch?v=QCxezYLCVlc,100%
1636,【スカッとする話】長男夫婦と同居中、毎月家に30万入れる私と夫に長男嫁「家事もしない老害は出ていけw」夫「じゃあ今から引っ越すか」私「うん」→翌日、長男嫁から鬼電が来て、永久に無視した結果w【修羅場】,https://www.youtube.com/watch?v=g9b-y4iFR5M,12万回視聴 / 3 年前,心の影 5476,https://www.youtube.com/channel/UCurSn3tPfci7NFuBRTNZOQA,3 週間前,0 回視聴,【スカッとする話】長男夫婦と同居中、毎月家に30万入れる私と夫に長男嫁「家事もしない老害は出ていけw」夫「じゃあ今から引っ越すか」私「うん」→翌日、長男嫁から鬼電が来て、永久に無視した結果w【修羅場】,https://www.youtube.com/watch?v=ueHjSbrkJko,100%
1637,【スカッと総集編】夫の他界後、9年間同居介護中の義父「家も遺産も本当の家族である娘に譲るが大丈夫だよな？」私「大丈夫です。今日で引っ越すので」義父「え？引越し？」,https://www.youtube.com/watch?v=ED8m-ZWU12Y,3.4万回視聴 / 1 年前,心の影 5476,https://www.youtube.com/channel/UCurSn3tPfci7NFuBRTNZOQA,1 か月前,1 回視聴,【スカッとする話】夫の他界後、9年間同居介護中の義父「家も遺産も本当の家族である娘に譲るが大丈夫だよな？」私「大丈夫です。今日で引っ越すので」義父「え？引越し？」,https://www.youtube.com/watch?v=7oh1osAvV9Y,100%
1638,【スカッとする話】母の手術費のためにバケモノ御曹司と婚約した私。父「すまんな…」結婚初日、別人の彼の姿に驚愕し…【朗読】【スカッと】,https://www.youtube.com/watch?v=2meTtNT2fJ8,25万回視聴 / 7 か月前,心の琴線 5644,https://www.youtube.com/channel/UCJYX_lWgukSGeu6DwyhjoIQ,4 週間前,1 回視聴,【スカッとする話】母の手術費のためにバケモノ御曹司と婚約した私。父「すまんな…」結婚初日、別人の彼の姿に驚愕し…【朗読】【スカッと】,https://www.youtube.com/watch?v=WXfKxTqcHt8,100%
1639,【スカッとする話】43歳で妊娠した私と息子を捨てた学歴主義の夫「ババァの子は頭悪そうw育てたくないから離婚でw」20年後、病院で元夫と遭遇→息子を見た元夫が絶句し…【朗読】【スカッと】,https://www.youtube.com/watch?v=1l07gzryzxY,6.4万回視聴 / 1 年前,心の琴線 5645,https://www.youtube.com/channel/UCiaf20iOL2Huh9928uSBP7A,3 週間前,0 回視聴,【スカッとする話】43歳で妊娠した私と息子を捨てた学歴主義の夫「ババァの子は頭悪そうw育てたくないから離婚でw」20年後、病院で元夫と遭遇→息子を見た元夫が絶句し…【朗読】【スカッと】,https://www.youtube.com/watch?v=Uu7kpQKsxRM,100%
1640,【スカッとする話】同窓会で東大卒のイケメン医師が中卒でバイトの私に難病症例を提示。医師「解けたら何でもするw」私「あ、それ難しくないよ」【朗読】【スカッと】,https://www.youtube.com/watch?v=qORErX-vqL8,3.2万回視聴 / 4 か月前,心の琴線 5645,https://www.youtube.com/channel/UCiaf20iOL2Huh9928uSBP7A,3 週間前,1 回視聴,【スカッとする話】同窓会で東大卒のイケメン医師が中卒でバイトの私に難病症例を提示。医師「解けたら何でもするw」私「あ、それ難しくないよ」【朗読】【スカッと】,https://www.youtube.com/watch?v=tUhPcqu5_1Y,100%
1641,【スカッとする話】姉を溺愛する両親に低スペ男とのお見合いを強要された私。母「貧乏の相手はお前がお似合いw」3日後、お見合いに行くと→現れた相手がまさかの…【朗読】【スカッと】,https://www.youtube.com/watch?v=FxlDr2hksk4,6.2万回視聴 / 7 か月前,心の琴線 5645,https://www.youtube.com/channel/UCiaf20iOL2Huh9928uSBP7A,3 週間前,7回視聴,【スカッとする話】姉を溺愛する両親に低スペ男とのお見合いを強要された私。母「貧乏の相手はお前がお似合いw」3日後、お見合いに行くと→現れた相手がまさかの…【朗読】【スカッと】,https://www.youtube.com/watch?v=YnfJV6jLEg8,100%
1642,【スカッとする話】家のローンを毎月18万払い続ける私に夫「家と財産は長男夫婦に譲った！」長男「寄生虫の穀潰しは出てけw」キレた私が全ての支払いを停止→家も売り払い解体すると…w,https://www.youtube.com/watch?v=OGQqqSZ2qR0,1.2万回視聴 / 1 年前,心の琴線 5645,https://www.youtube.com/channel/UCiaf20iOL2Huh9928uSBP7A,3 週間前,0 回視聴,【スカッとする話】家のローンを毎月18万払い続ける私に夫「家と財産は長男夫婦に譲った！」長男「寄生虫の穀潰しは出てけw」キレた私が全ての支払いを停止→家も売り払い解体すると…w,https://www.youtube.com/watch?v=RV48RxyOXZc,100%
1643,【スカッとする話】父が急逝し社長になった私に30人分の退職届を投げつけた専務「全員連れて独立するわ！」私「いいの？wラッキー！」専務「え？」【朗読】【スカッと】,https://www.youtube.com/watch?v=H-iBD-D6jz8,3.8万回視聴 / 2 か月前,心の琴線 5645,https://www.youtube.com/channel/UCiaf20iOL2Huh9928uSBP7A,4 週間前,2回視聴,【スカッとする話】父が急逝し社長になった私に30人分の退職届を投げつけた専務「全員連れて独立するわ！」私「いいの？wラッキー！」専務「え？」【朗読】【スカッと】,https://www.youtube.com/watch?v=WHpJvO6c0AA,94%
1644,【スカッとする話】父が急逝し院長になった私。翌日、机に退職届が100人分…副院長「お前が院長ならみんな辞めるってw」私「どうぞどうぞ！」→翌日w【朗読】【スカッと】,https://www.youtube.com/watch?v=IPsXxYnWZVk,13万回視聴 / 5 か月前,心の琴線 5645,https://www.youtube.com/channel/UCiaf20iOL2Huh9928uSBP7A,1 か月前,946回視聴,【スカッとする話】父が急逝し院長になった私。翌日、机に退職届が100人分…副院長「お前が院長ならみんな辞めるってw」私「どうぞどうぞ！」→翌日w【朗読】【スカッと】,https://www.youtube.com/watch?v=EypWrTl0eOw,100%
1645,【スカッとする話】親友が急逝し女手一つで引き取り育てた娘の結婚式で私の席にだけ盛り塩が置かれていた。医者の新郎母「母子家庭の母は一族の恥w」娘「…母さん帰ろう」私「…うん」翌日、新郎一家は全てを失い…,https://www.youtube.com/watch?v=nb_aRD_6UTg,2.7万回視聴 / 1 年前,心の琴線 5645,https://www.youtube.com/channel/UCiaf20iOL2Huh9928uSBP7A,3 週間前,0 回視聴,【スカッとする話】親友が急逝し女手一つで引き取り育てた娘の結婚式で私の席にだけ盛り塩が置かれていた。医者の新郎母「母子家庭の母は一族の恥w」娘「…母さん帰ろう」私「…うん」翌日、新郎一家は全てを失い…,https://www.youtube.com/watch?v=Vv2PAFTACZ4,100%
1646,【スカッとする話】親戚が集まる忘年会に行くと、父「贈った鞄使ってないのか？」夫「嫁に似合わないから捨てたw」直後、私を外に呼び出した父「俺があいつを始末する」【朗読】【スカッと】,https://www.youtube.com/watch?v=cd2Xb8XKtOE,8.1万回視聴 / 5 か月前,心の琴線 5645,https://www.youtube.com/channel/UCiaf20iOL2Huh9928uSBP7A,4 週間前,4回視聴,【スカッとする話】親戚が集まる忘年会に行くと、父「贈った鞄使ってないのか？」夫「嫁に似合わないから捨てたw」直後、私を外に呼び出した父「俺があいつを始末する」【朗読】【スカッと】,https://www.youtube.com/watch?v=4f6pxkgsWec,100%
1647,【スカッとする話】銀行で駐車券を頼んだ私に銀行員「駐車場はお客様専用w貧乏人はお帰りくださいw」直後、100億引き出すと行員一同は震え出し…w【朗読】【スカッと】,https://www.youtube.com/watch?v=CmlQI7xYekQ,7.6万回視聴 / 9 か月前,心の琴線 5645,https://www.youtube.com/channel/UCiaf20iOL2Huh9928uSBP7A,4 週間前,1 回視聴,【スカッとする話】銀行で駐車券を頼んだ私に銀行員「駐車場はお客様専用w貧乏人はお帰りくださいw」直後、100億引き出すと行員一同は震え出し…w【朗読】【スカッと】,https://www.youtube.com/watch?v=qFDP75o0ue0,100%
1648,【スカッとする話】モラハラ義母の浮気を知った私。こっそり義母の避妊薬を排卵促進剤にすり替えた4ヶ月後、突然義母が焦り出し…w【朗読】【スカッと】,https://www.youtube.com/watch?v=R2qH5V5VDlQ,8.4万回視聴 / 9 か月前,心の琴線 5726,https://www.youtube.com/channel/UCeX0ohQDly_ouo2i6HwylXQ,2 週間前,0 回視聴,【スカッとする話】モラハラ義母の浮気を知った私。こっそり義母の避妊薬を排卵促進剤にすり替えた4ヶ月後、突然義母が焦り出し…w【朗読】【スカッと】,https://www.youtube.com/watch?v=_xh3HGkaiEY,100%
1649,【スカッとする話】亭主関白夫「生活費は1万で十分！節約できなければ離婚な」私「は？（まぁいっかw）」夫「女は文句言うなw」暖房も切り節約してあげると…w【朗読】【スカッと】,https://www.youtube.com/watch?v=QhxtczPE0cs,1.9万回視聴 / 3 か月前,心の琴線 5726,https://www.youtube.com/channel/UCeX0ohQDly_ouo2i6HwylXQ,2 週間前,0 回視聴,【スカッとする話】亭主関白夫「生活費は1万で十分！節約できなければ離婚な」私「は？（まぁいっかw）」夫「女は文句言うなw」暖房も切り節約してあげると…w【朗読】【スカッと】,https://www.youtube.com/watch?v=PG8T1jhJgHU,100%
1650,【スカッとする話】会社の有給休暇で兄の結婚式に行くと、義母「荷物捨てたから一生帰って来るなw離婚して関わらないで欲しいわw」私「はい、承知しました」→3日後、義母は 【スカッと】【朗読】,https://www.youtube.com/watch?v=nw5vqqyFuAo,3.9万回視聴 / 1 年前,心の琴線 5726,https://www.youtube.com/channel/UCeX0ohQDly_ouo2i6HwylXQ,2 週間前,0 回視聴,【スカッとする話】会社の有給休暇で兄の結婚式に行くと、義母「荷物捨てたから一生帰って来るなw離婚して関わらないで欲しいわw」私「はい、承知しました」→3日後、義母は 【スカッと】【朗読】,https://www.youtube.com/watch?v=MDYiZlK6Dlk,95%
1651,【スカッとする話】私名義の新築戸建と知らず里帰り出産で我が家に来た娘「母さんの部屋は私が使うw」夫「お前は車で寝てろw」私「わかりました...」→キレた私が家を売り払うと...w,https://www.youtube.com/watch?v=yefpSXnGZOg,15万回視聴 / 3 年前,心をつなぐ日々,https://www.youtube.com/channel/UCs530ElEeJqWnpkba_rO50w,11 か月前,0 回視聴,【スカッと】私名義の新築戸建と知らず里帰り出産で我が家に来た娘「母さんの部屋は私が使うw」夫「お前は車で寝てろw」私「わかりました   」→キレた私が家を売り払うと,https://www.youtube.com/watch?v=_4yxyCaGPAc,100%
1652,【スカッとする話】元義母「今月から養育費増えるわw孫が私立に行くから即振り込んでw」私「元夫が払う側ですが？」元義母「え？」結果w【朗読】【スカッと】,https://www.youtube.com/watch?v=1h9gZB2pkio,5.9万回視聴 / 8 か月前,心揺さぶる話 5719,https://www.youtube.com/channel/UCZ9U8m5ymgGq4pkTkd6NK_A,3 週間前,21回視聴,【スカッとする話】元義母「今月から養育費増えるわw孫が私立に行くから即振り込んでw」私「元夫が払う側ですが？」元義母「え？」結果w【朗読】【スカッと】,https://www.youtube.com/watch?v=tsuBWRY_XmE,100%
1653,【スカッとする話】父を亡くし借金生活をする私。父の鞄に入っていた通帳から延滞金20万を振り込んだ直後、玄関前の光景を見た私は絶句し…【朗読】【スカッと】,https://www.youtube.com/watch?v=XxaFsY1Peuo,2.1万回視聴 / 4 か月前,心揺さぶる話 5719,https://www.youtube.com/channel/UCZ9U8m5ymgGq4pkTkd6NK_A,3 週間前,1 回視聴,【スカッとする話】父を亡くし借金生活をする私。父の鞄に入っていた通帳から延滞金20万を振り込んだ直後、玄関前の光景を見た私は絶句し…【朗読】【スカッと】,https://www.youtube.com/watch?v=0mkp4mJLrK4,97%
1654,【スカッとする話】私が総資産30億の社長と知らず夫「女部長と再婚するから離婚でｗ子供はお前に譲ってやるよw」私「はーい」即離婚して引越すと→1週間後に半狂乱にw,https://www.youtube.com/watch?v=qXmpDKTFsJg,4.8万回視聴 / 1 年前,心揺さぶる話 5719,https://www.youtube.com/channel/UCZ9U8m5ymgGq4pkTkd6NK_A,4 週間前,28回視聴,【スカッとする話】私が総資産30億の社長と知らず夫「女部長と再婚するから離婚でｗ子供はお前に譲ってやるよw」私「はーい」即離婚して引越すと→1週間後に半狂乱にw,https://www.youtube.com/watch?v=TN0NWMuM9-w,93%
1655,【スカッとする話】私と離婚し愛人を選んだ元夫「ローン完済したよな？今日から俺たちが住むからw」私「何か勘違いしてない？」元夫「え？」実はw【朗読】【スカッと】,https://www.youtube.com/watch?v=6_DWl928MOQ,5万回視聴 / 2 か月前,心揺さぶる話 5719,https://www.youtube.com/channel/UCZ9U8m5ymgGq4pkTkd6NK_A,4 週間前,2回視聴,【スカッとする話】私と離婚し愛人を選んだ元夫「ローン完済したよな？今日から俺たちが住むからw」私「何か勘違いしてない？」元夫「え？」実はw【朗読】【スカッと】,https://www.youtube.com/watch?v=fqIiihjfDrs,100%
1656,【スカッとする話】高熱を出し夫に連絡した私「病院連れていってくれない？」夫「今飲み会中、連絡すんなw寝れば治るから大丈夫w」翌日、夫は自滅し涙目にw【朗読】【スカッと】,https://www.youtube.com/watch?v=946JbIP0v8E,3.8万回視聴 / 3 か月前,心揺さぶる話 5719,https://www.youtube.com/channel/UCZ9U8m5ymgGq4pkTkd6NK_A,4 週間前,29回視聴,【スカッとする話】高熱を出し夫に連絡した私「病院連れていってくれない？」夫「今飲み会中、連絡すんなw寝れば治るから大丈夫w」翌日、夫は自滅し涙目にw【朗読】【スカッと】,https://www.youtube.com/watch?v=Z39UbJJI0wc,100%
1657,【スカッとする話】夜勤明けで帰ると夫と親友が真っ最中…夫「娘と慰謝料やるから離婚でw」親友「あんた達用済みだってw」娘「パパそれは無理だよ？だって…」娘の一言で夫・親友は顔面蒼白w【朗読】【スカッと】,https://www.youtube.com/watch?v=hJ8jUcnVIG0,4.1万回視聴 / 11 か月前,心揺さぶる話 5735,https://www.youtube.com/channel/UCGVDmsxDHe2jg4Pi9MkOmRQ,2 週間前,0 回視聴,【スカッとする話】夜勤明けで帰ると夫と親友が真っ最中…夫「娘と慰謝料やるから離婚でw」親友「あんた達用済みだってw」娘「パパそれは無理だよ？だって…」娘の一言で夫・親友は顔面蒼白w【朗読】【スカッと】,https://www.youtube.com/watch?v=Li6HYi1q724,100%
1658,【スカッとする話】定年退職後30年連れ添った私を捨てる夫「老後は第二の人生歩むから離婚w」私「いいけど後悔しない？」夫「するかw」3ヶ月後w【朗読】【スカッと】,https://www.youtube.com/watch?v=DYfDC7tM1-8,3.9万回視聴 / 1 年前,心揺さぶる話 5735,https://www.youtube.com/channel/UCGVDmsxDHe2jg4Pi9MkOmRQ,2 週間前,1 回視聴,【スカッとする話】定年退職後30年連れ添った私を捨てる夫「老後は第二の人生歩むから離婚w」私「いいけど後悔しない？」夫「するかw」3ヶ月後w【朗読】【スカッと】,https://www.youtube.com/watch?v=5whfEVXWBTA,100%
1659,【スカッとする話】12年前、私の夫を略奪し駆け落ちした長男嫁から連絡。長男嫁「旦那と久しぶりに帰るwあんたはトイレに隠れててw」私「はい…」→約束破ってトイレから飛び出すと…w【朗読】【スカッと】,https://www.youtube.com/watch?v=LMo-dxLN6Qc,3.7万回視聴 / 8 か月前,心温まるストーリー 4989,https://www.youtube.com/channel/UCS-VuYFB_DXsDhPHAzUS0JA,3 週間前,81回視聴,【スカッとする話】12年前、私の夫を略奪し駆け落ちした長男嫁から連絡。長男嫁「旦那と久しぶりに帰るwあんたはトイレに隠れててw」私「はい…」→約束破ってトイレから飛び出すと…w【朗読】【スカッと】,https://www.youtube.com/watch?v=hv0PJy7Jn88,100%
1660,【スカッとする話】30年連れ添った夫を亡くし、1Kのアパートに引っ越した私に嫁「底辺すぎて笑えるw」1ヶ月後、私が乗る車を見た嫁「え、これってまさか…」【朗読】【スカッと】,https://www.youtube.com/watch?v=dU6JVw48vN4,2.9万回視聴 / 5 か月前,心温まるストーリー 4989,https://www.youtube.com/channel/UCS-VuYFB_DXsDhPHAzUS0JA,3 週間前,3回視聴,【スカッとする話】30年連れ添った夫を亡くし、1Kのアパートに引っ越した私に嫁「底辺すぎて笑えるw」1ヶ月後、私が乗る車を見た嫁「え、これってまさか…」【朗読】【スカッと】,https://www.youtube.com/watch?v=HdO5-3BV4XA,92%
1661,【スカッとする話】CAの娘の結婚式に参加すると、義両親「中卒の親は場違いだろw」直後、結婚指輪を投げ捨てた娘「まだ分かってないんだw母は…」【朗読】【スカッと】,https://www.youtube.com/watch?v=-BYN9x_-nLc,3.8万回視聴 / 6 か月前,心温まるストーリー 4989,https://www.youtube.com/channel/UCS-VuYFB_DXsDhPHAzUS0JA,4 週間前,57回視聴,【スカッとする話】CAの娘の結婚式に参加すると、義両親「中卒の親は場違いだろw」直後、結婚指輪を投げ捨てた娘「まだ分かってないんだw母は…」【朗読】【スカッと】,https://www.youtube.com/watch?v=lKTRrFXLOO4,100%
1662,【スカッとする話】エコ贔屓されている妹の代わりにブサ男と結婚させられた私。翌朝、銀行に行くと口座に4億が…夫「話がある、実は俺…」→妹と両親が急に慌て出し…w【朗読】【スカッと】,https://www.youtube.com/watch?v=VzF9S7pgYKg,10万回視聴 / 6 か月前,心温まるストーリー 4989,https://www.youtube.com/channel/UCS-VuYFB_DXsDhPHAzUS0JA,1 か月前,333回視聴,【スカッとする話】エコ贔屓されている妹の代わりにブサ男と結婚させられた私。翌朝、銀行に行くと口座に4億が…夫「話がある、実は俺…」→妹と両親が急に慌て出し…w【朗読】【スカッと】,https://www.youtube.com/watch?v=ECeep1I50PM,100%
1663,【スカッとする話】入社式に行った双子の息子が30分で帰宅。息子「俺らの名札だけこれだった」（無能兄弟1号2号）と書かれた名札を見た私は社長に即電話→私「5億の取引中止で」【朗読】【スカッと】,https://www.youtube.com/watch?v=NzBlxUPoOa4,3.4万回視聴 / 10 か月前,心温まるストーリー 4989,https://www.youtube.com/channel/UCS-VuYFB_DXsDhPHAzUS0JA,4 週間前,36回視聴,【スカッとする話】入社式に行った双子の息子が30分で帰宅。息子「俺らの名札だけこれだった」（無能兄弟1号2号）と書かれた名札を見た私は社長に即電話→私「5億の取引中止で」【朗読】【スカッと】,https://www.youtube.com/watch?v=dCVe0EXjyVw,100%
1664,【スカッとする話】同窓会でいじめられた私。同級生「乞食は残飯食ってろw」1時間後、息子が現れた途端、同級生の態度が急変し…w【朗読】【スカッと】,https://www.youtube.com/watch?v=L6kEKzkIxIU,4.3万回視聴 / 5 か月前,心温まるストーリー 4989,https://www.youtube.com/channel/UCS-VuYFB_DXsDhPHAzUS0JA,1 か月前,23回視聴,【スカッとする話】同窓会でいじめられた私。同級生「乞食は残飯食ってろw」1時間後、息子が現れた途端、同級生の態度が急変し…w【朗読】【スカッと】,https://www.youtube.com/watch?v=aBJ1YwjjNAQ,100%
1665,【スカッとする話】大手銀行の頭首が私の内定を取消。頭取「父子家庭の貧乏人は不採用w」私「帰ります」行員一同大爆笑w翌日、ブチギレた父が株主総会で、父「頭取、お前は解任だ！」【朗読】【スカッと】,https://www.youtube.com/watch?v=pXZzVkTWIVM,5.8万回視聴 / 11 か月前,心温まるストーリー 4989,https://www.youtube.com/channel/UCS-VuYFB_DXsDhPHAzUS0JA,1 か月前,10回視聴,【スカッとする話】大手銀行の頭首が私の内定を取消。頭取「父子家庭の貧乏人は不採用w」私「帰ります」行員一同大爆笑w翌日、ブチギレた父が株主総会で、父「頭取、お前は解任だ！」【朗読】【スカッと】,https://www.youtube.com/watch?v=eJdnkZsbcRs,100%
1666,【スカッとする話】夫が愛人と再婚し家を追放された私。亡き父が所有していたホテルに行くと、支配人「お嬢様、どうぞ中へ」3日後、血相変えた夫が突然現れ…w【朗読】【スカッと】,https://www.youtube.com/watch?v=iQrx79Nz3e0,11万回視聴 / 5 か月前,心温まるストーリー 4989,https://www.youtube.com/channel/UCS-VuYFB_DXsDhPHAzUS0JA,3 週間前,4回視聴,【スカッとする話】夫が愛人と再婚し家を追放された私。亡き父が所有していたホテルに行くと、支配人「お嬢様、どうぞ中へ」3日後、血相変えた夫が突然現れ…w【朗読】【スカッと】,https://www.youtube.com/watch?v=oEkkRPtSwHc,100%
1667,【スカッとする話】清掃員の夫との結婚式当日、東大卒の弟から1通のメール。弟「卒業祝いと被ったw両親も行けないw」私（終わらせよう）翌日、号泣の弟から鬼電がw【朗読】【スカッと】,https://www.youtube.com/watch?v=4PHFRmTlaPo,8.1万回視聴 / 6 か月前,心温まるストーリー 4989,https://www.youtube.com/channel/UCS-VuYFB_DXsDhPHAzUS0JA,3 週間前,1 回視聴,【スカッとする話】清掃員の夫との結婚式当日、東大卒の弟から1通のメール。弟「卒業祝いと被ったw両親も行けないw」私（終わらせよう）翌日、号泣の弟から鬼電がw【朗読】【スカッと】,https://www.youtube.com/watch?v=AeGl_OpBBBE,100%
1668,【スカッとする話】父が急逝し女社長になった私。副社長「これ退職届80人分wコネだけの女は皆無理ってw」翌日、新聞を見た元部下が土下座→全員を無視してあげた結果w【朗読】【スカッと】,https://www.youtube.com/watch?v=vQdhdcwgO20,2.1万回視聴 / 4 か月前,心温まるストーリー 4989,https://www.youtube.com/channel/UCS-VuYFB_DXsDhPHAzUS0JA,3 週間前,19回視聴,【スカッとする話】父が急逝し女社長になった私。副社長「これ退職届80人分wコネだけの女は皆無理ってw」翌日、新聞を見た元部下が土下座→全員を無視してあげた結果w【朗読】【スカッと】,https://www.youtube.com/watch?v=2pKVUEdoXJI,100%
1669,【スカッとする話】私1人で育てた息子の顔合わせで、なぜか私たちだけお茶漬け…義家族「貧乏人は好きだろ？w」直後、私の存在に気づいた義兄「俺たちの人生終了だ…」【朗読】【スカッと】,https://www.youtube.com/watch?v=qNSSnNaMxrs,8万回視聴 / 2 か月前,心温まるストーリー 4989,https://www.youtube.com/channel/UCS-VuYFB_DXsDhPHAzUS0JA,1 か月前,98回視聴,【スカッとする話】私1人で育てた息子の顔合わせで、なぜか私たちだけお茶漬け…義家族「貧乏人は好きだろ？w」直後、私の存在に気づいた義兄「俺たちの人生終了だ…」【朗読】【スカッと】,https://www.youtube.com/watch?v=qJ8No7XGqYQ,100%
1670,【スカッとする話】私が離婚届に署名すると、満面の笑みで大喜びする義家族。新しい嫁を迎えた1週間後、電気・ガス・水道が止まると急に義家族が焦り出しw【朗読】【スカッと】,https://www.youtube.com/watch?v=cVe3XmXeRuE,14万回視聴 / 4 か月前,心温まるストーリー 4989,https://www.youtube.com/channel/UCS-VuYFB_DXsDhPHAzUS0JA,1 か月前,72回視聴,【感動する話】私が離婚届に署名すると、満面の笑みで大喜びする義家族。新しい嫁を迎えた1週間後、電気・ガス・水道が止まると急に義家族が焦り出しw,https://www.youtube.com/watch?v=zZK_hwS9jv8,100%
1671,【スカッとする話】私が離婚届に署名すると、満面の笑みで大喜びする義家族。新しい嫁を迎えた1週間後、電気・ガス・水道が止まると急に義家族が焦り出しw【朗読】【スカッと】,https://www.youtube.com/watch?v=cVe3XmXeRuE,14万回視聴 / 4 か月前,心温まる実話,https://www.youtube.com/channel/UCqAz4zqqdAigBNPpMwK-pYw,2 か月前,45回視聴,私が離婚届に署名すると、満面の笑みで大喜びする義家族。新しい嫁を迎えた1週間後、電気・ガス・水道が止まると急に義家族が焦り出しw,https://www.youtube.com/watch?v=9zxLIdDXH6c,100%
1672,【スカッとする話】結婚10年目に銀行員の夫が突然の暴露「お前の親友と結婚するw籍入れてないし財産分与は無しw」私「あれ？あんた知らないの？」夫「何がだよw」実は…,https://www.youtube.com/watch?v=Tpbu9uHiFPg,11万回視聴 / 2 年前,心温まる実話,https://www.youtube.com/channel/UCqAz4zqqdAigBNPpMwK-pYw,1 か月前,5回視聴,結婚10年目に銀行員の夫が突然の暴露「お前の親友と結婚するw籍入れてないし財産分与は無しw」私「あれ？あんた知らないの？」夫「何がだよw」実は…,https://www.youtube.com/watch?v=JCRAk2WNo5Q,100%
1673,【スカッとする話】義両親に蹴られ骨折した私に夫「寝かせとけば治るw」翌日、病室に嘲笑いに来た義家族「あれ、嫁は？w」医師「警察署です」義家族「え？」【朗読】【スカッと】,https://www.youtube.com/watch?v=p4pyD9SD1Tk,8.1万回視聴 / 2 か月前,心温まる実話,https://www.youtube.com/channel/UCqAz4zqqdAigBNPpMwK-pYw,1 か月前,2回視聴,義両親に蹴られ骨折した私に夫「寝かせとけば治るw」翌日、病室に嘲笑いに来た義家族「あれ、嫁は？w」医師「警察署です」義家族「え？」,https://www.youtube.com/watch?v=wrq1xyWHf0c,100%
1674,【スカッとする話】自ら命を絶った夫が亡くなり1週間後、私宛に夫から手紙が届いた...手紙「両親に見つからず読んでくれ」そこに記された場所に行き同封の鍵でコインロッカーを開けると...,https://www.youtube.com/watch?v=9kcEIi88egw,23万回視聴 / 2 年前,心温まる実話,https://www.youtube.com/channel/UCqAz4zqqdAigBNPpMwK-pYw,1 か月前,8回視聴,自ら命を絶った夫が亡くなり1週間後、私宛に夫から手紙が届いた   手紙「両親に見つからず読んでくれ」そこに記された場所に行き同封の鍵でコインロッカーを開けると,https://www.youtube.com/watch?v=0AQQc4vwVZk,100%
1675,【スカッとする話】警察官の弟の結婚式に出席した私。義母「中卒の姉は一族の恥ねw」直後、慌てた弟が義母に私の正体を伝えると、義母は顔面蒼白に…【朗読】【スカッと】,https://www.youtube.com/watch?v=nlS5u4pCtI0,3.8万回視聴 / 3 か月前,心温まる実話,https://www.youtube.com/channel/UCqAz4zqqdAigBNPpMwK-pYw,1 か月前,1 回視聴,警察官の弟の結婚式に出席した私。義母「中卒の姉は一族の恥ねw」直後、慌てた弟が義母に私の正体を伝えると、義母は顔面蒼白に…,https://www.youtube.com/watch?v=gG_UUCBmIKY,97%
1676,【スカッと総集編】夫が土下座「20歳の愛人が妊娠した！離婚してくれ！」私「はい離婚届け。じゃ娘以外は連れてくね」夫「は？娘も連れていけよ」私「無理、だってこの子は…」【スカッとする話】,https://www.youtube.com/watch?v=70JSyEr3ztQ,34万回視聴 / 3 年前,心温まる実話,https://www.youtube.com/channel/UCqAz4zqqdAigBNPpMwK-pYw,2 か月前,1 回視聴,夫が土下座「20歳の愛人が妊娠した！離婚してくれ！」私「はい離婚届け。じゃ娘以外は連れてくね」夫「は？娘も連れていけよ」私「無理、だってこの子は…」,https://www.youtube.com/watch?v=4yrcsQ6VbZI,100%
1677,【スカッと総集編】私の年収が2000万と知らず入院中の私を捨て愛人と再婚した夫「離婚届け出しといたｗ慰謝料として家と車は貰うｗ」私「承知しました」→3日後、半狂乱の夫から200件の鬼電がw【修羅場】,https://www.youtube.com/watch?v=sd-a4XIE7jQ,36万回視聴 / 3 年前,心温まる実話,https://www.youtube.com/channel/UCqAz4zqqdAigBNPpMwK-pYw,2 か月前,69回視聴,私の年収が2000万と知らず入院中の私を捨て愛人と再婚した夫「離婚届け出しといたｗ慰謝料として家と車は貰うｗ」私「承知しました」→3日後、半狂乱の夫から200件の鬼電がw,https://www.youtube.com/watch?v=pZCEpsSUIiU,100%
1678,【スカッとする話】スーパーでパートの私をバカにする年下部長が社員の前で英語のスピーチを強要。部長「ババァはABCも難しいかw」私「本場の英語を教えてあげますね」流暢な英語で無双した結果ｗ【朗読】,https://www.youtube.com/watch?v=NeFhYBshtIY,2万回視聴 / 6 か月前,心温まる物語 5715,https://www.youtube.com/channel/UCp5XuGGZyQWEBrJpOq-DHdw,3 週間前,29回視聴,【スカッとする話】スーパーでパートの私をバカにする年下部長が社員の前で英語のスピーチを強要。部長「ババァはABCも難しいかw」私「本場の英語を教えてあげますね」流暢な英語で無双した結果ｗ【朗読】,https://www.youtube.com/watch?v=HetG8jdoJlw,100%
1679,【スカッとする話】事故で脳死と判定され、山奥の病院に捨てられた私。夫「今までお疲れさんw」夫が耳元で囁き部屋を出た瞬間、私はそっと立ち上がり…w【朗読】【スカッと】,https://www.youtube.com/watch?v=E3ZqmTv4Zk0,5.8万回視聴 / 5 か月前,心温まる物語 5715,https://www.youtube.com/channel/UCp5XuGGZyQWEBrJpOq-DHdw,3 週間前,44回視聴,【スカッとする話】事故で脳死と判定され、山奥の病院に捨てられた私。夫「今までお疲れさんw」夫が耳元で囁き部屋を出た瞬間、私はそっと立ち上がり…w【朗読】【スカッと】,https://www.youtube.com/watch?v=npsCj5C464E,100%
1680,【スカッとする話】倒産寸前の弁当屋を営む私。ある日、片腕の13歳少女が来店。少女「日給100円でいいので…」私「月給20万で雇うわよ」→1ヶ月後、店が大行列にw【朗読】【スカッと】,https://www.youtube.com/watch?v=s2GrUHCF1-U,2.3万回視聴 / 5 か月前,心温まる物語 5715,https://www.youtube.com/channel/UCp5XuGGZyQWEBrJpOq-DHdw,3 週間前,146回視聴,【スカッとする話】倒産寸前の弁当屋を営む私。ある日、片腕の13歳少女が来店。少女「日給100円でいいので…」私「月給20万で雇うわよ」→1ヶ月後、店が大行列にw【朗読】【スカッと】,https://www.youtube.com/watch?v=EwdGHtdK-uw,100%
1681,【スカッとする話】同窓会に行った夫が10分で帰宅。夫「同級生に中卒の低所得は帰れって」”僕は無能♡”と落書きされたカバン。グループ25社会長の私は即電話。私「社長？契約解除で」実はw【朗読】,https://www.youtube.com/watch?v=BjaRlXbjvT4,5.8万回視聴 / 6 か月前,心温まる物語 5715,https://www.youtube.com/channel/UCp5XuGGZyQWEBrJpOq-DHdw,3 週間前,840回視聴,【スカッとする話】同窓会に行った夫が10分で帰宅。夫「同級生に中卒の低所得は帰れって」”僕は無能♡”と落書きされたカバン。グループ25社会長の私は即電話。私「社長？契約解除で」実はw【朗読】,https://www.youtube.com/watch?v=EAJ_PwlLEmg,100%
1682,【スカッとする話】大手銀行で5時間待たされた。私「30億おろします」銀行員「残高300円じゃねーか底辺ババァw」私「貸金庫のお金30億他に移すわ」,https://www.youtube.com/watch?v=-4yhJ5v7T4s,1.7万回視聴 / 1 年前,心温まる物語 5715,https://www.youtube.com/channel/UCp5XuGGZyQWEBrJpOq-DHdw,3 週間前,60回視聴,【スカッとする話】大手銀行で5時間待たされた。私「30億おろします」銀行員「残高300円じゃねーか底辺ババァw」私「貸金庫のお金30億他に移すわ」,https://www.youtube.com/watch?v=BDesDtjgN10,100%
1683,【スカッとする話】夫と車椅子で株主総会に行くと営業部長「歩けないゴミ女は帰れ」夫「誰に向かって口聞いてんだ？」営業部長「知らねぇよw早く失せろ」翌日、営業部長が泣きついてきて…w【朗読】【スカッと】,https://www.youtube.com/watch?v=DJpXC4yHd7E,2.8万回視聴 / 6 か月前,心温まる物語 5715,https://www.youtube.com/channel/UCp5XuGGZyQWEBrJpOq-DHdw,3 週間前,96回視聴,【スカッとする話】夫と車椅子で株主総会に行くと営業部長「歩けないゴミ女は帰れ」夫「誰に向かって口聞いてんだ？」営業部長「知らねぇよw早く失せろ」翌日、営業部長が泣きついてきて…w【朗読】【スカッと】,https://www.youtube.com/watch?v=obAOqTyVLak,100%
1684,【スカッとする話】東大卒の弟の結婚式に出席すると義母「中卒？差がすごいことw」直後、義母の元に弟が歩み寄り、弟「姉が誰だか知らないんですか？」私の正体を知り手のひら返し…w【朗読】【スカッと】,https://www.youtube.com/watch?v=wGvgplx2Ecw,3.6万回視聴 / 5 か月前,心温まる物語 5715,https://www.youtube.com/channel/UCp5XuGGZyQWEBrJpOq-DHdw,4 週間前,239回視聴,【スカッとする話】東大卒の弟の結婚式に出席すると義母「中卒？差がすごいことw」直後、義母の元に弟が歩み寄り、弟「姉が誰だか知らないんですか？」私の正体を知り手のひら返し…w【朗読】【スカッと】,https://www.youtube.com/watch?v=KLWsf1eDr3E,100%
1685,【スカッとする話】41歳で妊娠した私とお腹の子を捨て医学部女子大生と再婚した医者の夫「21歳の若い女が妊娠したから再婚する」30年後、病院で元夫と遭遇すると娘を見た元夫は…【スカッと】【朗読】,https://www.youtube.com/watch?v=4II62hEUDk8,6.5万回視聴 / 1 年前,心温まる物語 5721,https://www.youtube.com/channel/UCkGwIYpXYWf06yvm8Y5AQow,4 週間前,0 回視聴,【スカッとする話】41歳で妊娠した私とお腹の子を捨て医学部女子大生と再婚した医者の夫「21歳の若い女が妊娠したから再婚する」30年後、病院で元夫と遭遇すると娘を見た元夫は…【スカッと】【朗読】,https://www.youtube.com/watch?v=-FRphtFc-iw,94%
1686,【スカッとする話】不倫した夫と離婚して4日後、ホテルで豪遊する義母から電話。義母「カード使えなくなった！宿泊代30万振り込んでw」もう他人なので無視した結果w【朗読】【スカッと】,https://www.youtube.com/watch?v=T3DS3QFl4gM,5.9万回視聴 / 2 か月前,心温まる物語 5721,https://www.youtube.com/channel/UCkGwIYpXYWf06yvm8Y5AQow,4 週間前,1 回視聴,【スカッとする話】不倫した夫と離婚して4日後、ホテルで豪遊する義母から電話。義母「カード使えなくなった！宿泊代30万振り込んでw」もう他人なので無視した結果w【朗読】【スカッと】,https://www.youtube.com/watch?v=gbn5XDkjH3w,100%
1687,【スカッとする話】単身赴任の夫の誕生日にサプライズでケーキを買っていくと記入済みの離婚届が…私「そっか、じゃあ提出するか…」お望み通り提出し家を即売却→黙って海外移住した結果w【朗読】【スカッと】,https://www.youtube.com/watch?v=mMMEJWwvWM0,3.2万回視聴 / 9 か月前,心温まる物語 5721,https://www.youtube.com/channel/UCkGwIYpXYWf06yvm8Y5AQow,3 週間前,2回視聴,【スカッとする話】単身赴任の夫の誕生日にサプライズでケーキを買っていくと記入済みの離婚届が…私「そっか、じゃあ提出するか…」お望み通り提出し家を即売却→黙って海外移住した結果w【朗読】【スカッと】,https://www.youtube.com/watch?v=K8EFC1eb3T0,100%
1688,【スカッとする話】正月、帰省の新幹線で、妊娠中の私を立ち席にした夫は「腰が痛い」と1人グリーン車へ。愛人の元へ向かったと知った私は、何も告げず新大阪で姿を消すとw【朗読】【スカッと】,https://www.youtube.com/watch?v=Lz3rc2N2XhM,4.7万回視聴 / 4 か月前,心温まる物語 5721,https://www.youtube.com/channel/UCkGwIYpXYWf06yvm8Y5AQow,4 週間前,1 回視聴,【スカッとする話】正月、帰省の新幹線で、妊娠中の私を立ち席にした夫は「腰が痛い」と1人グリーン車へ。愛人の元へ向かったと知った私は、何も告げず新大阪で姿を消すとw【朗読】【スカッと】,https://www.youtube.com/watch?v=HsebT_0Unsg,100%
1689,【スカッとする話】離婚届を見せ脅してくる夫「今すぐ俺にメシ作れ！逆らったら離婚するぞ！」息子が勝手に提出すると、急に夫がガクガク震え出しw【朗読】【スカッと】,https://www.youtube.com/watch?v=vyk34qyD3O0,4万回視聴 / 4 か月前,心温まる物語 5721,https://www.youtube.com/channel/UCkGwIYpXYWf06yvm8Y5AQow,3 週間前,0 回視聴,【スカッとする話】離婚届を見せ脅してくる夫「今すぐ俺にメシ作れ！逆らったら離婚するぞ！」息子が勝手に提出すると、急に夫がガクガク震え出しw【朗読】【スカッと】,https://www.youtube.com/watch?v=ulBVx1SYSSo,84%
1690,【スカッとする話】単身赴任中の私に夫から速達で離婚届…夫「息子も離婚して欲しいってw」私（やっと自由になれるw）大喜びして離婚届を提出し家を売り払い更地にするとw,https://www.youtube.com/watch?v=VrctjOjY0Ts,8.8万回視聴 / 1 年前,心結びストーリー,https://www.youtube.com/channel/UCFt9F-PPAsYtY9clF7nHA1Q,3 週間前,"1,538回視聴",【スカッとする話】単身赴任中の私に夫から速達で離婚届…夫「息子も離婚して欲しいってw」私（やっと自由になれるw）大喜びして離婚届を提出し家を売り払い更地にし携帯も解約するとw,https://www.youtube.com/watch?v=3UN8GzW--Gw,96%
1691,【スカッとする話】義母を10年介護している私に夫「離婚してくれ…老後もお前と一緒は無理…」私「じゃあ介護と嫁辞めるね」即離婚して沖縄に引越すと夫から鬼電→携帯解約し永久に無視した結果w【朗読】,https://www.youtube.com/watch?v=tfbycPtFjbg,17万回視聴 / 11 か月前,忘れられない人生,https://www.youtube.com/channel/UCBORNx2tI6AKOxEXvFbqkHQ,3 か月前,1 回視聴,義母を10年介護している私に夫「離婚してくれ老後もお前と一緒は無理だ」私「じゃあ介護と嫁を辞めるね」即離婚して引越すと夫から鬼電→携帯解約し永久に無視した結果,https://www.youtube.com/watch?v=mv3rrJ_1B6Q,97%
1692,【スカッとする話】13年前に医者の婚約者を奪った親友と再会「36歳で独身とか賞味期限切れねw私の旦那はイケメンで天才よw」→私「じゃうちの夫も紹介するね」夫を呼ぶと親友が半狂乱にw,https://www.youtube.com/watch?v=YWd1vzAgHB8,8万回視聴 / 2 年前,忘却の家 5454,https://www.youtube.com/channel/UCU4rxzNFWBeGjdH3HY-dOOw,3 週間前,0 回視聴,【スカッとする話】13年前に医者の婚約者を奪った親友と再会「36歳で独身とか賞味期限切れねw私の旦那はイケメンで天才よw」→私「じゃうちの夫も紹介するね」夫を呼ぶと親友が半狂乱にw,https://www.youtube.com/watch?v=RGnPpTMmIoQ,100%
1693,【スカッとする話】亡くなった元夫の保険金3000万で新築一軒屋を建てた夫「母さんに家買ったｗ逆らうなら離婚だw」私「わかりました。いいけど後悔するよ？」夫「しねぇよw」→1ヶ月後...【修羅場】,https://www.youtube.com/watch?v=dW-opdxTbYQ,11万回視聴 / 3 年前,忘却の家 5454,https://www.youtube.com/channel/UCU4rxzNFWBeGjdH3HY-dOOw,3 週間前,0 回視聴,【スカッとする話】亡くなった元夫の保険金3000万で新築一軒屋を建てた夫「母さんに家買ったｗ逆らうなら離婚だw」私「わかりました。いいけど後悔するよ？」夫「しねぇよw」→1ヶ月後...【修羅場】,https://www.youtube.com/watch?v=Nj7-Xt1Fu3c,100%
1694,【スカッとする話】余命半年と宣告された私に夫「保険金3000万楽しみだ！仕事も辞めちゃおうかなw」私（受け取れるわけないのにw）半年後、夫が半狂乱にw【朗読】【スカッと】,https://www.youtube.com/watch?v=292Mju-11jU,4.2万回視聴 / 1 年前,忘却の家 5454,https://www.youtube.com/channel/UCU4rxzNFWBeGjdH3HY-dOOw,3 週間前,1 回視聴,【スカッとする話】余命半年と宣告された私に夫「保険金3000万楽しみだ！仕事も辞めちゃおうかなw」私（受け取れるわけないのにw）半年後、夫が半狂乱にw【朗読】【スカッと】,https://www.youtube.com/watch?v=6mL2i-OqUYo,95%
1695,【スカッとする話】夫「引越しは済んだか？」私「今日中に出ていくわ」ATM扱いされ家を追い出された私。1ヶ月後、夫が血相を変えて鬼電してきて...【修羅場】,https://www.youtube.com/watch?v=mRlS0rHQ-lY,12万回視聴 / 3 年前,忘却の家 5454,https://www.youtube.com/channel/UCU4rxzNFWBeGjdH3HY-dOOw,3 週間前,3回視聴,【スカッとする話】夫「引越しは済んだか？」私「今日中に出ていくわ」ATM扱いされ家を追い出された私。1ヶ月後、夫が血相を変えて鬼電してきて...【修羅場】,https://www.youtube.com/watch?v=MULh46MFSak,100%
1696,【スカッとする話】母の葬式にも出ず私と高1の娘を捨てて浮気女と駆け落ちした夫「ガキはお前にやるからよろしくw」3日後、血相を変えた夫から23件の鬼電→娘「あんた誰？」,https://www.youtube.com/watch?v=6d_twanH4wg,9.1万回視聴 / 2 年前,忘却の家 5454,https://www.youtube.com/channel/UCU4rxzNFWBeGjdH3HY-dOOw,4 週間前,1 回視聴,【スカッとする話】母の葬式にも出ず私と高1の娘を捨てて浮気女と駆け落ちした夫「ガキはお前にやるからよろしくw」3日後、血相を変えた夫から23件の鬼電→娘「あんた誰？」,https://www.youtube.com/watch?v=pVXKOu3vOe8,100%
1697,【スカッとする話】私が在宅ワークに切り替え6年介護した寝たきりの義父「遺産6億は全て長男夫婦に渡したwお前には一銭も残さないw」→即出ていくと義父から鬼電が…w【朗読】【スカッと】,https://www.youtube.com/watch?v=FNCNvnaZXFw,18万回視聴 / 8 か月前,忘却の家 5454,https://www.youtube.com/channel/UCU4rxzNFWBeGjdH3HY-dOOw,3 週間前,3回視聴,【スカッとする話】私が在宅ワークに切り替え6年介護した寝たきりの義父「遺産6億は全て長男夫婦に渡したwお前には一銭も残さないw」→即出ていくと義父から鬼電が…w【朗読】【スカッと】,https://www.youtube.com/watch?v=leTL3vDbDmY,100%
1698,【スカッとする話】長男嫁のスマホに夫から着信。手を離せない長男嫁の代わりに私がスピーカーにして電話に出ると、嫁と勘違いした夫と長男がトンデモナイ会話をしはじめ…私は慌てて警察に通報した結果【修羅場】,https://www.youtube.com/watch?v=W_2WifFIdxI,6.1万回視聴 / 3 年前,怪盗大劇場,https://www.youtube.com/channel/UCQqsLRSl8nlMKoXQ9cBQOjw,3 年前,"1,207回視聴",【スカッと感動】娘のスマホに夫から着信。手を離せない娘の代わりに私がスピーカーにして電話に出ると、娘と勘違いした夫と義母がトンデモナイ会話をしはじめ…,https://www.youtube.com/watch?v=uDYQmWaMFn8,80%
1699,【スカッとする話】息子のために貯めた800万の進学資金を勝手に義母に渡した夫「ママが家買うから渡したw文句あるなら離婚！」私「OK」息子「今までありがとう！」夫「え？」【朗読】【スカッと】,https://www.youtube.com/watch?v=UMALXNxEZ8g,4.6万回視聴 / 1 か月前,恋と運命の物語,https://www.youtube.com/channel/UCqClp4Ge1tl6cG829flsguQ,1 か月前,47回視聴,息子のために貯めた800万の進学資金を勝手に義母に渡した夫「ママが家買うから渡したw文句あるなら離婚！」私「OK」息子「今までありがとう！」夫「え？」,https://www.youtube.com/watch?v=oKAP2losSDE,100%
1700,【スカッとする話】母の葬儀中に夫から電話「親戚の集まりなのにサボるな！親の葬儀とか知るか今すぐ来い」私「分かりました」喪服のまま駆け付けた結果ｗ,https://www.youtube.com/watch?v=wdxUcG1tem8,20万回視聴 / 2 年前,悠久の日本物語、Love in later life,,1 か月前,37回視聴,母の葬儀中に夫から電話「親戚の集まりなのにサボるな！親の葬儀とか知るか今すぐ来い」私「分かりました」喪服のまま駆け付けた結果ｗ,https://www.youtube.com/watch?v=VdMoB4jLY94,100%
1701,【スカッとする話】嫁いびり姑が大ケガで緊急搬送され救急隊員「家族の方ですか？」私「いえ、家族ではありません」他人扱いしてやった結果...【修羅場】,https://www.youtube.com/watch?v=ESVqacNH7Kw,3.2万回視聴 / 4 年前,悪人の末路,https://www.youtube.com/channel/UCKDr_34u3Plr5f--TCifU7g,1 か月前,1 回視聴,【スカッとする話】嫁いびり姑が大ケガで緊急搬送され救急隊員「家族の方ですか？」私「いえ、家族ではありません」他人扱いしてやった結果   【修羅場】,https://www.youtube.com/watch?v=VcPs9rKYK70,100%
1702,【スカッとする話】新築の我が家に勝手に同居し家事も一切しない姑。私が注意すると義母は「じゃあ嫁いびりしようか？w」と反論され...【修羅場】,https://www.youtube.com/watch?v=xKlBbOt_vvY,1.5万回視聴 / 4 年前,悪人の末路,https://www.youtube.com/channel/UCKDr_34u3Plr5f--TCifU7g,1 か月前,8回視聴,【スカッとする話】新築の我が家に勝手に同居し家事も一切しない姑。私が注意すると義母は「じゃあ嫁いびりしようか？w」と反論され   【修羅場】,https://www.youtube.com/watch?v=vqFK3AW0OuU,100%
1703,【スカッとする話】母が海で大ケガし緊急搬送！夫に病院に行くと相談するも「お前の母親より仕事が大事！逆らうなら離婚だ！」と離婚届を突きつけられたので、即提出してやった結果...【修羅場】,https://www.youtube.com/watch?v=SKo9NlLkMTQ,2.3万回視聴 / 4 年前,悪人の末路,https://www.youtube.com/channel/UCKDr_34u3Plr5f--TCifU7g,1 か月前,0 回視聴,【スカッとする話】母が海で大ケガし緊急搬送！夫に病院に行くと相談するも「お前の母親より仕事が大事！逆らうなら離婚だ！」と離婚届を突きつけられたので、即提出してやった結果   【修羅場】,https://www.youtube.com/watch?v=XTv36YxYdi4,100%
1704,【スカッとする話】姑の誕生会でも私を家政婦扱いする夫「バカ嫁さっさと料理出せ」義父「これ全部1人で！？」私「いつものことですから…」すると義父が豹変し…【修羅場】,https://www.youtube.com/watch?v=My7bUq_jaIs,11万回視聴 / 3 年前,愛してます,https://www.youtube.com/channel/UC6gNLfzMzauVJoWOjolWvuA,3 年前,0 回視聴,【スカッとする話】義母の誕生会でも家政婦扱いの私。姑「バカ嫁さっさと料理だせ」義父「これ全部一人で、ですか！？」→私「いつものことですから…」すると義父が豹変し…【修羅場】,https://www.youtube.com/watch?v=L4_hlHPDv2U,73%
1705,【スカッとする話】私名義の新築戸建と知らず里帰り出産で我が家に来た娘「母さんの部屋は私が使うw」夫「お前は車で寝てろw」私「わかりました...」→キレた私が家を売り払うと...w,https://www.youtube.com/watch?v=yefpSXnGZOg,15万回視聴 / 3 年前,愛の物語,https://www.youtube.com/channel/UCr0uPYLsElR-PJVQ-kVsKHQ,1 年前,0 回視聴,【スカッと】私名義の新築戸建と知らず里帰り出産で我が家に来た娘「母さんの部屋は私が使うw」夫「お前は車で寝てろw」私「わかりました   」→キレた私が家を売り払うとw,https://www.youtube.com/watch?v=_A0vxPbNh2Q,100%
1706,【スカッとする話】正月、母が危篤で実家に帰ると義母「ここが嫌なら実家で暮らせ」私の荷物を外に投げ捨てた。私「後で撤回なしですよ？」義母「するかw」→1週間後w【朗読】【スカッと】,https://www.youtube.com/watch?v=RWaATWML5EY,2.4万回視聴 / 3 か月前,愛の迷い道5054,https://www.youtube.com/channel/UCTykyrZHwZnNzsMtkeJ23Tw,1 か月前,16回視聴,正月、母が危篤で実家に帰ると義母「ここが嫌なら実家で暮らせ」私の荷物を外に投げ捨てた。私「後で撤回なしですよ？」義母「するかw」→1週間後w,https://www.youtube.com/watch?v=xvKdhcaN0fM,83%
1707,【スカッとする話】18年間家賃を払ってきた私を罵倒する長男嫁「月9万の家賃程度で偉そうにw母親づらすんなよババァがw」長男「支払い止めてみろw」私「喜んで！」結果w,https://www.youtube.com/watch?v=gWWRbmvBG_A,3.4万回視聴 / 1 年前,愛憎の交差点 5648,https://www.youtube.com/channel/UCZ27s-bExyb-zcqGkYvoicQ,3 週間前,1 回視聴,【スカッと総集編】18年間家賃を払ってきた私を罵倒する同居の長男嫁「月9万の家賃程度で偉そうにw母親づらすんなよババァがw」長男「支払い止めてみろw」私「喜んで！」結果w,https://www.youtube.com/watch?v=qbWsNmrM-kM,98%
1708,【スカッとする話】体調不良でパートを早退し家に帰ると夫が義母と真っ最中...私「お義父さん、大変です！」義父をその場に凸させた結果w,https://www.youtube.com/watch?v=F74TRQPted4,23万回視聴 / 2 年前,愛憎の交差点 5648,https://www.youtube.com/channel/UCZ27s-bExyb-zcqGkYvoicQ,3 週間前,0 回視聴,【スカッとする話】体調不良でパートを早退し家に帰ると夫が義母と真っ最中...私「お義父さん、大変です！」義父をその場に凸させた結果w,https://www.youtube.com/watch?v=KBXbnqmHN3c,100%
1709,【スカッとする話】夫「今日から長男夫婦と孫と同居する！」長男嫁「ババァは家から出てけw」私（私が生活費33万払ってるのに）翌日、業者に電話して家具家電を回収→1億の高級タワマンに引越した結果w,https://www.youtube.com/watch?v=M2hAF-Scj3M,16万回視聴 / 2 年前,愛憎の交差点 5648,https://www.youtube.com/channel/UCZ27s-bExyb-zcqGkYvoicQ,3 週間前,2回視聴,【スカッとする話】夫「今日から長男夫婦と孫と同居する！」長男嫁「ババァは家から出てけw」私（私が生活費33万払ってるのに）翌日、業者に電話して家具家電を回収→1億の高級タワマンに引越した結果w,https://www.youtube.com/watch?v=bhepKbIxpRg,100%
1710,【スカッとする話】私名義のマンションとは知らず私を追い出す長男嫁「お義母さんの全部が気に入らない！家族だけで暮らすから出てけ！」稼ぎ頭の私「じゃあ出ていきます」家の私物を全て回収し、家賃だけ残した結果,https://www.youtube.com/watch?v=k11Y7DA0DRk,12万回視聴 / 3 年前,愛憎の交差点 5648,https://www.youtube.com/channel/UCZ27s-bExyb-zcqGkYvoicQ,3 週間前,0 回視聴,【スカッとする話】私名義のマンションとは知らず私を追い出す長男嫁「お義母さんの全部が気に入らない！家族だけで暮らすから出てけ！」稼ぎ頭の私「じゃあ出ていきます」家の私物を全て回収し、家賃だけ残した結果,https://www.youtube.com/watch?v=ZVxHUwRoNIs,100%
1711,【スカッとする話】長男嫁から突然怒りの電話「お義父の介護費用、ちょっとはお義母さんも払ってください！」私「え？私に夫はいませんが」長男嫁「え？」実は…【修羅場】【スカッと】,https://www.youtube.com/watch?v=0AsFooilZ4k,12万回視聴 / 3 年前,愛憎の交差点 5648,https://www.youtube.com/channel/UCZ27s-bExyb-zcqGkYvoicQ,3 週間前,0 回視聴,【スカッとする話】長男嫁から突然怒りの電話「お義父の介護費用、ちょっとはお義母さんも払ってください！」私「え？私に夫はいませんが」長男嫁「え？」実は…【修羅場】【スカッと】,https://www.youtube.com/watch?v=CCIRnrfrTtg,100%
1712,【スカッと総集編】夫「長男夫婦と孫と同居する」長男嫁「ババァは家から出てけ」私（私が生活費33万払ってるのに）翌日、業者に電話して家具家電を回収→1億の高級タワマンに引越した結果w【スカッと】【朗読】,https://www.youtube.com/watch?v=PMr_BteIB_k,7.5万回視聴 / 1 年前,愛憎の交差点 5648,https://www.youtube.com/channel/UCZ27s-bExyb-zcqGkYvoicQ,3 週間前,2回視聴,【スカッとする話】夫「今日から長男夫婦と孫と同居する！」長男嫁「ババァは家から出てけw」私（私が生活費33万払ってるのに）翌日、業者に電話して家具家電を回収→1億の高級タワマンに引越した結果w,https://www.youtube.com/watch?v=bhepKbIxpRg,97%
1713,【スカッと総集編】愛人と不倫した夫と離婚すると義母「3日以内に引越してねw」夫「離婚届出したから早く消えろw」3分後、21台の高級車が停車し→女優の母「帰るわよ！」,https://www.youtube.com/watch?v=3f9yDbpT0Gc,6.5万回視聴 / 1 年前,愛憎の交差点 5648,https://www.youtube.com/channel/UCZ27s-bExyb-zcqGkYvoicQ,2 週間前,2回視聴,【スカッと総集編】愛人と不倫した夫と離婚すると義母「3日以内に引越してねw」夫「離婚届出したから早く消えろw」3分後、21台の高級車が停車し→女優の母「帰るわよ！」,https://www.youtube.com/watch?v=3ND6uDwDZ-o,100%
1714,【スカッとする話】0歳児を我が家の玄関に置き、義妹「1年前から娘の世話ありがとw生後3ヶ月から頼んだしもう歩ける？」私「え？私も1年間、里帰り中だけど…」義妹「え？」結果w,https://www.youtube.com/watch?v=i6EwUdJi1Ek,9463回視聴 / 1 年前,愛憎の十字路 5434,https://www.youtube.com/channel/UCIrSkm9Z15Girl7kaWJyFOA,3 週間前,1 回視聴,【スカッとする話】0歳児を我が家の玄関に置き、義妹「1年前から娘の世話ありがとw生後3ヶ月から頼んだしもう歩ける？」私「え？私も1年間、里帰り中だけど…」義妹「え？」結果w,https://www.youtube.com/watch?v=hw2B4qfxjN4,100%
1715,【スカッとする話】夫「お前の部屋は両親に譲る。2人を介護するから頼むな」私「はーい（何も知らないのねw）」翌日、義両親が引越してくると夫は半狂乱→私と娘は大爆笑wだって…,https://www.youtube.com/watch?v=I0YiB-VENsY,1.3万回視聴 / 1 年前,愛憎の十字路 5434,https://www.youtube.com/channel/UCIrSkm9Z15Girl7kaWJyFOA,3 週間前,0 回視聴,【スカッとする話】夫「お前の部屋は両親に譲る。2人を介護するから頼むな」私「はーい（何も知らないのねw）」翌日、義両親が引越してくると夫は半狂乱→私と娘は大爆笑wだって…,https://www.youtube.com/watch?v=dlg95j0QTc0,100%
1716,【スカッとする話】夫の出張中に突然離婚届を持ってきた義母「寄生虫は離婚して失せろw」私「喜んで！」義母「強がっちゃってw」即離婚すると半狂乱の義母がw,https://www.youtube.com/watch?v=yFas1_iynzg,2.9万回視聴 / 1 年前,愛憎の十字路 5434,https://www.youtube.com/channel/UCIrSkm9Z15Girl7kaWJyFOA,3 週間前,1 回視聴,【スカッとする話】夫の出張中に突然離婚届を持ってきた義母「寄生虫は離婚して失せろw」私「喜んで！」義母「強がっちゃってw」即離婚すると半狂乱の義母がw,https://www.youtube.com/watch?v=VHZI9EqSar0,100%
1717,【スカッとする話】姑が私の持ち家をリフォームすることになり完成すると姑が「アンタと母親は４畳の物置部屋ねｗ」義姉「嫌なら出てけｗ」→私「じゃあ出て行くわ」母と結託し、家を売却し引っ越した結果【修羅場】,https://www.youtube.com/watch?v=XcJWa6kefac,4.4万回視聴 / 3 年前,愛憎の十字路 5434,https://www.youtube.com/channel/UCIrSkm9Z15Girl7kaWJyFOA,3 週間前,5回視聴,【スカッとする話】姑が私の持ち家をリフォームすることになり完成すると姑が「アンタと母親は４畳の物置部屋ねｗ」義姉「嫌なら出てけｗ」→私「じゃあ出て行くわ」母と結託し、家を売却し引っ越した結果【修羅場】,https://www.youtube.com/watch?v=nc7Hxq5hRrU,100%
1718,【スカッとする話】私の車のアクセルにこっそり手を加える夫。私（知らないふりしよw）翌日、車を義両親に貸し出すと、夫「ま、待ってくれ…」実はw【朗読】【スカッと】,https://www.youtube.com/watch?v=lRIrN83xkSc,6.2万回視聴 / 2 か月前,愛憎の十字路 5434,https://www.youtube.com/channel/UCIrSkm9Z15Girl7kaWJyFOA,4 週間前,1 回視聴,【スカッとする話】私の車のアクセルにこっそり手を加える夫。私（知らないふりしよw）翌日、車を義両親に貸し出すと、夫「ま、待ってくれ…」実はw【朗読】【スカッと】,https://www.youtube.com/watch?v=9cj7a6LZ998,100%
1719,【スカッとする話】私名義の4LDKマンションと知らず、強引に私を追い出す姑と義姉「家は貰う！寄生虫は出て行け！」稼ぎ頭の私「わかりました…」→私物を全て回収し、家賃30万の家だけ残した結果w【修羅場】,https://www.youtube.com/watch?v=NAEwCqwiBcg,6.7万回視聴 / 3 年前,愛憎の十字路 5434,https://www.youtube.com/channel/UCIrSkm9Z15Girl7kaWJyFOA,3 週間前,6回視聴,【スカッとする話】私名義の4LDKマンションと知らず、強引に私を追い出す姑と義姉「家は貰う！寄生虫は出て行け！」稼ぎ頭の私「わかりました…」→私物を全て回収し、家賃30万の家だけ残した結果w【修羅場】,https://www.youtube.com/watch?v=MePdVIpLOAA,100%
1720,【スカッとする話】夫と義両親から13年間も嫌われ続けた私。ある日、離婚届を置いて引っ越すと、ボロボロの夫と義両親から鬼電が→私（やっと気づいたかw）実は...,https://www.youtube.com/watch?v=Wk9S9SoTHxU,9.2万回視聴 / 3 年前,感動あらいぐま,https://www.youtube.com/channel/UCArxrh4JYTcQAnX2-gtpgUw,2 年前,0 回視聴,【スカッと】夫と義両親から13年間も嫌われ続けた私。ある日、私は離婚届をそっと置いて引っ越すと、ボロボロの夫と義両親から鬼電→私（やっと気づいたのねw）実は…,https://www.youtube.com/watch?v=morcrC3Kui8,93%
1721,【スカッとする話】婚約者を略奪した親友から結婚式の招待状が届くと、長男「嫁と2人で行ってくる」長男嫁「盛大に暴れてきます」普段温厚な長男夫婦が...w,https://www.youtube.com/watch?v=mLYItA9m_XY,9.8万回視聴 / 2 年前,感動うるる,https://www.youtube.com/channel/UCLKMXfL0jKnVGitP6mr1XGw,1 年前,0 回視聴,【スカッと】私の婚約者を略奪した親友から結婚式の招待状が届くと、長男「嫁と2人で行ってくる」長男嫁「盛大に暴れてきますねw」普段温厚な長男夫婦が…w【修羅場】,https://www.youtube.com/watch?v=N6Zu3yIwEks,97%
1722,【スカッとする話】孫の七五三のお祝いに親戚一同と行くと私だけ席がない...長男嫁「他人の席は無いから立ってればw」私「じゃ帰るか」親戚一同「うん」全員で帰宅した結果w,https://www.youtube.com/watch?v=bI91wh-7IMg,19万回視聴 / 2 年前,感動うるる,https://www.youtube.com/channel/UCLKMXfL0jKnVGitP6mr1XGw,1 年前,0 回視聴,【スカッと】孫の七五三のお祝いに親戚一同と行くと私だけ席がない…長男嫁「他人の席は無いから立ってればw」私「じゃ帰るか」親戚一同「うん」全員で帰宅した結果w【修羅場】,https://www.youtube.com/watch?v=GL1d9WaEk8Q,100%
1723,【スカッとする話】私の実家が総資産29億と知らず勝手に離婚届を提出した夫から復縁要請「早く俺の子供産んでくれよw」私「え？もう再婚したけど？」夫「え？」,https://www.youtube.com/watch?v=TyYvPQaleJU,7.8万回視聴 / 2 年前,感動うるる,https://www.youtube.com/channel/UCLKMXfL0jKnVGitP6mr1XGw,1 年前,0 回視聴,【スカッと】私の実家が総資産26億と知らず勝手に離婚届を提出した夫から復縁要請「早く俺の子供産んでくれよw」私「え？もう再婚したけど？」夫「え？」【修羅場】,https://www.youtube.com/watch?v=BwD7cyMEBMg,98%
1724,【スカッとする話】高熱で病院へ行く娘を降ろし義両親とのハワイ旅行に行った夫「病院は歩いて行けるだろw」2時間後、半狂乱の夫から鬼電→夫「た、助けて下さい！」,https://www.youtube.com/watch?v=UiZsY3yFtBw,11万回視聴 / 2 年前,感動うるる,https://www.youtube.com/channel/UCLKMXfL0jKnVGitP6mr1XGw,1 年前,0 回視聴,【スカッと】高熱で病院へ行く娘を降ろし義両親とのハワイ旅行に行った夫「病院は歩いて行けるだろw」3時間後、半狂乱の夫から鬼電→夫「た、助けて下さい！」【修羅場】,https://www.youtube.com/watch?v=wiNOe_vPY_w,98%
1725,【スカッとする話】10年間介護した義母が他界すると夫「愛人が妊娠したから離婚でw」愛人「賞味期限切れた嫁は失せろw」6ヶ月後、愛人が子供を産むと→夫は半狂乱に。だって目と鼻が…,https://www.youtube.com/watch?v=0o71wb5Xrwc,7.3万回視聴 / 2 年前,感動こまち ,https://www.youtube.com/channel/UCdn_V1r_oyvfaSCxmJrXn_w,1 年前,0 回視聴,【スカッと】10年間介護した義母が他界すると夫「愛人が妊娠したから離婚w」愛人「賞味期限切れた嫁は失せろw」半年後、愛人が子供を産むと→夫は半狂乱に。だって目と鼻が…【修羅場】,https://www.youtube.com/watch?v=O7k5l0wklgQ,96%
1726,【スカッとする話】夫と義両親から13年間も嫌われ続けた私。ある日、離婚届を置いて引っ越すと、ボロボロの夫と義両親から鬼電が→私（やっと気づいたかw）実は...,https://www.youtube.com/watch?v=Wk9S9SoTHxU,9.2万回視聴 / 3 年前,感動こまち ,https://www.youtube.com/channel/UCdn_V1r_oyvfaSCxmJrXn_w,1 年前,0 回視聴,【スカッと】夫と義両親から13年間も嫌われ続けた私。ある日、私は離婚届をそっと置いて引っ越すと、ボロボロの夫と義両親から鬼電→私（やっと気づいたのねw）実は…【修羅場】,https://www.youtube.com/watch?v=FCWMtyQsIHI,93%
1727,【スカッとする話】夫と義両親から13年間も嫌われ続けた私。ある日、離婚届を置いて引っ越すと、ボロボロの夫と義両親から鬼電が→私（やっと気づいたかw）実は...,https://www.youtube.com/watch?v=Wk9S9SoTHxU,9.2万回視聴 / 3 年前,感動こまち ,https://www.youtube.com/channel/UCWbLCf1LFQmbDvkf9byrU6w,1 年前,31回視聴,【スカッと】夫と義両親から13年間も嫌われ続けた私。ある日、私は離婚届をそっと置いて引っ越すと、ボロボロの夫と義両親から鬼電→私（やっと気づいたのねw）,https://www.youtube.com/watch?v=FHh6L-T4r1w,91%
1728,【スカッとする話】親族の集まりでエリート夫「嫁の飯はまずいんだよなw」私「え？私の料理食べた事ある？食事はいつも愛人宅じゃないの」義父「は？」義両親がブチギレ...,https://www.youtube.com/watch?v=GZtalGoS6qE,11万回視聴 / 3 年前,感動こまち ,https://www.youtube.com/channel/UCvF8fYg6w5hk60kbFLPmdcw,2 年前,204回視聴,【スカッとする話】親族の集まりでエリート夫「嫁の飯はまずいんだよなw」私「え？私の料理食べた事ある？食事はいつも愛人宅じゃないの」義父「は？」義両親がブチギレ...,https://www.youtube.com/watch?v=wG2Qu3ZLjXk,100%
1729,【スカッとする話】親友の出産祝いで産婦人科へ行くと新生児の父親がまさかの夫だった...。私「おめでと！赤ちゃん可愛いね！」速攻で帰宅し夫の荷物を全て捨て、家を売り払い引越した結果w,https://www.youtube.com/watch?v=7Pz5jiUvSnQ,5万回視聴 / 2 年前,感動する話,https://www.youtube.com/channel/UCeKwOwXDTuQQat8z0_QufRw,1 年前,0 回視聴,【スカッとする話】親友の出産祝いで産婦人科へ行くと新生児の父親がまさかの夫だった…私「おめでと!!赤ちゃん可愛いね!!」速攻で帰宅し夫の荷物を全て捨て、家を売り払い引越した結果w【修羅場】,https://www.youtube.com/watch?v=chCRwjFYGQs,100%
1730,【スカッとする話】私と夫の事が大嫌いな長男夫婦「俺達の結婚式は欠席しろ。嫌なら絶縁する」私「いいけど、アナタ達本当に大丈夫？後悔するよ？」長男「しねぇよw二度と連絡してくんなw」数ヶ月後w【修羅場】,https://www.youtube.com/watch?v=luo2hcOOZik,14万回視聴 / 3 年前,感動する話  026,https://www.youtube.com/channel/UCqHEaSgEBh5CGxnv61bbyvQ,3 年前,2回視聴,〖スカッとする話〗私と夫の事が大嫌いな長男夫婦「俺達の結婚式は欠席しろ。嫌なら絶縁する」私「いいけど、アナタ達本当に大丈夫？後悔するよ？」長男「しねぇよw二度と連絡してくんなw」数ヶ月後w〖修羅場〗,https://www.youtube.com/watch?v=i287iWPogAM,91%
1731,【スカッとする話】義母の介護放棄した夫と義姉「ウチに老いぼれ貧乏神は不要ｗ」ブチ切れた私が義母を引き取ると「ごめんねぇ。家と車とバリアフリー代、1億で足りるかねぇ～？」夫「え？」【修羅場】,https://www.youtube.com/watch?v=a4R11NoEbg0,8.6万回視聴 / 3 年前,感動する話  026,https://www.youtube.com/channel/UCqHEaSgEBh5CGxnv61bbyvQ,3 年前,3回視聴,【修羅場】義母の介護放棄した夫と義姉「ウチに老いぼれ貧乏神は不要ｗ」ブチ切れた私が義母を引き取ると「ごめんねぇ。家と車とバリアフリー代、1億で足りるかねぇ～？」夫「え？」【スカッとする話】,https://www.youtube.com/watch?v=Ug2lri-knYg,100%
1732,【スカッとする話】毎日9時間義母の介護で倒れた私に夫「介護すらできないなら離婚wこれからは愛人に任せるw」私「いいけど後悔しない？」夫「しねぇよw」1週間後w【朗読】【スカッと】,https://www.youtube.com/watch?v=9TulrMzmHr8,5.7万回視聴 / 9 か月前,感動する話 4991,https://www.youtube.com/channel/UC2oqyzI78dKFGeqeWSaPWug,1 か月前,17回視聴,【感動する話】毎日9時間義母の介護で倒れた私に夫「介護すらできないなら離婚wこれからは愛人に任せるw」私「いいけど後悔しない？」夫「しねぇよw」1週間後w,https://www.youtube.com/watch?v=VJjVjIoltSE,100%
1733,【スカッとする話】私が離婚届に署名すると、満面の笑みで大喜びする義家族。新しい嫁を迎えた1週間後、電気・ガス・水道が止まると急に義家族が焦り出しw【朗読】【スカッと】,https://www.youtube.com/watch?v=cVe3XmXeRuE,14万回視聴 / 4 か月前,感動する話 4991,https://www.youtube.com/channel/UC2oqyzI78dKFGeqeWSaPWug,1 か月前,30回視聴,【感動する話】私が離婚届に署名すると、満面の笑みで大喜びする義家族。新しい嫁を迎えた1週間後、電気・ガス・水道が止まると急に義家族が焦り出しw,https://www.youtube.com/watch?v=iKBAPwzs73Q,100%
1734,【スカッと総集編】私の年収が2000万と知らず入院中の私を捨て愛人と再婚した夫「離婚届け出しといたｗ慰謝料として家と車は貰うｗ」私「承知しました」→3日後、半狂乱の夫から200件の鬼電がw【修羅場】,https://www.youtube.com/watch?v=sd-a4XIE7jQ,36万回視聴 / 3 年前,感動する話 4991,https://www.youtube.com/channel/UC2oqyzI78dKFGeqeWSaPWug,1 か月前,100回視聴,【感動する話】私の年収が2000万と知らず入院中の私を捨て愛人と再婚した夫「離婚届け出しといたｗ慰謝料として家と車は貰うｗ」私「承知しました」→3日後、半狂乱の夫から200件の鬼電がw,https://www.youtube.com/watch?v=YOK33-dTmQw,100%
1735,【スカッとする話】41歳で妊娠した私と娘を捨て新人女医と再婚したエリート医師の夫「老いたババァより若い女w」30年後、病院で元夫と再会すると娘を見た夫が…【総集編】【スカッと】【朗読】,https://www.youtube.com/watch?v=jAMMNpg5_S0,4.1万回視聴 / 9 か月前,感動する話 5014,https://www.youtube.com/channel/UCqsgQ2Pbd6YQUW4IX3F034w,1 か月前,8回視聴,【感動する話】41歳で妊娠した私と娘を捨て新人女医と再婚したエリート医師の夫「老いたババァより若い女w」30年後、病院で元夫と再会すると娘を見た夫が…,https://www.youtube.com/watch?v=UhFKrVpRYQs,88%
1736,【スカッとする話】41歳で妊娠した私と娘を捨て新人女医と再婚したエリート医師の夫「老いたババァより若い女w」30年後、病院で元夫と再会すると娘を見た夫が震え出し…【朗読】【スカッと】,https://www.youtube.com/watch?v=g_SuFj7M8gs,18万回視聴 / 1 年前,感動する話 5014,https://www.youtube.com/channel/UCqsgQ2Pbd6YQUW4IX3F034w,1 か月前,8回視聴,【感動する話】41歳で妊娠した私と娘を捨て新人女医と再婚したエリート医師の夫「老いたババァより若い女w」30年後、病院で元夫と再会すると娘を見た夫が…,https://www.youtube.com/watch?v=UhFKrVpRYQs,86%
1737,【スカッとする話】義両親に蹴られ骨折した私に夫「寝かせとけば治るw」翌日、病室に嘲笑いに来た義家族「あれ、嫁は？w」医師「警察署です」義家族「え？」【朗読】【スカッと】,https://www.youtube.com/watch?v=p4pyD9SD1Tk,8.1万回視聴 / 2 か月前,感動する話 5014,https://www.youtube.com/channel/UCqsgQ2Pbd6YQUW4IX3F034w,1 か月前,18回視聴,【感動する話】義両親に蹴られ骨折した私に夫「寝かせとけば治るw」翌日、病室に嘲笑いに来た義家族「あれ、嫁は？w」医師「警察署です」義家族「え？」,https://www.youtube.com/watch?v=iEhr0glNe74,100%
1738,【スカッとする話】10年間義両親の介護を私に丸投げした夫「愛人と結婚するから離婚でｗ今後も介護がんばってなｗ」私「分かった（計画通り）」【朗読】【スカッと】,https://www.youtube.com/watch?v=njtd515eFh4,3万回視聴 / 1 年前,感動する話 5708,https://www.youtube.com/channel/UCiez4FwoYHRgWrHDnDR91pw,2 週間前,0 回視聴,【スカッとする話】10年間義両親の介護を私に丸投げした夫「愛人と結婚するから離婚でｗ今後も介護がんばってなｗ」私「分かった（計画通り）」【朗読】【スカッと】,https://www.youtube.com/watch?v=O6Tq5OrI4vc,89%
1739,【スカッとする話】元夫「タワマンのローン払い忘れてる！住めなくなるから早く払え！」私「私名義で買ってないけど？」元夫「え？」結果w【朗読】【スカッと】,https://www.youtube.com/watch?v=MdnP1O_dj6Q,2.4万回視聴 / 9 か月前,感動する話 5708,https://www.youtube.com/channel/UCiez4FwoYHRgWrHDnDR91pw,2 週間前,0 回視聴,【スカッとする話】元夫「タワマンのローン払い忘れてる！住めなくなるから早く払え！」私「私名義で買ってないけど？」元夫「え？」結果w【朗読】【スカッと】,https://www.youtube.com/watch?v=OtxtE6mrz5s,100%
1740,【スカッとする話】義実家に住む義兄夫婦の婚約祝いに行くと、医者の義兄「高級すき焼きは家族分だけwそっちは賞味期限切れの肉w」夫「帰ろうか」私「そうね」即帰宅すると婚約者が泣き叫びｗ【朗読】,https://www.youtube.com/watch?v=1qszVQaX3Jo,3.9万回視聴 / 11 か月前,感動する話 5708,https://www.youtube.com/channel/UCiez4FwoYHRgWrHDnDR91pw,2 週間前,1 回視聴,【スカッとする話】義実家に住む義兄夫婦の婚約祝いに行くと、医者の義兄「高級すき焼きは家族分だけwそっちは賞味期限切れの肉w」夫「帰ろうか」私「そうね」即帰宅すると婚約者が泣き叫びｗ【朗読】,https://www.youtube.com/watch?v=5kOlv1KQvWA,94%
1741,【スカッとする話】有名ピアニストであることを隠して生きてきた私。ある日、夫に連れられジャズバーへ。すると、店員「演奏者が...」非常事態発生し私と夫が手伝うとまさかの展開に…【スカッと】,https://www.youtube.com/watch?v=nhb1eCwozaM,16万回視聴 / 3 年前,感動たいりく,https://www.youtube.com/channel/UC-EtEUynGHdjnaxH-WNLqEw,3 年前,"112,738回視聴",【感動する話】有名ピアニストであることを隠して生きてきた俺。ある日、娘のピアノ演奏会でコンサートホールへ。すると主催者「停電です！慌てないで！」➡︎直後、俺はピアノの元へ…まさかの展開に…【いい話】,https://www.youtube.com/watch?v=TPhjpseTUlY,51%
1742,【スカッと総集編】有名ピアニストであることを隠して生きてきた私。ある日、夫に連れられコンサートへ。すると、演奏者「メンバーが...」非常事態発生し私が手伝うとまさかの展開に…【スカッとする話】,https://www.youtube.com/watch?v=5sMOrNQuYL4,15万回視聴 / 3 年前,感動たいりく,https://www.youtube.com/channel/UC-EtEUynGHdjnaxH-WNLqEw,3 年前,"112,738回視聴",【感動する話】有名ピアニストであることを隠して生きてきた俺。ある日、娘のピアノ演奏会でコンサートホールへ。すると主催者「停電です！慌てないで！」➡︎直後、俺はピアノの元へ…まさかの展開に…【いい話】,https://www.youtube.com/watch?v=TPhjpseTUlY,56%
1743,【スカっとする話】夫の浮気が発覚すると息子「パパと新しいママと暮らすから早く離婚して出てって！」3年後、笑顔で再会した息子に私「あなた誰？」息子「えっ？」【修羅場】,https://www.youtube.com/watch?v=yPjcL2pzTm4,12万回視聴 / 3 年前,感動とスカッとTシャツと私,https://www.youtube.com/channel/UCX_wBYYmhmExu2mkttzbWLA,3 年前,"96,599回視聴",【スカっと総集編】夫の浮気が発覚すると娘「パパと新しいママと暮す！さっさと離婚して出てって！」3年後、笑顔で再会した娘に私「あなた誰？」娘「えっ？」【修羅場】,https://www.youtube.com/watch?v=Jl3-LKZjbtU,84%
1744,【スカっとする話】夫の浮気が発覚すると息子「パパと新しいママと暮らすから早く離婚して出てって！」3年後、笑顔で再会した息子に私「あなた誰？」息子「えっ？」【修羅場】,https://www.youtube.com/watch?v=yPjcL2pzTm4,12万回視聴 / 3 年前,感動とスカッとTシャツと私,https://www.youtube.com/channel/UCX_wBYYmhmExu2mkttzbWLA,3 年前,"163,342回視聴",【スカっとする話】夫の浮気が発覚すると娘「パパと新しいママと暮す！さっさと離婚して出てって！」3年後、笑顔で再会した娘に私「あなた誰？」娘「えっ？」【修羅場】,https://www.youtube.com/watch?v=IU9mLGrpCeY,84%
1745,【スカッとする話】夫の連れ子の娘と暮らし始めて1年。しかし、全くなつく気配がない…夫が海外出張に行った日に娘が初めて話しかけてきた。娘「お母さん、実は...」そう言って差し出された手には...,https://www.youtube.com/watch?v=BKC9CbFIESk,5.2万回視聴 / 3 年前,感動とスカッとTシャツと私,https://www.youtube.com/channel/UCX_wBYYmhmExu2mkttzbWLA,3 年前,"193,560回視聴",【スカッとする話】夫の連れ子と暮らし始めて1年。しかし、全くなつく気配がない!!夫が福岡出張に行った日に息子が初めて話しかけてきた「お母さん、実は...」そう言って差し出された右手には...【修羅場】,https://www.youtube.com/watch?v=1BGrM0_SGIw,93%
1746,【スカッとする話】孫の七五三のお祝いに親戚一同と行くと私だけ席がない...長男嫁「他人の席は無いから立ってればw」私「じゃ帰るか」親戚一同「うん」全員で帰宅した結果w,https://www.youtube.com/watch?v=bI91wh-7IMg,19万回視聴 / 2 年前,感動なみだ,https://www.youtube.com/channel/UCA9dNFBPNvKgXCklAUYGYWg,1 年前,5回視聴,【スカッと】孫の七五三のお祝いに親戚一同と行くと私だけ席がない…長男嫁「他人の席は無いから立ってればw」私「じゃ帰るか」親戚一同「うん」全員で帰宅した結果w【修羅場】,https://www.youtube.com/watch?v=ztuxu9aTiqw,100%
1747,【スカッとする話】私が余命半年と聞いて愛人と豪遊しはじめた夫「いつまで生きてるの？w」 私「余命なのはあなただよ？」後日、半狂乱の夫が...【修羅場】【スカッと】,https://www.youtube.com/watch?v=Tm9DKLFF30M,25万回視聴 / 3 年前,感動なみだ,https://www.youtube.com/channel/UCQGG42RkRZb1piU0_rUnpDw,2 年前,242回視聴,【スカッとする話】私が余命半年と聞いて愛人と豪遊しはじめた夫「いつまで生きてるの？w」 私「余命なのはあなただよ？」後日、半狂乱の夫が…【修羅場】,https://www.youtube.com/watch?v=-Ee7ywXOHyQ,100%
1748,【スカッとする話】高熱で病院へ行く娘を降ろし義両親とのハワイ旅行に行った夫「病院は歩いて行けるだろw」2時間後、半狂乱の夫から鬼電→夫「た、助けて下さい！」,https://www.youtube.com/watch?v=UiZsY3yFtBw,11万回視聴 / 2 年前,感動なみだ,https://www.youtube.com/channel/UCA9dNFBPNvKgXCklAUYGYWg,1 年前,0 回視聴,【スカッと】高熱で病院へ行く娘を降ろし義両親とのハワイ旅行に行った夫「病院は歩いて行けるだろw」3時間後、半狂乱の夫から鬼電→夫「た、助けて下さい！」【修羅場】,https://www.youtube.com/watch?v=TbVca4Jqy8s,98%
1749,【スカッとする話】私が夫の取引先の社長と知らず出張中に浮気相手を妊娠させ再婚したエリート銀行員の夫「家事も料理もしない役立たずは離婚ｗ慰謝料800万請求するからw」私「いいよ！」1ヶ月後、銀行から夫へ,https://www.youtube.com/watch?v=T4fpgP_dhcQ,6.5万回視聴 / 2 年前,感動ねこ,https://www.youtube.com/channel/UCWiXpmbMCz-XPl0dq81uXyQ,2 年前,0 回視聴,【スカッとする話】私が夫の取引先の社長と知らず出張中に浮気相手を妊娠させ再婚したエリート銀行員の夫「家事も料理もしない役立たずは離婚ｗ慰謝料800万請求するからw」私「いいよ！」1ヶ月後、銀行か,https://www.youtube.com/watch?v=dsYNmz8siwg,98%
1750,【スカッとする話】いとこの出産祝いで親族が集まると、夫「母親似で可愛いな〜！」私「そう？アンタにそっくりよ？パパになった感想はどう？」義父「は？」義両親がブチギレ...,https://www.youtube.com/watch?v=-AlB7jMx9mg,5.7万回視聴 / 2 年前,感動のちスマイル【感スマ】 ,https://www.youtube.com/channel/UCw84ryGbavCPUP0mj5JAMBw,1 年前,0 回視聴,【スカッとする話】いとこの出産祝いで親族が集まると、夫「母親似で可愛いな〜！」私「そう？アンタにそっくりよ？パパになった感想はどう？」義父「は？」義両親がブチギレ,https://www.youtube.com/watch?v=oh-lunjGE1s,100%
1751,【スカッとする話】年金暮らしの父から電話「毎月3000円仕送りありがと。猫の餌代が浮いてるよ」私「は？月10万送ってるのに？」父「はい？」実は...,https://www.youtube.com/watch?v=zYKZGmqOArA,8.2万回視聴 / 2 年前,感動のちスマイル【感スマ】 ,https://www.youtube.com/channel/UCw84ryGbavCPUP0mj5JAMBw,1 年前,0 回視聴,【スカッとする話】年金暮らしの父から電話「毎月3000円仕送りありがと。猫の餌代が浮いてるよ」私「は？月10万送ってるのに？」父「はい？」実は,https://www.youtube.com/watch?v=Xp1wkM0trsA,100%
1752,【スカッとする話】私の車のアクセルにこっそり手を加える夫。私（知らないふりしよw）翌日、車を義両親に貸し出すと、夫「ま、待ってくれ…」実はw【朗読】【スカッと】,https://www.youtube.com/watch?v=lRIrN83xkSc,6.2万回視聴 / 2 か月前,感動のスカッと話,https://www.youtube.com/channel/UCig3DRv62Ler8-gTCLRzkhg,1 か月前,76回視聴,私の車のアクセルにこっそり手を加える夫。私（知らないふりしよw）翌日、車を義両親に貸し出すと、夫「ま、待ってくれ…」実はw,https://www.youtube.com/watch?v=DG_nKBFP7HY,100%
1753,【スカッと総集編】夫が土下座「20歳の愛人が妊娠した！離婚してくれ！」私「はい離婚届け。じゃ娘以外は連れてくね」夫「は？娘も連れていけよ」私「無理、だってこの子は…」【スカッとする話】,https://www.youtube.com/watch?v=70JSyEr3ztQ,34万回視聴 / 3 年前,感動のスカッと話,https://www.youtube.com/channel/UCig3DRv62Ler8-gTCLRzkhg,3 週間前,526回視聴,夫が土下座「20歳の愛人が妊娠した！離婚してくれ！」私「はい離婚届け。じゃ娘以外は連れてくね」夫「は？娘も連れていけ,https://www.youtube.com/watch?v=Vn6JECZpJ_A,90%
1754,【スカッとする話】200人が集まる兄の結婚式で院長夫人の義母が私に詰め寄り、義母「低学歴はお荷物！出てけw」直後、顔面蒼白で震える兄「お義母さん、妹は…」【朗読】【スカッと】,https://www.youtube.com/watch?v=UUZxfE_gHw4,2.8万回視聴 / 5 か月前,感動のストーリー 5711,https://www.youtube.com/channel/UClXAyNo_zWkjAuLKplDqdCw,4 週間前,0 回視聴,【スカッとする話】200人が集まる兄の結婚式で院長夫人の義母が私に詰め寄り、義母「低学歴はお荷物！出てけw」直後、顔面蒼白で震える兄「お義母さん、妹は…」【朗読】【スカッと】,https://www.youtube.com/watch?v=I9dcR3T9MfU,100%
1755,【スカッとする話】優秀な弟だけを溺愛する両親が私の結婚式に弟の式を被せてきた。弟「ご祝儀は全部俺のものw」私（結婚相手、誰か知らないんだw）→式当日、両親と弟から鬼電がw【朗読】【スカッと】,https://www.youtube.com/watch?v=JWiaxKv_DWs,3万回視聴 / 5 か月前,感動のストーリー 5711,https://www.youtube.com/channel/UClXAyNo_zWkjAuLKplDqdCw,3 週間前,2回視聴,【スカッとする話】優秀な弟だけを溺愛する両親が私の結婚式に弟の式を被せてきた。弟「ご祝儀は全部俺のものw」私（結婚相手、誰か知らないんだw）→式当日、両親と弟から鬼電がw【朗読】【スカッと】,https://www.youtube.com/watch?v=_k0TPOSveYc,100%
1756,【スカッとする話】医者一族と結婚した息子の結婚式に行くと私だけ料理がない…義母「貧乏人は水で十分でしょw」息子「母さん、ごめん…」私「こいつらの病院潰すね」【朗読】【スカッと】,https://www.youtube.com/watch?v=_cpZ2mI5l58,3.8万回視聴 / 1 年前,感動のストーリー 5711,https://www.youtube.com/channel/UClXAyNo_zWkjAuLKplDqdCw,4 週間前,2回視聴,【スカッとする話】医者一族と結婚した息子の結婚式に行くと私だけ料理がない…義母「貧乏人は水で十分でしょw」息子「母さん、ごめん…」私「こいつらの病院潰すね」【朗読】【スカッと】,https://www.youtube.com/watch?v=-VmTmXYsrJ0,88%
1757,【スカッとする話】余命半年と宣告された私に夫「保険金3000万楽しみだ！仕事も辞めちゃおうかなw」私（受け取れるわけないのにw）半年後、夫が半狂乱にw【朗読】【スカッと】,https://www.youtube.com/watch?v=292Mju-11jU,4.2万回視聴 / 1 年前,感動のストーリー 5718,https://www.youtube.com/channel/UChJXskMmVDbiJsbH0jjVRUg,4 週間前,3回視聴,【スカッとする話】余命半年と宣告された私に夫「保険金3000万楽しみだ！仕事も辞めちゃおうかなw」私（受け取れるわけないのにw）半年後、夫が半狂乱にw【朗読】【スカッと】,https://www.youtube.com/watch?v=PhzawcLuby0,95%
1758,【スカッとする話】夫「息子夫婦から全部聞いた！」突然夫に殴られた私…。離婚届を置いて黙って家を出た半年後、とある映像が公開され夫は大後悔し…【朗読】【スカッと】,https://www.youtube.com/watch?v=MGatnbs_LMc,20万回視聴 / 1 年前,感動のストーリー 5718,https://www.youtube.com/channel/UChJXskMmVDbiJsbH0jjVRUg,3 週間前,8回視聴,【スカッとする話】夫「息子夫婦から全部聞いた！」突然夫に殴られた私…。離婚届を置いて黙って家を出た半年後、とある映像が公開され夫は大後悔し…【朗読】【スカッと】,https://www.youtube.com/watch?v=XhERxV-jg8Q,97%
1759,【スカッとする話】後輩のご祝儀に3万円を包み、お返しに古い時計をもらった私。物置に7年間放り込んでいたが、処分しようと裏側を見た瞬間私は言葉を失い…【朗読】【スカッと】,https://www.youtube.com/watch?v=BncBRckTmkQ,2.6万回視聴 / 4 か月前,感動のストーリー 5718,https://www.youtube.com/channel/UChJXskMmVDbiJsbH0jjVRUg,3 週間前,0 回視聴,【スカッとする話】後輩のご祝儀に3万円を包み、お返しに古い時計をもらった私。物置に7年間放り込んでいたが、処分しようと裏側を見た瞬間私は言葉を失い…【朗読】【スカッと】,https://www.youtube.com/watch?v=EJWX60B3dZ4,100%
1760,【スカッとする話】離婚し海外移住したことを知らない義母「明日息子の家に泊まりに行くw」義父「料理だけ用意して出てけw」私「え？息子さんなら高架下ですが…」【朗読】【スカッと】,https://www.youtube.com/watch?v=heS7VSZxA3U,4.7万回視聴 / 8 か月前,感動のストーリー 5718,https://www.youtube.com/channel/UChJXskMmVDbiJsbH0jjVRUg,3 週間前,7回視聴,【スカッとする話】離婚し海外移住したことを知らない義母「明日息子の家に泊まりに行くw」義父「料理だけ用意して出てけw」私「え？息子さんなら高架下ですが…」【朗読】【スカッと】,https://www.youtube.com/watch?v=vqSx9hyvFTc,100%
1761,【スカッとする話】離婚する前日の深夜1時、私の布団にもぐり込む夫「最後だし、お願い…」私「急にどうしたの…？」直後、夫が泣きながら…【朗読】【スカッと】,https://www.youtube.com/watch?v=xJoQccTg90E,4.7万回視聴 / 3 か月前,感動のストーリー 5718,https://www.youtube.com/channel/UChJXskMmVDbiJsbH0jjVRUg,4 週間前,5回視聴,【スカッとする話】離婚する前日の深夜1時、私の布団にもぐり込む夫「最後だし、お願い…」私「急にどうしたの…？」直後、夫が泣きながら…【朗読】【スカッと】,https://www.youtube.com/watch?v=XV50YZpqMyc,85%
1762,【スカッと総集編】夫「息子夫婦から全部聞いた！」突然夫に殴られた私…。離婚届を置いて黙って家を出た半年後、とある映像が公開され夫は大後悔し…,https://www.youtube.com/watch?v=ASyRO03-Tgo,6万回視聴 / 9 か月前,感動のストーリー 5718,https://www.youtube.com/channel/UChJXskMmVDbiJsbH0jjVRUg,3 週間前,8回視聴,【スカッとする話】夫「息子夫婦から全部聞いた！」突然夫に殴られた私…。離婚届を置いて黙って家を出た半年後、とある映像が公開され夫は大後悔し…【朗読】【スカッと】,https://www.youtube.com/watch?v=XhERxV-jg8Q,97%
1763,【スカッとする話】13年前に夫を奪った親友と再会。元夫「うちの子は法学部だぜw」元親友「まだ独身とか惨めな人生w」私「うちの娘紹介するね」3秒後、二人は顔面蒼白にw,https://www.youtube.com/watch?v=wzIm362qyUk,3.3万回視聴 / 1 年前,感動のストーリー 5734,https://www.youtube.com/channel/UCv-XSmP36_6rVdSy3kmZnKQ,2 週間前,0 回視聴,【スカッとする話】13年前に夫を奪った親友と再会。元夫「うちの子は法学部だぜw」元親友「まだ独身とか惨めな人生w」私「うちの娘紹介するね」3秒後、二人は顔面蒼白にw,https://www.youtube.com/watch?v=S4yYI1opVSg,100%
1764,【スカッとする話】私が毎日12時間、義父の介護をしていると知らない夫「離婚しよう…お前と一緒はもう限界…」私「本当にいいの？」夫「当然w」→介護負担を伝えず即離婚して姿を消すと…w【朗読】【スカッと】,https://www.youtube.com/watch?v=Mpi2bhYFSsQ,14万回視聴 / 9 か月前,感動のストーリー 5734,https://www.youtube.com/channel/UCv-XSmP36_6rVdSy3kmZnKQ,2 週間前,0 回視聴,【スカッとする話】私が毎日12時間、義父の介護をしていると知らない夫「離婚しよう…お前と一緒はもう限界…」私「本当にいいの？」夫「当然w」→介護負担を伝えず即離婚して姿を消すと…w【朗読】【スカッと】,https://www.youtube.com/watch?v=fFqAsPSiT6Q,100%
1765,【スカッとする話】結婚式前日に私を捨てた夫と友人の結婚式で再会すると…元夫「美人モデルと結婚したw離婚して正解だったぜw」私（何も知らないのね）実は…【朗読】【スカッと】,https://www.youtube.com/watch?v=6CiQAA2oA-Y,6.1万回視聴 / 11 か月前,感動のストーリー 5734,https://www.youtube.com/channel/UCv-XSmP36_6rVdSy3kmZnKQ,2 週間前,0 回視聴,【スカッとする話】結婚式前日に私を捨てた夫と友人の結婚式で再会すると…元夫「美人モデルと結婚したw離婚して正解だったぜw」私（何も知らないのね）実は…【朗読】【スカッと】,https://www.youtube.com/watch?v=Rd5kkpXm0gc,100%
1766,【スカッとする話】年末に息子夫婦が泊まりにくると、深夜に夫が突然私を裏口に…夫「今のうちに家から出よう」私「え？年越しそば食べないの？」夫「お前気づいてないのか？」【朗読】【スカッと】,https://www.youtube.com/watch?v=AdhCK-BGvg4,13万回視聴 / 11 か月前,感動の話,https://www.youtube.com/channel/UCZE_yArcdxL_mMeMGYBVO8A,5 か月前,273回視聴,年末に息子夫婦が泊まりに来ると、深夜に夫が突然私を裏口に呼んだ夫「今のうちに家から出よう」私「え？年越しそば食べないの？」夫「お前気づいてないのか？」【シニアライフ】【60代以上の方へ】,https://www.youtube.com/watch?v=AZrjr_7eDtU,96%
1767,【スカッとする話】義母を10年介護している私に夫「離婚してくれ…老後もお前と一緒は無理…」私「じゃあ介護と嫁辞めるね」即離婚して沖縄に引越すと夫から鬼電→携帯解約し永久に無視した結果w【朗読】,https://www.youtube.com/watch?v=tfbycPtFjbg,17万回視聴 / 11 か月前,感動の話,https://www.youtube.com/channel/UCZE_yArcdxL_mMeMGYBVO8A,6 か月前,354回視聴,義母を10年介護している私に夫「離婚してくれ老後もお前と一緒は無理だ」私「じゃあ介護と嫁を辞めるね」即離婚して引越すと夫から鬼電→携帯解約し永久に無視した結果【シニアライフ】【60代以上の方へ】,https://www.youtube.com/watch?v=msusD7MaUzo,97%
1768,【スカッとする話】私が役員報酬で家計を支えていると知らず夫を略奪し引越した愛人。愛人「家政婦で良いなら住所教えるよw」私「じゃ時給780円の夫とは離婚で」愛人「寝言は寝て言えw」結果w,https://www.youtube.com/watch?v=7BkfeUd5plU,7.6万回視聴 / 2 年前,感動ぱんだ園,https://www.youtube.com/channel/UCdcnP05X5tVL_lehM9iM6ow,1 年前,0 回視聴,【スカッと】私が役員報酬で家計を支えていると知らず夫を略奪し引越した愛人。愛人「家政婦で良いなら住所教えるよw」私「じゃ時給800円の夫とは離婚で」結果w【修羅場】,https://www.youtube.com/watch?v=9oVHzAmDXm8,92%
1769,【スカッとする話】姑の誕生会でも私を家政婦扱いする夫「バカ嫁さっさと料理出せ」義父「これ全部1人で！？」私「いつものことですから…」すると義父が豹変し…【修羅場】,https://www.youtube.com/watch?v=My7bUq_jaIs,11万回視聴 / 3 年前,感動ぽろり,https://www.youtube.com/channel/UCke1iKbiKwQ8NkbRgG5r4cg,2 年前,0 回視聴,【スカッと感動】義母の誕生会でも私を家政婦扱いする夫「バカ嫁さっさと料理出せ」義父「これ全部1人で！？」私「いつものことですから…」すると義父が豹変し…【修羅場】,https://www.youtube.com/watch?v=iJ5j6806r_U,85%
1770,【スカッとする話】私が癌で入院になった途端に夫「通帳と印鑑はどこにあるんだ？俺が管理してやるから任せろw」私「5000万あるから宜しく」→1ヶ月後、通帳と印鑑と共に離婚届けだけを残し夫が消えた...,https://www.youtube.com/watch?v=0U4B813ccGQ,3.7万回視聴 / 3 年前,感動サプライズ朗読 ,https://www.youtube.com/channel/UCVwHsLnY-oFWKcwz_e3OiTw,2 年前,42回視聴,【スカッとする話】私が癌で入院になった途端に夫「通帳と印鑑はどこにあるんだ？俺が管理してやるから任せろw」私「5000万あるから宜しく」→1ヶ月後、通帳と印鑑と共に離婚届けだ,https://www.youtube.com/watch?v=mqxqoDxdiEI,94%
1771,【スカッとする話】私名義の新築戸建と知らず里帰り出産で我が家に来た娘「母さんの部屋は私が使うw」夫「お前は車で寝てろw」私「わかりました...」→キレた私が家を売り払うと...w,https://www.youtube.com/watch?v=yefpSXnGZOg,15万回視聴 / 3 年前,感動スカッ,https://www.youtube.com/channel/UC_AlxSO8zevgbkHYbk8WFzA,1 年前,1 回視聴,【スカッと】私名義の新築戸建と知らず里帰り出産で我が家に来た娘「母さんの部屋は私が使うw」夫「お前は車で寝てろw」私「わかりました   」→キレた私が家を売り払うとw,https://www.youtube.com/watch?v=ED3hBxqLxrQ,100%
1772,【スカッとする話】41歳で妊娠した私と娘を捨て新人女医と再婚したエリート医師の夫「老いたババァより若い女w」30年後、病院で元夫と再会すると娘を見た夫が…【総集編】【スカッと】【朗読】,https://www.youtube.com/watch?v=jAMMNpg5_S0,4.1万回視聴 / 9 か月前,感動ストーリー 5010,https://www.youtube.com/channel/UCriNaSbZlEWQfHB1NymXGcw,1 か月前,19回視聴,【感動する話】41歳で妊娠した私と娘を捨て新人女医と再婚したエリート医師の夫「老いたババァより若い女w」30年後、病院で元夫と再会すると娘を見た夫が…,https://www.youtube.com/watch?v=vpRM1qcPAMo,88%
1773,【スカッとする話】41歳で妊娠した私と娘を捨て新人女医と再婚したエリート医師の夫「老いたババァより若い女w」30年後、病院で元夫と再会すると娘を見た夫が震え出し…【朗読】【スカッと】,https://www.youtube.com/watch?v=g_SuFj7M8gs,18万回視聴 / 1 年前,感動ストーリー 5010,https://www.youtube.com/channel/UCriNaSbZlEWQfHB1NymXGcw,1 か月前,19回視聴,【感動する話】41歳で妊娠した私と娘を捨て新人女医と再婚したエリート医師の夫「老いたババァより若い女w」30年後、病院で元夫と再会すると娘を見た夫が…,https://www.youtube.com/watch?v=vpRM1qcPAMo,86%
1774,【スカッとする話】夫と義両親から13年間も嫌われ続けた私。ある日、離婚届を置いて引っ越すと、ボロボロの夫と義両親から鬼電が→私（やっと気づいたかw）実は...,https://www.youtube.com/watch?v=Wk9S9SoTHxU,9.2万回視聴 / 3 年前,感動タイム,https://www.youtube.com/channel/UCIciRpiOBsHE83uJD8fKaXA,1 年前,1 回視聴,【スカッと】夫と義両親から13年間も嫌われ続けた私。ある日、私は離婚届をそっと置いて引っ越すと、ボロボロの夫と義両親から鬼電→私（やっと気づいたのねw）実は,https://www.youtube.com/watch?v=AkuBXoZYQAc,93%
1775,【スカッとする話】夫が突然大量の荷物を持ってきて、夫「今日から俺の両親と姉を養う！嫌なら離婚だ！」私「え？もう離婚済みだけど？」夫「え？」結果w,https://www.youtube.com/watch?v=G4O12jIGPfg,8.7万回視聴 / 3 年前,感動ノート,https://www.youtube.com/channel/UCgyrqKgieACUvEqe910r_jQ,1 年前,11回視聴,【スカッと】夫が突然大量の荷物を持ってきて、夫「今日から俺の両親と姉を養う！嫌なら離婚だ！」私「え？もう離婚済みだけど？」夫「え？」結果、夫はww,https://www.youtube.com/watch?v=qDOm-nZB3sY,87%
1776,【スカッとする話】姑の誕生会でも私を家政婦扱いする夫「バカ嫁さっさと料理出せ」義父「これ全部1人で！？」私「いつものことですから…」すると義父が豹変し…【修羅場】,https://www.youtube.com/watch?v=My7bUq_jaIs,11万回視聴 / 3 年前,感動ノート,https://www.youtube.com/channel/UCgyrqKgieACUvEqe910r_jQ,3 年前,84回視聴,【スカッと感動】義母の誕生会でも私を家政婦扱いする夫「バカ嫁さっさと料理出せ」義父→「え！これ全部1人で！？」私「いつものことですから…」すると義父が豹変し…結果ww【修羅場】,https://www.youtube.com/watch?v=wtONRjWqkNY,83%
1777,【スカッとする話】夫が突然大量の荷物を持ってきて、夫「今日から俺の両親と姉を養う！嫌なら離婚だ！」私「え？もう離婚済みだけど？」夫「え？」結果w,https://www.youtube.com/watch?v=G4O12jIGPfg,8.7万回視聴 / 3 年前,感動フクロ ,https://www.youtube.com/channel/UCs1h5pSYi5GY7B2Oufaun6w,2 年前,149回視聴,【スカッと感動】夫が突然大量の荷物を持ってきて、夫「今日から俺の両親と姉を養う！嫌なら離婚だ！」私「え？もう離婚済みだけど？」夫「え？」結果w【修羅場】,https://www.youtube.com/watch?v=221kR2P3GCE,88%
1778,【スカッとする話】愛人と隠し子を連れ帰宅した夫「息子はお前にやる！離婚だ！」息子「母さんとは離婚出来ないよ？だって...」息子の衝撃の一言で夫と愛人が半狂乱にw,https://www.youtube.com/watch?v=E6hGGRc68uY,15万回視聴 / 2 年前,感動フクロウ便,https://www.youtube.com/channel/UCxWtdEfVHTA9a01YTYtA38w,1 年前,0 回視聴,【スカッと】愛人と隠し子を連れ帰宅した夫「息子はお前にやる!!離婚だ!!」息子「母さんとは離婚出来ないよ？だって父さんは…」息子の衝撃の一言で夫と愛人が半狂乱に,https://www.youtube.com/watch?v=-Fgb4XhF7f8,97%
1779,【スカッとする話】有名ピアニストであることを隠して生きてきた私。ある日、夫に連れられジャズバーへ。すると、店員「演奏者が...」非常事態発生し私と夫が手伝うとまさかの展開に…【スカッと】,https://www.youtube.com/watch?v=nhb1eCwozaM,16万回視聴 / 3 年前,感動フクロウ便,https://www.youtube.com/channel/UCLHcUYNoGVXw-b262rHScWA,3 年前,"299,895回視聴",【感動する話】有名ピアニストであることを隠して生きてきた私。ある日、息子に連れられジャズバーへ。すると、店員「非常事態です！」私が手伝うとまさかの展開に…【いい話】【泣ける話】,https://www.youtube.com/watch?v=9zbOqhE3p50,89%
1780,【スカッとする話】亡くなった元夫の保険金3000万で新築一軒屋を建てた夫「母さんに家買ったｗ逆らうなら離婚だw」私「わかりました。いいけど後悔するよ？」夫「しねぇよw」→1ヶ月後...【修羅場】,https://www.youtube.com/watch?v=dW-opdxTbYQ,11万回視聴 / 3 年前,感動ラジオ #3,https://www.youtube.com/channel/UCQ0kveCVfXtCZnjmbfCVwmQ,2 年前,1 回視聴,【スカッと】亡くなった元夫の保険金3000万で新築一軒屋を建てた夫「母さんに家を買ったw逆らうなら離婚だw」私「わかりました。いいけど後悔するよ？」夫「しねぇよw」→1ヶ月後…,https://www.youtube.com/watch?v=umabyaBZmDw,99%
1781,【スカッとする話】13年前に医者の婚約者を奪った親友と再会「36歳で独身とか賞味期限切れねw私の旦那はイケメンで天才よw」→私「じゃうちの夫も紹介するね」夫を呼ぶと親友が半狂乱にw,https://www.youtube.com/watch?v=YWd1vzAgHB8,8万回視聴 / 2 年前,憂鬱よりスカッと,https://www.youtube.com/channel/UC8bvniIkSPPf_5ELr1VNZCQ,2 年前,22回視聴,【スカッとする話】13年前に医者の婚約者を奪った親友と再会「36歳で独身とか賞味期限切れねw私の旦那はイケメンで天才よw」→私「じゃうちの夫も紹介するね」夫を呼ぶと親友が,https://www.youtube.com/watch?v=I7ZaYf5Kqyk,97%
1782,【スカッとする話】50年間誠実に働いてきた農家の私に突然取引中止を告げた社長令嬢「自社で安い製品作ったので用済みですw」私「承知しました。今後一切納品しません」即日納品をやめた結果w【修羅場】,https://www.youtube.com/watch?v=XYLNYy9X5to,2.9万回視聴 / 3 年前,憂鬱よりスカッと,https://www.youtube.com/channel/UC8bvniIkSPPf_5ELr1VNZCQ,2 年前,74回視聴,【スカッとする話】50年間誠実に働いてきた農家の私に突然取引中止を告げた社長令嬢「自社で安い製品作ったので用済みですw」私「承知しました。今後一切納品しません」即日納品をやめた結果w【修羅場】,https://www.youtube.com/watch?v=kKqNpuCM4OE,100%
1783,【スカッとする話】亡くなった母から相続した3億円の豪邸を勝手に義両親の名義に変更した夫「家は両親に譲るw逆らったら離婚ｗ」私「いいけど後悔するよ？」夫「うるせぇバーカw」→翌日w,https://www.youtube.com/watch?v=5aFfHFGkhME,4万回視聴 / 2 年前,憂鬱よりスカッと,https://www.youtube.com/channel/UC8bvniIkSPPf_5ELr1VNZCQ,2 年前,83回視聴,【スカッとする話】亡くなった母から相続した3億円の豪邸を勝手に義両親の名義に変更した夫「家は両親に譲るw逆らったら離婚ｗ」私「いいけど後悔するよ？」夫「うるせぇバー,https://www.youtube.com/watch?v=iiH7QOPZp_4,98%
1784,【スカッとする話】大好きな父が80歳で突然他界。葬儀中、長男嫁から鬼電「今日は息子のカットの日よ！今すぐ帰って送迎しろ！」私「はい...」泣きながら帰るとボコボコの長男嫁の姿がw【修羅場】【スカッと】,https://www.youtube.com/watch?v=ZN2XDe1ICK4,8万回視聴 / 3 年前,憂鬱よりスカッと,https://www.youtube.com/channel/UC8bvniIkSPPf_5ELr1VNZCQ,2 年前,39回視聴,【スカッとする話】大好きな父が80歳で突然他界。葬儀中、長男嫁から鬼電「今日は息子のカットの日よ！今すぐ帰って送迎しろ！」私「はい...」泣きながら帰るとボコボコの長男嫁の 【修羅場】【スカッと】,https://www.youtube.com/watch?v=5T4cVJt3Hz4,99%
1785,【スカッとする話】夫の出張中に息子に誘われ高級ホテルへディナーに行くと女性にプロポーズする夫「亡き妻と息子の分まで幸せにする！」直後、静かに席を立ち上がり求婚に乱入→私と息子「死んだ全家族です」,https://www.youtube.com/watch?v=-fE68tebmjk,7.2万回視聴 / 2 年前,憂鬱よりスカッと,https://www.youtube.com/channel/UCLSSpzRy_5TGRt0hpyQEytg,1 年前,317回視聴,【スカッとする話】夫の出張中に息子に誘われ高級ホテルへディナーに行くと女性にプロポーズする夫「亡き妻と息子の分まで幸せにする！」→直後、静かに席を立ち求婚に乱入「どうも、亡き妻と息子です」,https://www.youtube.com/watch?v=4pZcpUuV0g0,90%
1786,【スカッとする話】妊娠9ヶ月の私を奴隷扱いするエリート夫「嫁は奴隷！家事はサボるな！」翌日、夫が体調不良で寝込んだので私「旦那は稼いでナンボです！」無理やり仕事へ行かせた結果w,https://www.youtube.com/watch?v=UnzOKs3sIHQ,3.7万回視聴 / 2 年前,憂鬱よりスカッと,https://www.youtube.com/channel/UC8bvniIkSPPf_5ELr1VNZCQ,2 年前,69回視聴,【スカッとする話】妊娠9ヶ月の私を奴隷扱いするエリート夫「嫁は奴隷！家事はサボるな！」翌日、夫が体調不良で寝込んだので私「旦那は稼いでナンボです！」無理やり仕事へ行かせ,https://www.youtube.com/watch?v=02bEx7WOEJk,98%
1787,【スカッとする話】娘「毎月1300円の仕送り助かるよ！毎日半額の弁当食べてるよ！」私「え？毎月13万円振り込んでるわよ？」娘「え？」実は...,https://www.youtube.com/watch?v=Ne3lH19M3rA,9.5万回視聴 / 3 年前,憂鬱よりスカッと,https://www.youtube.com/channel/UC8bvniIkSPPf_5ELr1VNZCQ,2 年前,49回視聴,【スカッとする話】娘「毎月1300円の仕送り助かるよ！毎日半額の弁当食べてるよ！」私「え？毎月13万円振り込んでるわよ？」娘「え？」実は...,https://www.youtube.com/watch?v=mHSslWPvj0E,100%
1788,【スカッとする話】家のローン月11万払う私に長男嫁「この家は孫達に住ませる！家事もしないゴミは出てけw」私「じゃ引越そか」夫「うん」→1ヶ月後、血相を変えた長男嫁が新居に来たが永久に無視した結果w,https://www.youtube.com/watch?v=nrD7Zh7W22k,8.2万回視聴 / 3 年前,憂鬱よりスカッと,https://www.youtube.com/channel/UC8bvniIkSPPf_5ELr1VNZCQ,2 年前,47回視聴,【スカッとする話】家のローン月11万払う私に長男嫁「この家は孫達に住ませる！家事もしないゴミは出てけw」私「じゃ引越そか」夫「うん」→1ヶ月後、血相を変えた長男嫁が新居に来たが永久に無視した,https://www.youtube.com/watch?v=sq9lUYwsBCI,99%
1789,【スカッとする話】家事、育児、仕事をこなし夫と30年間連れ添った私に夫が突然の土下座「愛人が妊娠したから再婚する。離婚してくれ」私「はーい、ではさようなら」1週間後、半狂乱の夫から39件の鬼電がw,https://www.youtube.com/watch?v=VyoXxeYV0Ag,3.7万回視聴 / 2 年前,憂鬱よりスカッと,https://www.youtube.com/channel/UC8bvniIkSPPf_5ELr1VNZCQ,2 年前,100回視聴,【スカッとする話】家事、育児、仕事をこなし夫と30年間連れ添った私に夫が突然の土下座「愛人が妊娠したから再婚する。離婚してくれ」私「はーい、ではさようなら」1週間後、半狂乱の夫から39件の鬼電がw,https://www.youtube.com/watch?v=EbCFdI1mcDA,100%
1790,【スカッとする話】父の遺産を全て奪った姉夫婦「金無しババアは邪魔」母すらも家から追い出し怒り心頭の私に母が一言「あの子達、終わったわね」私「え？」実は父が…【修羅場】,https://www.youtube.com/watch?v=fvBt5WXD4N8,2.1万回視聴 / 3 年前,憂鬱よりスカッと,https://www.youtube.com/channel/UC8bvniIkSPPf_5ELr1VNZCQ,2 年前,21回視聴,【スカッとする話】父の遺産を全て奪った姉夫婦「金無しババアは邪魔」母すらも家から追い出し怒り心頭の私に母が一言「あの子達、終わったわね」私「え？」実は父が…【修羅場】,https://www.youtube.com/watch?v=8NpzH1hOfmc,100%
1791,【スカッとする話】破水し病院へ行く私を山に置き去りにし夫と旅行に行った連れ子の娘「私からパパを奪った罰よw」2時間後、陣痛で苦しむ私に半狂乱の娘から鬼電→私「あんた誰？」,https://www.youtube.com/watch?v=RWD2prHXals,2.8万回視聴 / 2 年前,憂鬱よりスカッと,https://www.youtube.com/channel/UC8bvniIkSPPf_5ELr1VNZCQ,2 年前,66回視聴,【スカッとする話】破水し病院へ行く私を山に置き去りにし夫と旅行に行った連れ子の娘「私からパパを奪った罰よw」2時間後、陣痛で苦しむ私に半狂乱の娘から 「あんた誰？」,https://www.youtube.com/watch?v=jPXKAVcfh7Y,98%
1792,【スカッとする話】私「もう限界！実家に帰ります！」実家帰省した私が家に帰ると私「ただい...ま？」机の上に記入済みの離婚届が...私「出せっていうから提出しよw」大喜びで市役所へ行った結果w,https://www.youtube.com/watch?v=jpA_PiL1qKA,3.1万回視聴 / 2 年前,憂鬱よりスカッと,https://www.youtube.com/channel/UC8bvniIkSPPf_5ELr1VNZCQ,2 年前,68回視聴,【スカッとする話】私「もう限界！実家に帰ります！」実家帰省した私が家に帰ると私「ただい...ま？」机の上に記入済みの離婚届が...私「出せっていうから提出しよw」大喜びで市役所へ行った結果,https://www.youtube.com/watch?v=WxOpFiBUsKQ,100%
1793,【スカッとする話】私が家のローン18万を払ってると知らず毎日孫の子守りを押し付ける長男嫁。ある日、私「孫の部屋に変わってる…」私の荷物が勝手に捨てられてたのでローンの支払い辞めた結果,https://www.youtube.com/watch?v=2xEUeF-OX7Y,5.9万回視聴 / 2 年前,憂鬱よりスカッと,https://www.youtube.com/channel/UC8bvniIkSPPf_5ELr1VNZCQ,2 年前,42回視聴,【スカッとする話】私が家のローン18万を払ってると知らず毎日孫の子守りを押し付ける長男嫁。ある日、私「孫の部屋に変わってる…」私の荷物が勝手に捨てられてたのでローンの支払,https://www.youtube.com/watch?v=QdnQCZZp5VM,96%
1794,【スカッとする話】長男夫婦と孫と高級中華へ行くと私には餃子１個だけ。長男嫁「お義母さんはそれだけですw餃子代7万は払ってねw」私「では会計して先帰ってますね」餃子代だけ払って帰った結果w,https://www.youtube.com/watch?v=-kjX6Edo4jQ,5.5万回視聴 / 3 年前,憂鬱よりスカッと,https://www.youtube.com/channel/UC8bvniIkSPPf_5ELr1VNZCQ,2 年前,54回視聴,【スカッとする話】長男夫婦と孫と高級中華へ行くと私には餃子１個だけ。長男嫁「お義母さんはそれだけですw餃子代7万は払ってねw」私「では会計して先帰ってますね」餃子代だけ払って帰った,https://www.youtube.com/watch?v=S2ZLPiW41iQ,99%
1795,【スカッとする話】長男夫婦の結婚式で新婦を指し孫が「あっ、プロレスの姉ちゃん！」と笑っていた。私が叱ると孫「だって、この前じいちゃんの上に乗ってたから」直後、夫と新婦が顔面蒼白で震えだし..【修羅場】,https://www.youtube.com/watch?v=4VGG0yj_HNk,3.3万回視聴 / 3 年前,憂鬱よりスカッと,https://www.youtube.com/channel/UC8bvniIkSPPf_5ELr1VNZCQ,2 年前,70回視聴,【スカッとする話】長男夫婦の結婚式で新婦を指し孫が「あっ、プロレスの姉ちゃん！」と笑っていた。私が叱ると孫「だって、この前じいちゃんの上に乗ってたから」直後、夫と新婦が顔面蒼白で震 【修羅場】,https://www.youtube.com/watch?v=5iKdNEUJ1aw,98%
1796,【スカッとする話】長男嫁の出産祝いで産婦人科へ行くと隣の病室から夫の声 「俺と君に似てて可愛い子だねぇw」 全てを悟った私は病室の鍵を閉め、義両親を突撃させた結果w【修羅場】,https://www.youtube.com/watch?v=nGKyU7UVUac,1.1万回視聴 / 3 年前,憂鬱よりスカッと,https://www.youtube.com/channel/UC8bvniIkSPPf_5ELr1VNZCQ,2 年前,57回視聴,【スカッとする話】長男嫁の出産祝いで産婦人科へ行くと隣の病室から夫の声 「俺と君に似てて可愛い子だねぇw」 全てを悟った私は病室の鍵を閉め、義両親を突撃させた結果w【修羅場】,https://www.youtube.com/watch?v=bRSlZrqYVfk,100%
1797,【スカッと総集編】長男夫婦に隠れて在宅ワークで月160万稼ぐ私に長男嫁「給料3桁あるんですか！？」 私「3000円しかないわよw 」不吉な予感がして誤魔化した→後日、私を見捨てた嫁から鬼電が...w,https://www.youtube.com/watch?v=zpFJNCVzzcI,9.5万回視聴 / 3 年前,憂鬱よりスカッと,https://www.youtube.com/channel/UC8bvniIkSPPf_5ELr1VNZCQ,2 年前,65回視聴,【スカッと総集編】長男夫婦に隠れて在宅ワークで月160万稼ぐ私に長男嫁「給料3桁あるんですか！？」 私「3000円しかないわよw 」不吉な予感がして誤魔化した→後日、私を見捨てた嫁から鬼電が.,https://www.youtube.com/watch?v=giUF6R92dZk,100%
1798,【スカッとする話】私の両親が亡くなった途端、実家を勝手に解体した夫「今日から俺の家で両親と同居だ！」それを聞いた私は大爆笑→私「あんた達、知らないの？」実は...,https://www.youtube.com/watch?v=3WlCnGLe67U,55万回視聴 / 2 年前,憎むべき猫,https://www.youtube.com/channel/UC7tLdJ-6uJLK1p0auVsW5rQ,1 か月前,"1,039回視聴",「今日から俺の家で両親と同居だ！」私の両親が亡くなった途端、実家を勝手に解体し宣言する夫。それを聞いた私は大爆笑→私「あんた達、知らないの？」実は【シニアライフ】【60代以上の方へ】,https://www.youtube.com/watch?v=tKY9aZw43ow,73%
1799,【スカッとする話】義両親に蹴られ骨折した私に夫「寝かせとけば治るw」翌日、病室に嘲笑いに来た義家族「あれ、嫁は？w」医師「警察署です」義家族「え？」【朗読】【スカッと】,https://www.youtube.com/watch?v=p4pyD9SD1Tk,8.1万回視聴 / 2 か月前,日々の声,https://www.youtube.com/channel/UCmp-GHTASavFshwQjo88xnA,1 か月前,2回視聴,義両親に蹴られ骨折した私に夫「寝かせとけば治るw」翌日、病室に嘲笑いに来た義家族「あれ、嫁は？w」医師「警察署です」義家族「え？」,https://www.youtube.com/watch?v=Tq6WucSc39w,100%
1800,【スカッとする話】夫の連れ子の娘の為、毎月米20kgを送る私に連れ子「偽物の母親の米は要らない！もっと役立つ物を送れよw」私「…あ、そういう事ね！」→翌月、連れ子は全てを失う結果にw,https://www.youtube.com/watch?v=sZ-7vd9fMOM,6.7万回視聴 / 2 年前,日々の物語,https://www.youtube.com/channel/UCtU7BenpYi_wiedlr2E7ynQ,2 年前,37回視聴,【スカッとする話】夫の連れ子の娘の為、毎月米20kgを送る私に連れ子「偽物の母親の米は要らない！もっと役立つ物を送れよw」私「…あ、そういう事ね！」→翌月、連れ子は全てを失う結果にw,https://www.youtube.com/watch?v=POwABdwbnCY,100%
1801,【スカッとする話】孫の七五三のお祝いに親戚一同と行くと私だけ席がない...長男嫁「他人の席は無いから立ってればw」私「じゃ帰るか」親戚一同「うん」全員で帰宅した結果w,https://www.youtube.com/watch?v=bI91wh-7IMg,19万回視聴 / 2 年前,日々の物語,https://www.youtube.com/channel/UCtU7BenpYi_wiedlr2E7ynQ,2 年前,26回視聴,【スカッとする話】孫の七五三のお祝いに親戚一同と行くと私だけ席がない   長男嫁「他人の席は無いから立ってればw」私「じゃ帰るか」親戚一同「うん」全員で帰宅した結果w,https://www.youtube.com/watch?v=pgXEyS8VCoA,100%
1802,【スカッとする話】私と夫の事が大嫌いな長男夫婦「俺達の結婚式は欠席しろ。嫌なら絶縁する」私「いいけど、アナタ達本当に大丈夫？後悔するよ？」長男「しねぇよw二度と連絡してくんなw」数ヶ月後w【修羅場】,https://www.youtube.com/watch?v=luo2hcOOZik,14万回視聴 / 3 年前,日光浴するヒスイウサギ,https://www.youtube.com/channel/UCbHoAJB94D7IM8KOKllkIFw,1 年前,8回視聴,【2ch修羅場スレ】私と夫の事が大嫌いなエリート長男夫婦「低学歴は俺達の結婚式を欠席しろ！嫌なら絶縁な」私「いいけど、アナタ達本当に大丈夫？後悔するよ」,https://www.youtube.com/watch?v=HPHObzH_Rf8,75%
1803,【スカッとする話】結婚10年目に銀行員の夫が突然の暴露「お前の親友と結婚するw籍入れてないし財産分与は無しw」私「あれ？あんた知らないの？」夫「何がだよw」実は…,https://www.youtube.com/watch?v=Tpbu9uHiFPg,11万回視聴 / 2 年前,日常のドラマ4719,https://www.youtube.com/channel/UCSignnxN2iirq5H0CsKtoBQ,1 か月前,2回視聴,結婚10年目に銀行員の夫が突然の暴露「お前の親友と結婚するw籍入れてないし財産分与は無しw」私「あれ？あんた知らないの？」夫「何がだよw」実は…,https://www.youtube.com/watch?v=izcH_h6hMRw,100%
1804,【スカッとする話】夫が会社の慰安旅行へ行く直前に娘「その旅行やめた方がいいよ」夫「仕事の付き合いなんだｗ」娘の忠告を無視した夫は、1週間後、出勤して絶句。実は...,https://www.youtube.com/watch?v=vfXIIzgNyB0,3.7万回視聴 / 3 年前,日常の物語 5630,https://www.youtube.com/channel/UCrhCCeFTpz-DPK7whyTKW8A,2 週間前,130回視聴,【スカッとする話】夫が会社の慰安旅行へ行く直前に娘「その旅行やめた方がいいよ」夫「仕事の付き合いなんだｗ」娘の忠告を無視した夫は、1週間後、出勤して絶句。実は...,https://www.youtube.com/watch?v=aBcFgg-F0s0,100%
1805,【スカッとする話】少年「会長、部屋に盗聴器があります」16歳の新聞配達の少年が1枚のメモを差し出した。私が盗聴器を取り外した翌日、会長室に半狂乱の息子が来て…w【朗読】【スカッと】,https://www.youtube.com/watch?v=YvMAjlvBp44,3.8万回視聴 / 6 か月前,日常の物語 5630,https://www.youtube.com/channel/UCrhCCeFTpz-DPK7whyTKW8A,3 週間前,14回視聴,【スカッとする話】少年「会長、部屋に盗聴器があります」16歳の新聞配達の少年が1枚のメモを差し出した。私が盗聴器を取り外した翌日、会長室に半狂乱の息子が来て…w【朗読】【スカッと】,https://www.youtube.com/watch?v=nHcWIuGt0h8,100%
1806,【スカッと総集編】長男夫婦からの仕送りがなぜか毎回5010円。不審に思い長男に尋ねると「俺は振り込んで無いけど？」私「はい？」実は…【修羅場】【スカッと】【スカッとする話】,https://www.youtube.com/watch?v=F8aYLPS1MQo,23万回視聴 / 3 年前,日常の物語 5630,https://www.youtube.com/channel/UCrhCCeFTpz-DPK7whyTKW8A,3 週間前,80回視聴,【スカッとする話】長男夫婦からの仕送りがなぜか毎回5010円。不審に思い長男に尋ねると「俺は振り込んで無いけど？」私「はい？」実は…【修羅場】【スカッと】【スカッとする話】,https://www.youtube.com/watch?v=1qrlGonnGX0,100%
1807,【スカッと】単身赴任の夫の家へサプライズで行くと記入済みの離婚届が...私「お望み通り提出するか」速攻で提出して携帯解約し家を売却して海外移住した結果w,https://www.youtube.com/watch?v=jcLkESG2h5U,4.7万回視聴 / 2 年前,日料寿司料理,https://www.youtube.com/channel/UC8w8D_s25Z0LGR34gpcn2JQ,2 週間前,3回視聴,単身赴任の夫の家へサプライズで行くと記入済みの離婚届が…私「お望み通り提出してやるか」速攻で提出して携帯解約し家を売却して海外移住した結果w,https://www.youtube.com/watch?v=alZdxZpSk_k,97%
1808,【スカッとする話】年末年始の親族の集まりで20人分のおせちをゴミ箱にぶちまけたエリート夫「親戚にマズイ飯を作るな！」私「私は何も作ってないよ？」夫「え？」実は...,https://www.youtube.com/watch?v=iT0GjRHrB6w,26万回視聴 / 2 年前,日本の夫婦問題,https://www.youtube.com/channel/UCDFNUXZbMyJc9QaS87Y8Ijg,1 か月前,0 回視聴,年末年始の親族の集まりで20人分のおせちをゴミ箱にぶちまけたエリート夫「親戚にマズイ飯を作るな！」私「私は何も作ってないよ？」夫「え？」実は..,https://www.youtube.com/watch?v=McjSueWqmD0,100%
1809,【スカッと】起業した夫を支えてきた私を裏切った夫「21歳のバイトを妊娠させた！離婚しで！」私「はーい、仕事も辞めるね！」夫「は？仕事は続けてくれよ」私「嫌よ。だってあのバイト...」,https://www.youtube.com/watch?v=n-_5T-nb0dg,3.7万回視聴 / 2 年前,日本の物語 〜老後の人生〜,https://www.youtube.com/channel/UCEZOpLWYD1o09D4aS_BZmbA,1 か月前,28回視聴,起業した夫を支えてきた私を裏切った夫「21歳のバイトを妊娠させた！悪いが、離婚してくれ！」私「はーい、仕事も辞めるね！」夫「は？仕事は続けてくれよ」,https://www.youtube.com/watch?v=AH8CnLKGWQM,86%
1810,【スカッとする話】41歳で妊娠した私と娘を捨て新人女医と再婚したエリート医師の夫「老いたババァより若い女w」30年後、病院で元夫と再会すると娘を見た夫が…【総集編】【スカッと】【朗読】,https://www.youtube.com/watch?v=jAMMNpg5_S0,4.1万回視聴 / 9 か月前,日本の物語 〜老後の人生〜,https://www.youtube.com/channel/UCEZOpLWYD1o09D4aS_BZmbA,1 か月前,59回視聴,41歳で妊娠した私と娘を捨て新人女医と再婚したエリート医師の夫「老いたババァより若い女w」30年後、病院で元夫と再会すると娘を見た夫が…,https://www.youtube.com/watch?v=jTGVeJ1XvHA,88%
1811,【スカッとする話】41歳で妊娠した私と娘を捨て新人女医と再婚したエリート医師の夫「老いたババァより若い女w」30年後、病院で元夫と再会すると娘を見た夫が震え出し…【朗読】【スカッと】,https://www.youtube.com/watch?v=g_SuFj7M8gs,18万回視聴 / 1 年前,日本の物語 〜老後の人生〜,https://www.youtube.com/channel/UCEZOpLWYD1o09D4aS_BZmbA,1 か月前,59回視聴,41歳で妊娠した私と娘を捨て新人女医と再婚したエリート医師の夫「老いたババァより若い女w」30年後、病院で元夫と再会すると娘を見た夫が…,https://www.youtube.com/watch?v=jTGVeJ1XvHA,86%
1812,【スカッとする話】妹の代わりに田舎の猟師に嫁いだ私「今日の夕飯は鹿肉？」夫「いや、これで好きな物食べて」10万円を手渡された私…→夫の正体を知った妹が半狂乱にw【朗読】【スカッと】,https://www.youtube.com/watch?v=YYnTTQ_3WI8,5.9万回視聴 / 2 か月前,日本の物語 〜老後の人生〜,https://www.youtube.com/channel/UCEZOpLWYD1o09D4aS_BZmbA,1 か月前,6回視聴,【スカッとする話】妹の代わりに田舎の猟師に嫁いだ私「今日の夕飯は鹿肉？」夫「いや、これで好きな物食べて」10万円を手渡された私…→夫の正体を知った妹が半狂乱にw【朗読】【スカッと】,https://www.youtube.com/watch?v=tmnruT6J0QY,100%
1813,【スカッとする話】発達障害が原因で捨てられ、親戚中をたらい回しにされた双子兄弟「もう隠さなくていいや」私が引き取るとIQ200の天才で…w【朗読】【スカッと】,https://www.youtube.com/watch?v=xx85GANRbNY,7.1万回視聴 / 6 か月前,日本の物語 〜老後の人生〜,https://www.youtube.com/channel/UCEZOpLWYD1o09D4aS_BZmbA,3 週間前,27回視聴,【感動する話】発達障害が原因で捨てられ、親戚中をたらい回しにされた双子兄弟「もう隠さなくていいや」私が引き取るとIQ200の天才で…w【朗読】【スカッと】,https://www.youtube.com/watch?v=_Ni2a62qBLs,100%
1814,【スカッとする話】私が離婚届に署名すると、満面の笑みで大喜びする義家族。新しい嫁を迎えた1週間後、電気・ガス・水道が止まると急に義家族が焦り出しw【朗読】【スカッと】,https://www.youtube.com/watch?v=cVe3XmXeRuE,14万回視聴 / 4 か月前,日本の物語 〜老後の人生〜,https://www.youtube.com/channel/UCEZOpLWYD1o09D4aS_BZmbA,1 か月前,451回視聴,私が離婚届に署名すると、満面の笑みで大喜びする義家族。新しい嫁を迎えた1週間後、電気・ガス・水道が止まると急に義家族が焦り出しw,https://www.youtube.com/watch?v=TlvtISBwrlw,100%
1815,【スカッと総集編】私の年収が2000万と知らず入院中の私を捨て愛人と再婚した夫「離婚届け出しといたｗ慰謝料として家と車は貰うｗ」私「承知しました」→3日後、半狂乱の夫から200件の鬼電がw【修羅場】,https://www.youtube.com/watch?v=sd-a4XIE7jQ,36万回視聴 / 3 年前,日本の物語 〜老後の人生〜,https://www.youtube.com/channel/UCEZOpLWYD1o09D4aS_BZmbA,1 か月前,489回視聴,私の年収が2000万と知らず入院中の私を捨て愛人と再婚した夫「離婚届け出しといたｗ慰謝料として家と車は貰うｗ」私「承知しました」→3日後、半狂乱の夫から200件の鬼電がw,https://www.youtube.com/watch?v=KHGvN9emr68,100%
1816,【スカッと総集編】起業した夫を支えてきた私を裏切った夫「21歳のバイトを妊娠させた！悪いが、離婚してくれ！」私「はーい、仕事も辞めるね！」夫「は？仕事は続けてくれよ」,https://www.youtube.com/watch?v=C6r_ataNQZU,18万回視聴 / 2 年前,日本の物語 〜老後の人生〜,https://www.youtube.com/channel/UCEZOpLWYD1o09D4aS_BZmbA,1 か月前,28回視聴,起業した夫を支えてきた私を裏切った夫「21歳のバイトを妊娠させた！悪いが、離婚してくれ！」私「はーい、仕事も辞めるね！」夫「は？仕事は続けてくれよ」,https://www.youtube.com/watch?v=AH8CnLKGWQM,100%
1817,【スカッとする話】夫と義両親から13年間も嫌われ続けた私。ある日、離婚届を置いて引っ越すと、ボロボロの夫と義両親から鬼電が→私（やっと気づいたかw）実は...,https://www.youtube.com/watch?v=Wk9S9SoTHxU,9.2万回視聴 / 3 年前,日本感動ばなし,https://www.youtube.com/channel/UCCgNY4omgwcyxOcVRitvcYw,1 年前,0 回視聴,【スカッと】夫と義両親から13年間も嫌われ続けた私。ある日、私は離婚届をそっと置いて引っ越すと、ボロボロの夫と義両親から鬼電→私（やっと気づいたのねw）実は…【修羅場】,https://www.youtube.com/watch?v=_1xYeS6oJSw,93%
1818,【スカッとする話】余命3ヶ月と診断された夫「俺の貯金も家も車もすべて愛人に渡す。お前に渡す金は無いw」翌朝、荷物をまとめ出ていくと、真実を知った夫から鬼電がw,https://www.youtube.com/watch?v=JuCiUOLk2v4,16万回視聴 / 1 年前,明日への涙 5640,https://www.youtube.com/channel/UCMgqdL_Eaa1cwxS72pnAmCA,3 週間前,0 回視聴,【スカッとする話】余命3ヶ月と診断された夫「俺の貯金も家も車もすべて愛人に渡す。お前に渡す金は無いw」翌朝、荷物をまとめ出ていくと、真実を知った夫から鬼電がw,https://www.youtube.com/watch?v=ofVfhZlJXpY,95%
1819,【スカッとする話】保育園で再会した元夫「俺の子？養育費は払わないぞw」女「今さら何の用かしらw」私「あなたは種無しでしょ？」元夫・女「え？」結果w【朗読】【スカッと】,https://www.youtube.com/watch?v=k1aYTyOEkc4,7.4万回視聴 / 7 か月前,明日への涙 5640,https://www.youtube.com/channel/UCMgqdL_Eaa1cwxS72pnAmCA,4 週間前,0 回視聴,【スカッとする話】保育園で再会した元夫「俺の子？養育費は払わないぞw」女「今さら何の用かしらw」私「あなたは種無しでしょ？」元夫・女「え？」結果w【朗読】【スカッと】,https://www.youtube.com/watch?v=4Jvwu7sDpkE,91%
1820,【スカッとする話】妊娠中の私を捨てた夫と同窓会で再会。夫「お前より若い女と再婚したw別れてくれたおかげで幸せw」私「それで幸せなんだw」夫「は？」実は…【朗読】【スカッと】,https://www.youtube.com/watch?v=xccw36svwyY,2.4万回視聴 / 3 か月前,明日への涙 5640,https://www.youtube.com/channel/UCMgqdL_Eaa1cwxS72pnAmCA,3 週間前,2回視聴,【スカッとする話】妊娠中の私を捨てた夫と同窓会で再会。夫「お前より若い女と再婚したw別れてくれたおかげで幸せw」私「それで幸せなんだw」夫「は？」実は…【朗読】【スカッと】,https://www.youtube.com/watch?v=2Ez7QoP8Kl4,87%
1821,【スカッとする話】娘が着る振袖を切り刻む夫「姪の分が無い！平等にしろ！」母「てめぇ、いい加減にしろよ」人生で怒った事ない母ブチギレ…w【朗読】【スカッと】,https://www.youtube.com/watch?v=dltnrujS8l8,8.1万回視聴 / 1 年前,明日への涙 5640,https://www.youtube.com/channel/UCMgqdL_Eaa1cwxS72pnAmCA,3 週間前,0 回視聴,【スカッとする話】娘が着る振袖を切り刻む夫「姪の分が無い！平等にしろ！」母「てめぇ、いい加減にしろよ」人生で怒った事ない母ブチギレ…w【朗読】【スカッと】,https://www.youtube.com/watch?v=4RxkHr4scoo,100%
1822,【スカッとする話】帰宅した夫から突然往復ビンタされた私。夫「財布からカードなくなってる！お前が盗っただろ！」私は隠しカメラを確認し即110番→警察が到着すると夫が震え出し…ｗ【朗読】,https://www.youtube.com/watch?v=rEdFExEyZ2I,5.7万回視聴 / 9 か月前,明日への涙 5640,https://www.youtube.com/channel/UCMgqdL_Eaa1cwxS72pnAmCA,4 週間前,9回視聴,【スカッとする話】帰宅した夫から突然往復ビンタされた私。夫「財布からカードなくなってる！お前が盗っただろ！」私は隠しカメラを確認し即110番→警察が到着すると夫が震え出し…ｗ【朗読】,https://www.youtube.com/watch?v=NegvjbGOaoQ,88%
1823,【スカッとする話】結婚20年目に離婚届を渡され夫に家を追い出された私。母の形見の時計を握りしめ急いで質屋に駆け込むと店員「お客様…こ、これは…」【朗読】【スカッと】,https://www.youtube.com/watch?v=pjBVvrdO5sQ,8.2万回視聴 / 6 か月前,明日への涙 5640,https://www.youtube.com/channel/UCMgqdL_Eaa1cwxS72pnAmCA,1 か月前,17回視聴,【スカッとする話】結婚20年目に離婚届を渡され夫に家を追い出された私。母の形見の時計を握りしめ急いで質屋に駆け込むと店員「お客様…こ、これは…」【朗読】【スカッと】,https://www.youtube.com/watch?v=VNDuN66fvvU,100%
1824,【スカッとする話】結婚式当日に夫からブチギレ電話。夫「今何時だと思ってんだ！花嫁の立場でふざけるな！」父「お前こそふざけんなよ？」電話に出たのは私の父で…【朗読】【スカッと】,https://www.youtube.com/watch?v=EeQo49qzzTA,10万回視聴 / 1 年前,明日への涙 5640,https://www.youtube.com/channel/UCMgqdL_Eaa1cwxS72pnAmCA,4 週間前,16回視聴,【スカッとする話】結婚式当日に夫からブチギレ電話。夫「今何時だと思ってんだ！花嫁の立場でふざけるな！」父「お前こそふざけんなよ？」電話に出たのは私の父で…【朗読】【スカッと】,https://www.youtube.com/watch?v=HdHDvW5V6QE,100%
1825,【スカッとする話】自分が社長だと勘違いしている夫「次期社長の俺に逆らっていいの？」愛人「クビでいいんじゃない？」私「じゃあお前らクビで」お望み通りクビにしてあげた結果w【朗読】【スカッと】,https://www.youtube.com/watch?v=o3QJq6-5CSs,8.7万回視聴 / 8 か月前,明日への涙 5640,https://www.youtube.com/channel/UCMgqdL_Eaa1cwxS72pnAmCA,1 か月前,10回視聴,【スカッとする話】自分が社長だと勘違いしている夫「次期社長の俺に逆らっていいの？」愛人「クビでいいんじゃない？」私「じゃあお前らクビで」お望み通りクビにしてあげた結果w【朗読】【スカッと】,https://www.youtube.com/watch?v=hDEQt8ehpxc,100%
1826,【スカッとする話】同窓会で結婚直前に私を捨てた夫と再会。夫「金持ちの社長令嬢と結婚したw俺だけ幸せでごめんなw」私「本当にそう思う？」真実を伝えると元夫が震え出し…【朗読】【スカッと】,https://www.youtube.com/watch?v=aCFKEISe330,36万回視聴 / 1 年前,明日への涙 5641,https://www.youtube.com/channel/UCccAdKXQpruadZ8VIfmeXew,1 か月前,18回視聴,【スカッとする話】同窓会で結婚直前に私を捨てた夫と再会。夫「金持ちの社長令嬢と結婚したw俺だけ幸せでごめんなw」私「本当にそう思う？」真実を伝えると元夫が震え出し…【朗読】【スカッと】,https://www.youtube.com/watch?v=s8DFDEBDksw,100%
1827,【スカッとする話】男3兄弟を育てる私に突然、夫「社長令嬢が妊娠したw離婚でw」私「はーい、じゃ長男だけ連れてく」夫「え？次男と三男も連れてけよ」私「嫌よ。だって…」【朗読】【スカッと】,https://www.youtube.com/watch?v=jxziuKOmRjA,12万回視聴 / 1 年前,明日への涙 5641,https://www.youtube.com/channel/UCccAdKXQpruadZ8VIfmeXew,4 週間前,30回視聴,【スカッとする話】男3兄弟を育てる私に突然、夫「社長令嬢が妊娠したw離婚でw」私「はーい、じゃ長男だけ連れてく」夫「え？次男と三男も連れてけよ」私「嫌よ。だって…」【朗読】【スカッと】,https://www.youtube.com/watch?v=JevSjlhrcUs,87%
1828,【スカッとする話】離婚され家を追い出された私に銀行カードを投げつけた夫。3年後、何気なく口座を確認すると思わぬ光景に私は言葉を失い…【朗読】【スカッと】,https://www.youtube.com/watch?v=TImIBUgVfDU,14万回視聴 / 6 か月前,明日への涙 5641,https://www.youtube.com/channel/UCccAdKXQpruadZ8VIfmeXew,1 か月前,0 回視聴,【スカッとする話】離婚され家を追い出された私に銀行カードを投げつけた夫。3年後、何気なく口座を確認すると思わぬ光景に私は言葉を失い…【朗読】【スカッと】,https://www.youtube.com/watch?v=hhMCvKaSxfs,100%
1829,【スカッとする話】離婚され家を追放された私に、古い綿入れを投げつけた義母。何気なく袖に手を通し内側を確認した瞬間、私は顔面蒼白に…【朗読】【スカッと】,https://www.youtube.com/watch?v=BiLuv_djE2k,7.7万回視聴 / 7 か月前,明日への涙 5641,https://www.youtube.com/channel/UCccAdKXQpruadZ8VIfmeXew,4 週間前,10回視聴,【スカッとする話】離婚され家を追放された私に、古い綿入れを投げつけた義母。何気なく袖に手を通し内側を確認した瞬間、私は顔面蒼白に…【朗読】【スカッと】,https://www.youtube.com/watch?v=Qld747HJA58,97%
1830,【スカッとする話】11年前、私の夫を略奪し駆け落ちした長男嫁「11年ぶりに旦那の家に帰省する」元夫「お前らは家から出てけw」私「え？もう家ないよ？」長男嫁「え？」実は10年前…【朗読】【スカッと】,https://www.youtube.com/watch?v=Tz39S67Feh0,15万回視聴 / 1 年前,明日への涙5639,https://www.youtube.com/channel/UC2daLTlrWBDdKIOJDbg_Z4w,1 か月前,12回視聴,【スカッとする話】11年前、私の夫を略奪し駆け落ちした長男嫁「11年ぶりに旦那の家に帰省する」元夫「お前らは家から出てけw」私「え？もう家ないよ？」長男嫁「え？」実は10年前…【朗読】【スカッと】,https://www.youtube.com/watch?v=nJjsKhIWe3I,100%
1831,【スカッとする話】夫「限界だ…。離婚してくれ…。お前と老後は耐えられん…」私「はい離婚届。義父の介護任せるね」即離婚して姿を消すと夫から大量着信→私（あ、もうバレたかw）実は…【朗読】【スカッと】,https://www.youtube.com/watch?v=HTXg2kgO-aI,14万回視聴 / 1 年前,明日への涙5639,https://www.youtube.com/channel/UC2daLTlrWBDdKIOJDbg_Z4w,4 週間前,0 回視聴,【スカッとする話】夫「限界だ…。離婚してくれ…。お前と老後は耐えられん…」私「はい離婚届。義父の介護任せるね」即離婚して姿を消すと夫から大量着信→私（あ、もうバレたかw）実は…【朗読】【スカッと】,https://www.youtube.com/watch?v=ZwvJ8IL1TjI,100%
1832,【スカッとする話】帰宅すると夫と愛人が寝ていたので私は黙って家を出た。7日後、机に置いた指輪と離婚届に書かれた1行を見た夫はその場に崩れ落ち…w【朗読】【スカッと】,https://www.youtube.com/watch?v=pG3imzsGALc,8.2万回視聴 / 6 か月前,明日への涙5639,https://www.youtube.com/channel/UC2daLTlrWBDdKIOJDbg_Z4w,4 週間前,0 回視聴,【スカッとする話】帰宅すると夫と愛人が寝ていたので私は黙って家を出た。7日後、机に置いた指輪と離婚届に書かれた1行を見た夫はその場に崩れ落ち…w【朗読】【スカッと】,https://www.youtube.com/watch?v=wVNFXO1Brhw,100%
1833,【スカッとする話】私抜きでいつも外食に出かける家族。私はお茶漬けをすする毎日…夫「お前の飯不味いからなw」離婚届を置き黙って姿を消すと→血相を変えた夫から鬼電がw【朗読】【スカッと】,https://www.youtube.com/watch?v=idhSq8YhzdY,8.8万回視聴 / 6 か月前,明日への涙5639,https://www.youtube.com/channel/UC2daLTlrWBDdKIOJDbg_Z4w,1 か月前,7回視聴,【スカッとする話】私抜きでいつも外食に出かける家族。私はお茶漬けをすする毎日…夫「お前の飯不味いからなw」離婚届を置き黙って姿を消すと→血相を変えた夫から鬼電がw【朗読】【スカッと】,https://www.youtube.com/watch?v=tMSXepUWmsE,100%
1834,【スカッとする話】軽井沢に一軒家を購入すると愛人と隠し子を連れてきた夫「今日から同棲するw嫌なら離婚でw」私（2億のローン払えるのかなw）即離婚し黙って姿を消すと、半狂乱の夫から鬼電がw【朗読】,https://www.youtube.com/watch?v=8rgw5-jn7qI,7.2万回視聴 / 8 か月前,明日への涙5639,https://www.youtube.com/channel/UC2daLTlrWBDdKIOJDbg_Z4w,3 週間前,3回視聴,【スカッとする話】軽井沢に一軒家を購入すると愛人と隠し子を連れてきた夫「今日から同棲するw嫌なら離婚でw」私（2億のローン払えるのかなw）即離婚し黙って姿を消すと、半狂乱の夫から鬼電がw【朗読】,https://www.youtube.com/watch?v=ZsOgnaEl8Q8,100%
1835,【スカッとする話】陣痛で義妹の結婚式を欠席すると、夫「大事な妹の式だぞ！我慢しろ！来ないなら離婚だから！」私「では離婚でお願いします」式当日、夫は全てを失いw 【朗読】【修羅場】,https://www.youtube.com/watch?v=0e75YQ1eFv8,6.2万回視聴 / 1 年前,明日への涙5639,https://www.youtube.com/channel/UC2daLTlrWBDdKIOJDbg_Z4w,3 週間前,1 回視聴,【スカッとする話】陣痛で義妹の結婚式を欠席すると、夫「大事な妹の式だぞ！我慢しろ！来ないなら離婚だから！」私「では離婚でお願いします」式当日、夫は全てを失いw 【朗読】【修羅場】,https://www.youtube.com/watch?v=lILStQXpWfk,86%
1836,【スカッとする話】離婚して10年後に再婚した私。結婚式の知らせを聞き元夫が現れ、元夫「誰がこんな女で妥協する？w」新しい夫の名前が呼ばれると元夫が会場から逃げ出し…w【朗読】【スカッと】,https://www.youtube.com/watch?v=I0uVENJD8g8,5.1万回視聴 / 4 か月前,明日への涙5639,https://www.youtube.com/channel/UC2daLTlrWBDdKIOJDbg_Z4w,3 週間前,0 回視聴,【スカッとする話】離婚して10年後に再婚した私。結婚式の知らせを聞き元夫が現れ、元夫「誰がこんな女で妥協する？w」新しい夫の名前が呼ばれると元夫が会場から逃げ出し…w【朗読】【スカッと】,https://www.youtube.com/watch?v=NgWK7u61zOA,100%
1837,【スカッと】長男夫婦がお盆に帰省し私が店を予約すると長男嫁「何この汚い店w年金生活の貧乏ババァじゃ仕方ないかw」直後、普段温厚な夫→夫「調子乗るなよガキが」長男嫁「え？」,https://www.youtube.com/watch?v=LXxfsTZeuZU,11万回視聴 / 2 年前,星のしずく,https://www.youtube.com/channel/UCpbuKalkV_CouIpjgqI_2Zw,1 か月前,42回視聴,長男夫婦がお盆に帰省し私が店を予約すると長男嫁「何この汚い店w年金生活の貧乏ババアじゃ仕方ないかw」→直後、普段温厚な夫「調子乗るなよガキが」長男嫁「え？」,https://www.youtube.com/watch?v=uJYJ3FY8nn0,98%
1838,【スカッとする話】医者の夫を奪ったママ友「年収3千万の医者の旦那くんの子供出来たw3ヶ月後の結婚式来てねw」私「わかった」（年収3千万の医者は私なんだけど黙っとこw）3ヶ月後w【スカッと】【朗読】,https://www.youtube.com/watch?v=B-nqblWpeIE,5.4万回視聴 / 2 年前,星のしずく,https://www.youtube.com/channel/UCpbuKalkV_CouIpjgqI_2Zw,7 日前,80回視聴,私の夫を奪ったママ友「年収3000万の医者の旦那くんの子供できたw3ヶ月後の結婚式来てねw」→私「分かった（年収3000万の医者は私だけど黙っとこ）」3ヶ月後w,https://www.youtube.com/watch?v=459v_KStW6k,86%
1839,【スカッとする話】実家へ向かう電車に乗る直前、見知らぬ老人に服を引っ張られ、老人「行っちゃダメ、信じてくれ」老人の言う通りにすると、半狂乱の義家族から鬼電がw【朗読】【スカッと】,https://www.youtube.com/watch?v=ZRMhr32Ws-4,6.4万回視聴 / 5 か月前,昭和の記憶、感動する話,,5 か月前,46回視聴,【スカッと】実家へ向かう電車に乗る直前、見知らぬ老人に服を引っ張られ、老人「行っちゃダメ、信じてくれ」老人の言う通りにすると、半狂乱の義家族から鬼電がw【朗読】,https://www.youtube.com/watch?v=gEeA_My_hRM,93%
1840,【スカッとする話】夫が土下座で「20歳年下の彼女が妊娠したから離婚してくれ」私「はい、離婚届け。長男以外は連れていくね」夫「は？長男も連れていけよ」私「それは無理、だってこの子は…」【スカッと】,https://www.youtube.com/watch?v=WGZlqIy1Ilk,21万回視聴 / 3 年前,昼下がりのスカッと,https://www.youtube.com/channel/UCMWFvRVBco2O9zM7bXbwjUw,3 年前,"18,586回視聴",【スカッとする話】夫が土下座して「20歳年下の彼女が妊娠したから離婚してくれ」私「はい、離婚届けよ。娘以外は連れていく」夫「え？娘も連れていけよ」私「無理、だってこの子は…」【スカッと】(朗読),https://www.youtube.com/watch?v=tDONHNWNVO4,87%
1841,【スカッと総集編】夫が土下座「20歳の愛人が妊娠した！離婚してくれ！」私「はい離婚届け。じゃ娘以外は連れてくね」夫「は？娘も連れていけよ」私「無理、だってこの子は…」【スカッとする話】,https://www.youtube.com/watch?v=70JSyEr3ztQ,34万回視聴 / 3 年前,時の物語館,https://www.youtube.com/channel/UCCtXjzFJHJdUc_qApzwueXg,3 週間前,"1,337回視聴",夫が土下座「20歳の愛人が妊娠した！離婚してくれ！」私「はい離婚届け。じゃ娘以外は連れてくね」夫「は？娘も連れていけよ」私「無理、だってこの子は…」,https://www.youtube.com/watch?v=4-njMT5H7Ds,100%
1842,【スカッとする話】ジャージ姿の夫と病院へ行くと、私の婚約者を略奪した姉と再会。姉「私の夫、ここの院長なのwあなた達は生活大変でしょ」夫「彼なら昨日クビにしたけどw」【朗読】【スカッと】,https://www.youtube.com/watch?v=-2NPxSnCoDA,8.8万回視聴 / 1 か月前,時を越える話,https://www.youtube.com/channel/UC_n9gc1na-2QpFv6TPInL3w,1 か月前,"1,847回視聴",ジャージ姿の夫と病院へ行くと、私の婚約者を略奪した姉と再会。姉「私の夫、ここの院長なのwあなた達は生活大変でしょ」夫「彼なら昨日クビにしたけどw」【朗読】【スカッと】,https://www.youtube.com/watch?v=j_h4CHvhmSg,89%
1843,【スカッとする話】夫から高級化粧品を貰った私。夫「あれ、もう使った？w」私「お義母さんが試してたよ」直後、なぜか夫が慌て出しw【朗読】【スカッと】,https://www.youtube.com/watch?v=28rOAUunNPw,5.8万回視聴 / 1 か月前,時を越える話,https://www.youtube.com/channel/UC_n9gc1na-2QpFv6TPInL3w,3 週間前,"1,621回視聴",【スカッとする話】夫から高級化粧品を貰った私。夫「あれ、もう使った？w」私「お義母さんが試してたよ」直後、なぜか夫が慌て出しw【朗読】【スカッと】,https://www.youtube.com/watch?v=yVVWvJEjUsg,100%
1844,【スカッとする話】娘の結婚式に愛人と共に現れた夫「彼女にも座らせてあげて」私は黙って愛人に席を譲った直後、グループ10社を束ねる新郎父「会長、お久しぶりです」【朗読】【スカッと】,https://www.youtube.com/watch?v=ZobJWKrmIzQ,7.7万回視聴 / 4 週間前,時を越える話,https://www.youtube.com/channel/UC_n9gc1na-2QpFv6TPInL3w,3 週間前,"3,159回視聴",【スカッとする話】娘の結婚式に愛人と共に現れた夫「彼女にも座らせてあげて」私は黙って愛人に席を譲った直後、グループ10社を束ねる新郎父「会長、お久しぶりです」【朗読】【スカッと】,https://www.youtube.com/watch?v=ISJkWfnE524,100%
1845,【スカッとする話】孫の七五三のお祝いに行くと私の食事がない...長男嫁「家族分しか用意してませんｗ」夫「じゃあ帰るか」私「うん」直後、長男嫁に大惨事がw,https://www.youtube.com/watch?v=U5xUCWiE2KA,54万回視聴 / 2 年前,時を越える話,https://www.youtube.com/channel/UC_n9gc1na-2QpFv6TPInL3w,2 週間前,908回視聴,【スカッとする話】孫の七五三のお祝いに行くと私の食事がない...長男嫁「家族分しか用意してませんｗ」夫「じゃあ帰るか」私「うん」直後、長男嫁に大惨事がw,https://www.youtube.com/watch?v=rU-MsxpLunI,100%
1846,【スカッとする話】旦那が出張中、手土産を持って夫を亡くした親友を訪ねた私。しかし玄関のドアを開け、目の前の光景を見た瞬間、私「今までありがとう」実は【朗読】【スカッと】,https://www.youtube.com/watch?v=2t3thqCEE5U,4.3万回視聴 / 1 か月前,時を越える話,https://www.youtube.com/channel/UC_n9gc1na-2QpFv6TPInL3w,3 週間前,489回視聴,【スカッとする話】旦那が出張中、手土産を持って夫を亡くした親友を訪ねた私。しかし玄関のドアを開け、目の前の光景を見た瞬間、私「今までありがとう」実は【朗読】【スカッと】,https://www.youtube.com/watch?v=ycSulISX7t8,100%
1847,【スカッとする話】父を理由に夫に捨てられ5年後、若い女と子供を連れた元夫と再会。元夫「嫁はお前と違って完璧w」直後、私の新しい夫を見て、元夫がガクガク震え出しw【朗読】【スカッと】,https://www.youtube.com/watch?v=W-rW5yUgXLY,7.9万回視聴 / 1 か月前,時を越える話,https://www.youtube.com/channel/UC_n9gc1na-2QpFv6TPInL3w,1 か月前,"21,788回視聴",【スカッとする話】父を理由に夫に捨てられ5年後、若い女と子供を連れた元夫と再会。元夫「嫁はお前と違って完璧w」直後、私の新しい夫を見て、元夫がガクガク震え出しw【朗読】【スカッと】,https://www.youtube.com/watch?v=0HW82wdXXnk,100%
1848,【スカッとする話】私1人で育てた息子の顔合わせで、なぜか私たちだけお茶漬け…義家族「貧乏人は好きだろ？w」直後、私の存在に気づいた義兄「俺たちの人生終了だ…」【朗読】【スカッと】,https://www.youtube.com/watch?v=qNSSnNaMxrs,8万回視聴 / 2 か月前,時を越える話,https://www.youtube.com/channel/UC_n9gc1na-2QpFv6TPInL3w,10 日前,722回視聴,【スカッとする話】私1人で育てた息子の顔合わせで、なぜか私たちだけお茶漬け…義家族「貧乏人は好きだろ？w」直後、私の存在に気づいた義兄「俺たちの人生終了だ…」【朗読】【スカッと】,https://www.youtube.com/watch?v=g_gk0BdnOQs,100%
1849,【スカッと総集編】孫の七五三のお祝いに行くと私の食事がない   長男嫁「家族分しか用意してませんｗ」夫「じゃあ帰るか」私「うん」直後、長男嫁に大惨事がv【朗読】【シニア】【スカッと】,https://www.youtube.com/watch?v=BGGFZHCKH2A,2.3万回視聴 / 1 年前,時を越える話,https://www.youtube.com/channel/UC_n9gc1na-2QpFv6TPInL3w,2 週間前,908回視聴,【スカッとする話】孫の七五三のお祝いに行くと私の食事がない...長男嫁「家族分しか用意してませんｗ」夫「じゃあ帰るか」私「うん」直後、長男嫁に大惨事がw,https://www.youtube.com/watch?v=rU-MsxpLunI,99%
1850,【スカッと総集編】私の総資産が11億と知らず妊娠9ヶ月の私を捨て社長令嬢と再婚した夫「腹がデカくて女として見れんｗガキはお前が育てろｗ」私「いいよ！はい、離婚届け！」3ヶ月後、半狂乱の夫から鬼電がw,https://www.youtube.com/watch?v=gp0iCrgbXh8,38万回視聴 / 3 年前,時を越える話,https://www.youtube.com/channel/UC_n9gc1na-2QpFv6TPInL3w,2 週間前,"6,280回視聴",【スカッと総集編】私の総資産が11億と知らず妊娠9ヶ月の私を捨て社長令嬢と再婚した夫「腹がデカくて女として見れんｗガキはお前が育てろｗ」私「いいよ！はい、離婚届け！」3ヶ月後、半狂乱の夫から鬼電がw,https://www.youtube.com/watch?v=KXdOju9SQ0M,100%
1851,【スカッと総集編】私の総資産が9億と知らず入院中の私を捨て20歳の愛人と再婚した夫「家事も出来ない役立たずは離婚ｗ慰謝料も払ってくれよなｗ」私「いいよ！はい離婚届け」→3日後、半狂乱の夫から鬼電がw,https://www.youtube.com/watch?v=VRN73vXHN9Y,46万回視聴 / 3 年前,時を越える話,https://www.youtube.com/channel/UC_n9gc1na-2QpFv6TPInL3w,3 週間前,"1,472回視聴",【スカッと総集編】私の総資産が7億と知らず入院中の私を捨て20歳の愛人と再婚した夫「家事も出来ない役立たずは離婚ｗ慰謝料も払ってくれよなｗ」私「いいよ！はい離婚届け」→3日後、半狂乱の夫から鬼電がw,https://www.youtube.com/watch?v=yiHE6LI4_P8,99%
1852,【スカッとする話】夫から突然電話でブチ切れられた私。夫「今日は母さんの誕生祝いだろ！何で来ないんだ！」隣で義母と目を合わせ私「え？来てないのはお前だよ？w」夫「は？」【朗読】【スカッと】,https://www.youtube.com/watch?v=GOMCsavsWrM,5.7万回視聴 / 9 か月前,時を越える話、Love in later life,,1 か月前,"1,178回視聴",【スカッとする話】夫から突然電話でブチ切れられた私。夫「今日は母さんの誕生祝いだろ！何で来ないんだ！」隣で義母と目を合わせ私「え？来てないのはお前だよ？w」夫「は？」【朗読】【スカッと】,https://www.youtube.com/watch?v=E59o5mi5AKY,100%
1853,【スカッとする話】私がビル100棟のオーナーと知らず、私を捨て社長令嬢と再婚した夫「俺だけ金持ちなってごめんw」私「本当にそう思ってるの？」夫「嫉妬すんなってw」→翌日w【朗読】【スカッと】,https://www.youtube.com/watch?v=IOzGqAeYdYQ,4.8万回視聴 / 1 か月前,時を越える話、Love in later life,,3 週間前,"31,697回視聴",【スカッとする話】私がビル100棟のオーナーと知らず、私を捨て社長令嬢と再婚した夫「俺だけ金持ちなってごめんw」私「本当にそう思ってるの？」夫「嫉妬すんなってw」→翌日w【朗読】【スカッと】,https://www.youtube.com/watch?v=dpc_-mW4B4w,100%
1854,【スカッとする話】大学生の娘の卒業式に行くと、娘「他人の分際で参加すんなw」夫「家政婦は駐車場で待機ｗ」キレた私は生活費と学費の支払いを停止→離婚届を置いて姿を消すと…w,https://www.youtube.com/watch?v=b9OhKapbbYI,3.5万回視聴 / 1 年前,暮らしの物語4580,https://www.youtube.com/channel/UCwoqERQWtYAZ1vhvwi1A1fQ,2 週間前,1 回視聴,【スカッとする話】大学生の娘の卒業式に行くと、娘「他人の分際で参加すんなw」夫「家政婦は駐車場で待機ｗ」キレた私は生活費と学費の支払いを停止→離婚届を置いて姿を消すと…w,https://www.youtube.com/watch?v=29j1JpvGJso,100%
1855,【スカッとする話】息子「関係者だけで祝うからw」初孫の誕生会に義両親を参加させ、私だけ門前払いする息子夫婦。関係者ではないので家を即売却し、全連絡先を削除すると…w【朗読】【スカッと】,https://www.youtube.com/watch?v=Pok0f93sICw,2.5万回視聴 / 5 か月前,暮らしの物語4580,https://www.youtube.com/channel/UCwoqERQWtYAZ1vhvwi1A1fQ,3 週間前,2回視聴,【スカッとする話】息子「関係者だけで祝うからw」初孫の誕生会に義両親を参加させ、私だけ門前払いする息子夫婦。関係者ではないので家を即売却し、全連絡先を削除すると…w【朗読】【スカッと】,https://www.youtube.com/watch?v=vjJ02ei4Fdw,89%
1856,【スカッとする話】正月、母が危篤で実家に帰ると義母「ここが嫌なら実家で暮らせ」私の荷物を外に投げ捨てた。私「後で撤回なしですよ？」義母「するかw」→1週間後w【朗読】【スカッと】,https://www.youtube.com/watch?v=RWaATWML5EY,2.4万回視聴 / 3 か月前,暮らしの物語4580,https://www.youtube.com/channel/UCwoqERQWtYAZ1vhvwi1A1fQ,1 か月前,44回視聴,正月、母が危篤で実家に帰ると義母「ここが嫌なら実家で暮らせ」私の荷物を外に投げ捨てた。私「後で撤回なしですよ？」義母「するかw」→1週間後w,https://www.youtube.com/watch?v=OiPf-7Y0UWw,83%
1857,【スカッとする話】母と姉に嫌われ続けた父が他界。母「ついに遺産5億よw」姉「楽しみねw」弁護士「相続は不可です。実は…」母&姉「は？」【朗読】【スカッと】,https://www.youtube.com/watch?v=kJ0VknIXk-I,8.6万回視聴 / 7 か月前,暮らしの物語4580,https://www.youtube.com/channel/UCwoqERQWtYAZ1vhvwi1A1fQ,2 週間前,0 回視聴,【スカッとする話】母と姉に嫌われ続けた父が他界。母「ついに遺産5億よw」姉「楽しみねw」弁護士「相続は不可です。実は…」母&姉「は？」【朗読】【スカッと】,https://www.youtube.com/watch?v=XhMfi7nX3sk,100%
1858,【スカッとする話】私が総資産30億の社長と知らず夫「女部長と再婚するから離婚でｗ子供はお前に譲ってやるよw」私「はーい」即離婚して引越すと→1週間後に半狂乱にw,https://www.youtube.com/watch?v=qXmpDKTFsJg,4.8万回視聴 / 1 年前,暮らしの物語4580,https://www.youtube.com/channel/UCwoqERQWtYAZ1vhvwi1A1fQ,2 週間前,1 回視聴,【スカッとする話】私が総資産30億の社長と知らず夫「女部長と再婚するから離婚でｗ子供はお前に譲ってやるよw」私「はーい」即離婚して引越すと→1週間後に半狂乱にw,https://www.youtube.com/watch?v=StiSu07rbdI,93%
1859,【スカッと】親族の集まりに夫と行くと7歳の姪「お絵描きしたから見て！」姪が描いた不思議な絵を見ると、夫「 あれ？まさか…」私「うん」姪のSOSに気づいた夫と私は…,https://www.youtube.com/watch?v=dzwFny9DVj0,6.2万回視聴 / 2 年前,暮らしの話 5688,https://www.youtube.com/channel/UCWk4WbfyjB8F0DF4kgNBEqw,2 週間前,168回視聴,【スカッと】親族の集まりに夫と行くと7歳の姪「お絵描きしたから見て！」姪が描いた不思議な絵を見ると、夫「 あれ？まさか…」私「うん」姪のSOSに気づいた夫と私は…,https://www.youtube.com/watch?v=MghDHNIk9As,100%
1860,【スカッとする話】55年間独身で生きてきた私が夢の庭付き一軒家のため戸籍を取ると20年前に結婚し娘の存在が発覚..。直後、職員の一言で戦慄し私は全てを諦めその場を逃げ出すと…,https://www.youtube.com/watch?v=VQu62UhB0uI,2.9万回視聴 / 1 年前,暮らしの話 5688,https://www.youtube.com/channel/UCWk4WbfyjB8F0DF4kgNBEqw,2 週間前,107回視聴,【スカッとする話】55年間独身で生きてきた私が夢の庭付き一軒家のため戸籍を取ると20年前に結婚し娘の存在が発覚..。直後、職員の一言で戦慄し私は全てを諦めその場を逃げ出すと…,https://www.youtube.com/watch?v=QL2k_CRsDNQ,100%
1861,【スカッとする話】キャンプ中に夫と5歳の娘が崖から落ちて亡くなった…4年後、家事代行で豪邸に行くと、娘「マ、ママ！」,https://www.youtube.com/watch?v=OkzDBHyHdWU,3.1万回視聴 / 1 年前,暮らしの話 5688,https://www.youtube.com/channel/UCWk4WbfyjB8F0DF4kgNBEqw,3 週間前,241回視聴,【スカッとする話】キャンプ中に夫と5歳の娘が崖から落ちて亡くなった…4年後、家事代行で豪邸に行くと、娘「マ、ママ！」,https://www.youtube.com/watch?v=8kkn1k7Beos,100%
1862,【スカッとする話】夫が亡くなり8年経ったある日、納骨堂に写真を供えていると少年「隣に住んでるおじさんだ」詳しく話を聞くと背筋が凍り…【朗読】【スカッと】,https://www.youtube.com/watch?v=u1Ga8VNwPE4,7.8万回視聴 / 3 か月前,暮らしの話 5688,https://www.youtube.com/channel/UCWk4WbfyjB8F0DF4kgNBEqw,4 週間前,103回視聴,【スカッとする話】夫が亡くなり8年経ったある日、納骨堂に写真を供えていると少年「隣に住んでるおじさんだ」詳しく話を聞くと背筋が凍り…【朗読】【スカッと】,https://www.youtube.com/watch?v=CECCXa2Pl2E,100%
1863,【スカッとする話】夫の浮気相手が私の実家を放火。夫「お前の実家が放火された！今すぐ逃げてくれ！」私「うちは燃えてないけど？」3秒後、現場の全員が顔面蒼白に…,https://www.youtube.com/watch?v=LtKhM-D5jyI,3万回視聴 / 1 年前,暮らしの話 5688,https://www.youtube.com/channel/UCWk4WbfyjB8F0DF4kgNBEqw,2 週間前,175回視聴,【スカッとする話】夫の浮気相手が私の実家を放火。夫「お前の実家が放火された！今すぐ逃げてくれ！」私「うちは燃えてないけど？」3秒後、現場の全員が顔面蒼白に…,https://www.youtube.com/watch?v=7tHaIWWkmKU,100%
1864,【スカッとする話】日曜の昼間に警察から突然の連絡。警察「息子さんを万引きで逮捕しました。署までお越しください」私「私の子供は娘ですが？」娘の部屋へ向かうと…,https://www.youtube.com/watch?v=ujLRk5msBsw,1.8万回視聴 / 1 年前,暮らしの話 5688,https://www.youtube.com/channel/UCWk4WbfyjB8F0DF4kgNBEqw,3 週間前,123回視聴,【スカッとする話】日曜の昼間に警察から突然の連絡。警察「息子さんを万引きで逮捕しました。署までお越しください」私「私の子供は娘ですが？」娘の部屋へ向かうと…,https://www.youtube.com/watch?v=-6RF3HsoYlA,100%
1865,【スカッとする話】自ら命を絶った夫が亡くなり1週間後、私宛に夫から手紙が届いた...手紙「両親に見つからず読んでくれ」そこに記された場所に行き同封の鍵でコインロッカーを開けると...,https://www.youtube.com/watch?v=9kcEIi88egw,23万回視聴 / 2 年前,暮らしの話 5688,https://www.youtube.com/channel/UCWk4WbfyjB8F0DF4kgNBEqw,3 週間前,"1,503回視聴",【スカッとする話】自ら命を絶った夫が亡くなり1週間後、私宛に夫から手紙が届いた...手紙「両親に見つからず読んでくれ」そこに記された場所に行き同封の鍵でコインロッカーを開けると...,https://www.youtube.com/watch?v=85BjcIrLaXE,100%
1866,【スカッとする話】電気が停止した隣家を訪ねると、ボロボロの少女が妹を庇い震えていた。実家の旅館へ連れて帰るとまさかの展開に…【朗読】【スカッと】,https://www.youtube.com/watch?v=_XYrDmk-GHI,3.8万回視聴 / 6 か月前,暮らしの話 5688,https://www.youtube.com/channel/UCWk4WbfyjB8F0DF4kgNBEqw,3 週間前,69回視聴,【スカッとする話】電気が停止した隣家を訪ねると、ボロボロの少女が妹を庇い震えていた。実家の旅館へ連れて帰るとまさかの展開に…【朗読】【スカッと】,https://www.youtube.com/watch?v=2iUFk8HmuyA,100%
1867,【スカッと総集編】長男の結婚式前夜、ペットカメラを確認すると誰もいないはずの寝室で夫と長男嫁が真っ最中…音量を最大にして式場で実況中継してやった結果w【修羅場】,https://www.youtube.com/watch?v=ggQWFYLMQqE,43万回視聴 / 3 年前,暮らしの話 5688,https://www.youtube.com/channel/UCWk4WbfyjB8F0DF4kgNBEqw,3 週間前,"1,078回視聴",【スカッとする話】長男の結婚式前夜、ペットカメラを確認すると誰もいないはずの寝室で夫と長男嫁が真っ最中…音量を最大にして式場で実況中継してやった結果w【修羅場】,https://www.youtube.com/watch?v=JLnalQJjrYA,95%
1868,【スカッとする話】私名義の新築戸建と知らず里帰り出産で我が家に来た娘「母さんの部屋は私が使うw」夫「お前は車で寝てろw」私「わかりました...」→キレた私が家を売り払うと...w,https://www.youtube.com/watch?v=yefpSXnGZOg,15万回視聴 / 3 年前,暮らしの音色帳,https://www.youtube.com/channel/UCdlQacYRhi56_RZpOL4vQ8g,1 年前,0 回視聴,【スカッと】私名義の新築戸建と知らず里帰り出産で我が家に来た娘「母さんの部屋は私が使うw」夫「お前は車で寝てろw」私「わかりました   」→キレた私が家を売り払うとw,https://www.youtube.com/watch?v=nnAyvzt5s4s,100%
1869,【スカッとする話】夫と義両親から13年間も嫌われ続けた私。ある日、離婚届を置いて引っ越すと、ボロボロの夫と義両親から鬼電が→私（やっと気づいたかw）実は...,https://www.youtube.com/watch?v=Wk9S9SoTHxU,9.2万回視聴 / 3 年前,暴雪田园,https://www.youtube.com/channel/UCDAe6YuAiAwnIrccpWX6uMg,1 日前,0 回視聴,夫と義両親から13年間も嫌われ続けた私。ある日、私は離婚届をそっと置いて引っ越すと、ボロボロの夫と義両親から鬼電→私（やっと気づいたのねw）実は…,https://www.youtube.com/watch?v=xGwoZN_JvUw,93%
1870,【スカッとする話】妹の出産祝いに義両親と行くと、夫「俺も自分の子供欲しいな」私「え？何言ってるの？目の前にいるじゃない」義母と義父「は？」二人がブチギレ,https://www.youtube.com/watch?v=4cntzQ0KsAA,13万回視聴 / 2 年前,暴雪田园,https://www.youtube.com/channel/UCDAe6YuAiAwnIrccpWX6uMg,2 日前,1 回視聴,妹の出産祝いに義両親と行くと、夫「俺も自分の子供欲しいな～w」→私「え？あなた何言ってるの？目の前にいるじゃない」義母と義父「は？」二人は大激怒www,https://www.youtube.com/watch?v=d-ljXFVj9ew,89%
1871,【スカッとする話】夫「里帰り出産で娘が帰ってくるから出て行け！」私「じゃあ出ていきます（ローン月18万払ってるの私なのに…）」家の名義を夫に変更し引越した結果w【スカッと】,https://www.youtube.com/watch?v=5a4gV_aBnT4,4.8万回視聴 / 3 年前,最高の料理,https://www.youtube.com/channel/UC2M4rDbbfQAC2NSPqAivU3A,2 年前,189回視聴,【スカッとする話】夫「里帰り出産で娘が帰ってくるから出て行け！」私「じゃあ出ていきます（ローン月18万払ってるの私なのに…）」家の名義を夫に,https://www.youtube.com/watch?v=iqitCs1ZvZY,87%
1872,【スカッと】長男夫婦がお盆に帰省し私が店を予約すると長男嫁「何この汚い店w年金生活の貧乏ババァじゃ仕方ないかw」直後、普段温厚な夫→夫「調子乗るなよガキが」長男嫁「え？」,https://www.youtube.com/watch?v=LXxfsTZeuZU,11万回視聴 / 2 年前,月夜のすれ違いチャット,https://www.youtube.com/channel/UC5OVJSlTbqjkb2747z9ZGNg,2 週間前,15回視聴,【LINE】 長男夫婦がお盆に帰省し私が店を予約すると長男嫁「何この汚い店w年金生活の貧乏ババアじゃ仕方ないかw」→直後、普段温厚な夫「調子乗るなよガキが」長男嫁「え？」,https://www.youtube.com/watch?v=FkqJgcpz4hU,98%
1873,【スカッとする話】30年連れ添った夫と離婚すると、義母「引っ越しはまだ？」夫「早く出てけ」私「30分後に消えます」荷物が運ばれ私が車に乗ると→義母「え？何なのこの高級車は？」,https://www.youtube.com/watch?v=Tlkag3rVT5s,18万回視聴 / 2 年前,月夜のすれ違いチャット,https://www.youtube.com/channel/UC5OVJSlTbqjkb2747z9ZGNg,1 か月前,21回視聴,【LINE】 30年連れ添った夫と離婚すると、義母「引っ越しはまだ？早く出てけ」私「30分後に消えます」→30分後、荷物が運ばれ私が車に乗ると…,https://www.youtube.com/watch?v=6RWz9TyIM10,86%
1874,【スカッとする話】不倫した夫と離婚して4日後、ホテルで豪遊する義母から電話。義母「カード使えなくなった！宿泊代30万振り込んでw」もう他人なので無視した結果w【朗読】【スカッと】,https://www.youtube.com/watch?v=T3DS3QFl4gM,5.9万回視聴 / 2 か月前,月明かりの感動物語,https://www.youtube.com/channel/UClTtIVFIWgNbDCNxppDon4A,1 か月前,"28,047回視聴",不倫した夫と離婚して4日後、ホテルで豪遊する義母から電話。義母「カード使えなくなった！宿泊代30万振り込んでw」もう他人なので無視した結果w,https://www.youtube.com/watch?v=mdZQHIhTb60,100%
1875,【スカッとする話】私の両親が亡くなった途端、実家を勝手に解体した夫「今日から俺の家で両親と同居だ！」それを聞いた私は大爆笑→私「あんた達、知らないの？」実は...,https://www.youtube.com/watch?v=3WlCnGLe67U,55万回視聴 / 2 年前,月灯りの読書室,https://www.youtube.com/channel/UCQzDi4rYTAUtLQaL3zm66Sw,9 日前,2回視聴,【スカッとする話】私の両親が亡くなった途端、実家を勝手に解体した夫「今日から俺の家で両親と同居だ！」それを聞いた私は大爆笑→私「あんた達、知らないの？」実は,https://www.youtube.com/watch?v=IABqPXDDY5Y,100%
1876,【スカッとする話】夫の連れ子の娘と暮らし始めて1年。しかし、全くなつく気配がない…夫が海外出張に行った日に娘が初めて話しかけてきた。娘「お母さん、実は...」そう言って差し出された手には...,https://www.youtube.com/watch?v=BKC9CbFIESk,5.2万回視聴 / 3 年前,朗読ちゃんねる【スカッとワンダーランド】,https://www.youtube.com/channel/UC7eMDBLI50IfRdyruHsGhoA,2 年前,773回視聴,【スカッとする話】夫の連れ子の娘と暮らし始めて1年。しかし、全くなつく気配がない…夫が海外出張に行った日に娘が初めて話しかけてきた。娘「お母さん、実は   」そう言って差し出された手には,https://www.youtube.com/watch?v=lmDUJVeJQII,100%
1877,【スカッとする話】海外出張から戻ると家が勝手に3世帯住宅に増築されていた。長男嫁「900万支払っておいてw」私「来月からアメリカに住みます」長男嫁「え？」結果w,https://www.youtube.com/watch?v=itElIhRkyM0,7.4万回視聴 / 3 年前,朗読物語【スカッと話】,https://www.youtube.com/channel/UCqZNQ0_Z28wiBIlvX3B-Q2A,3 年前,"42,168回視聴",【スカッとする話】海外出張から戻ると家が勝手に二世帯住宅に増築されていた。義母「900万支払っておいてw」私「来月からアメリカに住みます」義母「え？」結果w【修羅場】【総集編】,https://www.youtube.com/watch?v=NraYOpc5LbY,90%
1878,【スカッとする話】海外出張から戻ると家が勝手に3世帯住宅に増築されていた。長男嫁「900万支払っておいてw」私「来月からアメリカに住みます」長男嫁「え？」結果w,https://www.youtube.com/watch?v=itElIhRkyM0,7.4万回視聴 / 3 年前,朗読物語【スカッと話】,https://www.youtube.com/channel/UCqZNQ0_Z28wiBIlvX3B-Q2A,3 年前,"122,900回視聴",【スカッとする話】海外出張から戻ると家が勝手に二世帯住宅に増築されていた。義母「900万支払っておいてw」私「来月からアメリカに住みます」義母「え？」結果w【修羅場】,https://www.youtube.com/watch?v=eFFVsa_wRGI,90%
1879,【スカッとする話】年末に義実家へ帰省するといつものように奴隷扱いの私に、久しぶりに帰省した義父「なんでご飯食べないんだ？」私「いつもの事なので」義父「は？」激怒した義父が義実家を売却し更地に【修羅場】,https://www.youtube.com/watch?v=a14Uvt5re2g,32万回視聴 / 3 年前,本当にあったスカッとする話,https://www.youtube.com/channel/UCDBhTu29LAMZ9Hn0WVwuA6g,3 年前,"118,095回視聴",【スカッとする話】年末に義実家へ帰省するといつものように奴隷扱い→久しぶりに帰省した義姉「なんでご飯食べないの？」私「嫁なので」義姉「は？」激怒の義姉、義実家を更地に【修羅場】,https://www.youtube.com/watch?v=HBSLrl65nzI,82%
1880,【スカッとする話】父の遺産を全て奪った長男夫婦「金無しババアは邪魔」母すらも家から追い出し怒り心頭の私に母が一言「あの子達、人生終わったわね」私「え？」実は…【修羅場】,https://www.youtube.com/watch?v=MTySh2E0WIk,2.8万回視聴 / 3 年前,本当にあったスカッとする話,https://www.youtube.com/channel/UCDBhTu29LAMZ9Hn0WVwuA6g,3 年前,"145,817回視聴",【スカッとする話】父の遺産を全て奪った兄夫婦「金無しババアは邪魔」母すらも家から追い出し怒り心頭の私に母が一言「あの子、終わったわね」私「え？」実は…【修羅場】,https://www.youtube.com/watch?v=-02aW5RnPLw,95%
1881,【スカッとする話】夫の出張中に息子に誘われ高級ホテルへディナーに行くと女性にプロポーズする夫「亡き妻と息子の分まで幸せにする！」直後、静かに席を立ち上がり求婚に乱入→私と息子「死んだ全家族です」,https://www.youtube.com/watch?v=-fE68tebmjk,7.2万回視聴 / 2 年前,杀手,https://www.youtube.com/channel/UCMfHGFRts2NhQg91zKOaaLg,2 年前,99回視聴,【スカッとする話】夫の出張中に息子に誘われ高級ホテルへディナーに行くと女性にプロポーズする夫「亡き妻と息子の分まで幸せにする！」→直後、静かに席を立ち求婚に乱入「どうも、亡き妻と息子です」【修羅場】,https://www.youtube.com/watch?v=5mQYdtIKWjc,90%
1882,【スカッとする話】30年連れ添った夫と離婚すると、義母「引っ越しはまだ？」夫「早く出てけ」私「30分後に消えます」荷物が運ばれ私が車に乗ると→義母「え？何なのこの高級車は？」,https://www.youtube.com/watch?v=Tlkag3rVT5s,18万回視聴 / 2 年前,東京シークレット話,https://www.youtube.com/channel/UC5WFSQe8b0Nu_r8r9xdnTYQ,2 か月前,15回視聴,30年連れ添った夫と離婚すると、義母「引っ越しはまだ？早く出てけ」私「30分後に消えます」→30分後、荷物が運ばれ私が車に乗ると…,https://www.youtube.com/watch?v=Guu_Ggho_Lo,86%
1883,【スカッとする話】医者の夫を奪ったママ友「年収3千万の医者の旦那くんの子供出来たw3ヶ月後の結婚式来てねw」私「わかった」（年収3千万の医者は私なんだけど黙っとこw）3ヶ月後w【スカッと】【朗読】,https://www.youtube.com/watch?v=B-nqblWpeIE,5.4万回視聴 / 2 年前,東京シークレット話,https://www.youtube.com/channel/UC5WFSQe8b0Nu_r8r9xdnTYQ,2 か月前,18回視聴,私の夫を奪ったママ友「年収3000万の医者の旦那くんの子供できたw3ヶ月後の結婚式来てねw」→私「分かった（年収3000万の医者は私だけど黙っとこ）」3ヶ月後w,https://www.youtube.com/watch?v=7mbPRV5dIaY,86%
1884,【スカッとする話】体調を崩し病院に行くと、夫と看護師を外に出しドアに鍵をかけた医者「すぐ家を出てください」理由を聞いた私は戦慄し…【朗読】【スカッと】,https://www.youtube.com/watch?v=WnUYp2hdwrs,1.4万回視聴 / 5 か月前,東京ストーリー 5628,https://www.youtube.com/channel/UCyzVbhYryrro4wmmNIAj8rw,3 週間前,"14,989回視聴",【スカッとする話】体調を崩し病院に行くと、夫と看護師を外に出しドアに鍵をかけた医者「すぐ家を出てください」理由を聞いた私は戦慄し…【朗読】【スカッと】,https://www.youtube.com/watch?v=6ifYajTDuKQ,100%
1885,【スカッとする話】私の実家へ連れていくたび、いつも体調不良になる夫。私「両親に何かされた？」夫「…」怪しく思い、親にバレないよう夫を病院へ連れていくと…【朗読】【スカッと】,https://www.youtube.com/watch?v=-OBtTS0tdec,3.7万回視聴 / 4 か月前,東京ストーリー 5628,https://www.youtube.com/channel/UCyzVbhYryrro4wmmNIAj8rw,4 週間前,"15,309回視聴",【スカッとする話】私の実家へ連れていくたび、いつも体調不良になる夫。私「両親に何かされた？」夫「…」怪しく思い、親にバレないよう夫を病院へ連れていくと…【朗読】【スカッと】,https://www.youtube.com/watch?v=G4pYNVe_pnY,100%
1886,【スカッとする話】夫が出張に出かけた瞬間、車椅子の息子が突然立ち上がり、息子「母さん、今すぐ逃げよう」理由を知った私は顔面蒼白に…【朗読】【スカッと】,https://www.youtube.com/watch?v=I334MxuvSr0,10万回視聴 / 6 か月前,東京ストーリー 5628、悪者成敗劇場 5944,,3 週間前,"91,658回視聴",【スカッとする話】夫が出張に出かけた瞬間、車椅子の息子が突然立ち上がり、息子「母さん、今すぐ逃げよう」理由を知った私は顔面蒼白に…【朗読】【スカッと】,https://www.youtube.com/watch?v=_xTmPpX5PcA,100%
1887,【スカッとする話】年末に息子夫婦が泊まりにくると、深夜に夫が突然私を裏口に…夫「今のうちに家から出よう」私「え？年越しそば食べないの？」夫「お前気づいてないのか？」【朗読】【スカッと】,https://www.youtube.com/watch?v=AdhCK-BGvg4,13万回視聴 / 11 か月前,柚子茶と回想,https://www.youtube.com/channel/UCsSsbPhLxU5hpXwmCpIG6og,6 か月前,"3,512回視聴",年末に息子夫婦が泊まりに来ると、深夜に夫が突然私を裏口に呼んだ夫「今のうちに家から出よう」私「え？年越しそば食べないの？」夫「お前気づいてないのか？」【シニアライフ】【60代以上の方へ】,https://www.youtube.com/watch?v=WRO_9UFlEqg,96%
1888,【スカッとする話】義母を10年介護している私に夫「離婚してくれ…老後もお前と一緒は無理…」私「じゃあ介護と嫁辞めるね」即離婚して沖縄に引越すと夫から鬼電→携帯解約し永久に無視した結果w【朗読】,https://www.youtube.com/watch?v=tfbycPtFjbg,17万回視聴 / 11 か月前,柚子茶と回想,https://www.youtube.com/channel/UCsSsbPhLxU5hpXwmCpIG6og,5 か月前,541回視聴,義母を10年介護している私に夫「離婚してくれ老後もお前と一緒は無理だ」私「じゃあ介護と嫁を辞めるね」即離婚して引越すと夫から鬼電→携帯解約し永久に無視した結果【シニアライフ】【60代以上の方へ】,https://www.youtube.com/watch?v=74VND3JY1KM,97%
1889,【スカッとする話】夫が突然大量の荷物を持ってきて、夫「今日から俺の両親と姉を養う！嫌なら離婚だ！」私「え？もう離婚済みだけど？」夫「え？」結果w,https://www.youtube.com/watch?v=G4O12jIGPfg,8.7万回視聴 / 3 年前,桜子朗読ちゃんねる !,https://www.youtube.com/channel/UC6XjxUYedBDstc8nsK34abg,11 か月前,27回視聴,【スカッと感動】夫が突然大量の荷物を持ってきて、夫「今日から俺の両親と姉を養う！嫌なら離婚だ！」私「え？もう離婚済みだけど？」夫「え？」結果,https://www.youtube.com/watch?v=veW-oPyYYqs,88%
1890,【スカッとする話】私名義の新築戸建と知らず里帰り出産で我が家に来た娘「母さんの部屋は私が使うw」夫「お前は車で寝てろw」私「わかりました...」→キレた私が家を売り払うと...w,https://www.youtube.com/watch?v=yefpSXnGZOg,15万回視聴 / 3 年前,桜子朗読ちゃんねる !,https://www.youtube.com/channel/UC6XjxUYedBDstc8nsK34abg,11 か月前,40回視聴,【スカッと感動】私名義の新築戸建と知らず里帰り出産で我が家に来た娘「母さんの部屋は私が使うw」夫「お前は車で寝てろw」私「わかりました   」→キレた私が家を売り払うと,https://www.youtube.com/watch?v=_BE_zUZVhAs,100%
1891,【スカッとする話】親族の集まりでエリート夫「嫁の飯はまずいんだよなw」私「え？私の料理食べた事ある？食事はいつも愛人宅じゃないの」義父「は？」義両親がブチギレ...,https://www.youtube.com/watch?v=GZtalGoS6qE,11万回視聴 / 3 年前,桜子朗読ちゃんねる !,https://www.youtube.com/channel/UC6XjxUYedBDstc8nsK34abg,11 か月前,41回視聴,【スカッと】親族の集まりでエリート夫「嫁の飯はまずいんだよなw」私「え？私の料理食べた事ある？食事はいつも愛人宅じゃないの」義父「は？」義両親がブチギレ,https://www.youtube.com/watch?v=M0VDWpOZqZY,100%
1892,【スカッと総集編】家のローン月18万を払ってると知らず同居の長男嫁に1年間無視された...ある日、私「あれ？なんで私の荷物が...」長男嫁「キレイにしておいてあげたw」私の荷物を勝手に捨てられた,https://www.youtube.com/watch?v=bPcGySAd3gA,20万回視聴 / 2 年前,桜子朗読ちゃんねる !,https://www.youtube.com/channel/UC6XjxUYedBDstc8nsK34abg,11 か月前,48回視聴,【スカッと感動】家のローン月18万を払ってると知らず同居の長男嫁に1年間無視された   ある日、私「あれ？なんで私の荷物が   」長男嫁「キレイにしておいてあげたw」私の荷物を勝手に捨てられ,https://www.youtube.com/watch?v=zSbHbci-VXk,99%
1893,【スカッとする話】年末年始の親族の集まりで20人分のおせちをゴミ箱にぶちまけたエリート夫「親戚にマズイ飯を作るな！」私「私は何も作ってないよ？」夫「え？」実は...,https://www.youtube.com/watch?v=iT0GjRHrB6w,26万回視聴 / 2 年前,機密,https://www.youtube.com/channel/UCb4TzZHu07_Dud8Us4c6fhw,5 日前,0 回視聴,【LINE】 年末年始の親族の集まりで20人分のおせちをゴミ箱にぶちまけたエリート夫「親戚にマズイ飯を作るな！」私「私は何も作ってないよ？」夫「え？」実は..,https://www.youtube.com/watch?v=e5IXjzntMU4,100%
1894,【スカッとする話】夫「引越しは済んだか？」私「今日中に出ていくわ」ATM扱いされ家を追い出された私。1ヶ月後、夫が血相を変えて鬼電してきて...【修羅場】,https://www.youtube.com/watch?v=mRlS0rHQ-lY,12万回視聴 / 3 年前,正经的强哥,https://www.youtube.com/channel/UCusI1yoNsJmLFy05c7emANQ,2 週間前,44回視聴,夫「引越しは済んだか？」私「今日中には出ていくわ」夫にATM扱いされ家を追い出された私→1ヶ月後、夫が血相を変えて鬼電してきて…,https://www.youtube.com/watch?v=ydm7YQuvdwg,97%
1895,【スカッとする話】孫の七五三のお祝いに親戚一同と行くと私だけ席がない...長男嫁「他人の席は無いから立ってればw」私「じゃ帰るか」親戚一同「うん」全員で帰宅した結果w,https://www.youtube.com/watch?v=bI91wh-7IMg,19万回視聴 / 2 年前,正经的强哥,https://www.youtube.com/channel/UCusI1yoNsJmLFy05c7emANQ,4 週間前,16回視聴,孫の七五三のお祝いに親戚一同と行くと私だけ席がない…長男嫁「他人の席は無いから立ってればw」私「じゃ帰るか」親戚一同「うん」全員で帰宅した結果w,https://www.youtube.com/watch?v=xQXVUEu2dLE,100%
1896,【スカッとする話】親友の出産祝いで産婦人科へ行くと新生児の父親がまさかの夫だった...。私「おめでと！赤ちゃん可愛いね！」速攻で帰宅し夫の荷物を全て捨て、家を売り払い引越した結果w,https://www.youtube.com/watch?v=7Pz5jiUvSnQ,5万回視聴 / 2 年前,正经的强哥,https://www.youtube.com/channel/UCusI1yoNsJmLFy05c7emANQ,4 週間前,56回視聴,親友の出産祝いで産婦人科へ行くと新生児の父親がまさかの夫だった…私「おめでと!!赤ちゃん可愛いね!!」速攻で帰宅し夫の荷物を全て捨て、家を売り払い引越した結果w,https://www.youtube.com/watch?v=29v22doeycI,100%
1897,【スカッとする話】私が役員報酬で家計を支えていると知らず夫を略奪し引越した愛人。愛人「家政婦で良いなら住所教えるよw」私「じゃ時給780円の夫とは離婚で」愛人「寝言は寝て言えw」結果w,https://www.youtube.com/watch?v=7BkfeUd5plU,7.6万回視聴 / 2 年前,段小段,https://www.youtube.com/channel/UC73C1p_AtHaQAjc8wiv54mw,4 日前,0 回視聴,私が役員報酬で家計を支えていると知らず夫を略奪し引越した愛人。愛人「家政婦で良いなら住所教えるよw」私「じゃ時給800円の夫とは離婚で」結果w,https://www.youtube.com/watch?v=hl0tnMTRcoE,92%
1898,【スカッとする話】号泣する娘を引きずってきた婿両親。義母「貧乏な子は合わなかったw」義父「高収入の息子とは格が違うw」私「後悔しないでくださいね？」婿両親「しないしないw」3日後w【朗読】【スカッと】,https://www.youtube.com/watch?v=j2eZcUFfC0Y,3.5万回視聴 / 1 か月前,母と娘と嫁5049,https://www.youtube.com/channel/UCXgqiZuZK8nb9xaVgEX79UA,4 週間前,45回視聴,【スカッとする話】号泣する娘を引きずってきた婿両親。義母「貧乏な子は合わなかったw」義父「高収入の息子とは格が違うw」私「後悔しないでくださいね？」婿両親「しないしないw」3日後w【朗読】【スカッと】,https://www.youtube.com/watch?v=6xRM9qLqX68,100%
1899,【スカッとする話】同窓会で結婚直前に私を捨てた夫と再会。夫「金持ちの社長令嬢と結婚したw俺だけ幸せでごめんなw」私「本当にそう思う？」真実を伝えると元夫が震え出し…【朗読】【スカッと】,https://www.youtube.com/watch?v=aCFKEISe330,36万回視聴 / 1 年前,母と娘と嫁5049,https://www.youtube.com/channel/UCXgqiZuZK8nb9xaVgEX79UA,1 か月前,2回視聴,【スカッとする話】同窓会で結婚直前に私を捨てた夫と再会。夫「金持ちの社長令嬢と結婚したw俺だけ幸せでごめんなw」私「本当にそう思う？」真実を伝えると元夫が震え出し…【朗読】【スカッと】,https://www.youtube.com/watch?v=Sn3t4kKgGZA,100%
1900,【スカッとする話】大学病院の最終面接で履歴書をビリビリに破られた私。面接官「片親のゴミは不採用でw親もゴミに違いないw」直後、隣にいた今にもブチギレそうな院長の母「どうも、ゴミです」【朗読】,https://www.youtube.com/watch?v=JZPwwqorLec,2.5万回視聴 / 7 か月前,母と娘と嫁5049,https://www.youtube.com/channel/UCXgqiZuZK8nb9xaVgEX79UA,4 週間前,5回視聴,【スカッとする話】大学病院の最終面接で履歴書をビリビリに破られた私。面接官「片親のゴミは不採用でw親もゴミに違いないw」直後、隣にいた今にもブチギレそうな院長の母「どうも、ゴミです」【朗読】,https://www.youtube.com/watch?v=ujBeQ3RbIks,100%
1901,【スカッとする話】私が離婚届に署名すると、満面の笑みで大喜びする義家族。新しい嫁を迎えた1週間後、電気・ガス・水道が止まると急に義家族が焦り出しw【朗読】【スカッと】,https://www.youtube.com/watch?v=cVe3XmXeRuE,14万回視聴 / 4 か月前,母と娘と嫁5049,https://www.youtube.com/channel/UCXgqiZuZK8nb9xaVgEX79UA,1 か月前,4回視聴,私が離婚届に署名すると、満面の笑みで大喜びする義家族。新しい嫁を迎えた1週間後、電気・ガス・水道が止まると急に義家族が焦り出しw,https://www.youtube.com/watch?v=ErVArQjNhOQ,100%
1902,【スカッとする話】親から継いだ高級旅館を同窓会の会場にすると頭取娘「100人分ドタキャンでw」私「まじで？ラッキーw」翌日、頭取娘が半泣きの展開にw【朗読】【スカッと】,https://www.youtube.com/watch?v=kvkSAA9nGms,2.2万回視聴 / 5 か月前,母と娘と嫁5049,https://www.youtube.com/channel/UCXgqiZuZK8nb9xaVgEX79UA,4 週間前,0 回視聴,【スカッとする話】親から継いだ高級旅館を同窓会の会場にすると頭取娘「100人分ドタキャンでw」私「まじで？ラッキーw」翌日、頭取娘が半泣きの展開にw【朗読】【スカッと】,https://www.youtube.com/watch?v=OvBUOKG0I60,100%
1903,【スカッと総集編】夫が亡くなった途端、我が家を勝手に解体した義両親「今日からうちで同居しろ！嫁は家政婦にしてやるw」それを聞いた私は大爆笑→私「アンタら知らないの？」実は...,https://www.youtube.com/watch?v=yUWQozZU0zY,18万回視聴 / 2 年前,母と娘と嫁5049,https://www.youtube.com/channel/UCXgqiZuZK8nb9xaVgEX79UA,1 か月前,3回視聴,夫が亡くなった途端、我が家を勝手に解体した義両親「今日からうちで同居しろ！嫁は家政婦にしてやるw」それを聞いた私は大爆笑→私「アンタら知らないの？」実は...,https://www.youtube.com/watch?v=PNWOLIn79TE,100%
1904,【スカッと総集編】私の年収が2000万と知らず入院中の私を捨て愛人と再婚した夫「離婚届け出しといたｗ慰謝料として家と車は貰うｗ」私「承知しました」→3日後、半狂乱の夫から200件の鬼電がw【修羅場】,https://www.youtube.com/watch?v=sd-a4XIE7jQ,36万回視聴 / 3 年前,母と娘と嫁5049,https://www.youtube.com/channel/UCXgqiZuZK8nb9xaVgEX79UA,1 か月前,5回視聴,私の年収が2000万と知らず入院中の私を捨て愛人と再婚した夫「離婚届け出しといたｗ慰謝料として家と車は貰うｗ」私「承知しました」→3日後、半狂乱の夫から200件の鬼電がw,https://www.youtube.com/watch?v=Tx4tUA-Jxdg,100%
1905,【スカッとする話】16年前に私を捨て愛人を選んだ夫と再会「まだ不妊とか惨めだなw娘はスタイル抜群で天才だぞw」私「私も今年高１の娘紹介するね」夫「え、その子は...」結果w,https://www.youtube.com/watch?v=ssgss5ggqNw,4万回視聴 / 2 年前,毎日が喜び,https://www.youtube.com/channel/UCms4kBFMhD7L74TA7J7ikaQ,2 か月前,0 回視聴,【スカッとする話】 16年前に私を捨て愛人を選んだ夫と再会「まだ不妊とか惨めだなw娘はスタイル抜群で天才だぞw」私「私も今年高１の娘紹介するね」夫「え、その子は   」結果w,https://www.youtube.com/watch?v=z48cHSGDEUg,100%
1906,【スカッとする話】医者の婚約者を奪った妹「高収入の彼は私が貰うｗブサイクは庶民と合コンしてろw」直後、お腹を抱え大爆笑した私→私「病院の院長は私だけど？」,https://www.youtube.com/watch?v=ULpnjx45zHg,3.1万回視聴 / 2 年前,毎日が喜び,https://www.youtube.com/channel/UCms4kBFMhD7L74TA7J7ikaQ,3 か月前,3回視聴,【スカッとする話】 医者の婚約者を奪った妹「高収入の彼は私が貰うｗブサイクは庶民と合コンしてろw」直後、お腹を抱え大爆笑した私→私「病院の院長は私だけど？」,https://www.youtube.com/watch?v=pAkI99M8o5I,100%
1907,【スカッとする話】夫の連れ子だった娘の結婚式が終わると、夫「お前は用済み、離婚してくれw他人なのにATMお疲れw」離婚して引っ越すと慌てた夫から鬼電→私（今さら気づいたかw）実は...,https://www.youtube.com/watch?v=v7dKcpbZCoA,9.4万回視聴 / 3 年前,毎日が喜び,https://www.youtube.com/channel/UCms4kBFMhD7L74TA7J7ikaQ,2 か月前,0 回視聴,【スカッとする話】 夫の連れ子だった娘の結婚式が終わると、夫「お前は用済み、離婚してくれw他人なのにATMお疲れw」離婚して引っ越すと慌てた夫から鬼電→私（今さら気づいたかw）実は,https://www.youtube.com/watch?v=Y2PXvjYrWHg,100%
1908,【スカッとする話】夫婦の結婚記念日に財布を持たず便乗する長男嫁「今回もゴチになりますw」夫「今回は俺の両親も来るよw」私「どうぞ、今日で最後なので」嫁・夫「は？」,https://www.youtube.com/watch?v=og8_GjJd8PU,1.3万回視聴 / 3 年前,毎日が喜び,https://www.youtube.com/channel/UCms4kBFMhD7L74TA7J7ikaQ,2 か月前,3回視聴,【スカッとする話】 夫婦の結婚記念日に財布を持たず便乗する長男嫁「今回もゴチになりますw」夫「今回は俺の両親も来るよw」私「どうぞ、今日で最後なので」嫁・夫「は？」,https://www.youtube.com/watch?v=LrHHBaXW0vY,100%
1909,【スカッとする話】単身赴任中の夫の家へ行くと愛人と隠し子と遭遇…私「幸せ邪魔してすみません」夫「違う！これには深い訳が…！」即離婚届を提出し引越すと→涙を流した夫が家に来て…w,https://www.youtube.com/watch?v=vySwB9srcCQ,5.2万回視聴 / 2 年前,毎日新しい物語,https://www.youtube.com/channel/UCPQauCR7i_WSrZhft4ORBbg,2 年前,146回視聴,【スカッとする話】単身赴任中の夫の家へ行くと愛人と隠し子と遭遇…私幸せ邪魔してすみません夫違うこれには深い訳が…即離婚届を提出し引越すと涙を流した夫が家に来て…w,https://www.youtube.com/watch?v=3xgPHHR0dJc,100%
1910,【スカッとする話】私の両親が亡くなった途端、実家を勝手に建て替えた夫「愛人と隠し子と住む家建てるw」私「アンタら終わったね」3日後、夫と愛人が半狂乱にw,https://www.youtube.com/watch?v=nN0MMqPfpd0,4万回視聴 / 2 年前,毎日新しい物語,https://www.youtube.com/channel/UCPQauCR7i_WSrZhft4ORBbg,2 年前,227回視聴,【スカッとする話】私の両親が亡くなった途端実家を勝手に建て替えた夫愛人と隠し子と住む家建てるw私アンタら終わったね3日後夫と愛人が半狂乱にw,https://www.youtube.com/watch?v=kcvkSGcWDwM,100%
1911,【スカッとする話】18年間家賃を払ってきた私を罵倒する夫と連れ子「月10万の家賃程度で偉そうにw」夫「支払い止めてみろw」私「喜んで」3ヶ月後w,https://www.youtube.com/watch?v=IaHdv7dT6Sc,12万回視聴 / 2 年前,毎日物語を語る,https://www.youtube.com/channel/UChxPjbtxLqb-kjHEqBI6NgQ,2 年前,7回視聴,【スカッとする話】18年間家賃を払ってきた私を罵倒する夫と連れ子「月10万の家賃程度で偉そうにw」夫「支払い止めてみろw」私「喜んで」→3ヶ月後w【修羅場】,https://www.youtube.com/watch?v=vpaMoqWZCM0,100%
1912,【スカッと】長男夫婦がお盆に帰省し私が店を予約すると長男嫁「何この汚い店w年金生活の貧乏ババァじゃ仕方ないかw」直後、普段温厚な夫→夫「調子乗るなよガキが」長男嫁「え？」,https://www.youtube.com/watch?v=LXxfsTZeuZU,11万回視聴 / 2 年前,毒親からの脱出,https://www.youtube.com/channel/UCaa05zGN9IOAwjshkgJhjEw,1 か月前,3回視聴,長男夫婦がお盆に帰省し私が店を予約すると長男嫁「何この汚い店w年金生活の貧乏ババアじゃ仕方ないかw」→直後、普段温厚な夫「調子乗るなよガキが」長男嫁「え？」,https://www.youtube.com/watch?v=nMrsl-UTRug,98%
1913,【スカッと】長男夫婦がお盆に帰省し私が店を予約すると長男嫁「何この汚い店w年金生活の貧乏ババァじゃ仕方ないかw」直後、普段温厚な夫→夫「調子乗るなよガキが」長男嫁「え？」,https://www.youtube.com/watch?v=LXxfsTZeuZU,11万回視聴 / 2 年前,池田 明日香,https://www.youtube.com/channel/UCSroi47vRJYfrTo5QF4t13g,1 か月前,16回視聴,【LINE】 長男夫婦がお盆に帰省し私が店を予約すると長男嫁「何この汚い店w年金生活の貧乏ババアじゃ仕方ないかw」→直後、普段温厚な夫「調子乗るなよガキが」長男嫁「え？」,https://www.youtube.com/watch?v=KYZgjO4gEjQ,98%
1914,【スカッとする話】義両親に蹴られ骨折した私に夫「寝かせとけば治るw」翌日、病室に嘲笑いに来た義家族「あれ、嫁は？w」医師「警察署です」義家族「え？」【朗読】【スカッと】,https://www.youtube.com/watch?v=p4pyD9SD1Tk,8.1万回視聴 / 2 か月前,泣ける話 5004,https://www.youtube.com/channel/UCVwvuiPPhXz7e68GsJxthsw,1 か月前,5回視聴,【感動する話】義両親に蹴られ骨折した私に夫「寝かせとけば治るw」翌日、病室に嘲笑いに来た義家族「あれ、嫁は？w」医師「警察署です」義家族「え？」,https://www.youtube.com/watch?v=QmCs7nG-vtM,100%
1915,【スカッとする話】臨月の私を家庭用サウナに閉じこめ5泊7日の温泉旅行に出かけたエリート義両親「私達から息子を奪った罰よw」7日後、帰宅した義父が腐敗臭に気づき慌ててサウナの扉を開けると..【スカッと】,https://www.youtube.com/watch?v=5AbXeqqVHY4,2.1万回視聴 / 2 年前,泣ける話 5004,https://www.youtube.com/channel/UCVwvuiPPhXz7e68GsJxthsw,1 か月前,59回視聴,【感動する話】臨月の私を家庭用サウナに閉じこめ5泊7日の温泉旅行に出かけたエリート義両親「私達から息子を奪った罰よw」7日後、帰宅した義父が腐敗臭に気づき慌ててサウナの扉を開けると...,https://www.youtube.com/watch?v=70WvYfvp7jQ,100%
1916,【スカッと総集編】夫が亡くなった途端、我が家を勝手に解体した義両親「今日からうちで同居しろ！嫁は家政婦にしてやるw」それを聞いた私は大爆笑→私「アンタら知らないの？」実は...,https://www.youtube.com/watch?v=yUWQozZU0zY,18万回視聴 / 2 年前,泣ける話 5004,https://www.youtube.com/channel/UCVwvuiPPhXz7e68GsJxthsw,1 か月前,8回視聴,【感動する話】夫が亡くなった途端、我が家を勝手に解体した義両親「今日からうちで同居しろ！嫁は家政婦にしてやるw」それを聞いた私は大爆笑→私「アンタら知らないの？」実は...,https://www.youtube.com/watch?v=NUyxEHl-BOM,100%
1917,【スカッと総集編】臨月の私を家庭用サウナに閉じこめ5泊7日の温泉旅行に出かけたエリート義両親「私達から息子を奪った罰よw」7日後、帰宅した義父が腐敗臭に気づき慌ててサウナの扉を開けると...,https://www.youtube.com/watch?v=LPY1ke7gWfI,11万回視聴 / 2 年前,泣ける話 5004,https://www.youtube.com/channel/UCVwvuiPPhXz7e68GsJxthsw,1 か月前,59回視聴,【感動する話】臨月の私を家庭用サウナに閉じこめ5泊7日の温泉旅行に出かけたエリート義両親「私達から息子を奪った罰よw」7日後、帰宅した義父が腐敗臭に気づき慌ててサウナの扉を開けると...,https://www.youtube.com/watch?v=70WvYfvp7jQ,100%
1918,【スカッと】長男夫婦との同居を勝手に決めた夫「長男たちの引越しは済んだか？」私「うん終わった！私の方も今新築タワマンに引越し完了した！」夫「は？タワマン？」,https://www.youtube.com/watch?v=GSmPm6dYwRY,1.6万回視聴 / 2 年前,泥だらけの絆 5655,https://www.youtube.com/channel/UCdyvc7k9wPzVO9X62aCvguQ,3 週間前,630回視聴,【スカッと総集編】長男夫婦との同居を勝手に決めた夫「長男たちの引越しは済んだか？」私「うん終わった！私の方も今新築タワマンに引越し完了した！」夫「は？タワマン？」,https://www.youtube.com/watch?v=WzHqkzSCJWo,100%
1919,【スカッとする話】引きこもり娘を育てた私に医者の夫「一族の恥！無能とは離婚だ！」兄嫁「1週間以内に出てってねw」娘を連れて2人で新居に引越すと→娘「あのクズ共潰すね」【朗読】【スカッと】,https://www.youtube.com/watch?v=9i5Xko94orA,4.7万回視聴 / 1 年前,泥だらけの絆 5655,https://www.youtube.com/channel/UCdyvc7k9wPzVO9X62aCvguQ,10 日前,0 回視聴,【スカッとする話】引きこもり娘を育てた私に医者の夫「一族の恥！無能とは離婚だ！」兄嫁「1週間以内に出てってねw」娘を連れて2人で新居に引越すと→娘「あのクズ共潰すね」【朗読】【スカッと】,https://www.youtube.com/watch?v=9swhEHx9jcI,100%
1920,【スカッとする話】息子夫婦から突然の絶縁宣言。息子「絶縁して今後は他人で」息子嫁「孫にも会わせませんので」キレた私は家を売払い援助も停止→1ヶ月後、号泣の二人が家に来て…w【朗読】【スカッと】,https://www.youtube.com/watch?v=rr4eaeyOZO0,8.9万回視聴 / 1 年前,泥だらけの絆 5655,https://www.youtube.com/channel/UCdyvc7k9wPzVO9X62aCvguQ,9 日前,10回視聴,【スカッとする話】息子夫婦から突然の絶縁宣言。息子「絶縁して今後は他人で」息子嫁「孫にも会わせませんので」キレた私は家を売払い援助も停止→1ヶ月後、号泣の二人が家に来て…w,https://www.youtube.com/watch?v=gcAJp8pO22c,100%
1921,【スカッとする話】息子夫婦の新築祝いに100万円を包むと息子嫁「たった100万ですか？うちの親300万でしたよ」夫「帰るか」私「うん」翌日、二人は顔面蒼白にw【朗読】【スカッと】,https://www.youtube.com/watch?v=ZYoCuCmOpZY,8.7万回視聴 / 1 年前,泥だらけの絆 5655,https://www.youtube.com/channel/UCdyvc7k9wPzVO9X62aCvguQ,3 日前,11回視聴,【スカッとする話】息子夫婦の新築祝いに100万円を包むと息子嫁「たった100万ですか？うちの親300万でしたよ」夫「帰るか」私「うん」翌日、二人は顔面蒼白にw【朗読】【スカッと】,https://www.youtube.com/watch?v=eFl1pL-vcag,100%
1922,【スカッとする話】月9万円で年金暮らしの私に長男嫁「頼られるの嫌だし絶縁でw」長男「今後一切関わらないからw」私「本当にいいのね？」長男嫁「え？」絶縁して2ヶ月後…w,https://www.youtube.com/watch?v=_m8w5ILU3u0,33万回視聴 / 1 年前,泥だらけの絆 5655,https://www.youtube.com/channel/UCdyvc7k9wPzVO9X62aCvguQ,1 時間前,0 回視聴,【スカッと総集編】月9万円で年金暮らしの私に長男嫁「頼られるの嫌だし絶縁w」長男「今後一切関わらないw」私「本当にいいのね？」長男嫁「え？」【朗読】【スカッと】【スカッとする話】,https://www.youtube.com/watch?v=wJagBmexUME,90%
1923,【スカッとする話】父「もう限界だ…助けて」息子夫婦から年金と貯金を摂取されボロボロな姿で現れた。私「一緒に暮らそ」父「ええんか？涙」翌日、息子夫婦が泣き叫びw【朗読】【スカッと】,https://www.youtube.com/watch?v=FKxO2ZIWpyI,8.7万回視聴 / 1 年前,泥だらけの絆 5655,https://www.youtube.com/channel/UCdyvc7k9wPzVO9X62aCvguQ,8 日前,0 回視聴,【スカッとする話】父「もう限界だ…助けて」息子夫婦から年金と貯金を摂取されボロボロな姿で現れた。私「一緒に暮らそ」父「ええんか？涙」翌日、息子夫婦が泣き叫びw【朗読】【スカッと】,https://www.youtube.com/watch?v=uVKwqGj4XDE,100%
1924,【スカッとする話】私1人で育てた息子の顔合わせで、なぜか私たちだけお茶漬け…義家族「貧乏人は好きだろ？w」直後、私の存在に気づいた義兄「俺たちの人生終了だ…」【朗読】【スカッと】,https://www.youtube.com/watch?v=qNSSnNaMxrs,8万回視聴 / 2 か月前,泥だらけの絆 5655,https://www.youtube.com/channel/UCdyvc7k9wPzVO9X62aCvguQ,13 日前,1 回視聴,【スカッとする話】私1人で育てた息子の顔合わせで、なぜか私たちだけお茶漬け…義家族「貧乏人は好きだろ？w」直後、私の存在に気づいた義兄「俺たちの人生終了だ…」【朗読】【スカッと】,https://www.youtube.com/watch?v=AXXpmLXnPFo,100%
1925,【スカッとする話】親戚の集まりに私たち家族だけ招待しない義両親。義父「お前ら貧乏家族は不要w」私「わかりました…」家族全員で欠席しハワイ旅行行くと→大号泣の義父から鬼電がw【朗読】【スカッと】,https://www.youtube.com/watch?v=ae1eDwWjrBU,7.6万回視聴 / 8 か月前,泥だらけの絆 5655,https://www.youtube.com/channel/UCdyvc7k9wPzVO9X62aCvguQ,11 日前,16回視聴,【スカッとする話】親戚の集まりに私たち家族だけ招待しない義両親。義父「お前ら貧乏家族は不要w」私「わかりました…」家族全員で欠席しハワイ旅行行くと→大号泣の義父から鬼電がw【朗読】【スカッと】,https://www.youtube.com/watch?v=tk0adRpC7xI,100%
1926,【スカッとする話】長男夫婦が孫5人を連れ我が家に来ると長男嫁「お義母さんは4畳の物置小屋で寝泊まりお願いしまーすw」直後、私は無言で荷物をまとめ「では私も実家に帰ります」長男嫁「え？」結果w【修羅場】,https://www.youtube.com/watch?v=38qn7ccYnLE,15万回視聴 / 3 年前,泥だらけの絆 5655,https://www.youtube.com/channel/UCdyvc7k9wPzVO9X62aCvguQ,3 週間前,765回視聴,【スカッとする話】長男夫婦が孫5人を連れ我が家に来ると長男嫁「お義母さんは4畳の物置小屋で寝泊まりお願いしまーすw」直後、私は無言で荷物をまとめ「では私も実家に帰ります」長男嫁「え？」結果w【修羅場】,https://www.youtube.com/watch?v=_8aXGqWSHzM,100%
1927,【スカッと総集編】家のローン月18万を払ってると知らず同居の長男嫁に1年間無視された...ある日、私「あれ？なんで私の荷物が...」長男嫁「キレイにしておいてあげたw」私の荷物を勝手に捨てられた,https://www.youtube.com/watch?v=bPcGySAd3gA,20万回視聴 / 2 年前,泥だらけの絆 5655,https://www.youtube.com/channel/UCdyvc7k9wPzVO9X62aCvguQ,3 週間前,61回視聴,【スカッと総集編】家のローン月18万を払ってると知らず同居の長男嫁に1年間無視された...ある日、私「あれ？なんで私の荷物が...」長男嫁「キレイにしておいてあげたw」私の荷物を勝手に捨てられた,https://www.youtube.com/watch?v=SpSnqM7VIB4,100%
1928,【スカッと総集編】月9万円で年金暮らしの私に長男嫁「頼られるの嫌だし絶縁w」長男「今後一切関わらないw」私「本当にいいのね？」長男嫁「え？」【朗読】【スカッと】【スカッとする話】,https://www.youtube.com/watch?v=2jJCIGafP3k,8.7万回視聴 / 1 年前,泥だらけの絆 5655,https://www.youtube.com/channel/UCdyvc7k9wPzVO9X62aCvguQ,1 時間前,0 回視聴,【スカッと総集編】月9万円で年金暮らしの私に長男嫁「頼られるの嫌だし絶縁w」長男「今後一切関わらないw」私「本当にいいのね？」長男嫁「え？」【朗読】【スカッと】【スカッとする話】,https://www.youtube.com/watch?v=wJagBmexUME,100%
1929,【スカッと総集編】私の財布から勝手に高級温泉の宿泊券を盗み、義両親と温泉旅行に行く夫「お前のチケットで親孝行してくるw」私「え？それ使用済みだけど？」夫「は？」結果w,https://www.youtube.com/watch?v=TpSWnrOqoqg,12万回視聴 / 2 年前,泥だらけの絆 5655,https://www.youtube.com/channel/UCdyvc7k9wPzVO9X62aCvguQ,3 週間前,127回視聴,【スカッと総集編】私の財布から勝手に高級温泉の宿泊券を盗み、義両親と温泉旅行に行く夫「お前のチケットで親孝行してくるw」私「え？それ使用済みだけど？」夫「は？」結果w,https://www.youtube.com/watch?v=yxzgdHFi9JA,100%
1930,【スカッと総集編】長男夫婦との同居を勝手に決めた夫「長男たちの引越しは済んだか？」私「うん終わった！私の方も今新築タワマンに引越し完了した！」夫「は？タワマン？」,https://www.youtube.com/watch?v=i0IxKCCxC54,21万回視聴 / 2 年前,泥だらけの絆 5655,https://www.youtube.com/channel/UCdyvc7k9wPzVO9X62aCvguQ,3 週間前,630回視聴,【スカッと総集編】長男夫婦との同居を勝手に決めた夫「長男たちの引越しは済んだか？」私「うん終わった！私の方も今新築タワマンに引越し完了した！」夫「は？タワマン？」,https://www.youtube.com/watch?v=WzHqkzSCJWo,100%
1931,【スカッとする話】夫「20歳の新入社員を妊娠させた！責任取るから離婚して欲しい」私「いいの？やった！お幸せに！」夫「な、何で喜ん出るんだよお前！」私「当然よ！だって…」【スカッと】【朗読】,https://www.youtube.com/watch?v=n0akm2AY9wE,6.1万回視聴 / 1 年前,涙あふれる物語 5723,https://www.youtube.com/channel/UC73rxLA0h5yaPCUmKrgPF2A,4 週間前,6回視聴,【スカッとする話】夫「20歳の新入社員を妊娠させた！責任取るから離婚して欲しい」私「いいの？やった！お幸せに！」夫「な、何で喜ん出るんだよお前！」私「当然よ！だって…」【スカッと】【朗読】,https://www.youtube.com/watch?v=9YHw8MsEZv4,97%
1932,【スカッとする話】女の子を出産直後に夫「すまん、離婚しよう。お互い今が都合良いよね？」私「OK（本当にいいのかなw）」お望み通り提出すると夫が阿鼻叫喚w【朗読】【スカッと】,https://www.youtube.com/watch?v=XxAE11v62qA,2.3万回視聴 / 4 か月前,涙あふれる物語 5723,https://www.youtube.com/channel/UC73rxLA0h5yaPCUmKrgPF2A,3 週間前,11回視聴,【スカッとする話】女の子を出産直後に夫「すまん、離婚しよう。お互い今が都合良いよね？」私「OK（本当にいいのかなw）」お望み通り提出すると夫が阿鼻叫喚w【朗読】【スカッと】,https://www.youtube.com/watch?v=N4tDFmeBpFI,100%
1933,【スカッとする話】離婚してまだ1ヶ月なのに、元夫から再婚の報告が届いた…元夫「招待状送っといたからw」私「妊娠中だから行けない」元夫「え…」実はw【朗読】【スカッと】,https://www.youtube.com/watch?v=OdX6eB53Nys,2.3万回視聴 / 5 か月前,涙あふれる物語 5723,https://www.youtube.com/channel/UC73rxLA0h5yaPCUmKrgPF2A,3 週間前,101回視聴,【スカッとする話】離婚してまだ1ヶ月なのに、元夫から再婚の報告が届いた…元夫「招待状送っといたからw」私「妊娠中だから行けない」元夫「え…」実はw【朗読】【スカッと】,https://www.youtube.com/watch?v=olXQ5Zei8Qw,100%
1934,【スカッとする話】夫「俺の年金は1円もやらん」40年間夫を支えてきたのに、他人のように突き放された私（もう我慢しなくていっかw）→翌日、なぜか夫が泣き叫びw【朗読】【スカッと】,https://www.youtube.com/watch?v=gqjIGgB7rlA,4万回視聴 / 4 か月前,涙が止まらない本当の話,https://www.youtube.com/channel/UC-rAVI-jHz59_dhCmwgr3wg,4 か月前,"1,088回視聴",夫「俺の年金は1円もやらん」40年間夫を支えてきたのに、他人のように突き放された私（もう我慢しなくていっかw）→翌日、なぜか夫が泣き叫びw【朗読】【スカッとする話】,https://www.youtube.com/watch?v=nZ87WaOX7Sw,100%
1935,【スカッとする話】手術当日、怯える私を見捨て、平然と飲み会へ向かった夫。1年後、夫の癌が発覚すると夫「怖いから来てくれ、頼む」私「飲み会だから無理w」結果w【朗読】【スカッと】,https://www.youtube.com/watch?v=ZSMzLBZN4z0,1.2万回視聴 / 4 か月前,涙が止まらない本当の話,https://www.youtube.com/channel/UC-rAVI-jHz59_dhCmwgr3wg,4 か月前,589回視聴,手術当日、怯える私を見捨て、平然と飲み会へ向かった夫。1年後、夫の癌が発覚すると夫「怖いから来てくれ、頼む」私「飲み会だから無理w」結果w【朗読】【スカッと】,https://www.youtube.com/watch?v=QEp7k6Cqlxc,95%
1936,【スカッと総集編】私の年収が2000万と知らず入院中の私を捨て愛人と再婚した夫「離婚届け出しといたｗ慰謝料として家と車は貰うｗ」私「承知しました」→3日後、半狂乱の夫から200件の鬼電がw【修羅場】,https://www.youtube.com/watch?v=sd-a4XIE7jQ,36万回視聴 / 3 年前,涙が止まらない本当の話,https://www.youtube.com/channel/UC-rAVI-jHz59_dhCmwgr3wg,4 か月前,"22,793回視聴",私の年収が2000万と知らず入院中の私を捨て愛人と再婚した夫「離婚届け出しといたｗ慰謝料として家と車は貰うｗ」私「承知しました」→3日後、半狂乱の夫から200件の鬼電がw【スカッとする話】,https://www.youtube.com/watch?v=S1uZjafTlF4,100%
1937,【スカッと総集編】私の総資産が11億と知らず妊娠9ヶ月の私を捨て社長令嬢と再婚した夫「腹がデカくて女として見れんｗガキはお前が育てろｗ」私「いいよ！はい、離婚届け！」3ヶ月後、半狂乱の夫から鬼電がw,https://www.youtube.com/watch?v=gp0iCrgbXh8,38万回視聴 / 3 年前,涙が止まらない本当の話,https://www.youtube.com/channel/UC-rAVI-jHz59_dhCmwgr3wg,4 か月前,"2,990回視聴",私の総資産が11億と知らず妊娠9ヶ月の私を捨て社長令嬢と再婚した夫「腹がデカくて女として見れんｗガキはお前が育てろｗ」私「いいよ！はい、離婚届け！」3ヶ月後、半狂乱の夫から鬼電がw,https://www.youtube.com/watch?v=gewWckSEbzc,100%
1938,【スカッとする話】息子の七五三のお参りに行くと、医者の夫を奪った姉に遭遇。姉「旦那の金で生活楽しい？w」私「逆に借金生活楽しい？」姉「は？」実はw【朗読】【スカッと】,https://www.youtube.com/watch?v=RJPt-C3fItM,1.3万回視聴 / 4 か月前,涙が止まらない本当の話、感動する話,,4 か月前,"23,390回視聴",息子の七五三のお参りに行くと、医者の夫を奪った姉に遭遇。姉「旦那の金で生活楽しい？w」私「逆に借金生活楽しい？」姉「は？」実はw【朗読】,https://www.youtube.com/watch?v=E-JA0R_pPeg,100%
1939,【スカッとする話】私の両親が亡くなった途端、実家を勝手に解体した夫「今日から俺の家で両親と同居だ！」それを聞いた私は大爆笑→私「あんた達、知らないの？」実は...,https://www.youtube.com/watch?v=3WlCnGLe67U,55万回視聴 / 2 年前,涙が止まらない本当の話、感動する話,,4 か月前,"1,935回視聴",私の両親が亡くなった途端、実家を勝手に解体した夫「今日から俺の家で両親と同居だ！」それを聞いた私は大爆笑→私「あんた達、知らないの？」実は...【朗読】,https://www.youtube.com/watch?v=s3X6-jmBe9Y,100%
1940,【スカッと総集編】夫が土下座「20歳の愛人が妊娠した！離婚してくれ！」私「はい離婚届け。じゃ娘以外は連れてくね」夫「は？娘も連れていけよ」私「無理、だってこの子は…」【スカッとする話】,https://www.youtube.com/watch?v=70JSyEr3ztQ,34万回視聴 / 3 年前,涙が語る物語,https://www.youtube.com/channel/UCWfG3hk2_Puwh6BcWjBg1Vg,1 か月前,6回視聴,夫が土下座「20歳の愛人が妊娠した！離婚してくれ！」私「はい離婚届け。じゃ娘以外は連れてくね」夫「は？娘も連れていけよ」私「無理、だってこの子は…」,https://www.youtube.com/watch?v=3qTmC3gKpIU,100%
1941,【スカッとする話】臨月の私を家庭用サウナに閉じこめ5泊7日の温泉旅行に出かけたエリート義両親「私達から息子を奪った罰よw」7日後、帰宅した義父が腐敗臭に気づき慌ててサウナの扉を開けると..【スカッと】,https://www.youtube.com/watch?v=5AbXeqqVHY4,2.1万回視聴 / 2 年前,涙が語る物語、感動する話,,1 か月前,33回視聴,臨月の私を家庭用サウナに閉じこめ5泊7日の温泉旅行に出かけたエリート義両親「私達から息子を奪った罰よw」7日後、帰宅した義父が腐敗臭に気づき慌ててサウナの扉を開けると...,https://www.youtube.com/watch?v=7Pg5fb25klc,100%
1942,【スカッと総集編】私の年収が2000万と知らず入院中の私を捨て愛人と再婚した夫「離婚届け出しといたｗ慰謝料として家と車は貰うｗ」私「承知しました」→3日後、半狂乱の夫から200件の鬼電がw【修羅場】,https://www.youtube.com/watch?v=sd-a4XIE7jQ,36万回視聴 / 3 年前,涙が語る物語、感動する話,,1 か月前,52回視聴,私の年収が2000万と知らず入院中の私を捨て愛人と再婚した夫「離婚届け出しといたｗ慰謝料として家と車は貰うｗ」私「承知しました」→3日後、半狂乱の夫から200件の鬼電がw,https://www.youtube.com/watch?v=5r2F3dNjo9k,100%
1943,【スカッと総集編】臨月の私を家庭用サウナに閉じこめ5泊7日の温泉旅行に出かけたエリート義両親「私達から息子を奪った罰よw」7日後、帰宅した義父が腐敗臭に気づき慌ててサウナの扉を開けると...,https://www.youtube.com/watch?v=LPY1ke7gWfI,11万回視聴 / 2 年前,涙が語る物語、感動する話,,1 か月前,33回視聴,臨月の私を家庭用サウナに閉じこめ5泊7日の温泉旅行に出かけたエリート義両親「私達から息子を奪った罰よw」7日後、帰宅した義父が腐敗臭に気づき慌ててサウナの扉を開けると...,https://www.youtube.com/watch?v=7Pg5fb25klc,100%
1944,【スカッとする話】私の車のアクセルにこっそり手を加える夫。私（知らないふりしよw）翌日、車を義両親に貸し出すと、夫「ま、待ってくれ…」実はw【朗読】【スカッと】,https://www.youtube.com/watch?v=lRIrN83xkSc,6.2万回視聴 / 2 か月前,涙が語る物語、海外の反応,,1 か月前,42回視聴,私の車のアクセルにこっそり手を加える夫。私（知らないふりしよw）翌日、車を義両親に貸し出すと、夫「ま、待ってくれ…」実はw,https://www.youtube.com/watch?v=JwlH4J0BCpw,100%
1945,【スカッとする話】体調不良でパートを早退し家に帰ると夫が親友と真っ最中...コッソリ二人の動画を撮影し親友の夫に送ってやった結果w,https://www.youtube.com/watch?v=NTuf2k99EWQ,27万回視聴 / 2 年前,涙のあとに咲く花,https://www.youtube.com/channel/UCn_lu_yqvINqU0EIdWI2JyQ,2 か月前,426回視聴,"""体調不良でパートを早退し家に帰ると夫が親友と真っ最中...コッソリ二人の動画を撮影し親友の夫に送ってやった結果w""",https://www.youtube.com/watch?v=kp5ZpCz48DE,100%
1946,【スカッとする話】初孫のお食い初めに行くと私を無視する長男夫婦…私「おめでと！」長男・嫁「…」キレた私は家具家電を黙って捨て家を売払い更地にすると…w【朗読】【スカッと】,https://www.youtube.com/watch?v=yqCdgYsZcrQ,4.7万回視聴 / 9 か月前,涙の向こう側,https://www.youtube.com/channel/UCOXAYjsxUMpublA1yS1ATIA,6 日前,"2,934回視聴",【スカッとする話】初孫のお食い初めに行くと私を無視する長男夫婦…私「おめでと！」長男・嫁「…」キレた私は家具家電を黙って捨て家を売払い更地にすると…w【朗読】【スカッと】,https://www.youtube.com/watch?v=SjEoD7MKz0E,100%
1947,【スカッとする話】大手銀行で5時間待たされた。私「30億おろします」銀行員「残高300円じゃねーか底辺ババァw」私「貸金庫のお金30億他に移すわ」,https://www.youtube.com/watch?v=-4yhJ5v7T4s,1.7万回視聴 / 1 年前,涙の向こう側,https://www.youtube.com/channel/UCOXAYjsxUMpublA1yS1ATIA,1 日前,11回視聴,【スカッとする話】大手銀行で5時間待たされた。私「30億おろします」銀行員「残高300円じゃねーか底辺ババァw」私「貸金庫のお金30億他に移すわ」,https://www.youtube.com/watch?v=LWn_eEvcP0c,100%
1948,【スカッとする話】月9万円で年金暮らしの私に長男嫁「頼られるの嫌だし絶縁でw」長男「今後一切関わらないからw」私「本当にいいのね？」長男嫁「え？」絶縁して2ヶ月後…w,https://www.youtube.com/watch?v=_m8w5ILU3u0,33万回視聴 / 1 年前,涙の向こう側,https://www.youtube.com/channel/UCOXAYjsxUMpublA1yS1ATIA,5 日前,"2,392回視聴",【スカッとする話】月9万円で年金暮らしの私に長男嫁「頼られるの嫌だし絶縁でw」長男「今後一切関わらないからw」私「本当にいいのね？」長男嫁「え？」絶縁して2ヶ月後…w,https://www.youtube.com/watch?v=fMa8sp7lxqk,100%
1949,【スカッとする話】母子家庭で育てた娘の結婚挨拶へ行くと私だけ料理がない…義母「貧乏人は水で十分でしょw」直後、義姉が私を見て顔面蒼白→義家族全員は全てを失ったw,https://www.youtube.com/watch?v=6eC3Q3csQ9U,32万回視聴 / 2 年前,涙の向こう側,https://www.youtube.com/channel/UCOXAYjsxUMpublA1yS1ATIA,5 日前,68回視聴,【スカッとする話】母子家庭で育てた娘の結婚挨拶へ行くと私だけ料理がない…義母「貧乏人は水で十分でしょw」直後、義姉が私を見て顔面蒼白→義家族全員は全てを失ったw,https://www.youtube.com/watch?v=06qwkK-wO1E,100%
1950,【スカッとする話】盲目の夫を連れて定期健診に行くと、なぜか私だけ別室に案内された…医者「今すぐ警察に行きなさい！」真相を知った私は顔面蒼白に…,https://www.youtube.com/watch?v=D84pvtxh-qM,25万回視聴 / 2 年前,涙の向こう側,https://www.youtube.com/channel/UCOXAYjsxUMpublA1yS1ATIA,1 日前,6回視聴,【スカッとする話】盲目の夫を連れて定期健診に行くと、なぜか私だけ別室に案内された…医者「今すぐ警察に行きなさい！」真相を知った私は顔面蒼白に,https://www.youtube.com/watch?v=a1E33wG5EuE,100%
1951,【スカッとする話】私「もう限界…出ていきます」夫「家事と介護は嫁の仕事！責任果たせないなら離婚！」お望み通り離婚届を置いて姿を消すと→半狂乱の夫から鬼電がw【朗読】【スカッと】,https://www.youtube.com/watch?v=7b4pVxD6-XQ,1.8万回視聴 / 9 か月前,涙の向こう側,https://www.youtube.com/channel/UCOXAYjsxUMpublA1yS1ATIA,8 日前,673回視聴,【スカッとする話】私「もう限界…出ていきます」夫「家事と介護は嫁の仕事！責任果たせないなら離婚！」お望み通り離婚届を置いて姿を消すと→半狂乱の夫から鬼電がw【朗読】【スカッと】,https://www.youtube.com/watch?v=SwLud5WJ-9Q,100%
1952,【スカッとする話】私が菜園と庭付き一戸建てを購入すると夫「両親と妹夫婦も引越して来るからw」義母「私たちの介護もよろしくねw」引越し当日、発狂した義母から鬼電→義母「と、隣の家の人って…」,https://www.youtube.com/watch?v=W8UO8b4fyYc,1.1万回視聴 / 1 年前,涙の向こう側,https://www.youtube.com/channel/UCOXAYjsxUMpublA1yS1ATIA,2 日前,27回視聴,【スカッとする話】私が菜園と庭付き一戸建てを購入すると夫「両親と妹夫婦も引越して来るからw」義母「私たちの介護もよろしくねw」引越し当日、発狂した義母から鬼電→義母「と、隣の家の人って…」,https://www.youtube.com/watch?v=PDCuakh5uO4,100%
1953,【スカッとする話】私を嫌う夫と娘が私を無視。私「おはよう」2人「…」娘の豪華挙式当日に姿を消すと鬼電。私「私に娘はいませんが？」→娘「え？」結果w【朗読】【スカッと】,https://www.youtube.com/watch?v=cdwBAP575w8,34万回視聴 / 1 年前,涙の向こう側,https://www.youtube.com/channel/UCOXAYjsxUMpublA1yS1ATIA,3 日前,34回視聴,【スカッとする話】私を嫌う夫と娘が私を無視。私「おはよう」2人「…」娘の豪華挙式当日に姿を消すと鬼電。私「私に娘はいませんが？」→娘「え？」結果w【朗読】【スカッと】,https://www.youtube.com/watch?v=zS-rOTgSXZM,94%
1954,【スカッとする話】突然、義妹「今日は私の結婚式だよ？ドタキャンとか最低よ！」私「え？一体どういうこと？」招待されてないと伝えると…,https://www.youtube.com/watch?v=9rpPVsP5yWI,9151回視聴 / 1 年前,涙の向こう側,https://www.youtube.com/channel/UCOXAYjsxUMpublA1yS1ATIA,1 日前,3回視聴,【スカッとする話】突然、義妹「今日は私の結婚式だよ？ドタキャンとか最低よ！」私「え？一体どういうこと？」招待されてないと伝えると…,https://www.youtube.com/watch?v=BKGGXpEPjwU,100%
1955,【スカッと総集編】月9万円で年金暮らしの私に長男嫁「頼られるの嫌だし絶縁w」長男「今後一切関わらないw」私「本当にいいのね？」長男嫁「え？」【朗読】【スカッと】【スカッとする話】,https://www.youtube.com/watch?v=2jJCIGafP3k,8.7万回視聴 / 1 年前,涙の向こう側,https://www.youtube.com/channel/UCOXAYjsxUMpublA1yS1ATIA,5 日前,"2,392回視聴",【スカッとする話】月9万円で年金暮らしの私に長男嫁「頼られるの嫌だし絶縁でw」長男「今後一切関わらないからw」私「本当にいいのね？」長男嫁「え？」絶縁して2ヶ月後…w,https://www.youtube.com/watch?v=fMa8sp7lxqk,90%
1956,【スカッとする話】17歳で出産し高校中退した私。元彼「結婚？するわけw」20年後、元彼が私と娘に遭遇。元彼「そいつも早そうだなw」娘「こいつの人生潰すね」【朗読】【スカッと】,https://www.youtube.com/watch?v=cdhdPI1kb2Y,2.3万回視聴 / 4 か月前,涙の小部屋 5642,https://www.youtube.com/channel/UCJSrM2Iw6N6r4k8WiuTZ8kA,3 週間前,4回視聴,【スカッとする話】17歳で出産し高校中退した私。元彼「結婚？するわけw」20年後、元彼が私と娘に遭遇。元彼「そいつも早そうだなw」娘「こいつの人生潰すね」【朗読】【スカッと】,https://www.youtube.com/watch?v=3mXCAtM9NK4,100%
1957,【スカッとする話】35歳で妊娠した私を捨て19歳の女子大生と再婚した学歴主義の夫。夫「高齢出産だとバカ生まれそうw」15年後、学校で元夫と遭遇すると息子を見た元夫は震えだし…【朗読】【スカッと】,https://www.youtube.com/watch?v=Q8wTXMZ6iys,14万回視聴 / 1 年前,涙の小部屋 5642,https://www.youtube.com/channel/UCJSrM2Iw6N6r4k8WiuTZ8kA,1 か月前,87回視聴,【スカッとする話】35歳で妊娠した私を捨て19歳の女子大生と再婚した学歴主義の夫。夫「高齢出産だとバカ生まれそうw」15年後、学校で元夫と遭遇すると息子を見た元夫は震えだし…【朗読】【スカッと】,https://www.youtube.com/watch?v=qzUFCtR6gig,100%
1958,【スカッとする話】女手一つで育てた娘の結婚挨拶へ行くと私たちだけ席がない…義両親「金目当ての貧乏人は立ってろw」直後、婚約者が私を見て顔面蒼白→義家族は全てを失いw【スカッと】【修羅場】,https://www.youtube.com/watch?v=LZTMqB8S98U,6.5万回視聴 / 1 年前,涙の小部屋 5642,https://www.youtube.com/channel/UCJSrM2Iw6N6r4k8WiuTZ8kA,3 週間前,6回視聴,【スカッとする話】女手一つで育てた娘の結婚挨拶へ行くと私たちだけ席がない…義両親「金目当ての貧乏人は立ってろw」直後、婚約者が私を見て顔面蒼白→義家族は全てを失いw【スカッと】【修羅場】,https://www.youtube.com/watch?v=FoArbjDciwA,91%
1959,【スカッとする話】父を理由に夫に捨てられ5年後、若い女と子供を連れた元夫と再会。元夫「嫁はお前と違って完璧w」直後、私の新しい夫を見て、元夫がガクガク震え出しw【朗読】【スカッと】,https://www.youtube.com/watch?v=W-rW5yUgXLY,7.9万回視聴 / 1 か月前,涙の小部屋 5642,https://www.youtube.com/channel/UCJSrM2Iw6N6r4k8WiuTZ8kA,3 週間前,35回視聴,【スカッとする話】父を理由に夫に捨てられ5年後、若い女と子供を連れた元夫と再会。元夫「嫁はお前と違って完璧w」直後、私の新しい夫を見て、元夫がガクガク震え出しw【朗読】【スカッと】,https://www.youtube.com/watch?v=HR8jkYvpS20,100%
1960,【スカッとする話】親族一同での集まりにタクシーで行くと、父「誕生日に贈ったレクサスは？」夫「ママが使ってるw嫁は電車で十分w」父「そうか…」→3日後、夫は青ざめ地獄へw【朗読】【スカッと】,https://www.youtube.com/watch?v=Fuer-lZ4yX0,21万回視聴 / 8 か月前,涙の小部屋 5642,https://www.youtube.com/channel/UCJSrM2Iw6N6r4k8WiuTZ8kA,4 週間前,24回視聴,【スカッとする話】親族一同での集まりにタクシーで行くと、父「誕生日に贈ったレクサスは？」夫「ママが使ってるw嫁は電車で十分w」父「そうか…」→3日後、夫は青ざめ地獄へw【朗読】【スカッと】,https://www.youtube.com/watch?v=r1lsGtCGeL4,88%
1961,【スカッとする話】女手一つで育てた娘の結納に行くと、料亭で咽び泣く娘が1人ポツン…娘「格下とは婚約破棄って…」直後、社長令嬢の私は即電話「人生終了のお知らせよ」【朗読】【スカッと】,https://www.youtube.com/watch?v=dHfs8LWncGY,3.2万回視聴 / 5 か月前,涙の数だけ 5716,https://www.youtube.com/channel/UCw2xsZd4GSJowgB3QGFuxLQ,4 週間前,6回視聴,【スカッとする話】女手一つで育てた娘の結納に行くと、料亭で咽び泣く娘が1人ポツン…娘「格下とは婚約破棄って…」直後、社長令嬢の私は即電話「人生終了のお知らせよ」【朗読】【スカッと】,https://www.youtube.com/watch?v=CZ5ms6kqVTw,100%
1962,【スカッとする話】私が社内唯一の職人だと知らずに新社長と部長…新社長「我が社にババアは不要w」部長「給料半分か左遷か選べw」私「じゃあ辞めさせて頂きます」,https://www.youtube.com/watch?v=hDkixvh-TME,6万回視聴 / 1 年前,涙の数だけ 5716,https://www.youtube.com/channel/UCw2xsZd4GSJowgB3QGFuxLQ,4 週間前,8回視聴,【スカッとする話】私が社内唯一の職人だと知らずに新社長と部長…新社長「我が社にババアは不要w」部長「給料半分か左遷か選べw」私「じゃあ辞めさせて頂きます」,https://www.youtube.com/watch?v=hqfjVmR8vxY,81%
1963,【スカッとする話】義実家のトイレ掃除をする私に陰湿な嫌がらせをしてくる義妹「下民は手袋なしでw」掃除を終えると血相を変えた義母「彼女が何者か知らないの？」義妹「え？」【朗読】【スカッと】,https://www.youtube.com/watch?v=V5EIkGqsrik,2.6万回視聴 / 6 か月前,涙の数だけ 5716,https://www.youtube.com/channel/UCw2xsZd4GSJowgB3QGFuxLQ,3 週間前,6回視聴,【スカッとする話】義実家のトイレ掃除をする私に陰湿な嫌がらせをしてくる義妹「下民は手袋なしでw」掃除を終えると血相を変えた義母「彼女が何者か知らないの？」義妹「え？」【朗読】【スカッと】,https://www.youtube.com/watch?v=U59i7ANq4U4,100%
1964,【スカッとする話】親友が急逝し女手一つで引き取り育てた娘の結婚式で私の席にだけ盛り塩が置かれていた。医者の新郎母「母子家庭の母は一族の恥w」娘「…母さん帰ろう」私「…うん」翌日、新郎一家は全てを失い…,https://www.youtube.com/watch?v=nb_aRD_6UTg,2.7万回視聴 / 1 年前,涙の数だけ 5716,https://www.youtube.com/channel/UCw2xsZd4GSJowgB3QGFuxLQ,3 週間前,56回視聴,【スカッとする話】親友が急逝し女手一つで引き取り育てた娘の結婚式で私の席にだけ盛り塩が置かれていた。医者の新郎母「母子家庭の母は一族の恥w」娘「…母さん帰ろう」私「…うん」翌日、新郎一家は全てを失い…,https://www.youtube.com/watch?v=Sztz4XKNtGk,100%
1965,【スカッとする話】夫「3年間アメリカに赴任する」私「長すぎる！私も一緒に行く」夫「お前は家を守っててくれ」1年後、デパートで夫と妊婦を目撃→証拠を押さえ全て開示すると…w,https://www.youtube.com/watch?v=bUesKx2d9r8,2.7万回視聴 / 4 か月前,涙の数だけ 5720,https://www.youtube.com/channel/UCaooAMJ_2r5b8tiSNoXIGnw,3 週間前,4回視聴,【スカッとする話】夫「3年間アメリカに赴任する」私「長すぎる！私も一緒に行く」夫「お前は家を守っててくれ」1年後、デパートで夫と妊婦を目撃→証拠を押さえ全て開示すると…w,https://www.youtube.com/watch?v=BvDiqjV3VV0,100%
1966,【スカッとする話】夫に突然頬を殴られた私…。私「助けて、お願い…！」義母と義姉は笑って見ていた。離婚届を置き黙って家を出ると、3か月後、とある動画が公開され夫は半狂乱にw【朗読】【スカッと】,https://www.youtube.com/watch?v=pleRUIfcP5c,6.6万回視聴 / 9 か月前,涙の数だけ 5720,https://www.youtube.com/channel/UCaooAMJ_2r5b8tiSNoXIGnw,3 週間前,3回視聴,【スカッとする話】夫に突然頬を殴られた私…。私「助けて、お願い…！」義母と義姉は笑って見ていた。離婚届を置き黙って家を出ると、3か月後、とある動画が公開され夫は半狂乱にw【朗読】【スカッと】,https://www.youtube.com/watch?v=66bvAeg3upo,100%
1967,【スカッとする話】財布を届けにきた私に気づかない夫「嫁は何も疑ってないよw今夜もまた会えるねw」夫の正体を知り私の愛は消滅しw【朗読】【スカッと】,https://www.youtube.com/watch?v=KVKExhX2jn4,3.3万回視聴 / 3 か月前,涙の数だけ 5720,https://www.youtube.com/channel/UCaooAMJ_2r5b8tiSNoXIGnw,4 週間前,3回視聴,【スカッとする話】財布を届けにきた私に気づかない夫「嫁は何も疑ってないよw今夜もまた会えるねw」夫の正体を知り私の愛は消滅しw【朗読】【スカッと】,https://www.youtube.com/watch?v=6WQiF25iYPU,100%
1968,【スカッとする話】離婚届を提出した瞬間、私の口座とカードを停止した元夫「俺なしじゃ路頭に迷うなw」私「路頭に迷うのはあなただよ？」元夫「え？」実はw【朗読】【スカッと】,https://www.youtube.com/watch?v=_W1HWELT7IM,6.5万回視聴 / 2 か月前,涙の数だけ 5720,https://www.youtube.com/channel/UCaooAMJ_2r5b8tiSNoXIGnw,4 週間前,0 回視聴,【スカッとする話】離婚届を提出した瞬間、私の口座とカードを停止した元夫「俺なしじゃ路頭に迷うなw」私「路頭に迷うのはあなただよ？」元夫「え？」実はw【朗読】【スカッと】,https://www.youtube.com/watch?v=Gml1APMrKeI,100%
1969,【スカッとする話】年末に息子夫婦が泊まりにくると、深夜に夫が突然私を裏口に…夫「今のうちに家から出よう」私「え？年越しそば食べないの？」夫「お前気づいてないのか？」【朗読】【スカッと】,https://www.youtube.com/watch?v=AdhCK-BGvg4,13万回視聴 / 11 か月前,涙の終着駅,https://www.youtube.com/channel/UC_Y9e904aBrTCe8XGXhAOzg,12 日前,"2,160回視聴",年末に息子夫婦が泊まりに来ると、深夜に夫が突然私を裏口に呼んだ夫「今のうちに家から出よう」私「え？年越しそば食べないの？」夫「お前気づいてないのか？」【シニアライフ】【60代以上の方へ】,https://www.youtube.com/watch?v=Db8mmVSm6s4,96%
1970,【スカッとする話】夫・義母・娘に9年間嫌われ続けた私。義父の葬儀の日に姿を消すと半狂乱の夫と義母から鬼電がw,https://www.youtube.com/watch?v=rB3CtufDsNY,10万回視聴 / 2 年前,涙の食卓 5651,https://www.youtube.com/channel/UCDts-8SRBGNQEaBIhxtE0tw,3 週間前,0 回視聴,【スカッとする話】夫・義母・娘に9年間嫌われ続けた私。義父の葬儀の日に姿を消すと半狂乱の夫と義母から鬼電がw,https://www.youtube.com/watch?v=NSFWecsgMos,100%
1971,【スカッとする話】婚約中の彼の親族集まりで30人分の宅配寿司をゴミ箱に捨てた婚約者と義姉。婚約者「親族に安い飯出すな！」義姉「高級寿司、走って買って来いw」私「え？私は何も用意してないよ？」,https://www.youtube.com/watch?v=NXJ8k0lLnF8,21万回視聴 / 2 年前,涙の食卓 5651,https://www.youtube.com/channel/UCDts-8SRBGNQEaBIhxtE0tw,3 週間前,0 回視聴,【スカッとする話】婚約中の彼の親族集まりで30人分の宅配寿司をゴミ箱に捨てた婚約者と義姉。婚約者「親族に安い飯出すな！」義姉「高級寿司、走って買って来いw」私「え？私は何も用意してないよ？」,https://www.youtube.com/watch?v=uaLF76BmxN4,100%
1972,【スカッとする話】弁護士の息子の結婚式に行くと義両親の席はあるが私達夫婦の席がない。医師の義父「無能は床で正座w」夫「帰ろ」私「そうね」義母「やった！邪魔者消えるw」【総集編】【スカッと】【朗読】,https://www.youtube.com/watch?v=FM5GF_l-sSw,7万回視聴 / 8 か月前,涙の食卓 5651,https://www.youtube.com/channel/UCDts-8SRBGNQEaBIhxtE0tw,2 週間前,0 回視聴,【スカッとする話】弁護士の息子の結婚式に行くと義両親の席はあるが私達夫婦の席がない。医師の義父「無能は床で正座w」夫「帰ろ」私「そうね」義母「やった！邪魔者消えるw」【総集編】【スカッと】【朗読】,https://www.youtube.com/watch?v=Hu-WLShuweI,100%
1973,【スカッとする話】私が新築4LDKを購入した途端、夫「明日から両親と同居する！」義両親「嫁の家は俺達の家w」私「え？私は独身ですが？」夫・義両親「え？」【スカッと】【朗読】,https://www.youtube.com/watch?v=22g9Q4pv0Vk,5.7万回視聴 / 2 年前,涙の食卓 5651,https://www.youtube.com/channel/UCDts-8SRBGNQEaBIhxtE0tw,3 週間前,0 回視聴,【スカッと総集編】私が新築4LDKを購入した途端、夫「明日から両親と同居する！」義両親「嫁の家は俺達の家w」私「え？私は独身ですが？」夫・義両親「え？」結果w,https://www.youtube.com/watch?v=tEVFC2v_hvs,98%
1974,【スカッとする話】結納で私にだけ寿司を用意しない義家族。義母「これが嫁の教育ってもんよw」私「じゃあ帰ります」即帰ると義母が泣き叫びw,https://www.youtube.com/watch?v=E5Ed7TjpjS4,9.3万回視聴 / 1 年前,涙の食卓 5651,https://www.youtube.com/channel/UCDts-8SRBGNQEaBIhxtE0tw,2 週間前,0 回視聴,【スカッとする話】結納で私にだけ寿司を用意しない義家族。義母「これが嫁の教育ってもんよw」私「じゃあ帰ります」即帰ると義母が泣き叫びw,https://www.youtube.com/watch?v=khj2fWmUCnY,100%
1975,【スカッと総集編】家のローンを毎月21万払い続けている私に長男「家は俺達が相続する！」夫「俺は同居するからお前は出てけw」→私「じゃあ出ていく（覚悟しろ）」家の名義を長男に変更し引越した結果w,https://www.youtube.com/watch?v=5g86Izj6J1Q,26万回視聴 / 3 年前,涙の食卓 5651,https://www.youtube.com/channel/UCDts-8SRBGNQEaBIhxtE0tw,3 週間前,0 回視聴,【スカッと総集編】家のローンを毎月21万払い続けている私に長男「家は俺達が相続する！」夫「俺は同居するからお前は出てけw」→私「じゃあ出ていく（覚悟しろ）」家の名義を長男に変更し引越した結果w,https://www.youtube.com/watch?v=YUjY1jwmses,100%
1976,【スカッと総集編】新築4LDKを購入した途端、夫「明日から長男夫婦と同居する！」長男嫁「逆らったら介護しませんよw」私「は？私は独身ですけど？」夫・長男夫婦「は？」結果w,https://www.youtube.com/watch?v=4HBdhL1n_XU,28万回視聴 / 2 年前,涙の食卓 5651,https://www.youtube.com/channel/UCDts-8SRBGNQEaBIhxtE0tw,3 週間前,0 回視聴,【スカッと総集編】新築4LDKを購入した途端、夫「明日から長男夫婦と同居する！」長男嫁「逆らったら介護しませんよw」私「は？私は独身ですけど？」夫・長男夫婦「は？」結果w,https://www.youtube.com/watch?v=gq_ltzd-xGY,100%
1977,【スカッと総集編】私が新築4LDKを購入した途端、夫「明日から両親と同居する！」義両親「嫁の家は俺達の家w」私「え？私は独身ですが？」夫・義両親「え？」結果w,https://www.youtube.com/watch?v=MBoXSFYAmyI,16万回視聴 / 2 年前,涙の食卓 5651,https://www.youtube.com/channel/UCDts-8SRBGNQEaBIhxtE0tw,3 週間前,0 回視聴,【スカッと総集編】私が新築4LDKを購入した途端、夫「明日から両親と同居する！」義両親「嫁の家は俺達の家w」私「え？私は独身ですが？」夫・義両親「え？」結果w,https://www.youtube.com/watch?v=tEVFC2v_hvs,100%
1978,【スカッとする話】夫と義両親から13年間も嫌われ続けた私。ある日、離婚届を置いて引っ越すと、ボロボロの夫と義両親から鬼電が→私（やっと気づいたかw）実は...,https://www.youtube.com/watch?v=Wk9S9SoTHxU,9.2万回視聴 / 3 年前,涙涙の感動秘話,https://www.youtube.com/channel/UCGTxWHaduYyuXCUYoCwYWcw,1 年前,0 回視聴,【スカッと】夫と義両親から13年間も嫌われ続けた私。ある日、私は離婚届をそっと置いて引っ越すと、ボロボロの夫と義両親から鬼電→私（やっと気づいたのねw）実は…【修羅場】,https://www.youtube.com/watch?v=ZoNAEn9gaFw,93%
1979,【スカッとする話】夫の社長退任祝いで、夫「好きな人ができた。離婚してくれ」私「いいよ！はい、離婚届」離婚後、夫と再婚した20歳の新入社員に私「あ、言い忘れてたけど…」ある事実を告げると2人は発狂し..,https://www.youtube.com/watch?v=faMNblUzAj0,4.7万回視聴 / 3 年前,涙涙の感動秘話,https://www.youtube.com/channel/UCw8V3AM_HqmSsQ8pzANLt8Q,1 年前,0 回視聴,【スカッとする話】夫の社長退任祝いで、夫「好きな人ができた。離婚してくれ」私「いいよ！はい、離婚届」離婚後、夫と再婚した20歳の新入社員に私「あ、言い忘れてたけど…」ある事実を告げると2人は,https://www.youtube.com/watch?v=fFK3vpzHhww,98%
1980,【スカッとする話】ハネムーン先で目覚めると夫と社長令嬢の浮気相手が真っ最中...夫の財布とパスポートを持って勝手に帰国し海外に閉じ込めてやった結果w,https://www.youtube.com/watch?v=z-k8D-43D14,6万回視聴 / 2 年前,涙涙の感動秘話#020,https://www.youtube.com/channel/UCcgsuy8cRj4Bu6uKrSw4Bsw,2 年前,120回視聴,【スカッとする話】ハネムーン先で目覚めると夫と社長令嬢の浮気相手が真っ最中...夫の財布とパスポートを持って勝手に帰国し海外に閉じ込めてやった結果w,https://www.youtube.com/watch?v=Aemc8JiXyfo,100%
1981,【スカッとする話】病気の夫を支え続けた私に離婚届を突きつけてきた夫「20歳年下の彼女が出来たから離婚でw」私「いいよ、はい離婚届け！」家を売却し引っ越すと、夫は一生後悔する結果に...【修羅場】,https://www.youtube.com/watch?v=H2raB2wCmFg,3万回視聴 / 3 年前,涙涙の感動秘話#020,https://www.youtube.com/channel/UCcgsuy8cRj4Bu6uKrSw4Bsw,2 年前,108回視聴,【スカッとする話】病気の夫を支え続けた私に離婚届を突きつけてきた夫「20歳年下の彼女が出来たから離婚でw」私「いいよ、はい離婚届け！」家を売却し引っ越すと、夫は一生後悔する結果に...,https://www.youtube.com/watch?v=LjzyKDSGN7E,100%
1982,【スカッとする話】夫が出張に行った途端、5歳の娘が突然私に衝撃発言「今のうちにパパと離婚して！」私「はい？」理由を聞いて私は慌てて警察に通報した結果【修羅場】,https://www.youtube.com/watch?v=Gujab48F13I,5.2万回視聴 / 3 年前,涙涙の感動秘話#027,https://www.youtube.com/channel/UCaG47XV_nZwVW3gXj0T_aFw,2 年前,"1,241回視聴",【スカッとする話】夫が出張に行った途端、5歳の娘が突然私に衝撃発言「今のうちにパパと離婚して！」私「はい？」理由を聞いて私は慌てて警察に通報した結果,https://www.youtube.com/watch?v=UkNqw9wXJtI,100%
1983,【スカッとする話】法事中にペットカメラを確認すると、私の寝室で夫と姉が真っ最中…両家親族一同を車に乗せて現場に突撃してやった結果w,https://www.youtube.com/watch?v=KyZqEQsQCrs,2.6万回視聴 / 2 年前,涙涙の感動秘話#027,https://www.youtube.com/channel/UCaG47XV_nZwVW3gXj0T_aFw,2 年前,294回視聴,【スカッとする話】法事中にペットカメラを確認すると、私の寝室で夫と姉が真っ最中…両家親族一同を車に乗せて現場に突撃してやった結果w,https://www.youtube.com/watch?v=30NNKZqRrj0,100%
1984,【スカッとする話】深夜に母が倒れ夫と病院へ...私「急いで車出して！」夫「...はーい」だが、なぜか道中の海岸で置き去りに、夫「俺様に命令した罰だw」3時間後、病院に着くと血だらけの夫がw,https://www.youtube.com/watch?v=OaIj_8vvCdo,2.8万回視聴 / 2 年前,涙涙の感動秘話#027,https://www.youtube.com/channel/UCaG47XV_nZwVW3gXj0T_aFw,2 年前,99回視聴,【スカッとする話】深夜に母が倒れ夫と病院へ...私「急いで車出して！」夫「...はーい」だが、なぜか道中の海岸で置き去りに、夫「俺様に命令した罰だw」3時間後、病院に着くと血だらけの夫がw,https://www.youtube.com/watch?v=JGIvGCe1sLI,100%
1985,【スカッとする話】炎天下の中、私が倉庫の掃除をしてると鍵をかけ閉じ込めた長男嫁「夜には帰ってくるわねw」３時間後、長男嫁「ただいま...あれ？」扉を開けた嫁はブルブル震えだし..【スカッと】【修羅場】,https://www.youtube.com/watch?v=N8_kIcYB8XA,3万回視聴 / 3 年前,涙涙の感動秘話#027,https://www.youtube.com/channel/UCaG47XV_nZwVW3gXj0T_aFw,2 年前,139回視聴,【スカッとする話】炎天下の中、私が倉庫の掃除をしてると鍵をかけ閉じ込めた長男嫁「夜には帰ってくるわねw」３時間後、長男嫁「ただいま...あれ？」扉を開けた嫁はブルブル震えだし.,https://www.youtube.com/watch?v=ZPxYOPU0Zhc,100%
1986,【スカッとする話】私の入院中に愛人と浮気し妊娠を理由に離婚宣言する夫「家事サボる女とは離婚！慰謝料として家はオレ達が貰うw！」弁護士を交えて話し合い、2人をボコボコにした結果w【修羅場】【スカッと】,https://www.youtube.com/watch?v=wJUURA3MikY,2.1万回視聴 / 3 年前,涙涙の感動秘話#027,https://www.youtube.com/channel/UCaG47XV_nZwVW3gXj0T_aFw,2 年前,374回視聴,【スカッとする話】私の入院中に愛人と浮気し妊娠を理由に離婚宣言する夫「家事サボる女とは離婚！慰謝料として家はオレ達が貰うw！」弁護士を交えて話し合い、2人をボコボコにした結果w,https://www.youtube.com/watch?v=zHMo09pmu5g,100%
1987,【スカッとする話】育休を終え職場に出社した私が新しい女部長に挨拶すると「あれ？清掃のおばちゃん？邪魔だから床掃除でもしてろw」直後、全社員がブルブル震え出し...,https://www.youtube.com/watch?v=ZWebgSwWOzY,2.7万回視聴 / 3 年前,涙涙の感動秘話#027,https://www.youtube.com/channel/UCaG47XV_nZwVW3gXj0T_aFw,2 年前,16回視聴,【スカッとする話】育休を終え職場に出社した私が新しい女部長に挨拶すると「あれ？清掃のおばちゃん？邪魔だから床掃除でもしてろw」直後、全社員がブルブル震え出し...,https://www.youtube.com/watch?v=aYLK8GNOESE,100%
1988,【スカッとする話】離婚して2週間後、30歳で不妊の私を見下す夫「23歳で若い彼女と再婚したｗ30過ぎたババァは失せろｗ」直後、現れた新しい女を見て大爆笑→私「ご愁傷様ｗ」実は...,https://www.youtube.com/watch?v=Gx1fLUdVHGk,6.6万回視聴 / 2 年前,涙涙の感動秘話#027,https://www.youtube.com/channel/UCaG47XV_nZwVW3gXj0T_aFw,2 年前,"1,340回視聴",【スカッとする話】離婚して2週間後、30歳で不妊の私を見下す夫「23歳で若い彼女と再婚したｗ30過ぎたババァは失せろｗ」直後、現れた新しい女を見て大爆笑→私「ご愁傷様ｗ」実は...,https://www.youtube.com/watch?v=04wDXSHzNKE,100%
1989,【スカッとする話】私が資産200億の不動産王と知らず夫を奪った妹「高級タワマンと金持ち夫頂きw貧乏人は一生パートしてろw」直後、お腹を抱え爆笑した夫→夫「家は全て嫁子のだぞ？」,https://www.youtube.com/watch?v=U8BiBLEX_BE,6.4万回視聴 / 2 年前,涙涙の感動秘話#05,https://www.youtube.com/channel/UCvUC3KFaC3FGcSc6je-74gg,1 年前,0 回視聴,【スカッとする話】私が資産200億の不動産王と知らず夫を奪った妹「高級タワマンと金持ち夫頂きw貧乏人は一生パートしてろw」直後、お腹を抱え爆笑した夫→夫「家は全て嫁子のだぞ？」,https://www.youtube.com/watch?v=n6KGbDFKx8Y,100%
1990,【スカッとする話】顔に火傷を負った私に夫「バケモノは娘の結婚式来んな」私「分かった（後悔するなよ？）」式当日、半狂乱の夫から鬼電がw,https://www.youtube.com/watch?v=Deoah-2sQHA,11万回視聴 / 2 年前,涙涙の感動秘話#05,https://www.youtube.com/channel/UCvUC3KFaC3FGcSc6je-74gg,1 年前,61回視聴,【スカッとする話】顔に火傷を負った私に夫「バケモノは娘の結婚式来んな」私「分かった（後悔するなよ？）」式当日、半狂乱の夫から鬼電がw,https://www.youtube.com/watch?v=7RDylc6auDw,100%
1991,【スカッとする話】年末年始の親族の集まりで20人分のおせちをゴミ箱にぶちまけたエリート夫「親戚にマズイ飯を作るな！」私「私は何も作ってないよ？」夫「え？」実は...,https://www.youtube.com/watch?v=iT0GjRHrB6w,26万回視聴 / 2 年前,満月の夜の秘密トーク,https://www.youtube.com/channel/UCIKdgoY7I_OTzxO6ERTScyQ,1 か月前,0 回視聴,年末年始の親族の集まりで20人分のおせちをゴミ箱にぶちまけたエリート夫「親戚にマズイ飯を作るな！」私「私は何も作ってないよ？」夫「え？」実は..,https://www.youtube.com/watch?v=luix7KZ4K2Y,100%
1992,【スカッと】単身赴任の夫の家へサプライズで行くと記入済みの離婚届が...私「お望み通り提出するか」速攻で提出して携帯解約し家を売却して海外移住した結果w,https://www.youtube.com/watch?v=jcLkESG2h5U,4.7万回視聴 / 2 年前,潮汕鱼小庄,https://www.youtube.com/channel/UC8raI5CKlVfy9JxZhQb2gGA,2 日前,132回視聴,単身赴任の夫の家へサプライズで行くと記入済みの離婚届が…私「お望み通り提出してやるか」速攻で提出して携帯解約し家を売却して海外移住した結果w,https://www.youtube.com/watch?v=LuBq1bTLz44,97%
1993,【スカッとする話】長男夫婦に初孫が生まれ出産祝いに行くと長男嫁「二人は汚いので床でいいですか？w」長男「ジジババは段ボールの上でw」夫「...帰るか」私「うん」速帰宅し→永久に無視した結果w,https://www.youtube.com/watch?v=Y2GawdK7Q9E,10万回視聴 / 2 年前,潮汕鱼小庄,https://www.youtube.com/channel/UC8raI5CKlVfy9JxZhQb2gGA,1 日前,30回視聴,長男夫婦に初孫が生まれ出産祝いに行くと長男嫁「お二人は汚いので床でいいですか？w」長男「ジジババは段ボールの上でw」夫「帰るか…」私「うん」速帰宅し→永久に無視した結果w,https://www.youtube.com/watch?v=paLwWEepddQ,99%
1994,【スカッとする話】夫の連れ子の出産祝いに行くと、連れ子「ババァは戸籍上は他人w赤ちゃん触るなら1回30万払えw」夫「...帰るか」私「うん」速攻で帰宅→永遠に他人扱いした結果w,https://www.youtube.com/watch?v=iWpWDCY4L5o,10万回視聴 / 2 年前,澄澄推文,https://www.youtube.com/channel/UCPiiBm-GGD3QxAn9wS4fu6w,8 日前,1 回視聴,夫の連れ子の出産祝いに行くと、連れ子「ババアは戸籍上は他人w赤ちゃんに触るなら1回30万払えw」夫「帰るか…」私「うん…」速攻で帰宅→永遠に他人扱いした結果w,https://www.youtube.com/watch?v=RkIGm52gqoQ,98%
1995,【スカッとする話】私が長男に月10万仕送りしてるとも知らず新築に引越す長男嫁「ババアの全てが大嫌い！家族だけで暮らすから出てけ！」即絶縁して、あらゆる名義を変更した結果w【修羅場】【スカッと】,https://www.youtube.com/watch?v=FCdlxHtcEDY,7.2万回視聴 / 3 年前,熊谷 まどか,https://www.youtube.com/channel/UCnzlVEV5tWMxaWVvuyvVnyg,2 年前,0 回視聴,【修羅場な話】 私が長男に月10万仕送りしてるとも知らず新築に引越す長男嫁「ババアの全てが大嫌い！家族だけで暮らすから出てけ！」即絶縁して、あらゆる名義を変更した結果,https://www.youtube.com/watch?v=m-Mdd2VMcoY,100%
1996,【スカッとする話】毎日9時間義母の介護で倒れた私に夫「介護すらできないなら離婚wこれからは愛人に任せるw」私「いいけど後悔しない？」夫「しねぇよw」1週間後w【朗読】【スカッと】,https://www.youtube.com/watch?v=9TulrMzmHr8,5.7万回視聴 / 9 か月前,物語の種4790,https://www.youtube.com/channel/UCXZhzByjURSWdDif9npDpSg,2 か月前,350回視聴,毎日9時間義母の介護で倒れた私に夫「介護すらできないなら離婚wこれからは愛人に任せるw」私「いいけど後悔しない？」夫「しねぇよw」1週間後w,https://www.youtube.com/watch?v=CEwBoH_R_Ns,100%
1997,【スカッとする話】義両親に蹴られ骨折した私に夫「寝かせとけば治るw」翌日、病室に嘲笑いに来た義家族「あれ、嫁は？w」医師「警察署です」義家族「え？」【朗読】【スカッと】,https://www.youtube.com/watch?v=p4pyD9SD1Tk,8.1万回視聴 / 2 か月前,物語の種4790,https://www.youtube.com/channel/UCXZhzByjURSWdDif9npDpSg,1 か月前,71回視聴,義両親に蹴られ骨折した私に夫「寝かせとけば治るw」翌日、病室に嘲笑いに来た義家族「あれ、嫁は？w」医師「警察署です」義家族「え？」,https://www.youtube.com/watch?v=DeXfExBbd1Y,100%
1998,【スカッとする話】私が離婚届に署名すると、満面の笑みで大喜びする義家族。新しい嫁を迎えた1週間後、電気・ガス・水道が止まると急に義家族が焦り出しw【朗読】【スカッと】,https://www.youtube.com/watch?v=cVe3XmXeRuE,14万回視聴 / 4 か月前,物語の種4935,https://www.youtube.com/channel/UC_xUSyO8msUP5jQSdc2-D1g,2 か月前,1 回視聴,私が離婚届に署名すると、満面の笑みで大喜びする義家族。新しい嫁を迎えた1週間後、電気・ガス・水道が止まると急に義家族が焦り出しw,https://www.youtube.com/watch?v=P8VqKzucFT4,100%
1999,【スカッとする話】義両親に蹴られ骨折した私に夫「寝かせとけば治るw」翌日、病室に嘲笑いに来た義家族「あれ、嫁は？w」医師「警察署です」義家族「え？」【朗読】【スカッと】,https://www.youtube.com/watch?v=p4pyD9SD1Tk,8.1万回視聴 / 2 か月前,物語の種4935,https://www.youtube.com/channel/UC_xUSyO8msUP5jQSdc2-D1g,2 か月前,2回視聴,義両親に蹴られ骨折した私に夫「寝かせとけば治るw」翌日、病室に嘲笑いに来た義家族「あれ、嫁は？w」医師「警察署です」義家族「え？」,https://www.youtube.com/watch?v=cMspdKyidWI,100%
2000,【スカッと】長男夫婦がお盆に帰省し私が店を予約すると長男嫁「何この汚い店w年金生活の貧乏ババァじゃ仕方ないかw」直後、普段温厚な夫→夫「調子乗るなよガキが」長男嫁「え？」,https://www.youtube.com/watch?v=LXxfsTZeuZU,11万回視聴 / 2 年前,物語の空,https://www.youtube.com/channel/UCKajeOgrK7jmpx2dRLtVjIQ,1 年前,6回視聴,【LINE】長男夫婦がお盆に帰省し私が店を予約すると長男嫁「何この汚い店w年金生活の貧乏ババアじゃ仕方ないかw」→直後、普段温厚な夫「調子乗るなよガキが」長男嫁「え？」【スカッとする話】,https://www.youtube.com/watch?v=7Ofb__QiooQ,98%
2001,【スカッとする話】9年前に離別した息子が亡くなり、すぐに葬儀場へ足を運んだ私。祭壇の前に立つ男を見た直後、私「そんな、嘘でしょ…」実は【朗読】【スカッと】,https://www.youtube.com/watch?v=_VNnKc5IcKc,3.1万回視聴 / 4 か月前,物語チャンネル 5693,https://www.youtube.com/channel/UCFEMckiarNY3cQZ0aMygl3w,3 週間前,41回視聴,【スカッとする話】9年前に離別した息子が亡くなり、すぐに葬儀場へ足を運んだ私。祭壇の前に立つ男を見た直後、私「そんな、嘘でしょ…」実は【朗読】【スカッと】,https://www.youtube.com/watch?v=3U-WfLrsXgg,100%
2002,【スカッとする話】息子「話は全部嫁から聞いたぞ！」突然息子に殴られ緊急搬送。黙って引越すと3ヶ月後、ある音声が公開され息子夫婦は崩壊し…w【朗読】【スカッと】,https://www.youtube.com/watch?v=aPIIWPYrC-A,5.9万回視聴 / 11 か月前,物語チャンネル 5693,https://www.youtube.com/channel/UCFEMckiarNY3cQZ0aMygl3w,3 週間前,22回視聴,【スカッとする話】息子「話は全部嫁から聞いたぞ！」突然息子に殴られ緊急搬送。黙って引越すと3ヶ月後、ある音声が公開され息子夫婦は崩壊し…w【朗読】【スカッと】,https://www.youtube.com/watch?v=Bu76qlAQ1B8,100%
2003,【スカッとする話】披露宴の感動スピーチで息子「母親は一家の恥でしたw」夫「ママが役立たずですまんw」一同大爆笑。即帰宅し姿を消すと2人から鬼電→私「私に家族はいませんが？」【朗読】【スカッと】,https://www.youtube.com/watch?v=byxcDsjO6Vs,6.6万回視聴 / 10 か月前,物語チャンネル 5693,https://www.youtube.com/channel/UCFEMckiarNY3cQZ0aMygl3w,2 週間前,78回視聴,【スカッとする話】披露宴の感動スピーチで息子「母親は一家の恥でしたw」夫「ママが役立たずですまんw」一同大爆笑。即帰宅し姿を消すと2人から鬼電→私「私に家族はいませんが？」【朗読】【スカッと】,https://www.youtube.com/watch?v=R3nKMM_u9hk,100%
2004,【スカッとする話】正月に親戚の集まりで長男嫁にだけ席を用意しない私。親戚「最低！それでも家族か！」夫「俺達に家族はいないぞ？」一同「え？」実は…【朗読】【スカッと】,https://www.youtube.com/watch?v=stThz-8uQrM,3.1万回視聴 / 1 か月前,物語チャンネル 5693,https://www.youtube.com/channel/UCFEMckiarNY3cQZ0aMygl3w,3 週間前,22回視聴,【スカッとする話】正月に親戚の集まりで長男嫁にだけ席を用意しない私。親戚「最低！それでも家族か！」夫「俺達に家族はいないぞ？」一同「え？」実は…【朗読】【スカッと】,https://www.youtube.com/watch?v=F5v2U4oKrsU,100%
2005,【スカッとする話】長期旅行から帰宅すると息子夫婦「父さんは認知症で施設に入れたw」私はすぐに施設を訪ねると、夫から衝撃の一言が…【朗読】【スカッと】,https://www.youtube.com/watch?v=YcsIuK4bGvk,4.1万回視聴 / 7 か月前,物語チャンネル 5693,https://www.youtube.com/channel/UCFEMckiarNY3cQZ0aMygl3w,3 週間前,647回視聴,【スカッとする話】長期旅行から帰宅すると息子夫婦「父さんは認知症で施設に入れたw」私はすぐに施設を訪ねると、夫から衝撃の一言が…【朗読】【スカッと】,https://www.youtube.com/watch?v=TFp07yYbaYs,100%
2006,【スカッと総集編】私と夫を嫌う息子夫婦が結婚祝いでケーキを買ってきた。私（…怪しい…よね？）夫（…だな）息子嫁の皿とこっそり交換すると嫁が泡を吹いて震えだし…,https://www.youtube.com/watch?v=jGBUlT4xFRs,8.1万回視聴 / 1 年前,物語チャンネル 5693,https://www.youtube.com/channel/UCFEMckiarNY3cQZ0aMygl3w,3 週間前,72回視聴,【スカッとする話】私と夫を嫌う息子夫婦が結婚祝いでケーキを買ってきた。私（…怪しい…よね？）夫（…だな）息子嫁の皿とこっそり交換すると嫁が泡を吹いて震えだし…,https://www.youtube.com/watch?v=tO-FEB2Eb_8,100%
2007,【感動する話】祖父が亡くなり放置された家に行くと綺麗に掃除されていた…。父「すみません…出て行きます」ボロボロの父娘が住み着いてたのでそのまま住んでもらうと…【朗読】,https://www.youtube.com/watch?v=Vx6NjwFK4ZQ,5.1万回視聴 / 11 か月前,物語チャンネル 5693,https://www.youtube.com/channel/UCFEMckiarNY3cQZ0aMygl3w,2 週間前,77回視聴,【スカッとする話】祖父が亡くなり放置された家に行くと綺麗に掃除されていた…。父「すみません…出て行きます」ボロボロの父娘が住み着いてたのでそのまま住んでもらうと…【朗読】,https://www.youtube.com/watch?v=RHi1KxrlLJo,100%
2008,【スカッと総集編】夫と義両親に招待され高級寿司屋へ行くと、なぜか私だけ強制的に別室に案内。大将「今すぐ裏口からお逃げください！」明かされた衝撃の事実を知り、私は慌てて寿司屋を飛び出し【スカッとする話】,https://www.youtube.com/watch?v=m6PL4_0i4yI,6.7万回視聴 / 3 年前,猫耳スカッと劇場,https://www.youtube.com/channel/UCbQTA8mN_UV80GZ34QTOAhA,2 年前,"16,671回視聴",【スカッとする話】部長に招待され高級寿司屋へ行くと、なぜか俺だけ強制的に別室に案内された。大将「今すぐお逃げください！裏口へどうぞ」明かされた驚愕の事実を知り、俺が慌てて店を飛び出した結果【修羅場】,https://www.youtube.com/watch?v=zf-fVBFSCYk,76%
2009,【スカッとする話】私の両親を侮辱した義母に私「義実家と絶縁させていただきます。親戚とも今後一切会いません。」夫「じゃあ離婚だw出てけw」3日後、涙を流した夫から鬼電がw,https://www.youtube.com/watch?v=-DJHSErvh0c,10万回視聴 / 1 年前,生活ドラマ館,https://www.youtube.com/channel/UCY-_AFznihtulp3Z-fmudzQ,8 日前,5回視聴,田舎の貧しく病気の私の両親を侮辱した義母に、私「義実家と絶縁させていただきます。親戚とも今後一切会いません。」夫「じゃあ離婚だw出てけw」→3日後、涙を流した夫から鬼電がw,https://www.youtube.com/watch?v=hHr-sS50d9E,94%
2010,【スカッとする話】私が夫の入院費を払ってると知らず私の荷物を全て捨てた夫の連れ子「もうパパに寄生するなw」連れ子を残し1億のタワマンに引越し入院費の支払いも止めた結果w,https://www.youtube.com/watch?v=JaGjTAkTfxQ,30万回視聴 / 2 年前,略奪女,https://www.youtube.com/channel/UCLFhnTFllQFADQfgvPAtGfQ,1 か月前,9回視聴,私が夫の入院費を払ってると知らず私の荷物を全て捨てた夫の連れ子「もうパパに寄生するなw」→連れ子を残し1億のタワマンに引っ越し入院費の支払いも止めた結果ｗ,https://www.youtube.com/watch?v=k0j-LsxePhY,99%
2011,【スカッとする話】私が夫の入院費を払ってると知らず私の荷物を全て捨てた夫の連れ子「もうパパに寄生するなw」連れ子を残し1億のタワマンに引越し入院費の支払いも止めた結果w,https://www.youtube.com/watch?v=JaGjTAkTfxQ,30万回視聴 / 2 年前,略奪女を成敗する,https://www.youtube.com/channel/UCJp73l8_hVv3B87urdWKPQA,1 か月前,2回視聴,私が夫の入院費を払ってると知らず私の荷物を全て捨てた夫の連れ子「もうパパに寄生するなw」→連れ子を残し1億のタワマンに引っ越し入院費の支払いも止めた結果ｗ,https://www.youtube.com/watch?v=5HXJqNSX7Ds,99%
2012,【スカッとする話】1億のピアノがある金持ち自慢の婚約者の実家へ結婚挨拶に行くと、婚約者「俺達の家政婦連れてきたよw」義父「貧乏な顔w親の顔が見たいw」父「どうも、家政婦の父です」,https://www.youtube.com/watch?v=a5lS8StIZwA,17万回視聴 / 2 年前,痛快!!怒りのスカッとチャンネル【スカッと朗読】,https://www.youtube.com/channel/UC96mO8pXAaiP70V7KUjVHqg,1 年前,43回視聴,【朗読】1億のピアノがある金持ち自慢の婚約者の実家へ結婚挨拶に行くと、婚約者「俺達の家政婦連れてきたよw」義父「貧乏な顔w親の顔が見たいw」父「どうも、家政婦の父です」【スカッと】【修羅場】,https://www.youtube.com/watch?v=3wZGVaBCuJQ,100%
2013,【スカッとする話】単身赴任から帰った夫のスーツからなぜか記入済みの離婚届と女の写真が...私「お望み通り離婚するか」速攻で提出して家を引越し携帯解約して姿を消した結果w【スカッと】【朗読】,https://www.youtube.com/watch?v=IU6rXBY6Itc,1.7万回視聴 / 2 年前,痛快!!怒りのスカッとチャンネル【スカッと朗読】,https://www.youtube.com/channel/UC96mO8pXAaiP70V7KUjVHqg,1 年前,12回視聴,【スカッと】単身赴任から帰った夫のスーツから記入済みの離婚届と女の写真が…私「お望み通り離婚するか」速攻で提出して家を引越し携帯解約して姿を消した結果w【修羅場】,https://www.youtube.com/watch?v=9u8rDWBI9JY,98%
2014,【スカッとする話】夫の連れ子の出産祝いに行くと、連れ子「ババァは戸籍上は他人w赤ちゃん触るなら1回30万払えw」夫「...帰るか」私「うん」速攻で帰宅→永遠に他人扱いした結果w,https://www.youtube.com/watch?v=iWpWDCY4L5o,10万回視聴 / 2 年前,痛快!!怒りのスカッとチャンネル【スカッと朗読】,https://www.youtube.com/channel/UC96mO8pXAaiP70V7KUjVHqg,1 年前,986回視聴,【修羅場】夫の連れ子の出産祝いに行くと、連れ子「ババアは戸籍上は他人w赤ちゃんに触るなら1回30万払えw」夫「帰るか…」私「うん…」速攻で帰宅→永遠に他人扱いした結果w【スカッと】【朗読】,https://www.youtube.com/watch?v=xyFMhiAxoNU,98%
2015,【スカッとする話】夫を略奪した姉から結婚式の招待状が届くと、父「母さんと2人で行くよ」母「地獄を見せてくるわね」普段温厚な両親がこの後...w,https://www.youtube.com/watch?v=g4FVXeIsDTQ,14万回視聴 / 2 年前,痛快!!怒りのスカッとチャンネル【スカッと朗読】,https://www.youtube.com/channel/UC96mO8pXAaiP70V7KUjVHqg,1 年前,20回視聴,【修羅場】夫を略奪した姉から結婚式の招待状が届くと、父「母さんと2人で行くよ」母「地獄を見せてくるわね」普段温厚な両親がこの後…w【朗読】,https://www.youtube.com/watch?v=704G8Q4fTlM,100%
2016,【スカッとする話】孫の七五三のお祝いに親戚一同と行くと私だけ席がない...長男嫁「他人の席は無いから立ってればw」私「じゃ帰るか」親戚一同「うん」全員で帰宅した結果w,https://www.youtube.com/watch?v=bI91wh-7IMg,19万回視聴 / 2 年前,痛快!!怒りのスカッとチャンネル【スカッと朗読】,https://www.youtube.com/channel/UC96mO8pXAaiP70V7KUjVHqg,1 年前,39回視聴,【スカッと】孫の七五三のお祝いに親戚一同と行くと私だけ席がない…長男嫁「他人の席は無いから立ってればw」私「じゃ帰るか」親戚一同「うん」全員で帰宅した結果w【修羅場】,https://www.youtube.com/watch?v=4_x4CtcujZ0,100%
2017,【スカッとする話】愛人と隠し子を連れ帰宅した夫「息子はお前にやる！離婚だ！」息子「母さんとは離婚出来ないよ？だって...」息子の衝撃の一言で夫と愛人が半狂乱にw,https://www.youtube.com/watch?v=E6hGGRc68uY,15万回視聴 / 2 年前,痛快!!怒りのスカッとチャンネル【スカッと朗読】,https://www.youtube.com/channel/UC96mO8pXAaiP70V7KUjVHqg,1 年前,116回視聴,【スカッと】愛人と隠し子を連れ帰宅した夫「息子はお前にやる!!離婚だ!!」息子「母さんとは離婚出来ないよ？だって父さんは…」息子の衝撃の一言で夫と愛人が半狂乱にw【修羅場】,https://www.youtube.com/watch?v=kM9WOXXZV2E,97%
2018,【スカッとする話】母の葬儀中に夫から電話「親戚の集まりなのにサボるな！親の葬儀とか知るか今すぐ来い」私「分かりました」喪服のまま駆け付けた結果ｗ,https://www.youtube.com/watch?v=wdxUcG1tem8,20万回視聴 / 2 年前,痛快!!怒りのスカッとチャンネル【スカッと朗読】,https://www.youtube.com/channel/UC96mO8pXAaiP70V7KUjVHqg,1 年前,27回視聴,【スカッと】母の葬儀中に夫から電話「親戚達の集まりなのにサボるな!!親の葬儀とか知るか今すぐ来い」私「分かりました」喪服のまま駆け付け吊し上げた結果w【修羅場】,https://www.youtube.com/watch?v=DgbiU0EwjXk,96%
2019,【スカッとする話】私が義母の入院費を払ってると知らず新居に引っ越した夫「寄生虫は施設でもいけw」1億の高級施設に引越し入院費の支払も止めた結果w,https://www.youtube.com/watch?v=hRCh_bWpcgg,10万回視聴 / 2 年前,痛快!!怒りのスカッとチャンネル【スカッと朗読】,https://www.youtube.com/channel/UC96mO8pXAaiP70V7KUjVHqg,1 年前,23回視聴,【スカッと】私が義母の入院費を払ってると知らず新居に引っ越した夫「寄生虫は施設でもいけw」1億の高級施設に引越し入院費の支払も止めた結果w【修羅場】,https://www.youtube.com/watch?v=agja1b2k0kA,100%
2020,【スカッとする話】自ら命を絶った夫が亡くなり1週間後、私宛に夫から手紙が届いた...手紙「両親に見つからず読んでくれ」そこに記された場所に行き同封の鍵でコインロッカーを開けると...,https://www.youtube.com/watch?v=9kcEIi88egw,23万回視聴 / 2 年前,痛快!!怒りのスカッとチャンネル【スカッと朗読】,https://www.youtube.com/channel/UC96mO8pXAaiP70V7KUjVHqg,1 年前,228回視聴,【スカッと】自ら命を絶った夫が亡くなり1週間後、私宛に夫から手紙が届いた…手紙「両親に見つからず読んでくれ」そこに記された場所に行き同封の鍵でコインロッカーを開けると【修羅場】,https://www.youtube.com/watch?v=FlhRKKQBjDM,100%
2021,【スカッとする話】親友の出産祝いで産婦人科へ行くと新生児の父親がまさかの夫だった...。私「おめでと！赤ちゃん可愛いね！」速攻で帰宅し夫の荷物を全て捨て、家を売り払い引越した結果w,https://www.youtube.com/watch?v=7Pz5jiUvSnQ,5万回視聴 / 2 年前,痛快!!怒りのスカッとチャンネル【スカッと朗読】,https://www.youtube.com/channel/UC96mO8pXAaiP70V7KUjVHqg,1 年前,129回視聴,【修羅場】親友の出産祝いで産婦人科へ行くと新生児の父親がまさかの夫だった…私「おめでと!!赤ちゃん可愛いね!!」速攻で帰宅し夫の荷物を全て捨て、家を売り払い引越した結果w【朗読】,https://www.youtube.com/watch?v=i-Nr1quSmAM,100%
2022,【スカッと総集編】単身赴任から帰った夫のスーツからなぜか記入済みの離婚届と女の写真が...私「お望み通り離婚するか」速攻で提出して家を引越し携帯解約して姿を消した結果w,https://www.youtube.com/watch?v=fxMlGLR3n4g,10万回視聴 / 2 年前,痛快!!怒りのスカッとチャンネル【スカッと朗読】,https://www.youtube.com/channel/UC96mO8pXAaiP70V7KUjVHqg,1 年前,12回視聴,【スカッと】単身赴任から帰った夫のスーツから記入済みの離婚届と女の写真が…私「お望み通り離婚するか」速攻で提出して家を引越し携帯解約して姿を消した結果w【修羅場】,https://www.youtube.com/watch?v=9u8rDWBI9JY,98%
2023,【スカッと】長男夫婦がお盆に帰省し私が店を予約すると長男嫁「何この汚い店w年金生活の貧乏ババァじゃ仕方ないかw」直後、普段温厚な夫→夫「調子乗るなよガキが」長男嫁「え？」,https://www.youtube.com/watch?v=LXxfsTZeuZU,11万回視聴 / 2 年前,発見の旅,https://www.youtube.com/channel/UCZDB39yszaBHpO-1aKIP47w,7 か月前,0 回視聴,【LINE】長男夫婦がお盆に帰省し私が店を予約すると長男嫁「何この汚い店w年金生活の貧乏ババアじゃ仕方ないかw」→直後、普段温厚な夫「調子乗るなよガキが」長男嫁「え？」【スカッとする話】,https://www.youtube.com/watch?v=MyT8AkN0yqo,98%
2024,【スカッと】長男夫婦がお盆に帰省し私が店を予約すると長男嫁「何この汚い店w年金生活の貧乏ババァじゃ仕方ないかw」直後、普段温厚な夫→夫「調子乗るなよガキが」長男嫁「え？」,https://www.youtube.com/watch?v=LXxfsTZeuZU,11万回視聴 / 2 年前,真夜中の会話,https://www.youtube.com/channel/UCDVUMugcBGbPNOgvDic_9aQ,6 か月前,2回視聴,【LINE】長男夫婦がお盆に帰省し私が店を予約すると長男嫁「何この汚い店w年金生活の貧乏ババアじゃ仕方ないかw」→直後、普段温厚な夫「調子乗るなよガキが」長男嫁「え？」【スカッとする話】,https://www.youtube.com/watch?v=bwI6QtgQOnw,98%
2025,【スカッとする話】30年連れ添った夫と離婚すると、義母「引っ越しはまだ？」夫「早く出てけ」私「30分後に消えます」荷物が運ばれ私が車に乗ると→義母「え？何なのこの高級車は？」,https://www.youtube.com/watch?v=Tlkag3rVT5s,18万回視聴 / 2 年前,真夜中の会話,https://www.youtube.com/channel/UCDVUMugcBGbPNOgvDic_9aQ,5 か月前,7回視聴,【LINE】30年連れ添った夫と離婚すると、義母「引っ越しはまだ？早く出てけ」私「30分後に消えます」→30分後、荷物が運ばれ私が車に乗ると…,https://www.youtube.com/watch?v=b0xwNy98bKo,86%
2026,【スカッと】長男夫婦がお盆に帰省し私が店を予約すると長男嫁「何この汚い店w年金生活の貧乏ババァじゃ仕方ないかw」直後、普段温厚な夫→夫「調子乗るなよガキが」長男嫁「え？」,https://www.youtube.com/watch?v=LXxfsTZeuZU,11万回視聴 / 2 年前,社内,https://www.youtube.com/channel/UCILh-bsoUcf7VfLLt05RTqg,11 日前,1 回視聴,長男夫婦がお盆に帰省し私が店を予約すると長男嫁「何この汚い店w年金生活の貧乏ババアじゃ仕方ないかw」→直後、普段温厚な夫「調子乗るなよガキが」長男嫁「え？」,https://www.youtube.com/watch?v=7PBMTzE53Kg,98%
2027,【スカッとする話】医者の夫を奪ったママ友「年収3千万の医者の旦那くんの子供出来たw3ヶ月後の結婚式来てねw」私「わかった」（年収3千万の医者は私なんだけど黙っとこw）3ヶ月後w【スカッと】【朗読】,https://www.youtube.com/watch?v=B-nqblWpeIE,5.4万回視聴 / 2 年前,社内,https://www.youtube.com/channel/UCILh-bsoUcf7VfLLt05RTqg,5 日前,0 回視聴,私の夫を奪ったママ友「年収3000万の医者の旦那くんの子供できたw3ヶ月後の結婚式来てねw」→私「分かった（年収3000万の医者は私だけど黙っとこ）」3ヶ月後w,https://www.youtube.com/watch?v=f-bRH-VKdRE,86%
2028,【スカッとする話】臨月の私を家庭用サウナに閉じこめ5泊7日の温泉旅行に出かけたエリート義両親「私達から息子を奪った罰よw」7日後、帰宅した義父が腐敗臭に気づき慌ててサウナの扉を開けると..【スカッと】,https://www.youtube.com/watch?v=5AbXeqqVHY4,2.1万回視聴 / 2 年前,禁断の夜の物語5058,https://www.youtube.com/channel/UC0R_ioHMpdenQeM-LkNi5Rw,1 か月前,17回視聴,臨月の私を家庭用サウナに閉じこめ5泊7日の温泉旅行に出かけたエリート義両親「私達から息子を奪った罰よw」7日後、帰宅した義父が腐敗臭に気づき慌ててサウナの扉を開けると...,https://www.youtube.com/watch?v=882vedtK7pc,100%
2029,【スカッと総集編】夫が土下座「20歳の愛人が妊娠した！離婚してくれ！」私「はい離婚届け。じゃ娘以外は連れてくね」夫「は？娘も連れていけよ」私「無理、だってこの子は…」【スカッとする話】,https://www.youtube.com/watch?v=70JSyEr3ztQ,34万回視聴 / 3 年前,禁断の夜の物語5058,https://www.youtube.com/channel/UC0R_ioHMpdenQeM-LkNi5Rw,1 か月前,4回視聴,夫が土下座「20歳の愛人が妊娠した！離婚してくれ！」私「はい離婚届け。じゃ娘以外は連れてくね」夫「は？娘も連れていけよ」私「無理、だってこの子は…」,https://www.youtube.com/watch?v=gZE_1fkNd8E,100%
2030,【スカッと総集編】臨月の私を家庭用サウナに閉じこめ5泊7日の温泉旅行に出かけたエリート義両親「私達から息子を奪った罰よw」7日後、帰宅した義父が腐敗臭に気づき慌ててサウナの扉を開けると...,https://www.youtube.com/watch?v=LPY1ke7gWfI,11万回視聴 / 2 年前,禁断の夜の物語5058,https://www.youtube.com/channel/UC0R_ioHMpdenQeM-LkNi5Rw,1 か月前,17回視聴,臨月の私を家庭用サウナに閉じこめ5泊7日の温泉旅行に出かけたエリート義両親「私達から息子を奪った罰よw」7日後、帰宅した義父が腐敗臭に気づき慌ててサウナの扉を開けると...,https://www.youtube.com/watch?v=882vedtK7pc,100%
2031,【スカッと】長男夫婦がお盆に帰省し私が店を予約すると長男嫁「何この汚い店w年金生活の貧乏ババァじゃ仕方ないかw」直後、普段温厚な夫→夫「調子乗るなよガキが」長男嫁「え？」,https://www.youtube.com/watch?v=LXxfsTZeuZU,11万回視聴 / 2 年前,私の人生,https://www.youtube.com/channel/UClVoQ7_nEzTeZHVhz86QgBA,4 か月前,16回視聴,【LINE】長男夫婦がお盆に帰省し私が店を予約すると長男嫁「何この汚い店w年金生活の貧乏ババアじゃ仕方ないかw」→直後、普段温厚な夫「調子乗るなよガキが」長男嫁「え？」【スカッとする話】,https://www.youtube.com/watch?v=Mj13H6Y-XoQ,98%
2032,【スカッとする話】30年連れ添った夫と離婚すると、義母「引っ越しはまだ？」夫「早く出てけ」私「30分後に消えます」荷物が運ばれ私が車に乗ると→義母「え？何なのこの高級車は？」,https://www.youtube.com/watch?v=Tlkag3rVT5s,18万回視聴 / 2 年前,私の人生,https://www.youtube.com/channel/UClVoQ7_nEzTeZHVhz86QgBA,4 か月前,17回視聴,【LINE】30年連れ添った夫と離婚すると、義母「引っ越しはまだ？早く出てけ」私「30分後に消えます」→30分後、荷物が運ばれ私が車に乗ると…,https://www.youtube.com/watch?v=oAVO2wiPNoc,86%
2033,【スカッとする話】医者の夫を奪ったママ友「年収3千万の医者の旦那くんの子供出来たw3ヶ月後の結婚式来てねw」私「わかった」（年収3千万の医者は私なんだけど黙っとこw）3ヶ月後w【スカッと】【朗読】,https://www.youtube.com/watch?v=B-nqblWpeIE,5.4万回視聴 / 2 年前,私の人生,https://www.youtube.com/channel/UClVoQ7_nEzTeZHVhz86QgBA,4 か月前,"1,068回視聴",【LINE】私の夫を奪ったママ友「年収3000万の医者の旦那くんの子供できたw3ヶ月後の結婚式来てねw」→私「分かった（年収3000万の医者は私だけど黙っとこ）」3ヶ月後w,https://www.youtube.com/watch?v=WkfypvVEy3M,86%
2034,【スカッとする話】79歳の義父が亡くなり義母と旅行中の夫に連絡すると…夫「旅行中は電話してくんな！」義母「次連絡したら絶縁よ！」私（義父の葬儀も黙っとこ…）黙って永久に姿を消すと…w,https://www.youtube.com/watch?v=naqQMZogqf0,2.8万回視聴 / 1 年前,秘密と嘘の家 5436,https://www.youtube.com/channel/UCFu4mcOSv2LuCDSSbnFcMXw,3 週間前,1 回視聴,【スカッとする話】79歳の義父が亡くなり義母と旅行中の夫に連絡すると…夫「旅行中は電話してくんな！」義母「次連絡したら絶縁よ！」私（義父の葬儀も黙っとこ…）黙って永久に姿を消すと…w,https://www.youtube.com/watch?v=kH1BtGWqAqA,100%
2035,【スカッとする話】夫と義実家までバスで向かうと降車直前、私の腕をつかんだ運転手「ここで降りたら終わるよ。次のバス停で逃げなさい」理由を知った私は血の気が引いて…【朗読】【スカッと】,https://www.youtube.com/watch?v=79m-CwHxGq8,11万回視聴 / 6 か月前,秘密と嘘の家 5436,https://www.youtube.com/channel/UCFu4mcOSv2LuCDSSbnFcMXw,4 週間前,2回視聴,【スカッとする話】夫と義実家までバスで向かうと降車直前、私の腕をつかんだ運転手「ここで降りたら終わるよ。次のバス停で逃げなさい」理由を知った私は血の気が引いて…【朗読】【スカッと】,https://www.youtube.com/watch?v=8Clnu3-khJc,100%
2036,【スカッとする話】娘の寝室に入り5時間出てこない義父。不審に思った私と夫が静かに扉を開けた瞬間、私たちは顔面蒼白に…【朗読】【スカッと】,https://www.youtube.com/watch?v=nmxjuOeyqQ8,2.3万回視聴 / 7 か月前,秘密と嘘の家 5436,https://www.youtube.com/channel/UCFu4mcOSv2LuCDSSbnFcMXw,3 週間前,1 回視聴,【スカッとする話】娘の寝室に入り5時間出てこない義父。不審に思った私と夫が静かに扉を開けた瞬間、私たちは顔面蒼白に…【朗読】【スカッと】,https://www.youtube.com/watch?v=QrVr4xYpFIs,100%
2037,【スカッとする話】息子のために貯めた800万の進学資金を勝手に義母に渡した夫「ママが家買うから渡したw文句あるなら離婚！」私「OK」息子「今までありがとう！」夫「え？」【朗読】【スカッと】,https://www.youtube.com/watch?v=UMALXNxEZ8g,4.6万回視聴 / 1 か月前,秘密と嘘の家 5436,https://www.youtube.com/channel/UCFu4mcOSv2LuCDSSbnFcMXw,3 週間前,0 回視聴,【スカッとする話】息子のために貯めた800万の進学資金を勝手に義母に渡した夫「ママが家買うから渡したw文句あるなら離婚！」私「OK」息子「今までありがとう！」夫「え？」【朗読】【スカッと】,https://www.youtube.com/watch?v=Fi6_gc_bfxA,100%
2038,【スカッとする話】私「ボーナスとピアノが消えた！」夫「出産祝いで長男嫁に渡した。俺の稼いだ金だし文句ないだろ」私は離婚届を即提出→後日、パニックの長男嫁から鬼電→私「あんた誰？」長男嫁「え？」【修羅場,https://www.youtube.com/watch?v=kiUx3a37Lv4,9万回視聴 / 3 年前,秘密と嘘の家 5436,https://www.youtube.com/channel/UCFu4mcOSv2LuCDSSbnFcMXw,3 週間前,4回視聴,【スカッとする話】私「ボーナスとピアノが消えた！」夫「出産祝いで長男嫁に渡した。俺の稼いだ金だし文句ないだろ」私は離婚届を即提出→後日、パニックの長男嫁から鬼電→私「あんた誰？」長男嫁「え？」【修羅場,https://www.youtube.com/watch?v=1GB5rbgEIk8,100%
2039,【スカッとする話】突然、義妹夫婦を連れてきた義母「今日から皆で暮らすｗ」義妹「文句あるなら出てってねｗ」夫「じゃ引っ越すか」私「お達者で」義母・義妹「え？」,https://www.youtube.com/watch?v=KKvSV1JKlt0,2.9万回視聴 / 1 年前,秘密と嘘の家 5436,https://www.youtube.com/channel/UCFu4mcOSv2LuCDSSbnFcMXw,3 週間前,0 回視聴,【スカッとする話】突然、義妹夫婦を連れてきた義母「今日から皆で暮らすｗ」義妹「文句あるなら出てってねｗ」夫「じゃ引っ越すか」私「お達者で」義母・義妹「え？」,https://www.youtube.com/watch?v=iCu14GMdBc8,100%
2040,【スカッとする話】結婚式が終わった途端、夫「給料50万は全部ママに渡すw」義母「お前の稼ぎじゃないからw文句言うなよ」私「そっちもね」私も300万を渡さなかった結果w【朗読】【スカッと】,https://www.youtube.com/watch?v=fUpb642EsOE,2.7万回視聴 / 2 か月前,秘密と嘘の家 5436,https://www.youtube.com/channel/UCFu4mcOSv2LuCDSSbnFcMXw,3 週間前,1 回視聴,【スカッとする話】結婚式が終わった途端、夫「給料50万は全部ママに渡すw」義母「お前の稼ぎじゃないからw文句言うなよ」私「そっちもね」私も300万を渡さなかった結果w【朗読】【スカッと】,https://www.youtube.com/watch?v=lm_cTbWvRd8,93%
2041,【スカッとする話】ハワイへの家族旅行当日、空港に無一文で置き去りにされた私...夫「家族だけで楽しんでくるw」義両親「アンタは野宿でもしてなw」私「はーい」→ホテルで夫と義両親が顔面蒼白にw,https://www.youtube.com/watch?v=f5r1JGa0gr8,14万回視聴 / 2 年前,秘密の代償 5654,https://www.youtube.com/channel/UCuG65MjohkyQV3pw64I00hw,3 週間前,18回視聴,【スカッとする話】ハワイへの家族旅行当日、空港に無一文で置き去りにされた私...夫「家族だけで楽しんでくるw」義両親「アンタは野宿でもしてなw」私「はーい」→ホテルで夫と義両親が顔面蒼白にw,https://www.youtube.com/watch?v=fnGICWOzX3E,100%
2042,【スカッとする話】月20万義実家に入れてた私に夫「長男夫婦と同居するから出てけ」長男嫁「この寄生虫の穀潰しがw」私（こいつら立場わきまえろよw覚悟しとけw）→全ての口座を0円にして引っ越した結果w,https://www.youtube.com/watch?v=ekbycwZ1mzg,10万回視聴 / 3 年前,秘密の代償 5654,https://www.youtube.com/channel/UCuG65MjohkyQV3pw64I00hw,3 週間前,2回視聴,【スカッとする話】月20万義実家に入れてた私に夫「長男夫婦と同居するから出てけ」長男嫁「この寄生虫の穀潰しがw」私（こいつら立場わきまえろよw覚悟しとけw）→全ての口座を0円にして引っ越した結果w,https://www.youtube.com/watch?v=NCALYwryPZs,100%
2043,【スカッとする話】私の事が大嫌いな長男嫁「私達の結婚式も新居にも義両親は絶対来ないで。嫌なら離婚する」私「いいけど、アナタ本当に大丈夫？後悔するよ？」長男嫁「しねぇよw二度と連絡してくんなw」,https://www.youtube.com/watch?v=ol6651I92Qo,7.5万回視聴 / 3 年前,秘密の代償 5654,https://www.youtube.com/channel/UCuG65MjohkyQV3pw64I00hw,2 週間前,20回視聴,【スカッとする話】私の事が大嫌いな長男嫁「私達の結婚式も新居にも義両親は絶対来ないで。嫌なら離婚する」私「いいけど、アナタ本当に大丈夫？後悔するよ？」長男嫁「しねぇよw二度と連絡してくんなw」,https://www.youtube.com/watch?v=1gAvPxWOFho,100%
2044,【スカッとする話】義母の私だけ新築祝いに招待せず引っ越し先すら教えない長男嫁「偽物の母親に個人情報は教えませんw」私「そう、残念ね…」→本物の娘に財産を全て譲った結果w【修羅場】,https://www.youtube.com/watch?v=mOy5nZK4Phw,7.3万回視聴 / 3 年前,秘密の代償 5654,https://www.youtube.com/channel/UCuG65MjohkyQV3pw64I00hw,2 週間前,10回視聴,【スカッとする話】義母の私だけ新築祝いに招待せず引っ越し先すら教えない長男嫁「偽物の母親に個人情報は教えませんw」私「そう、残念ね…」→本物の娘に財産を全て譲った結果w【修羅場】,https://www.youtube.com/watch?v=m-e8c3wArCU,98%
2045,【スカッと総集編】片親で私を育ててくれた年金暮らしの母に10年間毎月仕送り。しかし、同居の長男「たった1万円で偉そうにw」私「15万振り込んでるけど？」長男嫁「え？」【スカッとする話】【修羅場】,https://www.youtube.com/watch?v=B6BAcyasiRk,19万回視聴 / 3 年前,秘密の代償 5654,https://www.youtube.com/channel/UCuG65MjohkyQV3pw64I00hw,3 週間前,14回視聴,【スカッと総集編】片親で私を育ててくれた年金暮らしの母に10年間毎月仕送り。しかし、同居の長男「たった1万円で偉そうにw」私「15万振り込んでるけど？」長男嫁「え？」【スカッとする話】【修羅場】,https://www.youtube.com/watch?v=o_VNtvDU21M,100%
2046,【スカッとする話】私がフルタイムで働き家計を支えていると知らず夫と引っ越した義両親「同居するなら月給80万の息子の新居教えるわw」私「では手取り8万の旦那とは離婚で」義両親「嘘つくなw」結果w,https://www.youtube.com/watch?v=da0XdCuaRR4,13万回視聴 / 2 年前,秘密の重さ 5647,https://www.youtube.com/channel/UCRxTgybyclgid9aIBdIXUVA,2 週間前,2回視聴,【スカッとする話】私がフルタイムで働き家計を支えていると知らず夫と引っ越した義両親「同居するなら月給80万の息子の新居教えるわw」私「では手取り8万の旦那とは離婚で」義両親「嘘つくなw」結果w,https://www.youtube.com/watch?v=fgGZTp2-9So,100%
2047,【スカッとする話】私の月収が300万と知らない義両親。義母「ニートの不妊嫁は出てけw」義父「金目当ての寄生虫だったかw」1年後、公園で元義両親と再会→双子を抱く私を見た義母が半狂乱にw,https://www.youtube.com/watch?v=dFDoMBoHR8w,8.9万回視聴 / 1 年前,秘密の重さ 5647,https://www.youtube.com/channel/UCRxTgybyclgid9aIBdIXUVA,2 週間前,0 回視聴,【スカッとする話】私の月収が300万と知らない義両親。義母「ニートの不妊嫁は出てけw」義父「金目当ての寄生虫だったかw」1年後、公園で元義両親と再会→双子を抱く私を見た義母が半狂乱にw,https://www.youtube.com/watch?v=GRfsdlmNJ-c,100%
2048,【スカッとする話】私名義の4LDKマンションと知らず、強引に私を追い出す姑と義姉「家は貰う！寄生虫は出て行け！」稼ぎ頭の私「わかりました…」→私物を全て回収し、家賃30万の家だけ残した結果w【修羅場】,https://www.youtube.com/watch?v=NAEwCqwiBcg,6.7万回視聴 / 3 年前,秘密の重さ 5647,https://www.youtube.com/channel/UCRxTgybyclgid9aIBdIXUVA,2 週間前,0 回視聴,【スカッとする話】私名義の4LDKマンションと知らず、強引に私を追い出す姑と義姉「家は貰う！寄生虫は出て行け！」稼ぎ頭の私「わかりました…」→私物を全て回収し、家賃30万の家だけ残した結果w【修羅場】,https://www.youtube.com/watch?v=tLvHpUpoMjA,100%
2049,【スカッとする話】長男夫婦に嫌われ続けた私が家を追い出され娘夫婦の家へ。私「数日だけ泊めてほしい」娘婿「お義母さんと一緒に住もう」私「いいの？」→結果【修羅場】,https://www.youtube.com/watch?v=EV4ngUwLNrc,12万回視聴 / 3 年前,秘密の重さ 5647,https://www.youtube.com/channel/UCRxTgybyclgid9aIBdIXUVA,3 週間前,0 回視聴,【スカッとする話】長男夫婦に嫌われ続けた私が家を追い出され娘夫婦の家へ。私「数日だけ泊めてほしい」娘婿「お義母さんと一緒に住もう」私「いいの？」→結果【修羅場】,https://www.youtube.com/watch?v=FXykblgQvlc,95%
2050,【スカッと総集編】3人の連れ子との同居を勝手に決めた夫「あいつらの引越しは済んだか？」私「うん！私の方も新居に引越したとこ！」夫「は？新居？」,https://www.youtube.com/watch?v=Bne-Te9-R4Y,10万回視聴 / 2 年前,秘密の重さ 5647,https://www.youtube.com/channel/UCRxTgybyclgid9aIBdIXUVA,2 週間前,0 回視聴,【スカッと総集編】3人の連れ子との同居を勝手に決めた夫「あいつらの引越しは済んだか？」私「うん！私の方も新居に引越したとこ！」夫「は？新居？」,https://www.youtube.com/watch?v=MW41sBFn6a8,100%
2051,【スカッと総集編】正月に義実家へ帰省するといつものように奴隷扱いの私に、久しぶり帰省した義母「なんでご飯食べないの？」私「いつもの事なので」義母「は？」激怒した義母が家を売却し更地に【スカッとする話】,https://www.youtube.com/watch?v=4GDjLfbv5Kc,20万回視聴 / 3 年前,秘密の重さ 5647,https://www.youtube.com/channel/UCRxTgybyclgid9aIBdIXUVA,3 週間前,1 回視聴,【スカッと総集編】正月に義実家へ帰省するといつものように奴隷扱いの私に、久しぶり帰省した義母「なんでご飯食べないの？」私「いつもの事なので」義母「は？」激怒した義母が家を売却し更地に【スカッとする話】,https://www.youtube.com/watch?v=2Q9uNPrOM88,100%
2052,【スカッと総集編】長男嫁との同居を勝手に決めた夫「長男夫婦の引越しは済んだか？」私「うん、終わった！私の方も今、タワマンに引っ越し完了したとこ」夫「え？タワマン？」【修羅場】【スカッとする話】】,https://www.youtube.com/watch?v=MIFQ4dd9wOA,22万回視聴 / 3 年前,秘密の重さ 5647,https://www.youtube.com/channel/UCRxTgybyclgid9aIBdIXUVA,3 週間前,0 回視聴,【スカッと総集編】長男嫁との同居を勝手に決めた夫「長男夫婦の引越しは済んだか？」私「うん、終わった！私の方も今、タワマンに引っ越し完了したとこ」夫「え？タワマン？」【修羅場】【スカッとする話】】,https://www.youtube.com/watch?v=FzWdMcEOgLY,100%
2053,【スカッとする話】孫の100日祝いに親戚一同と行くと私だけ席がなかった…長男嫁「家族の席しかありませんw」私「…帰りますか」親戚一同「うん」3分後、長男嫁に悲劇がw,https://www.youtube.com/watch?v=eb8s4DgkJ3o,14万回視聴 / 2 年前,笑い話,https://www.youtube.com/channel/UC6YclV1iy4r50x8Ie45J4UA,2 年前,0 回視聴,【スカッと】孫の100日祝いに親戚一同と行くと私だけ席がなかった…長男嫁「家族の席しかありませんw」私「…帰りますか」親戚一同「うん」5分後、長男嫁に悲劇がw【修羅場】,https://www.youtube.com/watch?v=cegnc-WF15U,98%
2054,【スカッと総集編】家のローン月18万を払ってると知らず同居の長男嫁に1年間無視された...ある日、私「あれ？なんで私の荷物が...」長男嫁「キレイにしておいてあげたw」私の荷物を勝手に捨てられた,https://www.youtube.com/watch?v=bPcGySAd3gA,20万回視聴 / 2 年前,笑い話,https://www.youtube.com/channel/UC6YclV1iy4r50x8Ie45J4UA,1 年前,1 回視聴,【スカッと】家のローン月18万を払ってると知らず同居の長男嫁に1年間無視された   ある日、私「あれ？なんで私の荷物が   」長男嫁「キレイにしておいてあげたw」私の荷物を勝手に捨てられた,https://www.youtube.com/watch?v=BexxPPKkRVo,100%
2055,【スカッとする話】女手一つで育てた娘の結婚挨拶で、私の手料理を投げ捨てた義父「こんなの犬でも食わんw」娘（終わらせていい？）私（うん）3秒後、義家族全員が震え出しw【朗読】【スカッと】,https://www.youtube.com/watch?v=bWY2HnBLJB0,3.4万回視聴 / 1 か月前,結婚の仮面 5511,https://www.youtube.com/channel/UCf-k8ybRo6PhVcVCwTKfrhQ,1 か月前,269回視聴,【スカッとする話】女手一つで育てた娘の結婚挨拶で、私の手料理を投げ捨てた義父「こんなの犬でも食わんw」娘（終わらせていい？）私（うん）3秒後、義家族全員が震え出しw【朗読】【スカッと】,https://www.youtube.com/watch?v=8aO97dMj3xU,100%
2056,【スカッとする話】息子のために貯めた800万の進学資金を勝手に義母に渡した夫「ママが家買うから渡したw文句あるなら離婚！」私「OK」息子「今までありがとう！」夫「え？」【朗読】【スカッと】,https://www.youtube.com/watch?v=UMALXNxEZ8g,4.6万回視聴 / 1 か月前,結婚の仮面 5511,https://www.youtube.com/channel/UCf-k8ybRo6PhVcVCwTKfrhQ,1 か月前,17回視聴,【スカッとする話】息子のために貯めた800万の進学資金を勝手に義母に渡した夫「ママが家買うから渡したw文句あるなら離婚！」私「OK」息子「今までありがとう！」夫「え？」【朗読】【スカッと】,https://www.youtube.com/watch?v=U3GdcWL5kbQ,100%
2057,【スカッとする話】体調不良でパートを早退し家に帰ると夫が親友と真っ最中...コッソリ二人の動画を撮影し親友の夫に送ってやった結果w,https://www.youtube.com/watch?v=NTuf2k99EWQ,27万回視聴 / 2 年前,結婚後の生活,https://www.youtube.com/channel/UC9Nq5Tyz6qzWqrXjucfmm_A,4 か月前,22回視聴,体調不良でパートを早退し家に帰ると夫が親友と真っ最中...コッソリ二人の動画を撮影し親友の夫に送ってやった結果w【朗読】【スカッと】,https://www.youtube.com/watch?v=F8fUGxI65ic,100%
2058,【スカッとする話】私が早朝シフトに切り替え10年義母を介護し続けたのに、義母「別に頼んでないしwお前には遺産渡さないw」私「では明日から施設入れますね」【朗読】【スカッと】,https://www.youtube.com/watch?v=apu3YCoBeec,1.5万回視聴 / 3 か月前,結婚後の生活,https://www.youtube.com/channel/UC9Nq5Tyz6qzWqrXjucfmm_A,3 か月前,266回視聴,【スカッとする話】私が早朝シフトに切り替え10年義母を介護し続けたのに、義母「別に頼んでないしwお前には遺産渡さないw」私「では明日から施設入れますね」【朗読】【スカッと】,https://www.youtube.com/watch?v=aEO_t5Wa_bY,100%
2059,【スカッとする話】医者の夫を奪ったママ友「年収3千万の医者の旦那くんの子供出来たw3ヶ月後の結婚式来てねw」私「わかった」（年収3千万の医者は私なんだけど黙っとこw）3ヶ月後w【スカッと】【朗読】,https://www.youtube.com/watch?v=B-nqblWpeIE,5.4万回視聴 / 2 年前,給与,https://www.youtube.com/channel/UCSN_vE1r9vojhNFOzmuRT7Q,2 週間前,1 回視聴,【LINE】 私の夫を奪ったママ友「年収3000万の医者の旦那くんの子供できたw3ヶ月後の結婚式来てねw」→私「分かった（年収3000万の医者は私だけど黙っとこ）」3ヶ月後w,https://www.youtube.com/watch?v=juYQhlo6lZI,86%
2060,【スカッとする話】医者の夫を奪ったママ友「年収3千万の医者の旦那くんの子供出来たw3ヶ月後の結婚式来てねw」私「わかった」（年収3千万の医者は私なんだけど黙っとこw）3ヶ月後w【スカッと】【朗読】,https://www.youtube.com/watch?v=B-nqblWpeIE,5.4万回視聴 / 2 年前,給与明細の格差バトル,https://www.youtube.com/channel/UC4aNtVsxSEKlFO11bIBTIwA,10 日前,1 回視聴,【LINE】 私の夫を奪ったママ友「年収3000万の医者の旦那くんの子供できたw3ヶ月後の結婚式来てねw」→私「分かった（年収3000万の医者は私だけど黙っとこ）」3ヶ月後w,https://www.youtube.com/watch?v=2FKbSJwq06A,86%
2061,【スカッとする話】年末に息子夫婦が泊まりにくると、深夜に夫が突然私を裏口に…夫「今のうちに家から出よう」私「え？年越しそば食べないの？」夫「お前気づいてないのか？」【朗読】【スカッと】,https://www.youtube.com/watch?v=AdhCK-BGvg4,13万回視聴 / 11 か月前,縁側と涙,https://www.youtube.com/channel/UCCKArbhhCtWyuFIqCRMGLuQ,5 か月前,432回視聴,年末に息子夫婦が泊まりに来ると、深夜に夫が突然私を裏口に呼んだ夫「今のうちに家から出よう」私「え？年越しそば食べないの？」夫「お前気づいてないのか？」【シニアライフ】【60代以上の方へ】,https://www.youtube.com/watch?v=V-xMKY_y1wE,96%
2062,【スカッとする話】私が離婚届に署名すると、満面の笑みで大喜びする義家族。新しい嫁を迎えた1週間後、電気・ガス・水道が止まると急に義家族が焦り出しw【朗読】【スカッと】,https://www.youtube.com/watch?v=cVe3XmXeRuE,14万回視聴 / 4 か月前,美しい日本、深淵の調書,,2 か月前,"5,464回視聴",私が離婚届に署名すると大喜びした義家族…新しい嫁を迎えた1週間後、電気・ガス・水道が止まり一斉に焦り出したｗ,https://www.youtube.com/watch?v=_5xRLHYqR3M,81%
2063,【スカッとする話】5歳の娘の病気が判明した途端、私と娘を捨て愛人と消えた夫。9年後、娘のある秘密を知ると夫「迎えに来たぞ！パパと帰ろう」娘「え？誰このおじさん」夫「え？」,https://www.youtube.com/watch?v=SA1PcWksbus,3.8万回視聴 / 2 年前,美しい木,https://www.youtube.com/channel/UCKDhvWl0boDNeo65NQzjbOg,3 か月前,0 回視聴,【スカッとする話】 5歳の娘の病気が判明した途端、私と娘を捨て愛人と消えた夫。9年後、娘のある秘密を知ると夫「迎えに来たぞ！パパと帰ろう」娘「え？誰このおじさん」夫「え？」,https://www.youtube.com/watch?v=JaHSlsKxqLI,100%
2064,【スカッとする話】全員を私が養ってると知らずハワイ旅行で長男嫁「ババァは帰って掃除でもしろw」長男「タダで旅行とか100年早いw」私「承知しました...」速攻で帰宅し家を売り払い掃除した結果w,https://www.youtube.com/watch?v=8r9b0asur18,4.3万回視聴 / 3 年前,美しい木,https://www.youtube.com/channel/UCKDhvWl0boDNeo65NQzjbOg,3 か月前,0 回視聴,【スカッとする話】 全員を私が養ってると知らずハワイ旅行で長男嫁「ババァは帰って掃除でもしろw」長男「タダで旅行とか100年早いw」私「承知しました   」速攻で帰宅し家を売り払い掃除した結果w,https://www.youtube.com/watch?v=BZUbWZO5_FI,100%
2065,【スカッとする話】同居中の父が亡くなった瞬間、突然我が家に引っ越してきた義両親「他人は今すぐ出てけw」それを聞いた夫が血相を変えて、夫「お、お袋知らないのか？」,https://www.youtube.com/watch?v=NW2djFvCjds,13万回視聴 / 2 年前,美しい木,https://www.youtube.com/channel/UCKDhvWl0boDNeo65NQzjbOg,3 か月前,0 回視聴,【スカッとする話】 同居中の父が亡くなった瞬間、突然我が家に引っ越してきた義両親「他人は今すぐ出てけw」それを聞いた夫が血相を変えて、夫「お、お袋知らないのか？」#,https://www.youtube.com/watch?v=45uLuTAKkII,99%
2066,【スカッとする話】夫「もう我慢できん！クズ嫁とは離婚！」夫婦喧嘩の翌日出張から帰ると私「この前はごめ...ん？」机の上に記入済みの離婚届が...速攻で提出してやった結果w,https://www.youtube.com/watch?v=XeaG3k_O8iM,3.1万回視聴 / 3 年前,美しい木,https://www.youtube.com/channel/UCKDhvWl0boDNeo65NQzjbOg,2 か月前,2回視聴,【スカッとする話】 夫「もう我慢できん！クズ嫁とは離婚！」夫婦喧嘩の翌日出張から帰ると私「この前はごめ   ん？」机の上に記入済みの離婚届が   速攻で提出してやった結果w,https://www.youtube.com/watch?v=6OMd2U0O26s,100%
2067,【スカッとする話】夫「低収入の役立たずは出てけ」長男「こんなババァいらねぇw」私を低収入の無能扱いするので、口座の残高を1000円にして永久に家を出てやった結果w,https://www.youtube.com/watch?v=ZbEqeHKJvPE,1.3万回視聴 / 3 年前,美しい木,https://www.youtube.com/channel/UCKDhvWl0boDNeo65NQzjbOg,2 か月前,0 回視聴,【スカッとする話】 夫「低収入の役立たずは出てけ」長男「こんなババァいらねぇw」私を低収入の無能扱いするので、口座の残高を1000円にして永久に家を出てやった結果w,https://www.youtube.com/watch?v=bNhA5AfHpB4,100%
2068,【スカッとする話】夫が私の持ち家をリフォームすることになり完成すると夫が「お前と義母さんは４畳の物置部屋なw」姑「嫌なら離婚して出てけw」→私「じゃあ出ていく」母と結託、家を売却し引っ越した結果,https://www.youtube.com/watch?v=hGeIy-jQiII,12万回視聴 / 3 年前,美しい木,https://www.youtube.com/channel/UCKDhvWl0boDNeo65NQzjbOg,3 か月前,0 回視聴,【スカッとする話】夫が私の持ち家をリフォームすることになり完成すると夫が「お前と義母さんは４畳の物置部屋なw」姑「嫌なら離婚して出てけw」→私「じゃあ出ていく」母と結託、家を売却し引っ越した結果#,https://www.youtube.com/watch?v=hZjR_1JjWd8,99%
2069,【スカッとする話】夫の遺産３億を相続した私に長男夫婦「お金は振り込まれた？」私「手続きが複雑でまだなの」嫌な予感がして嘘をついた。翌日、長男嫁の両親がやって来て…【修羅場】,https://www.youtube.com/watch?v=6Ar7XC0xekw,7.5万回視聴 / 3 年前,美しい木,https://www.youtube.com/channel/UCKDhvWl0boDNeo65NQzjbOg,3 か月前,0 回視聴,【スカッとする話】夫の遺産３億を相続した私に長男夫婦「お金は振り込まれた？」私「手続きが複雑でまだなの」嫌な予感がして嘘をついた。翌日、長男嫁の両親がやって来て…【修羅場】,https://www.youtube.com/watch?v=5cN2-LQdZhA,100%
2070,【スカッとする話】娘の結婚式の両家顔合わせで金持ちエリートの婚約者「義母と義父は他人て。冠婚葬祭以外は関わりません」私「分かりました   」永久に他人扱いした結果w【修羅場】【スカッと】,https://www.youtube.com/watch?v=Z0XyR6PuOaY,4.9万回視聴 / 3 年前,美しい木,https://www.youtube.com/channel/UCKDhvWl0boDNeo65NQzjbOg,3 か月前,1 回視聴,【スカッとする話】 娘の結婚式の両家顔合わせで金持ちエリートの婚約者「義母と義父は他人て。冠婚葬祭以外は関わりません」私「分かりました   」永久に他人扱いした結果w,https://www.youtube.com/watch?v=oOxUxVsOoQg,98%
2071,【スカッとする話】長男夫婦の新築祝いに5歳の娘と行くと「なんでお庭に人が埋まってるの？」不思議な力を持つ娘のさらなる言葉で長男嫁が金属バットを取り出し始め…,https://www.youtube.com/watch?v=eL586qzv_4A,5.7万回視聴 / 3 年前,美しい木,https://www.youtube.com/channel/UCKDhvWl0boDNeo65NQzjbOg,3 か月前,0 回視聴,【スカッとする話】 長男夫婦の新築祝いに5歳の娘と行くと「なんでお庭に人が埋まってるの？」不思議な力を持つ娘のさらなる言葉で長男嫁が金属バットを取り出し始め…,https://www.youtube.com/watch?v=_Qg7oC0HdL0,100%
2072,【スカッとする話】長男夫婦の結婚式で新婦を指し孫が「あっ、プロレスの姉ちゃん！」と笑っていた。私が叱ると孫「だって、この前じいちゃんの上に乗ってたから」直後、夫と新婦が顔面蒼白で震えだし..【修羅場】,https://www.youtube.com/watch?v=4VGG0yj_HNk,3.3万回視聴 / 3 年前,美しい木,https://www.youtube.com/channel/UCKDhvWl0boDNeo65NQzjbOg,3 か月前,2回視聴,【スカッとする話 長男夫婦の結婚式で新婦を指し孫が「あっ、プロレスの姉ちゃん！」と笑っていた。私が叱ると孫「だって、この前じいちゃんの上に乗ってたから」直後、夫と新婦が顔面蒼白で震えだし,https://www.youtube.com/watch?v=S2ewuuGnmQc,95%
2073,【スカッとする話】長男夫婦の結婚式の帰宅中、突然激怒する夫「犯罪者のクズとは離婚！毎月の仕送り5万盗んでただろ！」 私「承知しました...」 即離婚して仕送り辞めた結果w【スカッと】,https://www.youtube.com/watch?v=3WJaWicyrhk,2.5万回視聴 / 1 年前,美しい木,https://www.youtube.com/channel/UCKDhvWl0boDNeo65NQzjbOg,3 か月前,0 回視聴,【スカッとする話】 長男夫婦の結婚式の帰宅中、突然激怒する夫「犯罪者のクズとは離婚！毎月の仕送り5万盗んでただろ！」 私「承知しました   」 即離婚して仕送り辞めた結果w【スカッと】,https://www.youtube.com/watch?v=xAHW3dG1V5M,100%
2074,【スカッとする話】長男嫁から突然怒りの電話「お義父の介護費用、ちょっとはお義母さんも払ってください！」私「え？私に夫はいませんが」長男嫁「え？」実は…【修羅場】【スカッと】,https://www.youtube.com/watch?v=0AsFooilZ4k,12万回視聴 / 3 年前,美しい木,https://www.youtube.com/channel/UCKDhvWl0boDNeo65NQzjbOg,3 か月前,0 回視聴,【スカッとする話】 長男嫁から突然怒りの電話「お義父の介護費用、ちょっとはお義母さんも払ってください！」私「え？私に夫はいませんが」長男嫁「え？」実は…【修羅場】【スカッと】,https://www.youtube.com/watch?v=q6T23mYG8UA,100%
2075,【スカッとする話】長男嫁が私の車で交通事故を起こし緊急搬送。私「下半身不随で車いす生活だって...」夫「な、なんでお前は元気なんだ？」私「は？」自らの行いで夫は地獄へｗ【修羅場】,https://www.youtube.com/watch?v=QYEH-y6RSgw,3.9万回視聴 / 3 年前,美しい木,https://www.youtube.com/channel/UCKDhvWl0boDNeo65NQzjbOg,3 か月前,0 回視聴,【スカッとする話】 長男嫁が私の車で交通事故を起こし緊急搬送。私「下半身不随で車いす生活だって   」夫「な、なんでお前は元気なんだ？」私「は？」自らの行いで夫は地獄へｗ【修羅場】,https://www.youtube.com/watch?v=JSnahwT8Ec8,100%
2076,【スカッと総集編】長男夫婦の結婚式の帰宅中、突然激怒する夫「犯罪者のクズとは離婚！毎月の仕送り5万盗んでただろ！」 私「承知しました   」 即離婚して仕送り辞めた結果w,https://www.youtube.com/watch?v=51hhnXRKh8I,13万回視聴 / 3 年前,美しい木,https://www.youtube.com/channel/UCKDhvWl0boDNeo65NQzjbOg,3 か月前,0 回視聴,【スカッとする話】 長男夫婦の結婚式の帰宅中、突然激怒する夫「犯罪者のクズとは離婚！毎月の仕送り5万盗んでただろ！」 私「承知しました   」 即離婚して仕送り辞めた結果w【スカッと】,https://www.youtube.com/watch?v=xAHW3dG1V5M,100%
2077,【スカッと】長男の葬儀後、長男嫁と孫5人との同居を勝手に決めた夫「嫁さん達の引越しは済んだか？」私「うん、終わった！私の方も今海外に引越し完了した！」夫「は？海外？」,https://www.youtube.com/watch?v=tXIMpyt5JaA,3.8万回視聴 / 2 年前,美人渔小宇,https://www.youtube.com/channel/UCC81AeM_JRWHLTwr66SlKKQ,3 週間前,5回視聴,長男の葬儀後、長男嫁と孫4人との同居を勝手に決めた夫「嫁さん達の引越しは済んだか？」私「うん、終わった！私の方も今海外に引越し完了した！」夫「は？海外？」,https://www.youtube.com/watch?v=YEuxaDDc_cQ,98%
2078,【スカッと総集編】長男の葬儀後、長男嫁と孫5人との同居を勝手に決めた夫「嫁さん達の引越しは済んだか？」私「うん、終わった！私の方も今海外に引越し完了した！」夫「は？海外？」,https://www.youtube.com/watch?v=5xGpkFy0w44,12万回視聴 / 2 年前,美人渔小宇,https://www.youtube.com/channel/UCC81AeM_JRWHLTwr66SlKKQ,3 週間前,5回視聴,長男の葬儀後、長男嫁と孫4人との同居を勝手に決めた夫「嫁さん達の引越しは済んだか？」私「うん、終わった！私の方も今海外に引越し完了した！」夫「は？海外？」,https://www.youtube.com/watch?v=YEuxaDDc_cQ,98%
2079,【スカッとする話】母の還暦祝いから帰宅すると私の120万の時計が無い…私「警察呼んで！泥棒よ！」夫「辞めろ！絶対家にある」私「もう警察呼んだよ？」30分後w【修羅場】,https://www.youtube.com/watch?v=hoG9_pfUDr4,5.6万回視聴 / 4 年前,美咲のスカッと朗読劇場【スカッとする話】,https://www.youtube.com/channel/UC-JxPanYZ5n8p227nYksdPw,19 時間前,0 回視聴,【スカッとする話】母の還暦祝いから帰宅すると私の120万の時計が無い…私「警察呼んで！泥棒よ！」夫「辞めろ！絶対家にある」私「もう警察呼んだよ？」30分後w【修羅場】,https://www.youtube.com/watch?v=9GCPlkyVeMc,100%
2080,【スカッとする話】長男夫婦が私の持ち家をリフォームすることになり完成すると長男が「母さんは４畳の物置部屋なw」長男嫁「嫌なら出てけw」→私「じゃあ出ていく」家を売却し引っ越してやった結果【修羅場】,https://www.youtube.com/watch?v=C3gUsFfqx7s,8.1万回視聴 / 3 年前,美咲のスカッと朗読劇場【スカッとする話】,https://www.youtube.com/channel/UC-JxPanYZ5n8p227nYksdPw,10 時間前,0 回視聴,【スカッとする話】長男夫婦が私の持ち家をリフォームすることになり完成すると長男が「母さんは４畳の物置部屋なw」長男嫁「嫌なら出てけw」→私「じゃあ出ていく」家を売却し引っ越してやった結果【修羅場】,https://www.youtube.com/watch?v=jHvDmNMODpg,100%
2081,【スカッとする話】夫の他界後、9年間同居介護中の義父「家も遺産も本当の家族である娘に譲るが大丈夫だよな？」私「大丈夫です。今日で引っ越すので」義父「え？引越し？」,https://www.youtube.com/watch?v=zraWXCultxM,3万回視聴 / 1 年前,義実家の地獄 5679,https://www.youtube.com/channel/UChe3pjjV7wBKS_EWhjTD0Rg,3 週間前,0 回視聴,【スカッと総集編】夫の他界後、9年間同居介護中の義父「家も遺産も本当の家族である娘に譲るが大丈夫だよな？」私「大丈夫です。今日で引っ越すので」義父「え？引越し？」,https://www.youtube.com/watch?v=q4jSloaA_Tg,100%
2082,【スカッと総集編】初孫に会いに行くと長男嫁「お義母さんは他人ですので息子の抱っこは１回5万円ですw」私「そう、では結構です」永遠に他人扱いした結果ｗ【修羅場】,https://www.youtube.com/watch?v=otkW80Al_Nc,9.3万回視聴 / 3 年前,義実家の地獄 5679,https://www.youtube.com/channel/UChe3pjjV7wBKS_EWhjTD0Rg,3 週間前,139回視聴,【スカッと総集編】初孫に会いに行くと長男嫁「お義母さんは他人ですので息子の抱っこは１回5万円ですw」私「そう、では結構です」永遠に他人扱いした結果ｗ【修羅場】,https://www.youtube.com/watch?v=fDc8EvYfJu8,100%
2083,【スカッと総集編】夫の他界後、9年間同居介護中の義父「家も遺産も本当の家族である娘に譲るが大丈夫だよな？」私「大丈夫です。今日で引っ越すので」義父「え？引越し？」,https://www.youtube.com/watch?v=ED8m-ZWU12Y,3.4万回視聴 / 1 年前,義実家の地獄 5679,https://www.youtube.com/channel/UChe3pjjV7wBKS_EWhjTD0Rg,3 週間前,0 回視聴,【スカッと総集編】夫の他界後、9年間同居介護中の義父「家も遺産も本当の家族である娘に譲るが大丈夫だよな？」私「大丈夫です。今日で引っ越すので」義父「え？引越し？」,https://www.youtube.com/watch?v=q4jSloaA_Tg,100%
2084,【スカッとする話】13年前に夫を奪った親友と再会。元夫「うちの子は法学部だぜw」元親友「まだ独身とか惨めな人生w」私「うちの娘紹介するね」3秒後、二人は顔面蒼白にw,https://www.youtube.com/watch?v=wzIm362qyUk,3.3万回視聴 / 1 年前,義家族スカッと物語帳,https://www.youtube.com/channel/UCIZ41RBpQd7wBp_oOTGv1zw,2 日前,0 回視聴,【スカッとする話】13年前に夫を奪った親友と再会。元夫「うちの子は法学部だぜw」元親友「まだ独身とか惨めな人生w」私「うちの娘紹介するね」3秒後、二人は顔面蒼白にw,https://www.youtube.com/watch?v=qzz90ZXanN0,100%
2085,【スカッとする話】38歳で両親に結婚を急かされ「相手はいる」と嘘をつくとイケメン上司「俺が恋人役するよ」1週間後、両親に会わせると父「まさか…こんな所で」実は【朗読】【スカッと】,https://www.youtube.com/watch?v=wWt0dqnPt6g,6.5万回視聴 / 3 か月前,義家族スカッと物語帳,https://www.youtube.com/channel/UCIZ41RBpQd7wBp_oOTGv1zw,7 日前,0 回視聴,【スカッとする話】38歳で両親に結婚を急かされ「相手はいる」と嘘をつくとイケメン上司「俺が恋人役するよ」1週間後、両親に会わせると父「まさか…こんな所で」実は【朗読】【スカッと】,https://www.youtube.com/watch?v=SqxgbTS5sbk,100%
2086,【スカッとする話】3歳になった孫の誕生日会で息子「泊まるなら押入れでw」息子嫁「嫌なら帰って下さいw」キレた私は仕送りと援助を停止→さらに隣の豪邸を購入すると…w【朗読】【スカッと】,https://www.youtube.com/watch?v=FrV4rLUCe5Q,10万回視聴 / 1 年前,義家族スカッと物語帳,https://www.youtube.com/channel/UCIZ41RBpQd7wBp_oOTGv1zw,3 日前,1 回視聴,【スカッとする話】3歳になった孫の誕生日会で息子「泊まるなら押入れでw」息子嫁「嫌なら帰って下さいw」キレた私は仕送りと援助を停止→さらに隣の豪邸を購入すると…w【朗読】【スカッと】,https://www.youtube.com/watch?v=fUyuooBW4x0,100%
2087,【スカッとする話】43歳で妊娠した私と息子を捨てた学歴主義の夫「ババァの子は頭悪そうw育てたくないから離婚でw」20年後、病院で元夫と遭遇→息子を見た元夫が絶句し…【朗読】【スカッと】,https://www.youtube.com/watch?v=1l07gzryzxY,6.4万回視聴 / 1 年前,義家族スカッと物語帳,https://www.youtube.com/channel/UCIZ41RBpQd7wBp_oOTGv1zw,1 日前,0 回視聴,【スカッとする話】43歳で妊娠した私と息子を捨てた学歴主義の夫「ババァの子は頭悪そうw育てたくないから離婚でw」20年後、病院で元夫と遭遇→息子を見た元夫が絶句し…【朗読】【スカッと】,https://www.youtube.com/watch?v=JUywqjZzBA4,100%
2088,【スカッとする話】4歳の娘を寝かしつけていると、急にベランダを指差し囁いた。娘「ママがお外行くと、そこから女の人が来るの」→出かける瞬間110番するとw【朗読】【スカッと】,https://www.youtube.com/watch?v=KOdNAZcklk0,1.4万回視聴 / 4 か月前,義家族スカッと物語帳,https://www.youtube.com/channel/UCIZ41RBpQd7wBp_oOTGv1zw,9 日前,42回視聴,【スカッとする話】4歳の娘を寝かしつけていると、急にベランダを指差し囁いた。娘「ママがお外行くと、そこから女の人が来るの」→出かける瞬間110番するとw【朗読】【スカッと】,https://www.youtube.com/watch?v=KJFLMty8LjY,100%
2089,【スカッとする話】医師の夫が新人看護師と浮気。看護師「院長夫人の座は私が頂くw離婚して病院も辞めてねw」私「はーい、後はよろしく」その後、2人は地獄へw【朗読】【スカッと】,https://www.youtube.com/watch?v=PhHi9HvCrPQ,10万回視聴 / 1 年前,義家族スカッと物語帳,https://www.youtube.com/channel/UCIZ41RBpQd7wBp_oOTGv1zw,1 日前,0 回視聴,【スカッとする話】医師の夫が新人看護師と浮気。看護師「院長夫人の座は私が頂くw離婚して病院も辞めてねw」私「はーい、後はよろしく」その後、2人は地獄へw【朗読】【スカッと】,https://www.youtube.com/watch?v=LQ-mCQqsMFY,100%
2090,【スカッとする話】同窓会で東大卒のイケメン医師が中卒でバイトの私に難病症例を提示。医師「解けたら何でもするw」私「あ、それ難しくないよ」【朗読】【スカッと】,https://www.youtube.com/watch?v=qORErX-vqL8,3.2万回視聴 / 4 か月前,義家族スカッと物語帳,https://www.youtube.com/channel/UCIZ41RBpQd7wBp_oOTGv1zw,7 日前,1 回視聴,【スカッとする話】同窓会で東大卒のイケメン医師が中卒でバイトの私に難病症例を提示。医師「解けたら何でもするw」私「あ、それ難しくないよ」【朗読】【スカッと】,https://www.youtube.com/watch?v=e8AUCDntWUs,100%
2091,【スカッとする話】夫婦で新築を購入すると、義家族が荷物を大量に搬入。義家族「私たちも住むからw」拒否すると夫が激怒したが、私の一言で義家族が震え出しw【朗読】【スカッと】,https://www.youtube.com/watch?v=cnmmrAEygJc,1.5万回視聴 / 4 か月前,義家族スカッと物語帳,https://www.youtube.com/channel/UCIZ41RBpQd7wBp_oOTGv1zw,8 日前,56回視聴,【スカッとする話】夫婦で新築を購入すると、義家族が荷物を大量に搬入。義家族「私たちも住むからw」拒否すると夫が激怒したが、私の一言で義家族が震え出しw【朗読】【スカッと】,https://www.youtube.com/watch?v=46Cl0fYNJIg,85%
2092,【スカッとする話】孫の合格祝いで義実家に行くと私と夫だけわさびのみだった…義兄「もらえるだけ光栄だろw」私「ありがたく頂きますね」帰宅後、悶絶し涙目の義兄が…w【朗読】【スカッと】,https://www.youtube.com/watch?v=AW46gN91lmo,1.8万回視聴 / 4 か月前,義家族スカッと物語帳,https://www.youtube.com/channel/UCIZ41RBpQd7wBp_oOTGv1zw,8 日前,16回視聴,【スカッとする話】孫の合格祝いで義実家に行くと私と夫だけわさびのみだった…義兄「もらえるだけ光栄だろw」私「ありがたく頂きますね」帰宅後、悶絶し涙目の義兄が…w【朗読】【スカッと】,https://www.youtube.com/watch?v=mukHueM_s0w,100%
2093,【スカッとする話】定年退職後30年連れ添った私を捨てる夫「老後は第二の人生歩むから離婚w」私「いいけど後悔しない？」夫「するかw」3ヶ月後w【朗読】【スカッと】,https://www.youtube.com/watch?v=DYfDC7tM1-8,3.9万回視聴 / 1 年前,義家族スカッと物語帳,https://www.youtube.com/channel/UCIZ41RBpQd7wBp_oOTGv1zw,4 日前,0 回視聴,【スカッとする話】定年退職後30年連れ添った私を捨てる夫「老後は第二の人生歩むから離婚w」私「いいけど後悔しない？」夫「するかw」3ヶ月後w【朗読】【スカッと】,https://www.youtube.com/watch?v=n66MEREV7e0,100%
2094,【スカッとする話】施設育ちで天涯孤独の私を家政婦扱いする夫と義妹。夫「逆らうなら離婚w消えろw」10分後、黒塗り高級車が次々に現れ→夫「え？」【朗読】【スカッと】,https://www.youtube.com/watch?v=qss9KoL5a0Q,7.2万回視聴 / 1 年前,義家族スカッと物語帳,https://www.youtube.com/channel/UCIZ41RBpQd7wBp_oOTGv1zw,3 日前,0 回視聴,【スカッとする話】施設育ちで天涯孤独の私を家政婦扱いする夫と義妹。夫「逆らうなら離婚w消えろw」10分後、黒塗り高級車が次々に現れ→夫「え？」【朗読】【スカッと】,https://www.youtube.com/watch?v=g17-l1IMJ_w,100%
2095,【スカッとする話】男3兄弟を育てる私に突然、夫「社長令嬢が妊娠したw離婚でw」私「はーい、じゃ長男だけ連れてく」夫「え？次男と三男も連れてけよ」私「嫌よ。だって…」【朗読】【スカッと】,https://www.youtube.com/watch?v=jxziuKOmRjA,12万回視聴 / 1 年前,義家族スカッと物語帳,https://www.youtube.com/channel/UCIZ41RBpQd7wBp_oOTGv1zw,4 日前,2回視聴,【スカッとする話】男3兄弟を育てる私に突然、夫「社長令嬢が妊娠したw離婚でw」私「はーい、じゃ長男だけ連れてく」夫「え？次男と三男も連れてけよ」私「嫌よ。だって…」【朗読】【スカッと】,https://www.youtube.com/watch?v=RfBmo0GBFgg,87%
2096,【スカッとする話】結婚式前日に私を捨てた夫と友人の結婚式で再会すると…元夫「美人モデルと結婚したw離婚して正解だったぜw」私（何も知らないのね）実は…【朗読】【スカッと】,https://www.youtube.com/watch?v=6CiQAA2oA-Y,6.1万回視聴 / 11 か月前,義家族スカッと物語帳,https://www.youtube.com/channel/UCIZ41RBpQd7wBp_oOTGv1zw,7 時間前,0 回視聴,【スカッとする話】結婚式前日に私を捨てた夫と友人の結婚式で再会すると…元夫「美人モデルと結婚したw離婚して正解だったぜw」私（何も知らないのね）実は…【朗読】【スカッと】,https://www.youtube.com/watch?v=b5yKmV8BJCg,100%
2097,【スカッとする話】義姉が子供を連れて転がりこみ、一銭も払わず30日居座り続けた。義姉「何でそんな怒ってるの？w」夫「家族だし問題ないだろw」→息子の一言で2人が震え出しw【朗読】【スカッと】,https://www.youtube.com/watch?v=-qfSnxAmUYM,1.4万回視聴 / 4 か月前,義家族スカッと物語帳,https://www.youtube.com/channel/UCIZ41RBpQd7wBp_oOTGv1zw,10 日前,97回視聴,【スカッとする話】義姉が子供を連れて転がりこみ、一銭も払わず30日居座り続けた。義姉「何でそんな怒ってるの？w」夫「家族だし問題ないだろw」→息子の一言で2人が震え出しw【朗読】【スカッと】,https://www.youtube.com/watch?v=jwkW8Y91HMc,100%
2098,【スカッとする話】財布を届けにきた私に気づかない夫「嫁は何も疑ってないよw今夜もまた会えるねw」夫の正体を知り私の愛は消滅しw【朗読】【スカッと】,https://www.youtube.com/watch?v=KVKExhX2jn4,3.3万回視聴 / 3 か月前,義家族スカッと物語帳,https://www.youtube.com/channel/UCIZ41RBpQd7wBp_oOTGv1zw,6 日前,0 回視聴,【スカッとする話】財布を届けにきた私に気づかない夫「嫁は何も疑ってないよw今夜もまた会えるねw」夫の正体を知り私の愛は消滅しw【朗読】【スカッと】,https://www.youtube.com/watch?v=CLwUPWOMYZM,100%
2099,【スカッとする話】大晦日に嫁から突然の電話。嫁「正月は家族10人で行きますw家政婦は飯用意しといてw」私「OK！（私は旅行だけどw）」→当日、家に到着した嫁が絶句し…w【朗読】【スカッと】,https://www.youtube.com/watch?v=2QYKZYUr4qg,10万回視聴 / 7 か月前,義理の家族の闇 5670,https://www.youtube.com/channel/UCV0Qdr7g0tugRjksGg_Qb3Q,3 週間前,1 回視聴,【スカッとする話】大晦日に嫁から突然の電話。嫁「正月は家族10人で行きますw家政婦は飯用意しといてw」私「OK！（私は旅行だけどw）」→当日、家に到着した嫁が絶句し…w【朗読】【スカッと】,https://www.youtube.com/watch?v=4Nks9N8sO24,100%
2100,【スカッとする話】大晦日に突然家族6人で里帰りしてきた義妹「タダ飯最高w高級寿司頼もw」私「ゆっくりしてってね」私も夫と里帰りすると…w【朗読】【スカッと】,https://www.youtube.com/watch?v=wtSfj6Lcb1w,8.4万回視聴 / 7 か月前,義理の家族の闇 5670,https://www.youtube.com/channel/UCV0Qdr7g0tugRjksGg_Qb3Q,3 週間前,13回視聴,【スカッとする話】大晦日に突然家族6人で里帰りしてきた義妹「タダ飯最高w高級寿司頼もw」私「ゆっくりしてってね」私も夫と里帰りすると…w【朗読】【スカッと】,https://www.youtube.com/watch?v=rZZO-FFnzn4,100%
2101,【スカッとする話】嫁いだ娘が恋しくなり手土産を持って久々に訪ねると、義母に平手打ちされていた娘。直後、私の姿を見た義母が震え出し…w【朗読】【スカッと】,https://www.youtube.com/watch?v=kYEB4-1J5Ho,6.8万回視聴 / 6 か月前,義理の家族の闇 5670,https://www.youtube.com/channel/UCV0Qdr7g0tugRjksGg_Qb3Q,3 週間前,8回視聴,【スカッとする話】嫁いだ娘が恋しくなり手土産を持って久々に訪ねると、義母に平手打ちされていた娘。直後、私の姿を見た義母が震え出し…w【朗読】【スカッと】,https://www.youtube.com/watch?v=0yvRp4B8d3Q,92%
2102,【スカッとする話】同窓会で結婚直前に私を捨てた夫と再会。夫「金持ちの社長令嬢と結婚したw俺だけ幸せでごめんなw」私「本当にそう思う？」真実を伝えると元夫が震え出し…【朗読】【スカッと】,https://www.youtube.com/watch?v=aCFKEISe330,36万回視聴 / 1 年前,老いの詩,https://www.youtube.com/channel/UClKj-HO63gh7qxtT7M0czEQ,1 か月前,6回視聴,【スカッとする話】同窓会で結婚直前に私を捨てた夫と再会。夫「金持ちの社長令嬢と結婚したw俺だけ幸せでごめんなw」私「本当にそう思う？」真実を伝えると元夫が震え出し…【朗読】【スカッと】,https://www.youtube.com/watch?v=elYIbG4OaC8,100%
2103,【スカッとする話】夫の会社に身分を隠して入社した私。昼休み、夫のコップでお茶を飲むと女性秘書「私の夫のコップよ！言いつけてクビにする」呼び出された夫を待ち受けるとw【朗読】【スカッと】,https://www.youtube.com/watch?v=YXQf7LoG2gE,5.5万回視聴 / 3 か月前,老いの詩,https://www.youtube.com/channel/UClKj-HO63gh7qxtT7M0czEQ,1 か月前,25回視聴,夫の会社に身分を隠して入社した私。昼休み、夫のコップでお茶を飲むと女性秘書「私の夫のコップよ！言いつけてクビにする」呼び出された夫を待ち受けるとw,https://www.youtube.com/watch?v=C7JSwop-Gi8,100%
2104,【スカッとする話】女4姉妹を育てる私に夫「離婚して愛人と再婚するから」私「いいけど長女は連れてってね」夫「え？母親のお前が育てろよ」私「嫌よ。だって…」,https://www.youtube.com/watch?v=tQe8apURLKM,20万回視聴 / 1 年前,老いの詩,https://www.youtube.com/channel/UClKj-HO63gh7qxtT7M0czEQ,1 か月前,8回視聴,女4姉妹を育てる私に夫「離婚して愛人と再婚するから」私「いいけど長女は連れてってね」夫「え？母親のお前が育てろよ」私「嫌よ。だって…」,https://www.youtube.com/watch?v=YePMeSDF154,92%
2105,【スカッとする話】妹の代わりに田舎の猟師に嫁いだ私「今日の夕飯は鹿肉？」夫「いや、これで好きな物食べて」10万円を手渡された私…→夫の正体を知った妹が半狂乱にw【朗読】【スカッと】,https://www.youtube.com/watch?v=YYnTTQ_3WI8,5.9万回視聴 / 2 か月前,老いの詩,https://www.youtube.com/channel/UClKj-HO63gh7qxtT7M0czEQ,1 か月前,5回視聴,【スカッとする話】妹の代わりに田舎の猟師に嫁いだ私「今日の夕飯は鹿肉？」夫「いや、これで好きな物食べて」10万円を手渡された私…→夫の正体を知った妹が半狂乱にw【朗読】【スカッと】,https://www.youtube.com/watch?v=pQKMo5JuRYs,100%
2106,【スカッとする話】昼休みに同僚とカフェに入ると、隣の席に夫と若い女性が…夫「妻は2年前に他界したからwこの後うち来ていいよw」先回りし最高のおもてなしをするとw【朗読】【スカッと】,https://www.youtube.com/watch?v=pdhclv8SJrI,8.5万回視聴 / 2 か月前,老いの詩,https://www.youtube.com/channel/UClKj-HO63gh7qxtT7M0czEQ,1 か月前,5回視聴,【スカッとする話】昼休みに同僚とカフェに入ると、隣の席に夫と若い女性が…夫「妻は2年前に他界したからwこの後うち来ていいよw」先回りし最高のおもてなしをするとw【朗読】【スカッと】,https://www.youtube.com/watch?v=z5nlzoCfBGg,100%
2107,【スカッとする話】毎日9時間義母の介護で倒れた私に夫「介護すらできないなら離婚wこれからは愛人に任せるw」私「いいけど後悔しない？」夫「しねぇよw」1週間後w【朗読】【スカッと】,https://www.youtube.com/watch?v=9TulrMzmHr8,5.7万回視聴 / 9 か月前,老いの詩,https://www.youtube.com/channel/UClKj-HO63gh7qxtT7M0czEQ,1 か月前,19回視聴,毎日9時間義母の介護で倒れた私に夫「介護すらできないなら離婚wこれからは愛人に任せるw」私「いいけど後悔しない？」夫「しねぇよw」1週間後w,https://www.youtube.com/watch?v=a2SifSSKEQA,100%
2108,【スカッとする話】私1人で育てた息子の顔合わせで、なぜか私たちだけお茶漬け…義家族「貧乏人は好きだろ？w」直後、私の存在に気づいた義兄「俺たちの人生終了だ…」【朗読】【スカッと】,https://www.youtube.com/watch?v=qNSSnNaMxrs,8万回視聴 / 2 か月前,老いの詩,https://www.youtube.com/channel/UClKj-HO63gh7qxtT7M0czEQ,1 か月前,7回視聴,【スカッとする話】私1人で育てた息子の顔合わせで、なぜか私たちだけお茶漬け…義家族「貧乏人は好きだろ？w」直後、私の存在に気づいた義兄「俺たちの人生終了だ…」【朗読】【スカッと】,https://www.youtube.com/watch?v=SPvJ4YWDGWU,100%
2109,【スカッとする話】私が義父の入院費を払ってると知らず私の荷物を全て捨てた夫「もう俺に寄生するな穀潰しがw」夫を残し1億の豪邸に引越し入院費の支払いも止めた結果w,https://www.youtube.com/watch?v=Yfo6v4-ZtHc,22万回視聴 / 2 年前,老いの詩,https://www.youtube.com/channel/UClKj-HO63gh7qxtT7M0czEQ,1 か月前,73回視聴,私が義父の入院費を払ってると知らず私の荷物を全て捨てた夫「もう俺に寄生するな穀潰しがw」夫を残し1億の豪邸に引越し入院費の支払いも止めた結果w,https://www.youtube.com/watch?v=81FCAFf6qk4,100%
2110,【スカッとする話】結婚10年目に銀行員の夫が突然の暴露「お前の親友と結婚するw籍入れてないし財産分与は無しw」私「あれ？あんた知らないの？」夫「何がだよw」実は…,https://www.youtube.com/watch?v=Tpbu9uHiFPg,11万回視聴 / 2 年前,老いの詩,https://www.youtube.com/channel/UClKj-HO63gh7qxtT7M0czEQ,1 か月前,2回視聴,結婚10年目に銀行員の夫が突然の暴露「お前の親友と結婚するw籍入れてないし財産分与は無しw」私「あれ？あんた知らないの？」夫「何がだよw」実は…,https://www.youtube.com/watch?v=6Xb4VEQrhPc,100%
2111,【スカッと総集編】義父の入院費を払ってると知らず私の荷物を全て捨てた夫「俺に寄生するな穀潰しw」夫を残し1億の豪邸に引越し入院費の支払いも止めた結果w【スカッとする話】【スカッと】,https://www.youtube.com/watch?v=EmiUvKJTw3c,5.8万回視聴 / 1 年前,老いの詩,https://www.youtube.com/channel/UClKj-HO63gh7qxtT7M0czEQ,1 か月前,73回視聴,私が義父の入院費を払ってると知らず私の荷物を全て捨てた夫「もう俺に寄生するな穀潰しがw」夫を残し1億の豪邸に引越し入院費の支払いも止めた結果w,https://www.youtube.com/watch?v=81FCAFf6qk4,96%
2112,【スカッとする話】私の両親が亡くなった途端、実家を勝手に解体した夫「今日から俺の家で両親と同居だ！」それを聞いた私は大爆笑→私「あんた達、知らないの？」実は...,https://www.youtube.com/watch?v=3WlCnGLe67U,55万回視聴 / 2 年前,老後に灯る小さな幸せ,https://www.youtube.com/channel/UClulJjpNJoMyXdqxbuTlp4w,1 か月前,41回視聴,「今日から俺の家で両親と同居だ！」私の両親が亡くなった途端、実家を勝手に解体し宣言する夫。それを聞いた私は大爆笑→私「あんた達、知らないの？」実は【シニアライフ】【60代以上の方へ】,https://www.youtube.com/watch?v=DaFu0AyFoUQ,73%
2113,【スカッとする話】息子夫婦の家へ行くと、庭で孫が膝を抱え震えていた...私「あれ？パパとママは？」孫「姉と海外旅行に行くって」私「は？」キレた私は家を売却し更地にし...,https://www.youtube.com/watch?v=o73p--gKGy0,51万回視聴 / 2 年前,老後逆転人生,https://www.youtube.com/channel/UCsLweCVD3Y34akhcIjCnANw,9 か月前,125回視聴,【シニアスカッと】息子夫婦の家へ行くと、庭で孫が膝を抱え震えていた   私「あれ？パパとママは？」孫「姉と海外旅行に行くって」私「は？」キレた私は,https://www.youtube.com/watch?v=oFsmjnL0WdY,92%
2114,【スカッと総集編】息子夫婦の家へ行くと庭で孫が膝を抱え震えていた。私「パパとママは？」孫「姉と海外旅行に行くって」私「は？」【朗読】【スカッと】【スカッとする話】【総集編】,https://www.youtube.com/watch?v=DTzUdepPrks,4.3万回視聴 / 1 年前,老後逆転人生,https://www.youtube.com/channel/UCsLweCVD3Y34akhcIjCnANw,9 か月前,125回視聴,【シニアスカッと】息子夫婦の家へ行くと、庭で孫が膝を抱え震えていた   私「あれ？パパとママは？」孫「姉と海外旅行に行くって」私「は？」キレた私は,https://www.youtube.com/watch?v=oFsmjnL0WdY,93%
2115,【スカッとする話】単身赴任中の私に夫から速達で離婚届…夫「息子も離婚して欲しいってw」私（やっと自由になれるw）大喜びして離婚届を提出し家を売り払い更地にするとw,https://www.youtube.com/watch?v=VrctjOjY0Ts,8.8万回視聴 / 1 年前,老蔡的田园,https://www.youtube.com/channel/UC72EEX08x8NsK4PUubN_BZg,2 週間前,1 回視聴,単身赴任中の私に夫から速達で離婚届…夫「息子も離婚して欲しいってw」私（やっと自由になれるw）大喜びして離婚届を提出し家を売り払い更地にし携帯も解約するとw,https://www.youtube.com/watch?v=n7_YwDBE6K4,96%
2116,【スカッと】長男夫婦がお盆に帰省し私が店を予約すると長男嫁「何この汚い店w年金生活の貧乏ババァじゃ仕方ないかw」直後、普段温厚な夫→夫「調子乗るなよガキが」長男嫁「え？」,https://www.youtube.com/watch?v=LXxfsTZeuZU,11万回視聴 / 2 年前,自己中マザコンの末路,https://www.youtube.com/channel/UCYWiXNG1ompMYgvD-5QwYPg,3 週間前,0 回視聴,長男夫婦がお盆に帰省し私が店を予約すると長男嫁「何この汚い店w年金生活の貧乏ババアじゃ仕方ないかw」→直後、普段温厚な夫「調子乗るなよガキが」長男嫁「え？」,https://www.youtube.com/watch?v=oC3BMPMB56E,98%
2117,【スカッと】3年前に記入済みの離婚届を残し不倫相手と駆け落ちした夫から電話「来週帰ってやるw寿司用意しとけw」1週間後、夫が帰宅すると衝撃の事実に崩れ落ち…w,https://www.youtube.com/watch?v=6YoyJs_Qqjk,3.6万回視聴 / 2 年前,良い話,https://www.youtube.com/channel/UCSrk1OzKlw4sCvRbksLDgcQ,4 日前,0 回視聴,【スカッと】3年前に記入済みの離婚届を残し不倫相手と駆け落ちした夫から電話「来週帰ってやるw寿司用意しとけw」1週間後、夫が帰宅すると衝撃の事実に崩れ落ち…w,https://www.youtube.com/watch?v=WsA9R_Dugs4,100%
2118,【スカッとする話】出産直後に帰宅すると浮気夫「彼女と住んでるからお前ら出てけw子育てはお前1人で勝手にやれw」私「いいけど後悔するよ？」夫ごと家を売り払い引越した結果w【スカッと】【朗読】,https://www.youtube.com/watch?v=oR5ywE3o28o,2.4万回視聴 / 2 年前,良い話,https://www.youtube.com/channel/UCSrk1OzKlw4sCvRbksLDgcQ,3 日前,0 回視聴,【スカッとする話】出産直後に帰宅すると浮気夫「彼女と住んでるからお前ら出てけw子育てはお前1人で勝手にやれw」私「いいけど後悔するよ？」夫ごと家を売り払い引越した結果w【スカッと】【朗読】,https://www.youtube.com/watch?v=pT1ypCW8OIE,100%
2119,【スカッとする話】単身赴任先で不倫してた夫「愛人が妊娠したから離婚でw」愛人「ババァは離婚届書いて出てけw」私「離婚せず復讐します」弁護士「わかりました」夫・愛人「え？」,https://www.youtube.com/watch?v=8vs2qZG8EK0,1.3万回視聴 / 2 年前,良い話,https://www.youtube.com/channel/UCSrk1OzKlw4sCvRbksLDgcQ,3 日前,0 回視聴,【スカッとする話】単身赴任先で不倫してた夫「愛人が妊娠したから離婚でw」愛人「ババァは離婚届書いて出てけw」私「離婚せず復讐します」弁護士「わかりました」夫・愛人「え？」,https://www.youtube.com/watch?v=2j0hFHCXwY0,100%
2120,【スカッとする話】夫を略奪した美人同級生から結婚式の招待状が届くと、祖父「バァさんと2人で行く」祖母「地獄を見せてくるわ」普段温厚な祖父母がこの後...w【スカッと】【朗読】【修羅場】,https://www.youtube.com/watch?v=p9EJ4XSEiOU,3.3万回視聴 / 2 年前,良い話,https://www.youtube.com/channel/UCSrk1OzKlw4sCvRbksLDgcQ,5 日前,0 回視聴,【スカッとする話】夫を略奪した美人同級生から結婚式の招待状が届くと、祖父「バァさんと2人で行く」祖母「地獄を見せてくるわ」普段温厚な祖父母がこの後,https://www.youtube.com/watch?v=BgwIu7GjpsA,100%
2121,【スカッとする話】女手一つで育てた息子の結婚式で私の料理だけ無い…義母「他人の料理はありませんw」息子「…帰るよ」私「…いいの？涙」直後、義母は全てを失う結果に…【スカッと】【朗読】,https://www.youtube.com/watch?v=RNxgC9d_wPc,8.1万回視聴 / 2 年前,良い話,https://www.youtube.com/channel/UCSrk1OzKlw4sCvRbksLDgcQ,19 時間前,0 回視聴,【スカッとする話】女手一つで育てた息子の結婚式で私の料理だけ無い…義母「他人の料理はありませんw」息子「…帰るよ」私「…いいの？涙」直後、義母は全てを失う結果に…【スカッと】【朗読】,https://www.youtube.com/watch?v=SOWPD0p64h8,100%
2122,【スカッとする話】妹と22年間不倫していた夫「妹の方が相性良いんだw」妹「ババァは離婚して消えてw」私「OK。でも気を付けて…実は…」私の一言で2人は半狂乱にw,https://www.youtube.com/watch?v=bSAcu_g5eMg,3.2万回視聴 / 2 年前,良い話,https://www.youtube.com/channel/UCSrk1OzKlw4sCvRbksLDgcQ,3 日前,0 回視聴,【スカッとする話】妹と22年間不倫していた夫「妹の方が相性良いんだw」妹「ババァは離婚して消えてw」私「OK。でも気を付けて…実は…」私の一言で2人は半狂乱にw,https://www.youtube.com/watch?v=dDEf0ycIN-U,100%
2123,【スカッとする話】娘の卒業式の為に購入した洋服を勝手に義姉に譲った夫「服は姪っ子にプレゼントしたw」私「お世話になりました」娘「おじさんバイバ〜イ」夫「え？おじさん…？」,https://www.youtube.com/watch?v=5H9u_CCpQ5U,5.1万回視聴 / 2 年前,良い話,https://www.youtube.com/channel/UCSrk1OzKlw4sCvRbksLDgcQ,2 日前,0 回視聴,【スカッとする話】娘の卒業式の為に購入した洋服を勝手に義姉に譲った夫「服は姪っ子にプレゼントしたw」私「お世話になりました」娘「おじさんバイバ〜イ」夫「え？おじさん…？」,https://www.youtube.com/watch?v=UHI2wSQn1Pg,100%
2124,【スカッとする話】新婚3ヶ月で初めて義実家に泊まると、夫「もし嫁イビリされたら教えて」私「大丈夫。全力で反撃するから」結果w【スカッと】【朗読】,https://www.youtube.com/watch?v=VX7Q7VMHXOo,4.3万回視聴 / 2 年前,良い話,https://www.youtube.com/channel/UCSrk1OzKlw4sCvRbksLDgcQ,5 日前,0 回視聴,【スカッとする話】新婚3ヶ月で初めて義実家に泊まると、夫「もし嫁イビリされたら教えて」私「大丈夫。全力で反撃するから」結果w【スカッと】【朗読】,https://www.youtube.com/watch?v=_17PdwgYQtA,100%
2125,【スカッとする話】私が夫のドナー提供予定と知らず私を罵倒する夫「誰のおかげで飯食えてんだw逆らうなら離婚だぞw」私「じゃ離婚で」夫を見捨てて海外移住した結果w【スカッと】【朗読】,https://www.youtube.com/watch?v=1whCmp5y0Nk,2.8万回視聴 / 2 年前,良い話,https://www.youtube.com/channel/UCSrk1OzKlw4sCvRbksLDgcQ,4 日前,0 回視聴,【スカッとする話】私が夫のドナー提供予定と知らず私を罵倒する夫「誰のおかげで飯食えてんだw逆らうなら離婚だぞw」私「じゃ離婚で」夫を見捨てて海外移住した結果w【スカッと】【朗読】,https://www.youtube.com/watch?v=RrYsNClQdpk,100%
2126,【スカッとする話】私が家族全員養っていると知らず3ヶ月も同居の姑に無視され続けた私。ある日、勝手に全ての鍵を変えられ家から閉め出されたので、家を売り払い1億の豪邸に引っ越すとボロボロの姑が家に来て…w,https://www.youtube.com/watch?v=Gh9ClVlrJUo,2.9万回視聴 / 2 年前,良い話,https://www.youtube.com/channel/UCSrk1OzKlw4sCvRbksLDgcQ,3 日前,0 回視聴,【スカッとする話】私が家族全員養っていると知らず3ヶ月も同居の姑に無視され続けた私。ある日、勝手に全ての鍵を変えられ家から閉め出されたので、家を売り払い1億の豪邸に引っ越すとボロボロの姑が家,https://www.youtube.com/watch?v=LLBKCfB0r9c,98%
2127,【スカッとする話】私に年間3億の家賃収入があると知らず20歳の愛人と再婚した元夫と再会「生活保護の乞食だw慰謝料も請求するからな覚悟しとけw」私「わかった！」3日後、半狂乱の夫から鬼電がw,https://www.youtube.com/watch?v=G7C_-NrmzFQ,6.5万回視聴 / 2 年前,良い話,https://www.youtube.com/channel/UCSrk1OzKlw4sCvRbksLDgcQ,3 日前,0 回視聴,【スカッとする話】私に年間3億の家賃収入があると知らず20歳の愛人と再婚した元夫と再会「生活保護の乞食だw慰謝料も請求するからな覚悟しとけw」私「わかった！」3日後、半狂乱の夫から鬼電がw,https://www.youtube.com/watch?v=19hufD4fHQU,100%
2128,【スカッとする話】私に年間9億の家賃収入があると知らずの事故で両足を失った私を捨て愛人と再婚した夫「家事すら出来ない寄生虫とは離婚w慰謝料も600万請求だw」私「..はい」5日後、夫から鬼電がw,https://www.youtube.com/watch?v=pASfttqqShg,3.2万回視聴 / 2 年前,良い話,https://www.youtube.com/channel/UCSrk1OzKlw4sCvRbksLDgcQ,5 日前,0 回視聴,【スカッとする話】私に年間9億の家賃収入があると知らずの事故で両足を失った私を捨て愛人と再婚した夫「家事すら出来ない寄生虫とは離婚w慰謝料も600万請求だw」私「  はい」5日後、夫から鬼電,https://www.youtube.com/watch?v=tG_Am2ijCZQ,99%
2129,【スカッとする話】私のブラックカードで25人分も高級寿司を奢る義母「嫁の金なので全部タダよｗ」私「あれ？カードは期限切れですよ？先週、離婚届も出して私独身ですし」義母「え？」結果w【スカッと】【朗読】,https://www.youtube.com/watch?v=AiIbD4_uq2s,8.5万回視聴 / 2 年前,良い話,https://www.youtube.com/channel/UCSrk1OzKlw4sCvRbksLDgcQ,19 時間前,0 回視聴,【スカッとする話】私のブラックカードで25人分も高級寿司を奢る義母「嫁の金なので全部タダよｗ」私「あれ？カードは期限切れですよ？先週、離婚届も出して私独身ですし」義母「え？」結果w【スカッと,https://www.youtube.com/watch?v=py2Yoh601oI,96%
2130,【スカッとする話】私の資産が9億あると知らず社長令嬢の愛人と再婚した元夫と再会「生活保護の貧乏人じゃんw元気？w」私「は？誰と勘違いしてるの？」真実を伝えると元夫が半狂乱にw【スカッと】【朗読】,https://www.youtube.com/watch?v=uYt37nxwb0o,1.8万回視聴 / 2 年前,良い話,https://www.youtube.com/channel/UCSrk1OzKlw4sCvRbksLDgcQ,4 日前,0 回視聴,【スカッとする話】私の資産が9億あると知らず社長令嬢の愛人と再婚した元夫と再会「生活保護の貧乏人じゃんw元気？w」私「は？誰と勘違いしてるの？」真実を伝えると元夫が半狂乱にw【スカッと】【朗,https://www.youtube.com/watch?v=CTSam6d0a5g,99%
2131,【スカッとする話】義姉が0歳児を玄関に置き…義姉「1年前から娘の世話ありがとw」私「なんの話？」（私も1年間里帰り中なんだけど…）,https://www.youtube.com/watch?v=w8upN1NkUWE,2.6万回視聴 / 2 年前,良い話,https://www.youtube.com/channel/UCSrk1OzKlw4sCvRbksLDgcQ,4 日前,0 回視聴,【スカッとする話】義姉が0歳児を玄関に置き…義姉「1年前から娘の世話ありがとw」私「なんの話？」（私も1年間里帰り中なんだけど…）,https://www.youtube.com/watch?v=ch4Bn0Oil14,100%
2132,【スカッとする話】臨月の私を家庭用サウナに閉じこめ5泊7日の温泉旅行に出かけたエリート義両親「私達から息子を奪った罰よw」7日後、帰宅した義父が腐敗臭に気づき慌ててサウナの扉を開けると..【スカッと】,https://www.youtube.com/watch?v=5AbXeqqVHY4,2.1万回視聴 / 2 年前,良い話,https://www.youtube.com/channel/UCSrk1OzKlw4sCvRbksLDgcQ,4 日前,1 回視聴,【スカッとする話】臨月の私を家庭用サウナに閉じこめ5泊7日の温泉旅行に出かけたエリート義両親「私達から息子を奪った罰よw」7日後、帰宅した義父が腐敗臭に気づき慌ててサウナの扉を開けると  【,https://www.youtube.com/watch?v=NErdT5kX1Gw,99%
2133,【スカッとする話】豪華客船でディナー中、大手銀行員のママ友が私にビールをぶっかけ…ママ友「貧乏人がなんでいるの？w」3秒後、血相変えた船長が駆け寄り→船長「オーナー！大丈夫ですか！？」【スカッと】,https://www.youtube.com/watch?v=QlQECIqvNZw,1.6万回視聴 / 2 年前,良い話,https://www.youtube.com/channel/UCSrk1OzKlw4sCvRbksLDgcQ,1 日前,0 回視聴,【スカッとする話】豪華客船でディナー中、大手銀行員のママ友が私にビールをぶっかけ…ママ友「貧乏人がなんでいるの？w」3秒後、血相変えた船長が駆け寄り→船長「オーナー！大丈夫ですか！？」【スカ,https://www.youtube.com/watch?v=f53AHJe3x38,98%
2134,【スカッとする話】長男夫婦が帰省し夕飯を作ると長男嫁「ひどい料理w家もボロいし年金生活じゃ仕方ないかw」直後、普段温厚な長男が立ち上がり、長男「おい、お前一体何様なんだ？」長男嫁「え？」【スカッと】,https://www.youtube.com/watch?v=4CDuIyGgreU,2.3万回視聴 / 2 年前,良い話,https://www.youtube.com/channel/UCSrk1OzKlw4sCvRbksLDgcQ,5 日前,0 回視聴,【スカッとする話】長男夫婦が帰省し夕飯を作ると長男嫁「ひどい料理w家もボロいし年金生活じゃ仕方ないかw」直後、普段温厚な長男が立ち上がり、長男「おい、お前一体何様なんだ？」長男嫁「え？」【ス,https://www.youtube.com/watch?v=AkMaZD1vsY0,99%
2135,【スカッと総集編】40歳で妊娠した私を捨て23歳の愛人と再婚した医師の夫「若い女の方が良いから離婚でw」18年後、病院で元夫と再会すると→元夫「不妊か？w」直後、息子が現れ半狂乱にw,https://www.youtube.com/watch?v=599qI_PHb6c,6.9万回視聴 / 2 年前,良い話,https://www.youtube.com/channel/UCSrk1OzKlw4sCvRbksLDgcQ,2 日前,0 回視聴,【スカッと総集編】40歳で妊娠した私を捨て23歳の愛人と再婚した医師の夫「若い女の方が良いから離婚でw」18年後、病院で元夫と再会すると→元夫「不妊か？w」直後、息子が現れ半狂乱にw,https://www.youtube.com/watch?v=zy9hH5jkqwo,100%
2136,【スカッと総集編】年間9億の家賃収入があると知らず事故で両足を失った私を捨て愛人と再婚した夫「家事すら出来ない寄生虫とは離婚w慰謝料も600万請求だw」私「...はい」5日後、夫から33件の鬼電,https://www.youtube.com/watch?v=oJ0tlRUdj2A,7.9万回視聴 / 2 年前,良い話,https://www.youtube.com/channel/UCSrk1OzKlw4sCvRbksLDgcQ,5 日前,0 回視聴,【スカッとする話】私に年間9億の家賃収入があると知らずの事故で両足を失った私を捨て愛人と再婚した夫「家事すら出来ない寄生虫とは離婚w慰謝料も600万請求だw」私「  はい」5日後、夫から鬼電,https://www.youtube.com/watch?v=tG_Am2ijCZQ,95%
2137,【スカッと総集編】私に年間3億の家賃収入があると知らず20歳の愛人と再婚した元夫と再会「生活保護の乞食だw慰謝料も請求するからな覚悟しとけw」私「わかった！」3日後、半狂乱の夫から鬼電がw,https://www.youtube.com/watch?v=iyUg7BhMrl4,20万回視聴 / 2 年前,良い話,https://www.youtube.com/channel/UCSrk1OzKlw4sCvRbksLDgcQ,3 日前,0 回視聴,【スカッとする話】私に年間3億の家賃収入があると知らず20歳の愛人と再婚した元夫と再会「生活保護の乞食だw慰謝料も請求するからな覚悟しとけw」私「わかった！」3日後、半狂乱の夫から鬼電がw,https://www.youtube.com/watch?v=19hufD4fHQU,100%
2138,【スカッと総集編】私の資産が9億あると知らず社長令嬢の愛人と再婚した元夫と再会「生活保護の貧乏人じゃんw元気？w」私「は？誰と勘違いしてるの？」真実を伝えると元夫が半狂乱にw,https://www.youtube.com/watch?v=lVGupM23LsE,31万回視聴 / 2 年前,良い話,https://www.youtube.com/channel/UCSrk1OzKlw4sCvRbksLDgcQ,4 日前,0 回視聴,【スカッとする話】私の資産が9億あると知らず社長令嬢の愛人と再婚した元夫と再会「生活保護の貧乏人じゃんw元気？w」私「は？誰と勘違いしてるの？」真実を伝えると元夫が半狂乱にw【スカッと】【朗,https://www.youtube.com/watch?v=CTSam6d0a5g,99%
2139,【スカッと総集編】臨月の私を家庭用サウナに閉じこめ5泊7日の温泉旅行に出かけたエリート義両親「私達から息子を奪った罰よw」7日後、帰宅した義父が腐敗臭に気づき慌ててサウナの扉を開けると...,https://www.youtube.com/watch?v=LPY1ke7gWfI,11万回視聴 / 2 年前,良い話,https://www.youtube.com/channel/UCSrk1OzKlw4sCvRbksLDgcQ,4 日前,1 回視聴,【スカッとする話】臨月の私を家庭用サウナに閉じこめ5泊7日の温泉旅行に出かけたエリート義両親「私達から息子を奪った罰よw」7日後、帰宅した義父が腐敗臭に気づき慌ててサウナの扉を開けると  【,https://www.youtube.com/watch?v=NErdT5kX1Gw,99%
2140,【スカッと総集編】離婚から２週間で再婚した元夫「家柄、性格ともに最高の嫁w」夫の新しい嫁を見た瞬間、私は思わず大爆笑www→だってその嫁は…w,https://www.youtube.com/watch?v=s8zl0VxtC2k,6.3万回視聴 / 2 年前,良い話,https://www.youtube.com/channel/UCSrk1OzKlw4sCvRbksLDgcQ,5 日前,0 回視聴,【スカッと総集編】離婚から２週間で再婚した元夫「家柄、性格ともに最高の嫁w」夫の新しい嫁を見た瞬間、私は思わず大爆笑www→だってその嫁は…w,https://www.youtube.com/watch?v=_NmgMfK7eX0,100%
2141,【スカッとする話】親族の集まりでエリート夫「嫁の飯はまずいんだよなw」私「え？私の料理食べた事ある？食事はいつも愛人宅じゃないの」義父「は？」義両親がブチギレ...,https://www.youtube.com/watch?v=GZtalGoS6qE,11万回視聴 / 3 年前,芋泥卷卷,https://www.youtube.com/channel/UC9ByA8EPkJwGPN_-XBdzzWA,3 週間前,62回視聴,親族一同の集まりでエリート夫「嫁の飯はまずいんだよなw」私「え？私の料理食べた事あったけ？食事はいつも愛人宅じゃないのw」義父「は？」義両親がブチギレた結果www,https://www.youtube.com/watch?v=vcf4P4C-2fA,93%
2142,【スカッとする話】孫の100日祝いに親戚一同と行くと私だけ席がなかった…長男嫁「家族の席しかありませんw」私「…帰りますか」親戚一同「うん」3分後、長男嫁に悲劇がw,https://www.youtube.com/watch?v=eb8s4DgkJ3o,14万回視聴 / 2 年前,若い子豚,https://www.youtube.com/channel/UCdZzVPtSayihh9XVobCBoUA,2 年前,0 回視聴,【スカッと】孫の100日祝いに親戚一同と行くと私だけ席がなかった…長男嫁「家族の席しかありませんw」私「…帰りますか」親戚一同「うん」5分後、長男嫁に悲劇が,https://www.youtube.com/watch?v=VRkHIhUQXTQ,98%
2143,【スカッとする話】祖母と同居の長男夫婦に毎月25万の仕送りをする私が祖母の様子を見に行くと伝えると長男が激怒「何しにくる気だ！？今まで何もしなかったくせに！」私「は？」実は…,https://www.youtube.com/watch?v=l5MOnDUec8k,3.4万回視聴 / 3 年前,華麗なる復讐話,https://www.youtube.com/channel/UC_QH2ZEE74Tv7auJYZV8jbg,3 年前,"2,582回視聴",母と同居の弟夫婦に毎月25万の仕送りをする私。母の様子を見に行くと伝えると弟嫁が激怒し「今まで何もしてこなかったくせに」私「はぁ？」青ざめたのは…,https://www.youtube.com/watch?v=sh1-9PBxsU8,81%
2144,【スカッとする話】2人で11年経営した会社を知らない女に勝手に売った夫「金入ったしお前は用済み」女「会社と嫁引継ぎますw」社員を引き連れ全員で辞めるとw【朗読】【スカッと】,https://www.youtube.com/watch?v=TrK-PE4VKbI,4.4万回視聴 / 3 か月前,藤田 七海,https://www.youtube.com/channel/UCe0KTxGVR84qUjkAHQb-wGg,12 日前,22回視聴,【スカッとする話】2人で11年経営した会社を知らない女に勝手に売った夫「金入ったしお前は用済み」女「会社と嫁引継ぎますw」社員を引き連れ全員で辞めるとw【朗読】【スカッと】,https://www.youtube.com/watch?v=ZIv2oFAVCeo,100%
2145,【スカッとする話】38歳で両親に結婚を急かされ「相手はいる」と嘘をつくとイケメン上司「俺が恋人役するよ」1週間後、両親に会わせると父「まさか…こんな所で」実は【朗読】【スカッと】,https://www.youtube.com/watch?v=wWt0dqnPt6g,6.5万回視聴 / 3 か月前,藤田 七海,https://www.youtube.com/channel/UCe0KTxGVR84qUjkAHQb-wGg,5 日前,13回視聴,【スカッとする話】38歳で両親に結婚を急かされ「相手はいる」と嘘をつくとイケメン上司「俺が恋人役するよ」1週間後、両親に会わせると父「まさか…こんな所で」実は【朗読】【スカッと】,https://www.youtube.com/watch?v=pvT5lwjbiZU,100%
2146,【スカッとする話】4歳の娘を寝かしつけていると、急にベランダを指差し囁いた。娘「ママがお外行くと、そこから女の人が来るの」→出かける瞬間110番するとw【朗読】【スカッと】,https://www.youtube.com/watch?v=KOdNAZcklk0,1.4万回視聴 / 4 か月前,藤田 七海,https://www.youtube.com/channel/UCe0KTxGVR84qUjkAHQb-wGg,2 日前,0 回視聴,【スカッとする話】4歳の娘を寝かしつけていると、急にベランダを指差し囁いた。娘「ママがお外行くと、そこから女の人が来るの」→出かける瞬間110番するとw【朗読】【スカッと】,https://www.youtube.com/watch?v=Lr2kktW1Fhs,100%
2147,【スカッとする話】5年前に離婚した元夫と保育園で再会。元夫「そいつ俺の子？俺もう子供いるし認知しないよ」私「ん？お前種ナシじゃんwそっちも誰の子かな？」元夫「え？」【朗読】【スカッと】,https://www.youtube.com/watch?v=yf6Hd6ajnbc,5.2万回視聴 / 2 か月前,藤田 七海,https://www.youtube.com/channel/UCe0KTxGVR84qUjkAHQb-wGg,2 週間前,292回視聴,【スカッとする話】5年前に離婚した元夫と保育園で再会。元夫「そいつ俺の子？俺もう子供いるし認知しないよ」私「ん？お前種ナシじゃんwそっちも誰の子かな？」元夫「え？」【朗読】【スカッと】,https://www.youtube.com/watch?v=E1ESFVhhufk,100%
2148,【スカッとする話】70歳を過ぎ夫と別居中の私。40年もの間、夫は冷酷だった。ある日、夫の手帳を開いた瞬間、全てを理解し涙が溢れ…【朗読】【スカッと】,https://www.youtube.com/watch?v=00HSG0Knh3I,1.7万回視聴 / 4 か月前,藤田 七海,https://www.youtube.com/channel/UCe0KTxGVR84qUjkAHQb-wGg,1 日前,1 回視聴,【スカッとする話】70歳を過ぎ夫と別居中の私。40年もの間、夫は冷酷だった。ある日、夫の手帳を開いた瞬間、全てを理解し涙が溢れ…【朗読】【スカッと】,https://www.youtube.com/watch?v=nWSoFCk937U,100%
2149,【スカッとする話】71歳で年金暮らしの私に息子「介護嫌だから絶縁w」息子嫁「遺産も入らないしねw」私「縁切って本当に困らない？」2人「困るわけw」結果w【朗読】【スカッと】,https://www.youtube.com/watch?v=Q044CFIO2kM,3.7万回視聴 / 3 か月前,藤田 七海,https://www.youtube.com/channel/UCe0KTxGVR84qUjkAHQb-wGg,11 日前,16回視聴,【スカッとする話】71歳で年金暮らしの私に息子「介護嫌だから絶縁w」息子嫁「遺産も入らないしねw」私「縁切って本当に困らない？」2人「困るわけw」結果w【朗読】【スカッと】,https://www.youtube.com/watch?v=djXrx-nrSpc,100%
2150,【スカッとする話】7年間義母の介護を続けたのに、正月になると義姉には20万渡し、私にはボロ紙袋を投げつけた義母。悔しさをこらえて中を見た瞬間、私はその場で凍りつき… 【朗読】【スカッと】,https://www.youtube.com/watch?v=jr7Od4teOoA,2.4万回視聴 / 3 か月前,藤田 七海,https://www.youtube.com/channel/UCe0KTxGVR84qUjkAHQb-wGg,2 週間前,55回視聴,【スカッとする話】7年間義母の介護を続けたのに、正月になると義姉には20万渡し、私にはボロ紙袋を投げつけた義母。悔しさをこらえて中を見た瞬間、私はその場で凍りつき… 【朗読】【スカッと】,https://www.youtube.com/watch?v=RAkcPdv5H8Q,100%
2151,【スカッとする話】9年前に離別した息子が亡くなり、すぐに葬儀場へ足を運んだ私。祭壇の前に立つ男を見た直後、私「そんな、嘘でしょ…」実は【朗読】【スカッと】,https://www.youtube.com/watch?v=_VNnKc5IcKc,3.1万回視聴 / 4 か月前,藤田 七海,https://www.youtube.com/channel/UCe0KTxGVR84qUjkAHQb-wGg,2 日前,0 回視聴,【スカッとする話】9年前に離別した息子が亡くなり、すぐに葬儀場へ足を運んだ私。祭壇の前に立つ男を見た直後、私「そんな、嘘でしょ…」実は【朗読】【スカッと】,https://www.youtube.com/watch?v=SfrDwqsbJU4,100%
2152,【スカッとする話】お盆に親戚の集まりに行くと、親戚一同が私を無視…義母（うわw来たよ…）無言でその場を立ち去り4日後、親戚全員から大量着信が…w【朗読】【スカッと】,https://www.youtube.com/watch?v=uSakJfqMq3Y,3.3万回視聴 / 1 か月前,藤田 七海,https://www.youtube.com/channel/UCe0KTxGVR84qUjkAHQb-wGg,4 週間前,20回視聴,【スカッとする話】お盆に親戚の集まりに行くと、親戚一同が私を無視…義母（うわw来たよ…）無言でその場を立ち去り4日後、親戚全員から大量着信が…w【朗読】【スカッと】,https://www.youtube.com/watch?v=PMDTClN0lT8,100%
2153,【スカッとする話】ジャージ姿の夫と病院へ行くと、私の婚約者を略奪した姉と再会。姉「私の夫、ここの院長なのwあなた達は生活大変でしょ」夫「彼なら昨日クビにしたけどw」【朗読】【スカッと】,https://www.youtube.com/watch?v=-2NPxSnCoDA,8.8万回視聴 / 1 か月前,藤田 七海,https://www.youtube.com/channel/UCe0KTxGVR84qUjkAHQb-wGg,3 週間前,10回視聴,【スカッとする話】ジャージ姿の夫と病院へ行くと、私の婚約者を略奪した姉と再会。姉「私の夫、ここの院長なのwあなた達は生活大変でしょ」夫「彼なら昨日クビにしたけどw」【朗読】【スカッと,https://www.youtube.com/watch?v=Yl1FRp3RLws,87%
2154,【スカッとする話】不倫され無一文で追い出された私。偶然見た大富豪の継母募集に応募。1ヶ月後、知らせを聞いた元夫がいきなり家の前に現れ…w【朗読】【スカッと】,https://www.youtube.com/watch?v=i4CX2w0EpjQ,6.5万回視聴 / 3 か月前,藤田 七海,https://www.youtube.com/channel/UCe0KTxGVR84qUjkAHQb-wGg,2 週間前,170回視聴,【スカッとする話】不倫され無一文で追い出された私。偶然見た大富豪の継母募集に応募。1ヶ月後、知らせを聞いた元夫がいきなり家の前に現れ…w【朗読】【スカッと】,https://www.youtube.com/watch?v=Ha4H13c-Wik,100%
2155,【スカッとする話】不倫した夫と離婚して4日後、ホテルで豪遊する義母から電話。義母「カード使えなくなった！宿泊代30万振り込んでw」もう他人なので無視した結果w【朗読】【スカッと】,https://www.youtube.com/watch?v=T3DS3QFl4gM,5.9万回視聴 / 2 か月前,藤田 七海,https://www.youtube.com/channel/UCe0KTxGVR84qUjkAHQb-wGg,3 週間前,40回視聴,【スカッとする話】不倫した夫と離婚して4日後、ホテルで豪遊する義母から電話。義母「カード使えなくなった！宿泊代30万振り込んでw」もう他人なので無視した結果w【朗読】【スカッと】,https://www.youtube.com/watch?v=88X9a7Yo_fk,100%
2156,【スカッとする話】亭主関白夫「生活費は1万で十分！節約できなければ離婚な」私「は？（まぁいっかw）」夫「女は文句言うなw」暖房も切り節約してあげると…w【朗読】【スカッと】,https://www.youtube.com/watch?v=QhxtczPE0cs,1.9万回視聴 / 3 か月前,藤田 七海,https://www.youtube.com/channel/UCe0KTxGVR84qUjkAHQb-wGg,9 日前,5回視聴,【スカッとする話】亭主関白夫「生活費は1万で十分！節約できなければ離婚な」私「は？（まぁいっかw）」夫「女は文句言うなw」暖房も切り節約してあげると…w【朗読】【スカッと】,https://www.youtube.com/watch?v=8u1tbxxoP38,100%
2157,【スカッとする話】初恋の相手の結婚式に行くと、官僚「用務員の席はないwそこら辺に立っとけw」私が帰ろうとすると、海外VIP「会えて光栄です！」【朗読】【スカッと】,https://www.youtube.com/watch?v=tnmAzLT0aw0,1.8万回視聴 / 2 か月前,藤田 七海,https://www.youtube.com/channel/UCe0KTxGVR84qUjkAHQb-wGg,2 週間前,5回視聴,【スカッとする話】初恋の相手の結婚式に行くと、官僚「用務員の席はないwそこら辺に立っとけw」私が帰ろうとすると、海外VIP「会えて光栄です！」【朗読】【スカッと】,https://www.youtube.com/watch?v=RVCm1aUrERs,100%
2158,【スカッとする話】同窓会で東大卒のイケメン医師が中卒でバイトの私に難病症例を提示。医師「解けたら何でもするw」私「あ、それ難しくないよ」【朗読】【スカッと】,https://www.youtube.com/watch?v=qORErX-vqL8,3.2万回視聴 / 4 か月前,藤田 七海,https://www.youtube.com/channel/UCe0KTxGVR84qUjkAHQb-wGg,3 日前,4回視聴,【スカッとする話】同窓会で東大卒のイケメン医師が中卒でバイトの私に難病症例を提示。医師「解けたら何でもするw」私「あ、それ難しくないよ」【朗読】【スカッと】,https://www.youtube.com/watch?v=aO11Hj7Yd8g,100%
2159,【スカッとする話】夫「3年間アメリカに赴任する」私「長すぎる！私も一緒に行く」夫「お前は家を守っててくれ」1年後、デパートで夫と妊婦を目撃→証拠を押さえ全て開示すると…w,https://www.youtube.com/watch?v=bUesKx2d9r8,2.7万回視聴 / 4 か月前,藤田 七海,https://www.youtube.com/channel/UCe0KTxGVR84qUjkAHQb-wGg,3 時間前,0 回視聴,【スカッとする話】夫「3年間アメリカに赴任する」私「長すぎる！私も一緒に行く」夫「お前は家を守っててくれ」1年後、デパートで夫と妊婦を目撃→証拠を押さえ全て開示すると…w,https://www.youtube.com/watch?v=xQD1fHQN9vU,100%
2160,【スカッとする話】夫「お前の親に使う金はない！」母の治療費10万で本性を現した夫。3日後、義母も脳卒中で倒れると私「私にも義務はないから」直後、夫が取り乱し半狂乱にw【朗読】【スカッと】,https://www.youtube.com/watch?v=VknR8hj0luw,4.6万回視聴 / 3 か月前,藤田 七海,https://www.youtube.com/channel/UCe0KTxGVR84qUjkAHQb-wGg,5 日前,28回視聴,【スカッとする話】夫「お前の親に使う金はない！」母の治療費10万で本性を現した夫。3日後、義母も脳卒中で倒れると私「私にも義務はないから」直後、夫が取り乱し半狂乱にw【朗読】【スカッと】,https://www.youtube.com/watch?v=Or_7KJjAZxA,100%
2161,【スカッとする話】夫が亡くなり8年経ったある日、納骨堂に写真を供えていると少年「隣に住んでるおじさんだ」詳しく話を聞くと背筋が凍り…【朗読】【スカッと】,https://www.youtube.com/watch?v=u1Ga8VNwPE4,7.8万回視聴 / 3 か月前,藤田 七海,https://www.youtube.com/channel/UCe0KTxGVR84qUjkAHQb-wGg,8 日前,4回視聴,【スカッとする話】夫が亡くなり8年経ったある日、納骨堂に写真を供えていると少年「隣に住んでるおじさんだ」詳しく話を聞くと背筋が凍り…【朗読】【スカッと】,https://www.youtube.com/watch?v=JBtydRiUyFE,100%
2162,【スカッとする話】夫が入浴中、義妹から電話。義妹「妊娠しちゃいました…」私「誰の子？」義妹「…」全ての事情を察した私「夫には黙って家来て」実は…【朗読】【スカッと】,https://www.youtube.com/watch?v=rNIrBwB8mno,1.6万回視聴 / 3 か月前,藤田 七海,https://www.youtube.com/channel/UCe0KTxGVR84qUjkAHQb-wGg,8 日前,6回視聴,【スカッとする話】夫が入浴中、義妹から電話。義妹「妊娠しちゃいました…」私「誰の子？」義妹「…」全ての事情を察した私「夫には黙って家来て」実は…【朗読】【スカッと】,https://www.youtube.com/watch?v=9ZyPErNH4eU,100%
2163,【スカッとする話】夫の会社に弁当を届けると、夫「今日も忙しいから助かる！」直後、夫の鞄を見た瞬間、私「さようなら」夫「え？」【朗読】【スカッと】,https://www.youtube.com/watch?v=Rt9GxXvlbY8,11万回視聴 / 2 か月前,藤田 七海,https://www.youtube.com/channel/UCe0KTxGVR84qUjkAHQb-wGg,3 週間前,"1,946回視聴",【スカッとする話】夫の会社に弁当を届けると、夫「今日も忙しいから助かる！」直後、夫の鞄を見た瞬間、私「さようなら」夫「え？」【朗読】【スカッと】,https://www.youtube.com/watch?v=P6SlM3yAEx4,100%
2164,【スカッとする話】夫の会社に身分を隠して入社した私。昼休み、夫のコップでお茶を飲むと女性秘書「私の夫のコップよ！言いつけてクビにする」呼び出された夫を待ち受けるとw【朗読】【スカッと】,https://www.youtube.com/watch?v=YXQf7LoG2gE,5.5万回視聴 / 3 か月前,藤田 七海,https://www.youtube.com/channel/UCe0KTxGVR84qUjkAHQb-wGg,13 日前,17回視聴,【スカッとする話】夫の会社に身分を隠して入社した私。昼休み、夫のコップでお茶を飲むと女性秘書「私の夫のコップよ！言いつけてクビにする」呼び出された夫を待ち受けるとw【朗読】【スカッと】,https://www.youtube.com/watch?v=jzKGPAYOqfY,100%
2165,【スカッとする話】夫を亡くし、女手一つで息子を医者に育て上げたのに、息子「結婚式には来ないで」バレないようこっそり会場に行くと、息子の実母が現れ…【朗読】【スカッと】,https://www.youtube.com/watch?v=OTtXNVQfwMw,8.2万回視聴 / 2 か月前,藤田 七海,https://www.youtube.com/channel/UCe0KTxGVR84qUjkAHQb-wGg,3 週間前,42回視聴,【スカッとする話】夫を亡くし、女手一つで息子を医者に育て上げたのに、息子「結婚式には来ないで」バレないようこっそり会場に行くと、息子の実母が現れ…【朗読】【スカッと】,https://www.youtube.com/watch?v=gYCEDoU2r3M,88%
2166,【スカッとする話】夫婦で新築を購入すると、義家族が荷物を大量に搬入。義家族「私たちも住むからw」拒否すると夫が激怒したが、私の一言で義家族が震え出しw【朗読】【スカッと】,https://www.youtube.com/watch?v=cnmmrAEygJc,1.5万回視聴 / 4 か月前,藤田 七海,https://www.youtube.com/channel/UCe0KTxGVR84qUjkAHQb-wGg,3 日前,3回視聴,【スカッとする話】夫婦で新築を購入すると、義家族が荷物を大量に搬入。義家族「私たちも住むからw」拒否すると夫が激怒したが、私の一言で義家族が震え出しw【朗読】【スカッと】,https://www.youtube.com/watch?v=F05dhaAdONc,85%
2167,【スカッとする話】妊娠中の私を捨てた夫と同窓会で再会。夫「お前より若い女と再婚したw別れてくれたおかげで幸せw」私「それで幸せなんだw」夫「は？」実は…【朗読】【スカッと】,https://www.youtube.com/watch?v=xccw36svwyY,2.4万回視聴 / 3 か月前,藤田 七海,https://www.youtube.com/channel/UCe0KTxGVR84qUjkAHQb-wGg,2 週間前,20回視聴,【スカッとする話】妊娠中の私を捨てた夫と同窓会で再会。夫「お前より若い女と再婚したw別れてくれたおかげで幸せw」私「それで幸せなんだw」夫「は？」実は…【朗読】【スカッと】,https://www.youtube.com/watch?v=pps1Gh_FfIU,87%
2168,【スカッとする話】妹の代わりに田舎の猟師に嫁いだ私「今日の夕飯は鹿肉？」夫「いや、これで好きな物食べて」10万円を手渡された私…→夫の正体を知った妹が半狂乱にw【朗読】【スカッと】,https://www.youtube.com/watch?v=YYnTTQ_3WI8,5.9万回視聴 / 2 か月前,藤田 七海,https://www.youtube.com/channel/UCe0KTxGVR84qUjkAHQb-wGg,3 週間前,8回視聴,【スカッとする話】妹の代わりに田舎の猟師に嫁いだ私「今日の夕飯は鹿肉？」夫「いや、これで好きな物食べて」10万円を手渡された私…→夫の正体を知った妹が半狂乱にw【朗読】【スカッと】,https://www.youtube.com/watch?v=RGiw3iaWb0w,100%
2169,【スカッとする話】姉の結婚式に行くと私を見下す京大卒の義父「中卒の英語聞かせろw」私（アメリカの大学教授だけど、今は黙っとくかw）1時間後w【朗読】【スカッと】,https://www.youtube.com/watch?v=PWHztx9-bjo,7.8万回視聴 / 3 か月前,藤田 七海,https://www.youtube.com/channel/UCe0KTxGVR84qUjkAHQb-wGg,4 日前,2回視聴,【スカッとする話】姉の結婚式に行くと私を見下す京大卒の義父「中卒の英語聞かせろw」私（アメリカの大学教授だけど、今は黙っとくかw）1時間後w【朗読】【スカッと】,https://www.youtube.com/watch?v=tPMmMkBKMGE,100%
2170,【スカッとする話】娘がアスペルガーと診断されると、夫「離婚でw親権はお前なw」絶望の中、号泣する私に娘「ママ、これは何…？」娘が指差した紙を拾い上げると…【朗読】【スカッと】,https://www.youtube.com/watch?v=h7fUPWG2iGU,1.6万回視聴 / 1 か月前,藤田 七海,https://www.youtube.com/channel/UCe0KTxGVR84qUjkAHQb-wGg,3 週間前,1 回視聴,【スカッとする話】娘がアスペルガーと診断されると、夫「離婚でw親権はお前なw」絶望の中、号泣する私に娘「ママ、これは何…？」娘が指差した紙を拾い上げると…【朗読】【スカッと】,https://www.youtube.com/watch?v=1xXNKv0BneY,100%
2171,【スカッとする話】娘と入浴中だった夫が倒れた…私「すぐ病院連れていかないと！」娘「やめて！置いて逃げよう」私「何で…？」娘の一言で私はすぐに車を出し…【朗読】【スカッと】,https://www.youtube.com/watch?v=YomBGMDnCiE,2.4万回視聴 / 3 か月前,藤田 七海,https://www.youtube.com/channel/UCe0KTxGVR84qUjkAHQb-wGg,7 日前,9回視聴,【スカッとする話】娘と入浴中だった夫が倒れた…私「すぐ病院連れていかないと！」娘「やめて！置いて逃げよう」私「何で…？」娘の一言で私はすぐに車を出し…【朗読】【スカッと】,https://www.youtube.com/watch?v=0QCeWwfLLjE,100%
2172,【スカッとする話】娘の結婚式に愛人と共に現れた夫「彼女にも座らせてあげて」私は黙って愛人に席を譲った直後、グループ10社を束ねる新郎父「会長、お久しぶりです」【朗読】【スカッと】,https://www.youtube.com/watch?v=ZobJWKrmIzQ,7.7万回視聴 / 4 週間前,藤田 七海,https://www.youtube.com/channel/UCe0KTxGVR84qUjkAHQb-wGg,2 週間前,3回視聴,【スカッとする話】娘の結婚式に愛人と共に現れた夫「彼女にも座らせてあげて」私は黙って愛人に席を譲った直後、グループ10社を束ねる新郎父「会長、お久しぶりです」【朗読】【スカッと】,https://www.youtube.com/watch?v=MCdA3DExAwI,100%
2173,【スカッとする話】孫の合格祝いで義実家に行くと私と夫だけわさびのみだった…義兄「もらえるだけ光栄だろw」私「ありがたく頂きますね」帰宅後、悶絶し涙目の義兄が…w【朗読】【スカッと】,https://www.youtube.com/watch?v=AW46gN91lmo,1.8万回視聴 / 4 か月前,藤田 七海,https://www.youtube.com/channel/UCe0KTxGVR84qUjkAHQb-wGg,3 日前,2回視聴,【スカッとする話】孫の合格祝いで義実家に行くと私と夫だけわさびのみだった…義兄「もらえるだけ光栄だろw」私「ありがたく頂きますね」帰宅後、悶絶し涙目の義兄が…w【朗読】【スカッと】,https://www.youtube.com/watch?v=rsuKkOUkL2Q,100%
2174,【スカッとする話】息子の3回忌で法事中、遺影に手を合わせていると、老婆「この子生きてるわよ。骨壷の中、見たことある？」骨壷を開けると私は恐怖で青ざめ…【朗読】【スカッと】,https://www.youtube.com/watch?v=k-xOabuttTE,9.2万回視聴 / 2 か月前,藤田 七海,https://www.youtube.com/channel/UCe0KTxGVR84qUjkAHQb-wGg,3 週間前,9回視聴,【スカッとする話】息子の3回忌で法事中、遺影に手を合わせていると、老婆「この子生きてるわよ。骨壷の中、見たことある？」骨壷を開けると私は恐怖で青ざめ…【朗読】【スカッと】,https://www.youtube.com/watch?v=p4KgG7fcdMo,100%
2175,【スカッとする話】息子のために貯めた800万の進学資金を勝手に義母に渡した夫「ママが家買うから渡したw文句あるなら離婚！」私「OK」息子「今までありがとう！」夫「え？」【朗読】【スカッと】,https://www.youtube.com/watch?v=UMALXNxEZ8g,4.6万回視聴 / 1 か月前,藤田 七海,https://www.youtube.com/channel/UCe0KTxGVR84qUjkAHQb-wGg,3 週間前,76回視聴,【スカッとする話】息子のために貯めた800万の進学資金を勝手に義母に渡した夫「ママが家買うから渡したw文句あるなら離婚！」私「OK」息子「今までありがとう！」夫「え？」【朗読】【スカッと】,https://www.youtube.com/watch?v=IgH2SYySqdI,100%
2176,【スカッとする話】愛人に夫を奪われた私。2人「すまん、離婚してくれ…」離婚届が置かれた瞬間、即サインし夫を譲ると、相手弁護士がガタガタ震え出しw【朗読】【スカッと】,https://www.youtube.com/watch?v=blo_a56_T1U,37万回視聴 / 2 か月前,藤田 七海,https://www.youtube.com/channel/UCe0KTxGVR84qUjkAHQb-wGg,3 週間前,26回視聴,【スカッとする話】愛人に夫を奪われた私。2人「すまん、離婚してくれ…」離婚届が置かれた瞬間、即サインし夫を譲ると、相手弁護士がガタガタ震え出しw【朗読】【スカッと】,https://www.youtube.com/watch?v=I9hXQqLRHbA,100%
2177,【スカッとする話】旦那が出張中、手土産を持って夫を亡くした親友を訪ねた私。しかし玄関のドアを開け、目の前の光景を見た瞬間、私「今までありがとう」実は【朗読】【スカッと】,https://www.youtube.com/watch?v=2t3thqCEE5U,4.3万回視聴 / 1 か月前,藤田 七海,https://www.youtube.com/channel/UCe0KTxGVR84qUjkAHQb-wGg,4 週間前,128回視聴,【スカッとする話】旦那が出張中、手土産を持って夫を亡くした親友を訪ねた私。しかし玄関のドアを開け、目の前の光景を見た瞬間、私「今までありがとう」実は【朗読】【スカッと】,https://www.youtube.com/watch?v=wrdB3yaai4M,100%
2178,【スカッとする話】昼休みに同僚とカフェに入ると、隣の席に夫と若い女性が…夫「妻は2年前に他界したからwこの後うち来ていいよw」先回りし最高のおもてなしをするとw【朗読】【スカッと】,https://www.youtube.com/watch?v=pdhclv8SJrI,8.5万回視聴 / 2 か月前,藤田 七海,https://www.youtube.com/channel/UCe0KTxGVR84qUjkAHQb-wGg,3 週間前,21回視聴,【スカッとする話】昼休みに同僚とカフェに入ると、隣の席に夫と若い女性が…夫「妻は2年前に他界したからwこの後うち来ていいよw」先回りし最高のおもてなしをするとw【朗読】【スカッと】,https://www.youtube.com/watch?v=JPMhCqqKBqY,100%
2179,【スカッとする話】正月、帰省の新幹線で、妊娠中の私を立ち席にした夫は「腰が痛い」と1人グリーン車へ。愛人の元へ向かったと知った私は、何も告げず新大阪で姿を消すとw【朗読】【スカッと】,https://www.youtube.com/watch?v=Lz3rc2N2XhM,4.7万回視聴 / 4 か月前,藤田 七海,https://www.youtube.com/channel/UCe0KTxGVR84qUjkAHQb-wGg,1 日前,0 回視聴,【スカッとする話】正月、帰省の新幹線で、妊娠中の私を立ち席にした夫は「腰が痛い」と1人グリーン車へ。愛人の元へ向かったと知った私は、何も告げず新大阪で姿を消すとw【朗読】【スカッと】,https://www.youtube.com/watch?v=sB5iG9fEM_E,100%
2180,【スカッとする話】正月、母が危篤で実家に帰ると義母「ここが嫌なら実家で暮らせ」私の荷物を外に投げ捨てた。私「後で撤回なしですよ？」義母「するかw」→1週間後w【朗読】【スカッと】,https://www.youtube.com/watch?v=RWaATWML5EY,2.4万回視聴 / 3 か月前,藤田 七海,https://www.youtube.com/channel/UCe0KTxGVR84qUjkAHQb-wGg,10 日前,5回視聴,【スカッとする話】正月、母が危篤で実家に帰ると義母「ここが嫌なら実家で暮らせ」私の荷物を外に投げ捨てた。私「後で撤回なしですよ？」義母「するかw」→1週間後w【朗読】【スカッと】,https://www.youtube.com/watch?v=VrRL-GT9E3k,83%
2181,【スカッとする話】残業で22時に帰宅すると、出されたのは食べかけのパン…義母「お前の面倒見るのやめた」私「OK、私は嫁をやめますw」【朗読】【スカッと】,https://www.youtube.com/watch?v=SEynENllM3s,4.3万回視聴 / 3 か月前,藤田 七海,https://www.youtube.com/channel/UCe0KTxGVR84qUjkAHQb-wGg,9 日前,4回視聴,【スカッとする話】残業で22時に帰宅すると、出されたのは食べかけのパン…義母「お前の面倒見るのやめた」私「OK、私は嫁をやめますw」【朗読】【スカッと】,https://www.youtube.com/watch?v=XlkI9UQN-vY,100%
2182,【スカッとする話】清掃員のおばちゃんの私に、社員「今日もありがとう！いつも綺麗で助かります！」私「君、今日で終わりね」社員「は？」実は…【朗読】【スカッと】,https://www.youtube.com/watch?v=1LqNLFoqHnE,2.6万回視聴 / 2 か月前,藤田 七海,https://www.youtube.com/channel/UCe0KTxGVR84qUjkAHQb-wGg,2 週間前,21回視聴,【スカッとする話】清掃員のおばちゃんの私に、社員「今日もありがとう！いつも綺麗で助かります！」私「君、今日で終わりね」社員「は？」実は…【朗読】【スカッと】,https://www.youtube.com/watch?v=Hue9y3iiXb4,100%
2183,【スカッとする話】熱海に新築戸建てが完成すると義母「年長者に譲れw」私「え？」義母「嫁の分際で偉そうね」夫「ここは譲ってあげよ？」お望み通りにすると義母に大惨事がw【朗読】【スカッと】,https://www.youtube.com/watch?v=-U1QXDCVfB8,1.7万回視聴 / 3 か月前,藤田 七海,https://www.youtube.com/channel/UCe0KTxGVR84qUjkAHQb-wGg,6 日前,52回視聴,【スカッとする話】熱海に新築戸建てが完成すると義母「年長者に譲れw」私「え？」義母「嫁の分際で偉そうね」夫「ここは譲ってあげよ？」お望み通りにすると義母に大惨事がw【朗読】【スカッと】,https://www.youtube.com/watch?v=3hPc1mwMsi8,90%
2184,【スカッとする話】父が急逝し社長になった私に30人分の退職届を投げつけた専務「全員連れて独立するわ！」私「いいの？wラッキー！」専務「え？」【朗読】【スカッと】,https://www.youtube.com/watch?v=H-iBD-D6jz8,3.8万回視聴 / 2 か月前,藤田 七海,https://www.youtube.com/channel/UCe0KTxGVR84qUjkAHQb-wGg,2 週間前,244回視聴,【スカッとする話】父が急逝し社長になった私に30人分の退職届を投げつけた専務「全員連れて独立するわ！」私「いいの？wラッキー！」専務「え？」【朗読】【スカッと】,https://www.youtube.com/watch?v=9uCKca7q7ss,94%
2185,【スカッとする話】父を亡くし借金生活をする私。父の鞄に入っていた通帳から延滞金20万を振り込んだ直後、玄関前の光景を見た私は絶句し…【朗読】【スカッと】,https://www.youtube.com/watch?v=XxaFsY1Peuo,2.1万回視聴 / 4 か月前,藤田 七海,https://www.youtube.com/channel/UCe0KTxGVR84qUjkAHQb-wGg,19 時間前,0 回視聴,【スカッとする話】父を亡くし借金生活をする私。父の鞄に入っていた通帳から延滞金20万を振り込んだ直後、玄関前の光景を見た私は絶句し…【朗読】【スカッと】,https://www.youtube.com/watch?v=h8T-p7WDd-4,97%
2186,【スカッとする話】父を理由に夫に捨てられ5年後、若い女と子供を連れた元夫と再会。元夫「嫁はお前と違って完璧w」直後、私の新しい夫を見て、元夫がガクガク震え出しw【朗読】【スカッと】,https://www.youtube.com/watch?v=W-rW5yUgXLY,7.9万回視聴 / 1 か月前,藤田 七海,https://www.youtube.com/channel/UCe0KTxGVR84qUjkAHQb-wGg,3 週間前,33回視聴,【スカッとする話】父を理由に夫に捨てられ5年後、若い女と子供を連れた元夫と再会。元夫「嫁はお前と違って完璧w」直後、私の新しい夫を見て、元夫がガクガク震え出しw【朗読】【スカッと】,https://www.youtube.com/watch?v=zYpM1pLm_7c,100%
2187,【スカッとする話】私「正月に両親ウチ来るから」夫「新年から最悪の幕開けw来てる間は出てくわw」私「では私が出ていきます」離婚届を提出し永久に姿を消すとw【朗読】【スカッと】,https://www.youtube.com/watch?v=TUFznlJ6JeM,2.2万回視聴 / 1 か月前,藤田 七海,https://www.youtube.com/channel/UCe0KTxGVR84qUjkAHQb-wGg,4 週間前,2回視聴,【スカッとする話】私「正月に両親ウチ来るから」夫「新年から最悪の幕開けw来てる間は出てくわw」私「では私が出ていきます」離婚届を提出し永久に姿を消すとw【朗読】【スカッと】,https://www.youtube.com/watch?v=rD8lL-lTo0A,100%
2188,【スカッとする話】私がグループ24社の社長と知らず、私と赤ちゃんを捨て愛人と再婚した夫「ガキ増えて生活大丈夫そ？w」私「うんw（お前と違ってな）」1ヶ月後、号泣の夫が新居に現れw【朗読】【スカッと】,https://www.youtube.com/watch?v=iE-UD8P2GXA,7.2万回視聴 / 3 か月前,藤田 七海,https://www.youtube.com/channel/UCe0KTxGVR84qUjkAHQb-wGg,13 日前,29回視聴,【スカッとする話】私がグループ24社の社長と知らず、私と赤ちゃんを捨て愛人と再婚した夫「ガキ増えて生活大丈夫そ？w」私「うんw（お前と違ってな）」1ヶ月後、号泣の夫が新居に現れw【朗読】【スカ,https://www.youtube.com/watch?v=TE0EyTLypAM,98%
2189,【スカッとする話】私がビル100棟のオーナーと知らず、私を捨て社長令嬢と再婚した夫「俺だけ金持ちなってごめんw」私「本当にそう思ってるの？」夫「嫉妬すんなってw」→翌日w【朗読】【スカッと】,https://www.youtube.com/watch?v=IOzGqAeYdYQ,4.8万回視聴 / 1 か月前,藤田 七海,https://www.youtube.com/channel/UCe0KTxGVR84qUjkAHQb-wGg,4 週間前,7回視聴,【スカッとする話】私がビル100棟のオーナーと知らず、私を捨て社長令嬢と再婚した夫「俺だけ金持ちなってごめんw」私「本当にそう思ってるの？」夫「嫉妬すんなってw」→翌日w【朗読】【スカッと】,https://www.youtube.com/watch?v=FQOy31WsX70,100%
2190,【スカッとする話】私が夫と離婚した日、夫についていくと言った息子が、別れ際に玄関で封筒を渡してきた。息子「僕が戻るまで開けないで」1年後、帰国した息子が…【朗読】【スカッと】,https://www.youtube.com/watch?v=JJC-tjTSPv8,5.1万回視聴 / 3 か月前,藤田 七海,https://www.youtube.com/channel/UCe0KTxGVR84qUjkAHQb-wGg,12 日前,59回視聴,【スカッとする話】私が夫と離婚した日、夫についていくと言った息子が、別れ際に玄関で封筒を渡してきた。息子「僕が戻るまで開けないで」1年後、帰国した息子が…【朗読】【スカッと】,https://www.youtube.com/watch?v=4zLBaJmct9Q,100%
2191,【スカッとする話】私が早朝シフトに切り替え10年義母を介護し続けたのに、義母「別に頼んでないしwお前には遺産渡さないw」私「では明日から施設入れますね」【朗読】【スカッと】,https://www.youtube.com/watch?v=apu3YCoBeec,1.5万回視聴 / 3 か月前,藤田 七海,https://www.youtube.com/channel/UCe0KTxGVR84qUjkAHQb-wGg,7 日前,15回視聴,【スカッとする話】私が早朝シフトに切り替え10年義母を介護し続けたのに、義母「別に頼んでないしwお前には遺産渡さないw」私「では明日から施設入れますね」【朗読】【スカッと】,https://www.youtube.com/watch?v=s7MxipQlVCQ,100%
2192,【スカッとする話】私と離婚し愛人を選んだ元夫「ローン完済したよな？今日から俺たちが住むからw」私「何か勘違いしてない？」元夫「え？」実はw【朗読】【スカッと】,https://www.youtube.com/watch?v=6_DWl928MOQ,5万回視聴 / 2 か月前,藤田 七海,https://www.youtube.com/channel/UCe0KTxGVR84qUjkAHQb-wGg,3 週間前,14回視聴,【スカッとする話】私と離婚し愛人を選んだ元夫「ローン完済したよな？今日から俺たちが住むからw」私「何か勘違いしてない？」元夫「え？」実はw【朗読】【スカッと】,https://www.youtube.com/watch?v=wcYLnJMwl28,100%
2193,【スカッとする話】私の年収が1000万と知らず夫と一緒に出ていった息子「毒親とは絶縁wバイバイw」私「じゃあ夫とも縁切るね」息子「勝手にどうぞw」2日後w【朗読】【スカッと】,https://www.youtube.com/watch?v=DPS_qm8jKlI,10万回視聴 / 2 か月前,藤田 七海,https://www.youtube.com/channel/UCe0KTxGVR84qUjkAHQb-wGg,3 週間前,47回視聴,【スカッとする話】私の年収が1000万と知らず夫と一緒に出ていった息子「毒親とは絶縁wバイバイw」私「じゃあ夫とも縁切るね」息子「勝手にどうぞw」2日後w【朗読】【スカッと】,https://www.youtube.com/watch?v=gAVgka5cVLA,100%
2194,【スカッとする話】私の車のアクセルにこっそり手を加える夫。私（知らないふりしよw）翌日、車を義両親に貸し出すと、夫「ま、待ってくれ…」実はw【朗読】【スカッと】,https://www.youtube.com/watch?v=lRIrN83xkSc,6.2万回視聴 / 2 か月前,藤田 七海,https://www.youtube.com/channel/UCe0KTxGVR84qUjkAHQb-wGg,2 週間前,99回視聴,【スカッとする話】私の車のアクセルにこっそり手を加える夫。私（知らないふりしよw）翌日、車を義両親に貸し出すと、夫「ま、待ってくれ…」実はw【朗読】【スカッと】,https://www.youtube.com/watch?v=eSqVlC_icow,100%
2195,【スカッとする話】私の退職金をやたら気にする夫「いくら貰ったの？」私「口座に2000万入った！」翌日、カードを手に夫が失踪。私（計画通りw）実は【朗読】【スカッと】,https://www.youtube.com/watch?v=dOy6I1JE_yY,3万回視聴 / 3 週間前,藤田 七海,https://www.youtube.com/channel/UCe0KTxGVR84qUjkAHQb-wGg,2 週間前,54回視聴,【スカッとする話】私の退職金をやたら気にする夫「いくら貰ったの？」私「口座に2000万入った！」翌日、カードを手に夫が失踪。私（計画通りw）実は【朗読】【スカッと】,https://www.youtube.com/watch?v=H3NTQ4PrQQY,100%
2196,【スカッとする話】私を嫌う義両親が私を無視。私「おやすみ」2人「…」ハワイ旅行当日に姿を消すと鬼電。義両親「今どこ？」私「…」無視して空港に置き去りにするとw【朗読】【スカッと】,https://www.youtube.com/watch?v=VqAVQppeIsM,2万回視聴 / 1 か月前,藤田 七海,https://www.youtube.com/channel/UCe0KTxGVR84qUjkAHQb-wGg,3 週間前,5回視聴,【スカッとする話】私を嫌う義両親が私を無視。私「おやすみ」2人「…」ハワイ旅行当日に姿を消すと鬼電。義両親「今どこ？」私「…」無視して空港に置き去りにするとw【朗読】【スカッと】,https://www.youtube.com/watch?v=lFRyvF4udC4,100%
2197,【スカッとする話】結婚式が終わった途端、夫「給料50万は全部ママに渡すw」義母「お前の稼ぎじゃないからw文句言うなよ」私「そっちもね」私も300万を渡さなかった結果w【朗読】【スカッと】,https://www.youtube.com/watch?v=fUpb642EsOE,2.7万回視聴 / 2 か月前,藤田 七海,https://www.youtube.com/channel/UCe0KTxGVR84qUjkAHQb-wGg,2 週間前,4回視聴,【スカッとする話】結婚式が終わった途端、夫「給料50万は全部ママに渡すw」義母「お前の稼ぎじゃないからw文句言うなよ」私「そっちもね」私も300万を渡さなかった結果w【朗読】【スカッと】,https://www.youtube.com/watch?v=3RtvDvnUUnQ,93%
2198,【スカッとする話】結婚挨拶から帰宅した息子「片親の貧乏人とは白紙って…」息子の頬にはビンタの痕が…キレた私は義家族に即電話→義家族全員が号泣の展開にw【朗読】【スカッと】,https://www.youtube.com/watch?v=sTmob2uIaqg,7.2万回視聴 / 1 か月前,藤田 七海,https://www.youtube.com/channel/UCe0KTxGVR84qUjkAHQb-wGg,3 週間前,7回視聴,【スカッとする話】結婚挨拶から帰宅した息子「片親の貧乏人とは白紙って…」息子の頬にはビンタの痕が…キレた私は義家族に即電話→義家族全員が号泣の展開にw【朗読】【スカッと】,https://www.youtube.com/watch?v=vVqgyRmaiKY,100%
2199,【スカッとする話】義両親に蹴られ骨折した私に夫「寝かせとけば治るw」翌日、病室に嘲笑いに来た義家族「あれ、嫁は？w」医師「警察署です」義家族「え？」【朗読】【スカッと】,https://www.youtube.com/watch?v=p4pyD9SD1Tk,8.1万回視聴 / 2 か月前,藤田 七海,https://www.youtube.com/channel/UCe0KTxGVR84qUjkAHQb-wGg,2 週間前,65回視聴,【スカッとする話】義両親に蹴られ骨折した私に夫「寝かせとけば治るw」翌日、病室に嘲笑いに来た義家族「あれ、嫁は？w」医師「警察署です」義家族「え？」【朗読】【スカッと】,https://www.youtube.com/watch?v=0OxjzwjcsE4,100%
2200,【スカッとする話】義姉が子供を連れて転がりこみ、一銭も払わず30日居座り続けた。義姉「何でそんな怒ってるの？w」夫「家族だし問題ないだろw」→息子の一言で2人が震え出しw【朗読】【スカッと】,https://www.youtube.com/watch?v=-qfSnxAmUYM,1.4万回視聴 / 4 か月前,藤田 七海,https://www.youtube.com/channel/UCe0KTxGVR84qUjkAHQb-wGg,1 日前,2回視聴,【スカッとする話】義姉が子供を連れて転がりこみ、一銭も払わず30日居座り続けた。義姉「何でそんな怒ってるの？w」夫「家族だし問題ないだろw」→息子の一言で2人が震え出しw【朗読】【スカッと】,https://www.youtube.com/watch?v=2WxAw0mW7Ao,100%
2201,【スカッとする話】老人ホームに捨てられた夫と私。息子夫婦「今日から施設でw」2人が車で去った直後、夫が鞄からある物を取り出し私は震えが止まらなくなり…【朗読】【スカッと】,https://www.youtube.com/watch?v=tK8KO9cLx0M,4.9万回視聴 / 3 か月前,藤田 七海,https://www.youtube.com/channel/UCe0KTxGVR84qUjkAHQb-wGg,2 週間前,133回視聴,【スカッとする話】老人ホームに捨てられた夫と私。息子夫婦「今日から施設でw」2人が車で去った直後、夫が鞄からある物を取り出し私は震えが止まらなくなり…【朗読】【スカッと】,https://www.youtube.com/watch?v=-J23KOz5FG8,100%
2202,【スカッとする話】裕福な義両親の還暦祝い当日、高級寿司店で私を嫌う義姉「金目的の貧乏人は来んなw」一同「了解。じゃあ帰るか」全員が帰り出すと義姉が慌て出しw【朗読】【スカッと】,https://www.youtube.com/watch?v=BwuYpXAl90I,2.8万回視聴 / 3 か月前,藤田 七海,https://www.youtube.com/channel/UCe0KTxGVR84qUjkAHQb-wGg,9 日前,3回視聴,【スカッとする話】裕福な義両親の還暦祝い当日、高級寿司店で私を嫌う義姉「金目的の貧乏人は来んなw」一同「了解。じゃあ帰るか」全員が帰り出すと義姉が慌て出しw【朗読】【スカッと】,https://www.youtube.com/watch?v=ZrQl-QgyX8M,100%
2203,【スカッとする話】裕福な義家族と高級料亭に行くと、義兄嫁「その服で同席する気？お前とは格が違うんだよ」義母「ええ、あなたとは違うわね」義兄嫁「え？」実はw【朗読】【スカッと】,https://www.youtube.com/watch?v=InEluoUt8ik,3.3万回視聴 / 1 か月前,藤田 七海,https://www.youtube.com/channel/UCe0KTxGVR84qUjkAHQb-wGg,3 週間前,38回視聴,【スカッとする話】裕福な義家族と高級料亭に行くと、義兄嫁「その服で同席する気？お前とは格が違うんだよ」義母「ええ、あなたとは違うわね」義兄嫁「え？」実はw【朗読】【スカッと】,https://www.youtube.com/watch?v=EE_JZnyJVgE,100%
2204,【スカッとする話】警察官の弟の結婚式に出席した私。義母「中卒の姉は一族の恥ねw」直後、慌てた弟が義母に私の正体を伝えると、義母は顔面蒼白に…【朗読】【スカッと】,https://www.youtube.com/watch?v=nlS5u4pCtI0,3.8万回視聴 / 3 か月前,藤田 七海,https://www.youtube.com/channel/UCe0KTxGVR84qUjkAHQb-wGg,2 週間前,247回視聴,【スカッとする話】警察官の弟の結婚式に出席した私。義母「中卒の姉は一族の恥ねw」直後、慌てた弟が義母に私の正体を伝えると、義母は顔面蒼白に…【朗読】【スカッと】,https://www.youtube.com/watch?v=nHAUMeiwlk8,97%
2205,【スカッとする話】財布を届けにきた私に気づかない夫「嫁は何も疑ってないよw今夜もまた会えるねw」夫の正体を知り私の愛は消滅しw【朗読】【スカッと】,https://www.youtube.com/watch?v=KVKExhX2jn4,3.3万回視聴 / 3 か月前,藤田 七海,https://www.youtube.com/channel/UCe0KTxGVR84qUjkAHQb-wGg,4 日前,0 回視聴,【スカッとする話】財布を届けにきた私に気づかない夫「嫁は何も疑ってないよw今夜もまた会えるねw」夫の正体を知り私の愛は消滅しw【朗読】【スカッと】,https://www.youtube.com/watch?v=780xDy7VtvU,100%
2206,【スカッとする話】車椅子の夫を5年看病する私。ある日、検査薬で妊娠が発覚…全てを諦め逃げようとした瞬間、夫「待ってくれ！実は…」夫が突然立ち上がり…【朗読】【スカッと】,https://www.youtube.com/watch?v=K6Ok3cpMIXs,2.3万回視聴 / 3 か月前,藤田 七海,https://www.youtube.com/channel/UCe0KTxGVR84qUjkAHQb-wGg,11 日前,3回視聴,【スカッとする話】車椅子の夫を5年看病する私。ある日、検査薬で妊娠が発覚…全てを諦め逃げようとした瞬間、夫「待ってくれ！実は…」夫が突然立ち上がり…【朗読】【スカッと】,https://www.youtube.com/watch?v=mocylnYRZQU,100%
2207,【スカッとする話】車椅子の義母を1人で介護する私に夫「姉が俺の子妊娠した。離婚で」私「了解。介護と子供はよろしく」夫「は？女の責任果たせよw」私「嫌よ、だって…」→夫が半狂乱に【朗読】【スカッと】,https://www.youtube.com/watch?v=wLqe_KdEfS0,3.1万回視聴 / 2 か月前,藤田 七海,https://www.youtube.com/channel/UCe0KTxGVR84qUjkAHQb-wGg,2 週間前,30回視聴,【スカッとする話】車椅子の義母を1人で介護する私に夫「姉が俺の子妊娠した。離婚で」私「了解。介護と子供はよろしく」夫「は？女の責任果たせよw」私「嫌よ、だって…」→夫が半狂乱に【朗読】【スカッ,https://www.youtube.com/watch?v=l8ZhITf14ww,97%
2208,【スカッとする話】里帰り出産から帰ると、浮気夫「すまん、離婚してくれ…」愛人「金目当ての女は消えてw」私「OK（大丈夫かな？w借金1億あるけどw）」【朗読】【スカッと】,https://www.youtube.com/watch?v=cJTBStbKuvI,2.9万回視聴 / 1 か月前,藤田 七海,https://www.youtube.com/channel/UCe0KTxGVR84qUjkAHQb-wGg,3 週間前,7回視聴,【スカッとする話】里帰り出産から帰ると、浮気夫「すまん、離婚してくれ…」愛人「金目当ての女は消えてw」私「OK（大丈夫かな？w借金1億あるけどw）」【朗読】【スカッと】,https://www.youtube.com/watch?v=evdeFiuqmfY,100%
2209,【スカッとする話】金のない私を見下しこき使う義家族。義母「還暦祝いよろしくねw」私が倒れ夫がコンビニ弁当を出すと義母「これで祝ったつもり？」夫「あぁ、絶縁祝いだ」【朗読】【スカッと】,https://www.youtube.com/watch?v=p-yN-SVW_EU,5.1万回視聴 / 3 か月前,藤田 七海,https://www.youtube.com/channel/UCe0KTxGVR84qUjkAHQb-wGg,13 日前,49回視聴,【スカッとする話】金のない私を見下しこき使う義家族。義母「還暦祝いよろしくねw」私が倒れ夫がコンビニ弁当を出すと義母「これで祝ったつもり？」夫「あぁ、絶縁祝いだ」【朗読】【スカッと】,https://www.youtube.com/watch?v=YE-RZXbNqh4,100%
2210,【スカッとする話】銀行のATMで入金中に突然、夫「今すぐ逃げよう、早く！」私の手を掴み全力疾走の夫…私「どうかしたの？」夫「後ろ見てみろ…」実は【朗読】【スカッと】,https://www.youtube.com/watch?v=qbv3oYHPVrc,2.1万回視聴 / 2 か月前,藤田 七海,https://www.youtube.com/channel/UCe0KTxGVR84qUjkAHQb-wGg,2 週間前,87回視聴,【スカッとする話】銀行のATMで入金中に突然、夫「今すぐ逃げよう、早く！」私の手を掴み全力疾走の夫…私「どうかしたの？」夫「後ろ見てみろ…」実は【朗読】【スカッと】,https://www.youtube.com/watch?v=v6zLtk3swMY,100%
2211,【スカッとする話】離婚した3日後に再婚した元夫「金持ちで若い嫁ゲットw」私「ごめん、笑いすぎて腹痛いwだって、その女は…w」真実を知った夫は顔面蒼白にw【朗読】【スカッと】,https://www.youtube.com/watch?v=lw1jxku6xxo,1.4万回視聴 / 1 か月前,藤田 七海,https://www.youtube.com/channel/UCe0KTxGVR84qUjkAHQb-wGg,4 週間前,4回視聴,【スカッとする話】離婚した3日後に再婚した元夫「金持ちで若い嫁ゲットw」私「ごめん、笑いすぎて腹痛いwだって、その女は…w」真実を知った夫は顔面蒼白にw【朗読】【スカッと】,https://www.youtube.com/watch?v=4wCL6JN8awg,100%
2212,【スカッとする話】高熱を出し夫に連絡した私「病院連れていってくれない？」夫「今飲み会中、連絡すんなw寝れば治るから大丈夫w」翌日、夫は自滅し涙目にw【朗読】【スカッと】,https://www.youtube.com/watch?v=946JbIP0v8E,3.8万回視聴 / 3 か月前,藤田 七海,https://www.youtube.com/channel/UCe0KTxGVR84qUjkAHQb-wGg,6 日前,22回視聴,【スカッとする話】高熱を出し夫に連絡した私「病院連れていってくれない？」夫「今飲み会中、連絡すんなw寝れば治るから大丈夫w」翌日、夫は自滅し涙目にw【朗読】【スカッと】,https://www.youtube.com/watch?v=HGtpfk9zwcA,100%
2213,【感動する話】離婚前夜、夫との最後の晩餐。料亭で夫を待ち続けたが、メールの返信もなく現れない。その時、突然私に声をかけた店主「実は、ご主人が…」【朗読】,https://www.youtube.com/watch?v=K7QGPSQED7o,3万回視聴 / 2 か月前,藤田 七海,https://www.youtube.com/channel/UCe0KTxGVR84qUjkAHQb-wGg,3 週間前,35回視聴,【感動する話】離婚前夜、夫との最後の晩餐。料亭で夫を待ち続けたが、メールの返信もなく現れない。その時、突然私に声をかけた店主「実は、ご主人が…」【朗読】,https://www.youtube.com/watch?v=5JHOKlGIYIk,100%
2214,【スカッとする話】医師「奥様と娘さんが退院しました。お迎えお願いいたします」私「え？私に娘はいませんが？」直後、隣で聞いていた霊感のある母→母「その電話、切ったらダメよ！」,https://www.youtube.com/watch?v=2kqFB_BTrsg,2.6万回視聴 / 1 年前,街の物語 5687,https://www.youtube.com/channel/UCxterQPS0akz9_edy6xAiDw,3 週間前,146回視聴,【スカッとする話】医師「奥様と娘さんが退院しました。お迎えお願いいたします」私「え？私に娘はいませんが？」直後、隣で聞いていた霊感のある母→母「その電話、切ったらダメよ！」,https://www.youtube.com/watch?v=XsjfJPeY7uw,100%
2215,【スカッとする話】姉夫婦の婚約祝いに到着すると息子「ママ、今すぐ帰ろう！早く発車して！」混乱する息子に理由を聞くと、息子「後ろみて…」私「え？」【朗読】【スカッと】,https://www.youtube.com/watch?v=3ROoZpLQQvY,1.8万回視聴 / 10 か月前,街の物語 5687,https://www.youtube.com/channel/UCxterQPS0akz9_edy6xAiDw,3 週間前,94回視聴,【スカッとする話】姉夫婦の婚約祝いに到着すると息子「ママ、今すぐ帰ろう！早く発車して！」混乱する息子に理由を聞くと、息子「後ろみて…」私「え？」【朗読】【スカッと】,https://www.youtube.com/watch?v=GZS0oo3VPb4,100%
2216,【スカッとする話】義母が私にくれたコーヒーが怪しい。義母「コーヒーどうだった？w」義父「あ、それ俺が飲んだよ！」義母「今すぐ救急車呼んで！」実はw【朗読】【スカッと】,https://www.youtube.com/watch?v=hifi_18WXKU,5.9万回視聴 / 6 か月前,街の物語 5687,https://www.youtube.com/channel/UCxterQPS0akz9_edy6xAiDw,3 週間前,314回視聴,【スカッとする話】義母が私にくれたコーヒーが怪しい。義母「コーヒーどうだった？w」義父「あ、それ俺が飲んだよ！」義母「今すぐ救急車呼んで！」実はw【朗読】【スカッと】,https://www.youtube.com/watch?v=eW3hequjRek,100%
2217,【スカッとする話】車椅子の夫を5年看病する私。ある日、検査薬で妊娠が発覚…全てを諦め逃げようとした瞬間、夫「待ってくれ！実は…」夫が突然立ち上がり…【朗読】【スカッと】,https://www.youtube.com/watch?v=K6Ok3cpMIXs,2.3万回視聴 / 3 か月前,街の物語 5687,https://www.youtube.com/channel/UCxterQPS0akz9_edy6xAiDw,3 週間前,21回視聴,【スカッとする話】車椅子の夫を5年看病する私。ある日、検査薬で妊娠が発覚…全てを諦め逃げようとした瞬間、夫「待ってくれ！実は…」夫が突然立ち上がり…【朗読】【スカッと】,https://www.youtube.com/watch?v=3_cKjhqKSHM,100%
2218,【スカッと総集編】長男の葬儀中にペットカメラを確認すると、家の風呂場で夫と長男嫁が真っ最中   私「うわ…気持ち悪い」音量を最大にし浴室に閉じ込め、家族全員呼んでみた結果ｗ【修羅場】【スカッと】,https://www.youtube.com/watch?v=IkjrifvTA_A,18万回視聴 / 3 年前,街の物語 5687,https://www.youtube.com/channel/UCxterQPS0akz9_edy6xAiDw,3 週間前,"1,336回視聴",【スカッとする話】長男の葬儀中にペットカメラを確認すると、家の風呂場で夫と長男嫁が真っ最中   私「うわ…気持ち悪い」音量を最大にし浴室に閉じ込め、家族全員呼んでみた結果ｗ【修羅場】【スカッと】,https://www.youtube.com/watch?v=zXDp7Lbl-9g,100%
2219,【スカッとする話】11年育てた連れ子の息子が医大に合格すると、連れ子「他人のくせに母親ぶるなw」私「は？お前こそ息子ぶるなよ…」入学費と仕送りを即停止し永久に他人扱いした結果w,https://www.youtube.com/watch?v=uja6sG8362w,2.4万回視聴 / 1 年前,裏世界ノイズ,https://www.youtube.com/channel/UCYrw_-Y0uEE8NIe5fpwDkrQ,5 か月前,38回視聴,11年育てた連れ子が医大に合格すると連れ子「他人のくせに母親ぶるなW」 私「は?お前こそ息子ぶるなよ...」入学費と仕送りを即停止し永久に他人扱いした結果W,https://www.youtube.com/watch?v=uduunbblZJA,96%
2220,【スカッとする話】35年連れ添った私を見捨てる夫「退職金5000万は全て俺の金！1円も渡したくないから離婚w」私「お世話になりました」1ヶ月後、元夫から100件の鬼電がw,https://www.youtube.com/watch?v=fwE6AnU2mvM,2.2万回視聴 / 1 年前,裏世界ノイズ,https://www.youtube.com/channel/UCYrw_-Y0uEE8NIe5fpwDkrQ,5 か月前,11回視聴,35年連れ添った私を見捨てる夫夫「退職金5000万は俺の金!1円も渡したくないから離婚W私「お世話になりました」1ヶ月後、元夫から100件の鬼電がW,https://www.youtube.com/watch?v=gy0e_MT7zx0,94%
2221,【スカッとする話】母子家庭で育てた息子の結婚挨拶へ行くと私たちだけ納豆ご飯…義父「貧乏人はそれ好きだろw」3秒後、婚約者が私を見て震え出し…義家族は全てを失う結果にw,https://www.youtube.com/watch?v=nShlR1YbtJs,5.5万回視聴 / 1 年前,裏世界ノイズ,https://www.youtube.com/channel/UCYrw_-Y0uEE8NIe5fpwDkrQ,5 か月前,2回視聴,母子家庭で育てた息子の結婚挨拶で私たちだけ納豆ご飯だった... 義父「貧乏人はそれ好きだろW」3秒後、婚約者が私を見て震え出し義家族は全てを失う結果にW,https://www.youtube.com/watch?v=Q-2is1biasI,93%
2222,【スカッと総集編】夫「離婚しよう…もう無理だ…。老後は1人で過ごしたい…」私「はい離婚届。娘は私が引き取るね」離婚して引越すと慌てた夫が新居に→私（今さら気がついたかw）,https://www.youtube.com/watch?v=Bp1VKlMtSUw,15万回視聴 / 1 年前,裏世界ノイズ,https://www.youtube.com/channel/UCYrw_-Y0uEE8NIe5fpwDkrQ,5 か月前,6回視聴,【スカッと総集編】夫「離婚しよう…もう無理だ…。老後は1人で過ごしたい…」私「はい離婚届。娘は私が引き取るね」離婚して引越すと慌てた夫が新居に→私（今さら気がついたかw）,https://www.youtube.com/watch?v=TzGIUUu-mq0,100%
2223,【スカッと総集編】私を実家から追い出す弟夫婦。弟「嫁と娘とそこで暮らすから姉さんは家から出てってw」私（私が生活費28万払ってるのに…）業者に連絡して家具家電を売り払い1億の豪邸に引越した結果w,https://www.youtube.com/watch?v=ny9z6qtkqBU,5.3万回視聴 / 1 年前,裏世界ノイズ,https://www.youtube.com/channel/UCYrw_-Y0uEE8NIe5fpwDkrQ,5 か月前,61回視聴,【スカッと総集編】私を実家から追い出す弟夫婦。弟「嫁と娘とそこで暮らすから姉さんは家から出てってw」私（私が生活費28万払ってるのに…）業者に連絡して家具家電を売り払い1億の豪邸に引越した結果w,https://www.youtube.com/watch?v=CSVwP-8Em9o,100%
2224,【スカッと総集編】義実家に帰省した私を駅まで迎えに来た義母「息子とデートに行くから歩いて帰れｗ」私「では徒歩5分の新居に行きます」1時間後、ブチギレた義母が現れ…w,https://www.youtube.com/watch?v=OdNjDlmFQIc,4.5万回視聴 / 1 年前,裏世界ノイズ,https://www.youtube.com/channel/UCYrw_-Y0uEE8NIe5fpwDkrQ,5 か月前,13回視聴,【スカッと総集編】義実家に帰省した私を駅まで迎えに来た義母「息子とデートに行くから歩いて帰れｗ」私「では徒歩5分の新居に行きます」1時間後、ブチギレた義母が現れ…w,https://www.youtube.com/watch?v=4kA8SdbCiEY,100%
2225,【スカッと】長男夫婦がお盆に帰省し私が店を予約すると長男嫁「何この汚い店w年金生活の貧乏ババァじゃ仕方ないかw」直後、普段温厚な夫→夫「調子乗るなよガキが」長男嫁「え？」,https://www.youtube.com/watch?v=LXxfsTZeuZU,11万回視聴 / 2 年前,裏側と真実,https://www.youtube.com/channel/UCoYzJhVwJUrcm_E97pomUnQ,1 年前,8回視聴,【LINE】長男夫婦がお盆に帰省し私が店を予約すると長男嫁「何この汚い店w年金生活の貧乏ババアじゃ仕方ないかw」→直後、普段温厚な夫「調子乗るなよガキが」長男嫁「え？」【スカッとする話】,https://www.youtube.com/watch?v=9U-YK1wyCOQ,98%
2226,【スカッとする話】30年連れ添った夫と離婚すると、義母「引っ越しはまだ？」夫「早く出てけ」私「30分後に消えます」荷物が運ばれ私が車に乗ると→義母「え？何なのこの高級車は？」,https://www.youtube.com/watch?v=Tlkag3rVT5s,18万回視聴 / 2 年前,裏側と真実,https://www.youtube.com/channel/UCoYzJhVwJUrcm_E97pomUnQ,1 年前,46回視聴,【LINE】30年連れ添った夫と離婚すると、義母「引っ越しはまだ？早く出てけ」私「30分後に消えます」→30分後、荷物が運ばれ私が車に乗ると…,https://www.youtube.com/watch?v=RvxEg0z760Y,86%
2227,【スカッとする話】医者の夫を奪ったママ友「年収3千万の医者の旦那くんの子供出来たw3ヶ月後の結婚式来てねw」私「わかった」（年収3千万の医者は私なんだけど黙っとこw）3ヶ月後w【スカッと】【朗読】,https://www.youtube.com/watch?v=B-nqblWpeIE,5.4万回視聴 / 2 年前,裏側と真実,https://www.youtube.com/channel/UCoYzJhVwJUrcm_E97pomUnQ,1 年前,9回視聴,【LINE】私の夫を奪ったママ友「年収3000万の医者の旦那くんの子供できたw3ヶ月後の結婚式来てねw」→私「分かった（年収3000万の医者は私だけど黙っとこ）」3ヶ月後w,https://www.youtube.com/watch?v=WyzVJd5RD6s,86%
2228,【スカッとする話】義姉が0歳児を玄関に置き…義姉「1年前から娘の世話ありがとw」私「なんの話？」（私も1年間里帰り中なんだけど…）,https://www.youtube.com/watch?v=w8upN1NkUWE,2.6万回視聴 / 2 年前,裏側と真実,https://www.youtube.com/channel/UCoYzJhVwJUrcm_E97pomUnQ,1 年前,15回視聴,【LINE】義姉が0歳児を玄関に置き「1年前から娘の世話ありがとw」→私「え？私も1年間里帰り中だけど…」【スカッとする話】【2ch修羅場】,https://www.youtube.com/watch?v=E2YWo4AJyZg,89%
2229,【スカッとする話】義母を10年介護している私に夫「離婚してくれ…老後もお前と一緒は無理…」私「じゃあ介護と嫁辞めるね」即離婚して沖縄に引越すと夫から鬼電→携帯解約し永久に無視した結果w【朗読】,https://www.youtube.com/watch?v=tfbycPtFjbg,17万回視聴 / 11 か月前,裏切りと真実の話,https://www.youtube.com/channel/UCHidYLh7fdvFC_PglWk56ig,3 か月前,46回視聴,義母を10年介護している私に夫「離婚してくれ老後もお前と一緒は無理だ」私「じゃあ介護と嫁を辞めるね」即離婚して引越すと夫から鬼電→携帯解約し永久に無視した結果【シニアライフ】【60代以上の方へ】,https://www.youtube.com/watch?v=Oq7unqUt8-I,97%
2230,【スカッとする話】年末年始の親族の集まりで20人分のおせちをゴミ箱にぶちまけたエリート夫「親戚にマズイ飯を作るな！」私「私は何も作ってないよ？」夫「え？」実は...,https://www.youtube.com/watch?v=iT0GjRHrB6w,26万回視聴 / 2 年前,西川 明里,https://www.youtube.com/channel/UCe0GliJbrZxV_W9vFvJlNew,1 か月前,1 回視聴,年末年始の親族の集まりで20人分のおせちをゴミ箱にぶちまけたエリート夫「親戚にマズイ飯を作るな！」私「私は何も作ってないよ？」夫「え？」実は..,https://www.youtube.com/watch?v=f6hDhF_1EWg,100%
2231,【スカッとする話】農家の私だけ引っ越し祝いに呼ばなかった長男嫁「新築に汚いババアは困りますw今後も関わらないで下さいw」私「汚くてごめんなさいね」翌日、慌てた嫁から鬼電が...w【修羅場】【スカッと】,https://www.youtube.com/watch?v=BxbIB3mhgsg,11万回視聴 / 3 年前,言葉にできない感情,https://www.youtube.com/channel/UCHn5Wo-_Ke1DMbNWRdocyvw,9 か月前,16回視聴,【スカッと】農家の私と夫だけ引っ越し祝いに呼ばなかった長男嫁「新築に汚いババアは困りますんでw金輪際関わらないで下さいw」私「汚くてごめんなさいね」翌日、慌てた嫁から鬼電が…,https://www.youtube.com/watch?v=Y2Q1v_PWRcM,93%
2232,【スカッとする話】夫が突然大量の荷物を持ってきて、夫「今日から俺の両親と姉を養う！嫌なら離婚だ！」私「え？もう離婚済みだけど？」夫「え？」結果w,https://www.youtube.com/watch?v=G4O12jIGPfg,8.7万回視聴 / 3 年前,話しかける日々,https://www.youtube.com/channel/UC2BZAHeIIpvFQeMWkWTgasA,1 年前,0 回視聴,【スカッと感動】夫が突然大量の荷物を持ってきて、夫「今日から俺の両親と姉を養う！嫌なら離婚だ！」私「え？もう離婚済みだけど？」夫「え？」結果ww,https://www.youtube.com/watch?v=_G4GjcXublo,88%
2233,【スカッと】長男夫婦がお盆に帰省し私が店を予約すると長男嫁「何この汚い店w年金生活の貧乏ババァじゃ仕方ないかw」直後、普段温厚な夫→夫「調子乗るなよガキが」長男嫁「え？」,https://www.youtube.com/watch?v=LXxfsTZeuZU,11万回視聴 / 2 年前,話題のLINE,https://www.youtube.com/channel/UCPUjukg0U7MOqNIw_4l5hkA,1 年前,"195,365回視聴",【LINE】長男夫婦がお盆に帰省し私が店を予約すると長男嫁「何この汚い店w年金生活の貧乏ババアじゃ仕方ないかw」→直後、普段温厚な夫「調子乗るなよガキが」長男嫁「え？」【スカッとする話】,https://www.youtube.com/watch?v=wHa9P5MyJe4,98%
2234,【スカッとする話】30年連れ添った夫と離婚すると、義母「引っ越しはまだ？」夫「早く出てけ」私「30分後に消えます」荷物が運ばれ私が車に乗ると→義母「え？何なのこの高級車は？」,https://www.youtube.com/watch?v=Tlkag3rVT5s,18万回視聴 / 2 年前,話題のLINE,https://www.youtube.com/channel/UCPUjukg0U7MOqNIw_4l5hkA,2 年前,"974,608回視聴",【LINE】30年連れ添った夫と離婚すると、義母「引っ越しはまだ？早く出てけ」私「30分後に消えます」→30分後、荷物が運ばれ私が車に乗ると…,https://www.youtube.com/watch?v=_-qoxxLguy8,86%
2235,【スカッとする話】医者の夫を奪ったママ友「年収3千万の医者の旦那くんの子供出来たw3ヶ月後の結婚式来てねw」私「わかった」（年収3千万の医者は私なんだけど黙っとこw）3ヶ月後w【スカッと】【朗読】,https://www.youtube.com/watch?v=B-nqblWpeIE,5.4万回視聴 / 2 年前,話題のLINE,https://www.youtube.com/channel/UCPUjukg0U7MOqNIw_4l5hkA,1 年前,"279,799回視聴",【LINE】私の夫を奪ったママ友「年収3000万の医者の旦那くんの子供できたw3ヶ月後の結婚式来てねw」→私「分かった（年収3000万の医者は私だけど黙っとこ）」3ヶ月後w,https://www.youtube.com/watch?v=D3dZwACvJww,86%
2236,【スカッとする話】定年退職当日、40年連れ添った私を裏切った夫「老後は一人で過ごしたいから離婚で」私「そう、じゃあ離婚しましょ。でも、後悔しないでね？」夫「しねぇよw」,https://www.youtube.com/watch?v=8XqFethhfqM,25万回視聴 / 1 年前,話題のLINE,https://www.youtube.com/channel/UCPUjukg0U7MOqNIw_4l5hkA,8 か月前,"173,673回視聴",【LINE】定年退職当日、43年連れ添った私を裏切った夫「老後は一人で過ごしたいから離婚で」私「そう、じゃあ離婚しましょ。でも、後悔しないでね？」夫「しねぇよw」,https://www.youtube.com/watch?v=8bYdQf0Ko6g,85%
2237,【スカッとする話】年末年始の親族の集まりで20人分のおせちをゴミ箱にぶちまけたエリート夫「親戚にマズイ飯を作るな！」私「私は何も作ってないよ？」夫「え？」実は...,https://www.youtube.com/watch?v=iT0GjRHrB6w,26万回視聴 / 2 年前,話題のLINE,https://www.youtube.com/channel/UCPUjukg0U7MOqNIw_4l5hkA,2 年前,"526,835回視聴",【LINE】年末年始の親族の集まりで20人分のおせちをゴミ箱にぶちまけたエリート夫「親戚にマズイ飯を作るな！」私「私は何も作ってないよ？」夫「え？」実は..【スカッとする話】,https://www.youtube.com/watch?v=ljV5pcl0_Uw,100%
2238,【スカッとする話】私が夫の入院費を払ってると知らず私の荷物を全て捨てた夫の連れ子「もうパパに寄生するなw」連れ子を残し1億のタワマンに引越し入院費の支払いも止めた結果w,https://www.youtube.com/watch?v=JaGjTAkTfxQ,30万回視聴 / 2 年前,話題のLINE,https://www.youtube.com/channel/UCPUjukg0U7MOqNIw_4l5hkA,2 年前,"245,570回視聴",【LINE】私が夫の入院費を払ってると知らず私の荷物を全て捨てた夫の連れ子「もうパパに寄生するなw」→連れ子を残し1億のタワマンに引っ越し入院費の支払いも止めた結果ｗ【スカッとする話】,https://www.youtube.com/watch?v=lMrKOT9jaZA,99%
2239,【スカッとする話】義姉が0歳児を玄関に置き…義姉「1年前から娘の世話ありがとw」私「なんの話？」（私も1年間里帰り中なんだけど…）,https://www.youtube.com/watch?v=w8upN1NkUWE,2.6万回視聴 / 2 年前,話題のLINE,https://www.youtube.com/channel/UCPUjukg0U7MOqNIw_4l5hkA,1 年前,"296,172回視聴",【LINE】義姉が0歳児を玄関に置き「1年前から娘の世話ありがとw」→私「え？私も1年間里帰り中だけど…」【スカッとする話】【2ch修羅場】,https://www.youtube.com/watch?v=CPV5TYXpAh4,89%
2240,【スカッとする話】義姉が0歳児を玄関に置き…義姉「1年前から娘の世話ありがとw」私「なんの話？」（私も1年間里帰り中なんだけど…）,https://www.youtube.com/watch?v=w8upN1NkUWE,2.6万回視聴 / 2 年前,話題のLINE劇場,https://www.youtube.com/channel/UCTfZIHvsBq_7_w32qYmnxbQ,10 か月前,4回視聴,【LINE】義姉が0歳児を玄関に置き「1年前から娘の世話ありがとw」→私「え？私も1年間里帰り中だけど…」【スカッとする話】【2ch修羅場】,https://www.youtube.com/watch?v=gHyFf__Qe-g,89%
2241,【スカッとする話】私が義父の入院費を払ってると知らず私の荷物を全て捨てた夫「もう俺に寄生するな穀潰しがw」夫を残し1億の豪邸に引越し入院費の支払いも止めた結果w,https://www.youtube.com/watch?v=Yfo6v4-ZtHc,22万回視聴 / 2 年前,語り部の部屋4578,https://www.youtube.com/channel/UCErVyLN9p4BOcHYz0luQS7g,2 か月前,95回視聴,私が義父の入院費を払ってると知らず私の荷物を全て捨てた夫「もう俺に寄生するな穀潰しがw」夫を残し1億の豪邸に引越し入院費の支払いも止めた結果w,https://www.youtube.com/watch?v=GapcrblxIB0,100%
2242,【スカッとする話】義両親に蹴られ骨折した私に夫「寝かせとけば治るw」翌日、病室に嘲笑いに来た義家族「あれ、嫁は？w」医師「警察署です」義家族「え？」【朗読】【スカッと】,https://www.youtube.com/watch?v=p4pyD9SD1Tk,8.1万回視聴 / 2 か月前,語り部の部屋4578,https://www.youtube.com/channel/UCErVyLN9p4BOcHYz0luQS7g,1 か月前,108回視聴,義両親に蹴られ骨折した私に夫「寝かせとけば治るw」翌日、病室に嘲笑いに来た義家族「あれ、嫁は？w」医師「警察署です」義家族「え？」,https://www.youtube.com/watch?v=qeF19fyYw3I,100%
2243,【スカッと総集編】義父の入院費を払ってると知らず私の荷物を全て捨てた夫「俺に寄生するな穀潰しw」夫を残し1億の豪邸に引越し入院費の支払いも止めた結果w【スカッとする話】【スカッと】,https://www.youtube.com/watch?v=EmiUvKJTw3c,5.8万回視聴 / 1 年前,語り部の部屋4578,https://www.youtube.com/channel/UCErVyLN9p4BOcHYz0luQS7g,2 か月前,95回視聴,私が義父の入院費を払ってると知らず私の荷物を全て捨てた夫「もう俺に寄生するな穀潰しがw」夫を残し1億の豪邸に引越し入院費の支払いも止めた結果w,https://www.youtube.com/watch?v=GapcrblxIB0,96%
2244,【スカッとする話】夫の会社に身分を隠して入社した私。昼休み、夫のコップでお茶を飲むと女性秘書「私の夫のコップよ！言いつけてクビにする」呼び出された夫を待ち受けるとw【朗読】【スカッと】,https://www.youtube.com/watch?v=YXQf7LoG2gE,5.5万回視聴 / 3 か月前,読み語る,https://www.youtube.com/channel/UCmPYJvWi6YE6JAkeSPdRZhw,1 か月前,1 回視聴,夫の会社に身分を隠して入社した私。昼休み、夫のコップでお茶を飲むと女性秘書「私の夫のコップよ！言いつけてクビにする」呼び出された夫を待ち受けるとw,https://www.youtube.com/watch?v=ss3ylc0FK_g,100%
2245,【スカッとする話】義両親に蹴られ骨折した私に夫「寝かせとけば治るw」翌日、病室に嘲笑いに来た義家族「あれ、嫁は？w」医師「警察署です」義家族「え？」【朗読】【スカッと】,https://www.youtube.com/watch?v=p4pyD9SD1Tk,8.1万回視聴 / 2 か月前,読み語る,https://www.youtube.com/channel/UCmPYJvWi6YE6JAkeSPdRZhw,1 か月前,2回視聴,義両親に蹴られ骨折した私に夫「寝かせとけば治るw」翌日、病室に嘲笑いに来た義家族「あれ、嫁は？w」医師「警察署です」義家族「え？」,https://www.youtube.com/watch?v=gT5YW0EH1Gw,100%
2246,【スカッとする話】10年間介護した義母が他界すると夫「愛人が妊娠したから離婚でw」愛人「賞味期限切れた嫁は失せろw」6ヶ月後、愛人が子供を産むと→夫は半狂乱に。だって目と鼻が…,https://www.youtube.com/watch?v=0o71wb5Xrwc,7.3万回視聴 / 2 年前,貯金箱,https://www.youtube.com/channel/UCmBjLSJLiOrOTuY_BH98p8w,2 年前,1 回視聴,【スカッと】10年間介護した義母が他界すると夫「愛人が妊娠したから離婚w」愛人「賞味期限切れた嫁は失せろw」半年後、愛人が子供を産むと→夫は半狂乱に。だって目と鼻が…【修羅場】,https://www.youtube.com/watch?v=WnmTq5KATtU,96%
2247,【スカッとする話】年末年始の親族の集まりで20人分のおせちをゴミ箱にぶちまけたエリート夫「親戚にマズイ飯を作るな！」私「私は何も作ってないよ？」夫「え？」実は...,https://www.youtube.com/watch?v=iT0GjRHrB6w,26万回視聴 / 2 年前,近藤 智 ,https://www.youtube.com/channel/UCGrrWOm-FX7EsUB4uGVtxCA,1 か月前,178回視聴,年末年始の親族の集まりで20人分のおせちをゴミ箱にぶちまけたエリート夫「親戚にマズイ飯を作るな！」私「私は何も作ってないよ？」夫「え？」実は..,https://www.youtube.com/watch?v=FGbjMRQItrA,100%
2248,【スカッとする話】浮気中の夫が緊急搬送され救急隊員「家族の方ですか？」私「いえ、家族ではありません」他人扱いしてやった結果...【修羅場】,https://www.youtube.com/watch?v=cjBq52rVRwk,3.3万回視聴 / 3 年前,退屈な話,https://www.youtube.com/channel/UC3lz1UnA35nLXcQXFzaNuYQ,3 時間前,0 回視聴,浮気中の夫が緊急搬送され救急隊員「家族の方ですか？」私「いえ、家族ではありません」他人扱いしてやった結果   【修羅場】,https://www.youtube.com/watch?v=5to8bJGPr94,94%
2249,【スカッとする話】71歳で年金暮らしの私に息子「介護嫌だから絶縁w」息子嫁「遺産も入らないしねw」私「縁切って本当に困らない？」2人「困るわけw」結果w【朗読】【スカッと】,https://www.youtube.com/watch?v=Q044CFIO2kM,3.7万回視聴 / 3 か月前,逆転の物語 5695,https://www.youtube.com/channel/UCJV4-xE3Q04IQQtW1Jf8JuQ,3 週間前,9回視聴,【スカッとする話】71歳で年金暮らしの私に息子「介護嫌だから絶縁w」息子嫁「遺産も入らないしねw」私「縁切って本当に困らない？」2人「困るわけw」結果w【朗読】【スカッと】,https://www.youtube.com/watch?v=XczCdgGd-tw,100%
2250,【スカッとする話】姉を溺愛する母からの出産祝いが姉には高級ベビーカー、私には紙おむつ…母「お前に紙おむつは贅沢かw」私「じゃあ仕送りやめるね」母「勝手にしろw」結果w【朗読】【スカッと】,https://www.youtube.com/watch?v=n51lIBi6GJk,5.6万回視聴 / 7 か月前,逆転の物語 5695,https://www.youtube.com/channel/UCJV4-xE3Q04IQQtW1Jf8JuQ,3 週間前,4回視聴,【スカッとする話】姉を溺愛する母からの出産祝いが姉には高級ベビーカー、私には紙おむつ…母「お前に紙おむつは贅沢かw」私「じゃあ仕送りやめるね」母「勝手にしろw」結果w【朗読】【スカッと】,https://www.youtube.com/watch?v=NgPgIVTzc1Q,90%
2251,【スカッとする話】結婚せず10年間母の介護をする私に父「親に指図する奴の遺産は0w長女に全部相続する！」私「では今日で介護と娘辞めます」直後、父が半狂乱にw【朗読】【スカッと】,https://www.youtube.com/watch?v=0JNZ8xr3aZI,5.9万回視聴 / 6 か月前,逆転の物語 5695,https://www.youtube.com/channel/UCJV4-xE3Q04IQQtW1Jf8JuQ,3 週間前,28回視聴,【スカッとする話】結婚せず10年間母の介護をする私に父「親に指図する奴の遺産は0w長女に全部相続する！」私「では今日で介護と娘辞めます」直後、父が半狂乱にw【朗読】【スカッと】,https://www.youtube.com/watch?v=grGZXPavt5c,100%
2252,【スカッとする話】私の両親が亡くなった途端、実家を勝手に解体した夫「今日から俺の家で両親と同居だ！」それを聞いた私は大爆笑→私「あんた達、知らないの？」実は...,https://www.youtube.com/watch?v=3WlCnGLe67U,55万回視聴 / 2 年前,逆転の結末,https://www.youtube.com/channel/UCxpOyuqZReR-6JpC7yz86-Q,2 週間前,140回視聴,「今日から俺の家で両親と同居だ！」私の両親が亡くなった途端、実家を勝手に解体し宣言する夫。それを聞いた私は大爆笑→私「あんた達、知らないの？」実は【シニアライフ】【60代以上の方へ】,https://www.youtube.com/watch?v=__XPc1ybowo,73%
2253,【スカッとする話】41歳で妊娠した私と娘を捨て新人女医と再婚したエリート医師の夫「老いたババァより若い女w」30年後、病院で元夫と再会すると娘を見た夫が…【総集編】【スカッと】【朗読】,https://www.youtube.com/watch?v=jAMMNpg5_S0,4.1万回視聴 / 9 か月前,逆転ストーリー 5008,https://www.youtube.com/channel/UCriVTHI8ZSlCtGVvqIqnMSw,1 か月前,8回視聴,【感動する話】41歳で妊娠した私と娘を捨て新人女医と再婚したエリート医師の夫「老いたババァより若い女w」30年後、病院で元夫と再会すると娘を見た夫が…,https://www.youtube.com/watch?v=o3x5eIO1wXg,88%
2254,【スカッとする話】41歳で妊娠した私と娘を捨て新人女医と再婚したエリート医師の夫「老いたババァより若い女w」30年後、病院で元夫と再会すると娘を見た夫が震え出し…【朗読】【スカッと】,https://www.youtube.com/watch?v=g_SuFj7M8gs,18万回視聴 / 1 年前,逆転ストーリー 5008,https://www.youtube.com/channel/UCriVTHI8ZSlCtGVvqIqnMSw,1 か月前,8回視聴,【感動する話】41歳で妊娠した私と娘を捨て新人女医と再婚したエリート医師の夫「老いたババァより若い女w」30年後、病院で元夫と再会すると娘を見た夫が…,https://www.youtube.com/watch?v=o3x5eIO1wXg,86%
2255,【スカッとする話】コンビニでバイトをする私を見下す東大卒の義兄が結婚式で、義兄「バイトの英語聞かせてくれw」私「いいけど、あんた終わるわよ？」ハーバード仕込みの英語を披露するとw【朗読】【スカッと】,https://www.youtube.com/watch?v=9FnEjnbcf2o,28万回視聴 / 8 か月前,逆転ストーリー 5008,https://www.youtube.com/channel/UCriVTHI8ZSlCtGVvqIqnMSw,3 週間前,108回視聴,【スカッとする話】コンビニでバイトをする私を見下す東大卒の義兄が結婚式で、義兄「バイトの英語聞かせてくれw」私「いいけど、あんた終わるわよ？」ハーバード仕込みの英語を披露するとw【スカッと】【2ch】,https://www.youtube.com/watch?v=FQ799dYRoJw,100%
2256,【スカッとする話】夫と作業着で株主総会へ行くと総務部長「小汚い貧乏人は帰れw」夫「俺、大株主なんだけど…」部長「じゃあ全株売ってみろよw」私「もしもし？全株（999億）売却で」結果w【朗読】,https://www.youtube.com/watch?v=sd51TvGQSo0,4.9万回視聴 / 7 か月前,逆転ストーリー 5008,https://www.youtube.com/channel/UCriVTHI8ZSlCtGVvqIqnMSw,4 週間前,117回視聴,【スカッとする話】夫と作業着で株主総会へ行くと総務部長「小汚い貧乏人は帰れw」夫「俺、大株主なんだけど…」部長「じゃあ全株売ってみろよw」私「もしもし？全株（999億）売却で」結果w【朗読】,https://www.youtube.com/watch?v=oOG4kNeC0o8,100%
2257,【スカッとする話】本社に異動になった中卒の私が東大卒の女部長に挨拶すると女部長「あんたが噂の中卒ねw部下はコーヒー淹れてきてw」私（今は泳がせとこw）実はw【朗読】【スカッと】,https://www.youtube.com/watch?v=p8J-A05WKIc,1.5万回視聴 / 4 か月前,逆転ストーリー 5008,https://www.youtube.com/channel/UCriVTHI8ZSlCtGVvqIqnMSw,4 週間前,124回視聴,【スカッとする話】本社に異動になった中卒の私が東大卒の女部長に挨拶すると女部長「あんたが噂の中卒ねw部下はコーヒー淹れてきてw」私（今は泳がせとこw）実はw【朗読】【スカッと】,https://www.youtube.com/watch?v=REKSObfsXg4,100%
2258,【スカッとする話】結婚挨拶から帰宅した息子「片親の貧乏人とは白紙って…」息子の頬にはビンタの痕が…キレた私は義家族に即電話→義家族全員が号泣の展開にw【朗読】【スカッと】,https://www.youtube.com/watch?v=sTmob2uIaqg,7.2万回視聴 / 1 か月前,逆転ストーリー 5008,https://www.youtube.com/channel/UCriVTHI8ZSlCtGVvqIqnMSw,4 週間前,"11,048回視聴",【スカッとする話】結婚挨拶から帰宅した息子「片親の貧乏人とは白紙って…」息子の頬にはビンタの痕が…キレた私は義家族に即電話→義家族全員が号泣の展開にw【朗読】【スカッと】,https://www.youtube.com/watch?v=5h3oP6uheYc,100%
2259,【スカッと総集編】夫が土下座「20歳の愛人が妊娠した！離婚してくれ！」私「はい離婚届け。じゃ娘以外は連れてくね」夫「は？娘も連れていけよ」私「無理、だってこの子は…」【スカッとする話】,https://www.youtube.com/watch?v=70JSyEr3ztQ,34万回視聴 / 3 年前,逆転ストーリー 5008,https://www.youtube.com/channel/UCriVTHI8ZSlCtGVvqIqnMSw,1 か月前,97回視聴,【感動する話】夫が土下座「20歳の愛人が妊娠した！離婚してくれ！」私「はい離婚届け。じゃ娘以外は連れてくね」夫「は？娘も連れていけよ」私「無理、だってこの子は…」,https://www.youtube.com/watch?v=onqezo88goc,100%
2260,【スカッとする話】警察官の弟の結婚式に出席した私。義母「中卒の姉は一族の恥ねw」直後、慌てた弟が義母に私の正体を伝えると、義母は顔面蒼白に…【朗読】【スカッと】,https://www.youtube.com/watch?v=nlS5u4pCtI0,3.8万回視聴 / 3 か月前,逆転ストーリー 5025,https://www.youtube.com/channel/UCMi5dbiC9mVMJY5M3fhi5qA,1 か月前,0 回視聴,警察官の弟の結婚式に出席した私。義母「中卒の姉は一族の恥ねw」直後、慌てた弟が義母に私の正体を伝えると、義母は顔面蒼白に…,https://www.youtube.com/watch?v=-WSRP8Gbyl4,97%
2261,【スカッとする話】単身赴任中の夫に電話で娘が「お金なくてご飯ないからママが倒れた（泣）」すぐに家に戻った夫「毎月15万振り込んでるけど？」私「もらった事ないわよ？」夫「え？」実は...,https://www.youtube.com/watch?v=oiqqJ5xmU_I,6.9万回視聴 / 3 年前,運命のバス,https://www.youtube.com/channel/UCZ7LpFI5vw7V9ZCsd5OWeLA,3 か月前,0 回視聴,【スカッとする話】 単身赴任中の夫に電話で娘が「お金なくてご飯ないからママが倒れた（泣）」すぐに家に戻った夫「毎月15万振り込んでるけど？」私「もらった事ないわよ？」夫「え？」実は,https://www.youtube.com/watch?v=yg0Rmlbfr0A,100%
2262,【スカッとする話】夫の連れ子の娘と結婚挨拶に連れてきた婚約者「他人は今後一切関りませんw」私「分かりました」当日、他人全員で欠席した結果w,https://www.youtube.com/watch?v=rCNrL5SfFV8,2万回視聴 / 2 年前,運命のバス,https://www.youtube.com/channel/UCZ7LpFI5vw7V9ZCsd5OWeLA,2 か月前,0 回視聴,【スカッとする話】 夫の連れ子の娘と結婚挨拶に連れてきた婚約者「他人は今後一切関りませんw」私「分かりました」当日、他人全員で欠席した結果w,https://www.youtube.com/watch?v=jF7TqIxn5xQ,100%
2263,【スカッとする話】妊婦の私が倒れて入院するとワインをぶっかけ海外旅行に行く夫「帰るまでに産んでおけよ！」無視した私に夫がワインを投げるも当たって失神したのは...【修羅場】【スカッと】,https://www.youtube.com/watch?v=CTeggEwk2Nc,2.8万回視聴 / 3 年前,運命のバス,https://www.youtube.com/channel/UCZ7LpFI5vw7V9ZCsd5OWeLA,3 か月前,0 回視聴,【スカッとする話】 妊婦の私が倒れて入院するとワインをぶっかけ海外旅行に行く夫「帰るまでに産んでおけよ！」無視した私に夫がワインを投げるも当たって失神したのは,https://www.youtube.com/watch?v=AzBwoC1PYMs,100%
2264,【スカッとする話】実家の1000万を持ち逃げした息子嫁が孫を連れてきて、息子嫁「一緒に住んであげるから孫二人の風呂とご飯お願いねw」私「え？もう実家ないけど？」息子嫁「は？」実は…,https://www.youtube.com/watch?v=wCLIZFRaW28,2.3万回視聴 / 3 年前,運命のバス,https://www.youtube.com/channel/UCZ7LpFI5vw7V9ZCsd5OWeLA,2 か月前,0 回視聴,【スカッとする話】 実家の1000万を持ち逃げした息子嫁が孫を連れてきて、息子嫁「一緒に住んであげるから孫二人の風呂とご飯お願いねw」私「え？もう実家ないけど？」息子嫁「は？」実は…,https://www.youtube.com/watch?v=z2IXxsrfPT8,100%
2265,【スカッとする話】長男夫婦「引っ越しは済んだ？ｗ」私「今日中に出て行くわ」家政婦扱いされ家を追い出された私。１ヶ月後、長男嫁が血相を変えて鬼電「お母さんの貯金って…」【修羅場】,https://www.youtube.com/watch?v=ArinInMH4ZY,3.5万回視聴 / 3 年前,運命のバス,https://www.youtube.com/channel/UCZ7LpFI5vw7V9ZCsd5OWeLA,3 か月前,1 回視聴,【スカッとする話】 長男夫婦「引っ越しは済んだ？ｗ」私「今日中に出て行くわ」家政婦扱いされ家を追い出された私。１ヶ月後、長男嫁が血相を変えて鬼電「お母さんの貯金って…」【修羅場】,https://www.youtube.com/watch?v=GNiSiHE5dQ4,100%
2266,【スカッとする話】長男夫婦が私の持ち家から新築に引っ越した途端、ボーナスとピアノが消えた...。私「警察を呼んで！」長男「ダメだ！長男嫁が疑われる！」→私「もう通報したよ？」10分後w【修羅場】,https://www.youtube.com/watch?v=6XWuYYMKzQc,3.6万回視聴 / 3 年前,運命のバス,https://www.youtube.com/channel/UCZ7LpFI5vw7V9ZCsd5OWeLA,3 か月前,0 回視聴,【スカッとする話】 長男夫婦が私の持ち家から新築に引っ越した途端、ボーナスとピアノが消えた   。私「警察を呼んで！」長男「ダメだ！長男嫁が疑われる！」→私「もう通報したよ？」10分後w【修羅場】,https://www.youtube.com/watch?v=CZgrhwFabWk,100%
2267,【スカッとする話】私の車のアクセルにこっそり手を加える夫。私（知らないふりしよw）翌日、車を義両親に貸し出すと、夫「ま、待ってくれ…」実はw【朗読】【スカッと】,https://www.youtube.com/watch?v=lRIrN83xkSc,6.2万回視聴 / 2 か月前,運命の分岐点,https://www.youtube.com/channel/UCRX2SH5h57o-K1goTwfpxaQ,2 か月前,258回視聴,私の車のアクセルにこっそり手を加える夫。私（知らないふりしよw）翌日、車を義両親に貸し出すと、夫「ま、待ってくれ…」実はw,https://www.youtube.com/watch?v=Iq2EFU85ioQ,100%
2268,【スカッとする話】義母を10年介護している私に夫「離婚してくれ…老後もお前と一緒は無理…」私「じゃあ介護と嫁辞めるね」即離婚して沖縄に引越すと夫から鬼電→携帯解約し永久に無視した結果w【朗読】,https://www.youtube.com/watch?v=tfbycPtFjbg,17万回視聴 / 11 か月前,運命の国際恋愛,https://www.youtube.com/channel/UCFK780ZszATo7Bfl9WE-K6w,2 か月前,582回視聴,義母を10年介護している私に夫「離婚してくれ老後もお前と一緒は無理だ」私「じゃあ介護と嫁を辞めるね」即離婚して引越すと夫から鬼電→携帯解約し永久に無視した結果【シニアライフ】【60代以上の方へ,https://www.youtube.com/watch?v=m0muZS34Im8,91%
2269,【スカッとする話】夫の会社に弁当を届けると、夫「今日も忙しいから助かる！」直後、夫の鞄を見た瞬間、私「さようなら」夫「え？」【朗読】【スカッと】,https://www.youtube.com/watch?v=Rt9GxXvlbY8,11万回視聴 / 2 か月前,運命の恋物語,https://www.youtube.com/channel/UCBJJIcxiO6nQ0ukyNmHIHyQ,3 週間前,24回視聴,【スカッとする話】夫の会社に弁当を届けると、夫「今日も忙しいから助かる！」直後、夫の鞄を見た瞬間、私「さようなら」夫「え？」【朗読】【スカッと】,https://www.youtube.com/watch?v=-QUkzTxLwcY,100%
2270,【スカッとする話】愛人に夫を奪われた私。2人「すまん、離婚してくれ…」離婚届が置かれた瞬間、即サインし夫を譲ると、相手弁護士がガタガタ震え出しw【朗読】【スカッと】,https://www.youtube.com/watch?v=blo_a56_T1U,37万回視聴 / 2 か月前,運命の恋物語,https://www.youtube.com/channel/UCBJJIcxiO6nQ0ukyNmHIHyQ,3 週間前,488回視聴,【スカッとする話】愛人に夫を奪われた私。2人「すまん、離婚してくれ…」離婚届が置かれた瞬間、即サインし夫を譲ると、相手弁護士がガタガタ震え出しw【朗読】【スカッと】,https://www.youtube.com/watch?v=fHgveGPae0U,100%
2271,【スカッとする話】私が離婚届に署名すると、満面の笑みで大喜びする義家族。新しい嫁を迎えた1週間後、電気・ガス・水道が止まると急に義家族が焦り出しw【朗読】【スカッと】,https://www.youtube.com/watch?v=cVe3XmXeRuE,14万回視聴 / 4 か月前,運命の糸4933,https://www.youtube.com/channel/UCqd_jW2lAgOxuXLAfqKYOGA,2 か月前,14回視聴,私が離婚届に署名すると、満面の笑みで大喜びする義家族。新しい嫁を迎えた1週間後、電気・ガス・水道が止まると急に義家族が焦り出しw,https://www.youtube.com/watch?v=cY00IO3HSiQ,100%
2272,【スカッとする話】30年連れ添った夫と離婚すると、義母「引っ越しはまだ？」夫「早く出てけ」私「30分後に消えます」荷物が運ばれ私が車に乗ると→義母「え？何なのこの高級車は？」,https://www.youtube.com/watch?v=Tlkag3rVT5s,18万回視聴 / 2 年前,遺産相続の陰謀,https://www.youtube.com/channel/UCkMFzQQGu09YViEYU1KFC0A,3 週間前,2回視聴,30年連れ添った夫と離婚すると、義母「引っ越しはまだ？早く出てけ」私「30分後に消えます」→30分後、荷物が運ばれ私が車に乗ると…,https://www.youtube.com/watch?v=ny33ngq8dGo,86%
2273,【スカッとする話】医者の夫を奪ったママ友「年収3千万の医者の旦那くんの子供出来たw3ヶ月後の結婚式来てねw」私「わかった」（年収3千万の医者は私なんだけど黙っとこw）3ヶ月後w【スカッと】【朗読】,https://www.youtube.com/watch?v=B-nqblWpeIE,5.4万回視聴 / 2 年前,遺産相続の陰謀,https://www.youtube.com/channel/UCkMFzQQGu09YViEYU1KFC0A,4 週間前,6回視聴,私の夫を奪ったママ友「年収3000万の医者の旦那くんの子供できたw3ヶ月後の結婚式来てねw」→私「分かった（年収3000万の医者は私だけど黙っとこ）」3ヶ月後w,https://www.youtube.com/watch?v=LADQyq_3Ibk,86%
2274,【スカッとする話】大学生の娘の卒業式に行くと、娘「他人の分際で参加すんなw」夫「家政婦は駐車場で待機ｗ」キレた私は生活費と学費の支払いを停止→離婚届を置いて姿を消すと…w,https://www.youtube.com/watch?v=b9OhKapbbYI,3.5万回視聴 / 1 年前,都会の孤独4844,https://www.youtube.com/channel/UCv0LCupRZ18mA1q2nW9EnqQ,2 週間前,0 回視聴,【スカッとする話】大学生の娘の卒業式に行くと、娘「他人の分際で参加すんなw」夫「家政婦は駐車場で待機ｗ」キレた私は生活費と学費の支払いを停止→離婚届を置いて姿を消すと…w,https://www.youtube.com/watch?v=E_nW7eF2p8c,100%
2275,【スカッとする話】毎日9時間義母の介護で倒れた私に夫「介護すらできないなら離婚wこれからは愛人に任せるw」私「いいけど後悔しない？」夫「しねぇよw」1週間後w【朗読】【スカッと】,https://www.youtube.com/watch?v=9TulrMzmHr8,5.7万回視聴 / 9 か月前,都会の孤独4844,https://www.youtube.com/channel/UCv0LCupRZ18mA1q2nW9EnqQ,1 か月前,5回視聴,毎日9時間義母の介護で倒れた私に夫「介護すらできないなら離婚wこれからは愛人に任せるw」私「いいけど後悔しない？」夫「しねぇよw」1週間後w,https://www.youtube.com/watch?v=4yJNwBcwin0,100%
2276,【スカッとする話】私が貯めた200万を無断で義母に渡した夫。夫「お前の貯金はママが管理する」義母「家族だから当たり前よね？」キレた私は洗い物を即停止→光熱費の支払い止めて姿を消すとw【朗読】,https://www.youtube.com/watch?v=-OfgLbLpCv8,2.1万回視聴 / 9 か月前,都会の孤独4844,https://www.youtube.com/channel/UCv0LCupRZ18mA1q2nW9EnqQ,2 週間前,0 回視聴,【スカッとする話】私が貯めた200万を無断で義母に渡した夫。夫「お前の貯金はママが管理する」義母「家族だから当たり前よね？」キレた私は洗い物を即停止→光熱費の支払い止めて姿を消すとw【朗読】,https://www.youtube.com/watch?v=rLFLGu2sBBw,100%
2277,【スカッとする話】スーパーでパートの私をバカにする年下部長が社員の前で英語のスピーチを強要。部長「ババァはABCも難しいかw」私「本場の英語を教えてあげますね」流暢な英語で無双した結果ｗ【朗読】,https://www.youtube.com/watch?v=NeFhYBshtIY,2万回視聴 / 6 か月前,都会の孤独5052,https://www.youtube.com/channel/UCTWwkNBKuUw8iJZaqGYyivA,2 週間前,2回視聴,【スカッとする話】スーパーでパートの私をバカにする年下部長が社員の前で英語のスピーチを強要。部長「ババァはABCも難しいかw」私「本場の英語を教えてあげますね」流暢な英語で無双した結果ｗ【朗読】,https://www.youtube.com/watch?v=TQc0G8KAVBg,100%
2278,【スカッとする話】女4姉妹を育てる私に夫「離婚して愛人と再婚するから」私「いいけど長女は連れてってね」夫「え？母親のお前が育てろよ」私「嫌よ。だって…」,https://www.youtube.com/watch?v=tQe8apURLKM,20万回視聴 / 1 年前,都会の孤独5052,https://www.youtube.com/channel/UCTWwkNBKuUw8iJZaqGYyivA,1 か月前,5回視聴,女4姉妹を育てる私に夫「離婚して愛人と再婚するから」私「いいけど長女は連れてってね」夫「え？母親のお前が育てろよ」私「嫌よ。だって…」,https://www.youtube.com/watch?v=4cT8OyajnUc,92%
2279,【スカッとする話】毎日9時間義母の介護で倒れた私に夫「介護すらできないなら離婚wこれからは愛人に任せるw」私「いいけど後悔しない？」夫「しねぇよw」1週間後w【朗読】【スカッと】,https://www.youtube.com/watch?v=9TulrMzmHr8,5.7万回視聴 / 9 か月前,都会の孤独5052,https://www.youtube.com/channel/UCTWwkNBKuUw8iJZaqGYyivA,1 か月前,31回視聴,毎日9時間義母の介護で倒れた私に夫「介護すらできないなら離婚wこれからは愛人に任せるw」私「いいけど後悔しない？」夫「しねぇよw」1週間後w,https://www.youtube.com/watch?v=dlKU8wTl3AM,100%
2280,【スカッとする話】私が義父の入院費を払ってると知らず私の荷物を全て捨てた夫「もう俺に寄生するな穀潰しがw」夫を残し1億の豪邸に引越し入院費の支払いも止めた結果w,https://www.youtube.com/watch?v=Yfo6v4-ZtHc,22万回視聴 / 2 年前,都会の孤独5052,https://www.youtube.com/channel/UCTWwkNBKuUw8iJZaqGYyivA,1 か月前,0 回視聴,私が義父の入院費を払ってると知らず私の荷物を全て捨てた夫「もう俺に寄生するな穀潰しがw」夫を残し1億の豪邸に引越し入院費の支払いも止めた結果w,https://www.youtube.com/watch?v=GFc6HQj6EGQ,100%
2281,【スカッとする話】私を育てるため夢を諦め高校中退した母に結婚挨拶でビールをぶっかけた銀行頭取の義両親「中卒の家族は一族の恥w婚約白紙w」直後、普段温厚な母が立ち上がり、母「では200億の口座解約します,https://www.youtube.com/watch?v=WCgDiWmK46Q,7万回視聴 / 2 年前,都会の孤独5052,https://www.youtube.com/channel/UCTWwkNBKuUw8iJZaqGYyivA,2 週間前,5回視聴,【スカッとする話】私を育てるため夢を諦め高校中退した母に結婚挨拶でビールをぶっかけた銀行頭取の義両親「中卒の家族は一族の恥w婚約白紙w」直後、普段温厚な母が立ち上がり、母「では200億の口座解約します,https://www.youtube.com/watch?v=GekAxSjZZoY,100%
2282,【スカッと総集編】義父の入院費を払ってると知らず私の荷物を全て捨てた夫「俺に寄生するな穀潰しw」夫を残し1億の豪邸に引越し入院費の支払いも止めた結果w【スカッとする話】【スカッと】,https://www.youtube.com/watch?v=EmiUvKJTw3c,5.8万回視聴 / 1 年前,都会の孤独5052,https://www.youtube.com/channel/UCTWwkNBKuUw8iJZaqGYyivA,1 か月前,0 回視聴,私が義父の入院費を払ってると知らず私の荷物を全て捨てた夫「もう俺に寄生するな穀潰しがw」夫を残し1億の豪邸に引越し入院費の支払いも止めた結果w,https://www.youtube.com/watch?v=GFc6HQj6EGQ,96%
2283,【スカッとする話】30年連れ添った夫と離婚すると、義母「引っ越しはまだ？」夫「早く出てけ」私「30分後に消えます」荷物が運ばれ私が車に乗ると→義母「え？何なのこの高級車は？」,https://www.youtube.com/watch?v=Tlkag3rVT5s,18万回視聴 / 2 年前,野崎 美月,https://www.youtube.com/channel/UC1LoBls_ltR0pdiuoanqmzw,1 か月前,9回視聴,30年連れ添った夫と離婚すると、義母「引っ越しはまだ？早く出てけ」私「30分後に消えます」→30分後、荷物が運ばれ私が車に乗ると…,https://www.youtube.com/watch?v=8aLC4BzFh-8,86%
2284,【スカッとする話】30年連れ添った夫と離婚すると、義母「引っ越しはまだ？」夫「早く出てけ」私「30分後に消えます」荷物が運ばれ私が車に乗ると→義母「え？何なのこの高級車は？」,https://www.youtube.com/watch?v=Tlkag3rVT5s,18万回視聴 / 2 年前,野崎 美月,https://www.youtube.com/channel/UC1LoBls_ltR0pdiuoanqmzw,1 か月前,7回視聴,30年連れ添った夫と離婚すると、義母「引っ越しはまだ？早く出てけ」私「30分後に消えます」→30分後、荷物が運ばれ私が車に乗ると…,https://www.youtube.com/watch?v=3SiUr9zSVCo,86%
2285,【スカッとする話】年末に息子夫婦が泊まりにくると、深夜に夫が突然私を裏口に…夫「今のうちに家から出よう」私「え？年越しそば食べないの？」夫「お前気づいてないのか？」【朗読】【スカッと】,https://www.youtube.com/watch?v=AdhCK-BGvg4,13万回視聴 / 11 か月前,鈴の音シアター、隣のシニアドラマ,,2 か月前,"7,086回視聴",年末に息子夫婦が泊まりに来ると、深夜に夫が突然私を裏口に呼んだ夫「今のうちに家から出よう」私「え？年越しそば食べないの？」夫「お前気づいてないのか？」【シニアライフ】【60代以上の方へ】,https://www.youtube.com/watch?v=W4aa9d-hnIM,96%
2286,【スカッとする話】1億のピアノがある金持ち自慢の婚約者の実家へ結婚挨拶に行くと、婚約者「俺達の家政婦連れてきたよw」義父「貧乏な顔w親の顔が見たいw」父「どうも、家政婦の父です」,https://www.youtube.com/watch?v=a5lS8StIZwA,17万回視聴 / 2 年前,陈宝哥a,https://www.youtube.com/channel/UCa5tE9w7fyGs14yN1YOrV_g,8 日前,266回視聴,1億のピアノがある金持ち自慢の婚約者の実家へ結婚挨拶に行くと、婚約者「俺達の家政婦連れてきたよw」義父「貧乏な顔w親の顔が見たいw」父「どうも、家政婦の父です」,https://www.youtube.com/watch?v=gygOhf-2oFw,100%
2287,【スカッとする話】夫「引越しは済んだか？」私「今日中に出ていくわ」ATM扱いされ家を追い出された私。1ヶ月後、夫が血相を変えて鬼電してきて...【修羅場】,https://www.youtube.com/watch?v=mRlS0rHQ-lY,12万回視聴 / 3 年前,陈宝哥a,https://www.youtube.com/channel/UCa5tE9w7fyGs14yN1YOrV_g,6 日前,235回視聴,夫「引越しは済んだか？」私「今日中には出ていくわ」夫にATM扱いされ家を追い出された私→1ヶ月後、夫が血相を変えて鬼電してきて…,https://www.youtube.com/watch?v=UiO8Rl_Brgk,97%
2288,【スカッとする話】婚約者を略奪した親友から結婚式の招待状が届くと、長男「嫁と2人で行ってくる」長男嫁「盛大に暴れてきます」普段温厚な長男夫婦が...w,https://www.youtube.com/watch?v=mLYItA9m_XY,9.8万回視聴 / 2 年前,陈宝哥a,https://www.youtube.com/channel/UCa5tE9w7fyGs14yN1YOrV_g,4 週間前,45回視聴,私の婚約者を略奪した親友から結婚式の招待状が届くと、長男「嫁と2人で行ってくる」長男嫁「盛大に暴れてきますねw」普段温厚な長男夫婦が…w,https://www.youtube.com/watch?v=Zkf9IuNVgU4,97%
2289,【スカッとする話】長男夫婦に初孫が生まれ出産祝いに行くと長男嫁「二人は汚いので床でいいですか？w」長男「ジジババは段ボールの上でw」夫「...帰るか」私「うん」速帰宅し→永久に無視した結果w,https://www.youtube.com/watch?v=Y2GawdK7Q9E,10万回視聴 / 2 年前,陈宝哥a,https://www.youtube.com/channel/UCa5tE9w7fyGs14yN1YOrV_g,4 週間前,140回視聴,長男夫婦に初孫が生まれ出産祝いに行くと長男嫁「お二人は汚いので床でいいですか？w」長男「ジジババは段ボールの上でw」夫「帰るか…」私「うん」速帰宅し→永久に無視した結果w,https://www.youtube.com/watch?v=lmpTzeHD5SY,99%
2290,【スカッとする話】中卒で年金生活の私を見下す高学歴エリートの長男嫁「年金暮らしの貧乏人とは絶縁でw」直後、それを聞いた長男が顔面蒼白で「お、お前知らないのか？」【スカッと】,https://www.youtube.com/watch?v=g6Y6qpQoq3k,5.1万回視聴 / 3 年前,陽咲,https://www.youtube.com/channel/UCkWQ3TuNHjERVg8BInHuS-Q,2 か月前,0 回視聴,【スカッとする話】 中卒で年金生活の私を見下す高学歴エリートの長男嫁「年金暮らしの貧乏人とは絶縁でw」直後、それを聞いた長男が顔面蒼白で「お、お前知らないのか？」,https://www.youtube.com/watch?v=n8Kyhg5TRlc,100%
2291,【スカッとする話】夫の連れ子の娘と暮らし始めて1年。しかし、全くなつく気配がない…夫が海外出張に行った日に娘が初めて話しかけてきた。娘「お母さん、実は...」そう言って差し出された手には...,https://www.youtube.com/watch?v=BKC9CbFIESk,5.2万回視聴 / 3 年前,陽咲,https://www.youtube.com/channel/UCkWQ3TuNHjERVg8BInHuS-Q,2 か月前,0 回視聴,【スカッとする話】 夫の連れ子の娘と暮らし始めて1年。しかし、全くなつく気配がない…夫が海外出張に行った日に娘が初めて話しかけてきた。娘「お母さん、実は   」そう言って差し出された手には,https://www.youtube.com/watch?v=mv4JGIP7XII,100%
2292,【スカッとする話】婚約者との両家顔合わせでなぜか私達を無視する婚約者家族。私「あの…」婚約者家族「…」理由を知り両親と黙って帰ると3分後、婚約者から鬼電が…w,https://www.youtube.com/watch?v=T1lw-3Vr5-M,6.8万回視聴 / 2 年前,陽咲,https://www.youtube.com/channel/UCkWQ3TuNHjERVg8BInHuS-Q,3 か月前,2回視聴,【スカッとする話】 婚約者との両家顔合わせでなぜか私達を無視する婚約者家族。私「あの…」婚約者家族「…」理由を知り両親と黙って帰ると3分後、婚約者から鬼電が…w,https://www.youtube.com/watch?v=KGFSpJC6F9w,100%
2293,【スカッとする話】私を低収入扱いする長男夫婦。長男嫁「低収入の義母は出てけw」長男「俺もこんな母親いらないw」お望み通り口座を0円にして、1年間家を出た結果w,https://www.youtube.com/watch?v=Rw2iIdnpgQY,3.9万回視聴 / 3 年前,陽咲,https://www.youtube.com/channel/UCkWQ3TuNHjERVg8BInHuS-Q,2 か月前,0 回視聴,【スカッとする話】 私を低収入扱いする長男夫婦。長男嫁「低収入の義母は出てけw」長男「俺もこんな母親いらないw」お望み通り口座を0円にして、1年間家を出た結果w,https://www.youtube.com/watch?v=6RRRd0Fql0c,100%
2294,【スカッとする話】1億の新築を4000万で勝手に売った夫「隠し子の養育費に使う！愛人と暮らすから出てけ」私「喜んで！だってこの家…」真実を伝えると夫が顔面蒼白に…【朗読】【スカッと】,https://www.youtube.com/watch?v=V_Fkzks6Kwk,6.7万回視聴 / 10 か月前,隠された才能 5633,https://www.youtube.com/channel/UCxSupAhazSWDXBtwag7MUbA,3 週間前,53回視聴,【スカッとする話】1億の新築を4000万で勝手に売った夫「隠し子の養育費に使う！愛人と暮らすから出てけ」私「喜んで！だってこの家…」真実を伝えると夫が顔面蒼白に…【朗読】【スカッと】,https://www.youtube.com/watch?v=kl3jj8Z0ebQ,100%
2295,【スカッとする話】5年前に離婚した元夫と保育園で再会。元夫「そいつ俺の子？俺もう子供いるし認知しないよ」私「ん？お前種ナシじゃんwそっちも誰の子かな？」元夫「え？」【朗読】【スカッと】,https://www.youtube.com/watch?v=yf6Hd6ajnbc,5.2万回視聴 / 2 か月前,隠された才能 5633,https://www.youtube.com/channel/UCxSupAhazSWDXBtwag7MUbA,4 週間前,363回視聴,【スカッとする話】5年前に離婚した元夫と保育園で再会。元夫「そいつ俺の子？俺もう子供いるし認知しないよ」私「ん？お前種ナシじゃんwそっちも誰の子かな？」元夫「え？」【朗読】【スカッと】,https://www.youtube.com/watch?v=XwTLoPCcQrE,100%
2296,【スカッとする話】医師の夫が新人看護師と浮気。看護師「院長夫人の座は私が頂くw離婚して病院も辞めてねw」私「はーい、後はよろしく」その後、2人は地獄へw【朗読】【スカッと】,https://www.youtube.com/watch?v=PhHi9HvCrPQ,10万回視聴 / 1 年前,隠された才能 5633,https://www.youtube.com/channel/UCxSupAhazSWDXBtwag7MUbA,1 か月前,117回視聴,【スカッとする話】医師の夫が新人看護師と浮気。看護師「院長夫人の座は私が頂くw離婚して病院も辞めてねw」私「はーい、後はよろしく」その後、2人は地獄へw【朗読】【スカッと】,https://www.youtube.com/watch?v=Cl3vTXjItGw,100%
2297,【スカッとする話】同窓会でいじめられた私。同級生「乞食は残飯食ってろw」1時間後、息子が現れた途端、同級生の態度が急変し…w【朗読】【スカッと】,https://www.youtube.com/watch?v=L6kEKzkIxIU,4.3万回視聴 / 5 か月前,隠された才能 5633,https://www.youtube.com/channel/UCxSupAhazSWDXBtwag7MUbA,3 週間前,97回視聴,【スカッとする話】同窓会でいじめられた私。同級生「乞食は残飯食ってろw」1時間後、息子が現れた途端、同級生の態度が急変し…w【朗読】【スカッと】,https://www.youtube.com/watch?v=cnKO3QZMVLk,100%
2298,【スカッとする話】夫の会社に弁当を届けると、夫「今日も忙しいから助かる！」直後、夫の鞄を見た瞬間、私「さようなら」夫「え？」【朗読】【スカッと】,https://www.youtube.com/watch?v=Rt9GxXvlbY8,11万回視聴 / 2 か月前,隠された才能 5633,https://www.youtube.com/channel/UCxSupAhazSWDXBtwag7MUbA,1 か月前,"1,737回視聴",【スカッとする話】夫の会社に弁当を届けると、夫「今日も忙しいから助かる！」直後、夫の鞄を見た瞬間、私「さようなら」夫「え？」【朗読】【スカッと】,https://www.youtube.com/watch?v=4-IgFmR6AOo,100%
2299,【スカッとする話】子供の誕生日に回転寿司へ行くと、夫を奪った妹と10年ぶりに再会。妹「頭悪そうな子wうち私立よw」息子「母さんこれ見せてもいい？」直後、妹はガクガク震えだし…【朗読】【スカッと】,https://www.youtube.com/watch?v=sPaQ4y9ujUE,5.4万回視聴 / 7 か月前,隠された才能 5633,https://www.youtube.com/channel/UCxSupAhazSWDXBtwag7MUbA,4 週間前,261回視聴,【スカッとする話】子供の誕生日に回転寿司へ行くと、夫を奪った妹と10年ぶりに再会。妹「頭悪そうな子wうち私立よw」息子「母さんこれ見せてもいい？」直後、妹はガクガク震えだし…【朗読】【スカッと】,https://www.youtube.com/watch?v=ojKmGCh8ib0,100%
2300,【スカッとする話】正月の親戚の集まりに普段着で行くと、父「俺が買った着物はどうした？」夫「嫁には無駄だから売ったw」父「…」帰宅した私に父から電話。父「あいつの人生終わらせる」【朗読】,https://www.youtube.com/watch?v=_XdgNdXWUY4,9.1万回視聴 / 6 か月前,隠された才能 5633,https://www.youtube.com/channel/UCxSupAhazSWDXBtwag7MUbA,1 か月前,136回視聴,【スカッとする話】正月の親戚の集まりに普段着で行くと、父「俺が買った着物はどうした？」夫「嫁には無駄だから売ったw」父「…」帰宅した私に父から電話。父「あいつの人生終わらせる」【朗読】,https://www.youtube.com/watch?v=6gFIxUKU9B4,91%
2301,【スカッとする話】産婦人科で再会した元夫「俺の子？認知の子はしねぇよw」元義母「復縁要求はやめてねw」私「そんなことしないwだって…」直後、2人は震えだし…w【朗読】【スカッと】,https://www.youtube.com/watch?v=-TmKVAFTUIo,3.8万回視聴 / 9 か月前,隠された才能 5633,https://www.youtube.com/channel/UCxSupAhazSWDXBtwag7MUbA,3 週間前,182回視聴,【スカッとする話】産婦人科で再会した元夫「俺の子？認知の子はしねぇよw」元義母「復縁要求はやめてねw」私「そんなことしないwだって…」直後、2人は震えだし…w【朗読】【スカッと】,https://www.youtube.com/watch?v=kFuvpHrOBFc,100%
2302,【スカッとする話】私の母が筆頭株主と知らず私の内定を取消した頭首「母子家庭は内定取消でw」一同大爆笑。私「だそうです…お母さん…」母「頭首？500億の株全て売却で」頭首「え？」【朗読】【スカッと】,https://www.youtube.com/watch?v=YARRQqAerVs,5.5万回視聴 / 10 か月前,隠された才能 5633,https://www.youtube.com/channel/UCxSupAhazSWDXBtwag7MUbA,2 週間前,11回視聴,【スカッとする話】私の母が筆頭株主と知らず私の内定を取消した頭首「母子家庭は内定取消でw」一同大爆笑。私「だそうです…お母さん…」母「頭首？500億の株全て売却で」頭首「え？」【朗読】【スカッと】,https://www.youtube.com/watch?v=PkvGhLNyQBs,100%
2303,【スカッとする話】裕福な義両親の還暦祝い当日、高級寿司店で私を嫌う義姉「金目的の貧乏人は来んなw」一同「了解。じゃあ帰るか」全員が帰り出すと義姉が慌て出しw【朗読】【スカッと】,https://www.youtube.com/watch?v=BwuYpXAl90I,2.8万回視聴 / 3 か月前,隠された物語、他 2 チャンネル,,3 日前,187回視聴,【朗読】裕福な義両親の還暦祝い当日、高級寿司店で私を嫌う義姉「金目的の貧乏人は来んなw」一同「了解。じゃあ帰るか」全員が帰り出すと義姉が慌て出しw,https://www.youtube.com/watch?v=lotFjnc3vDg,100%
2304,【スカッとする話】私1人で育てた息子の顔合わせで、なぜか私たちだけお茶漬け…義家族「貧乏人は好きだろ？w」直後、私の存在に気づいた義兄「俺たちの人生終了だ…」【朗読】【スカッと】,https://www.youtube.com/watch?v=qNSSnNaMxrs,8万回視聴 / 2 か月前,隠された物語、心に響く感動ストーリー,,3 日前,62回視聴,【朗読】私1人で育てた息子の顔合わせで、なぜか私たちだけお茶漬け…義家族「貧乏人は好きだろ？w」直後、私の存在に気づいた義兄「俺たちの人生終了だ…」【スカッと】,https://www.youtube.com/watch?v=tv5hP1kBu3U,100%
2305,【スカッとする話】私と離婚し愛人を選んだ元夫「ローン完済したよな？今日から俺たちが住むからw」私「何か勘違いしてない？」元夫「え？」実はw【朗読】【スカッと】,https://www.youtube.com/watch?v=6_DWl928MOQ,5万回視聴 / 2 か月前,隠された物語、心に響く感動ストーリー,,4 日前,43回視聴,私と離婚し愛人を選んだ元夫「ローン完済したよな？今日から俺たちが住むからw」私「何か勘違いしてない？」元夫「え？」実はw,https://www.youtube.com/watch?v=pbWuX8Qm43g,100%
2306,【スカッとする話】11年育てた連れ子の息子が医大に合格すると、連れ子「他人のくせに母親ぶるなw」私「は？お前こそ息子ぶるなよ…」入学費と仕送りを即停止し永久に他人扱いした結果w,https://www.youtube.com/watch?v=uja6sG8362w,2.4万回視聴 / 1 年前,雨の中の記憶,https://www.youtube.com/channel/UCJ_Zte-T_DYEEvf5DqPciGg,1 か月前,0 回視聴,11年育てた連れ子が医大に合格すると連れ子「他人のくせに母親ぶるなw」 私「は?お前こそ息子ぶるなよ...」 入学費と仕送りを即停止し永久に他人扱いした結果w,https://www.youtube.com/watch?v=k3aogZE__qY,98%
2307,【スカッとする話】出産で義兄の結婚式を欠席すると、義父「出産ごときで欠席？離婚だ！」義父にキレられ縁を切り式当日…義兄「父さん、状況わかってる？」義父「は？」結果w,https://www.youtube.com/watch?v=GpzX3kYhSRk,2.8万回視聴 / 1 年前,雨の中の記憶,https://www.youtube.com/channel/UCJ_Zte-T_DYEEvf5DqPciGg,1 か月前,2回視聴,出産で義兄の結婚式を欠席すると義父「出産ごときで?離婚だ!」 義父にキレられ縁を切り式当日義兄「父さん、状況わかってる?」 義父「は?」→結果w,https://www.youtube.com/watch?v=zviUeQjEC-4,98%
2308,【スカッとする話】新築タワマン購入直後に妹「夫君の子供できたし譲って」夫「離婚届書いて家から出てけ」私「え？私独身だけど？」妹・夫「え？」結果w【修羅場】【スカッと】,https://www.youtube.com/watch?v=3ms4nR14BoM,2万回視聴 / 1 年前,雨の中の記憶,https://www.youtube.com/channel/UC1DCXepcOSRHtwhX694HY1w,1 か月前,4回視聴,新築タワマンを購入した直後妹「夫君の子供できたし譲って」 夫「離婚届書いて家から出てけ」私「え?私独身だけど?」 妹・夫「え?」→結果w,https://www.youtube.com/watch?v=bA0JcBtj3bA,96%
2309,【スカッとする話】母子家庭で育てた息子の結婚挨拶へ行くと私たちだけ納豆ご飯…義父「貧乏人はそれ好きだろw」3秒後、婚約者が私を見て震え出し…義家族は全てを失う結果にw,https://www.youtube.com/watch?v=nShlR1YbtJs,5.5万回視聴 / 1 年前,雨の中の記憶,https://www.youtube.com/channel/UCJ_Zte-T_DYEEvf5DqPciGg,1 か月前,4回視聴,母子家庭で育てた息子の結婚挨拶で私たちだけ納豆ご飯だった... 義父「貧乏人はそれ好きだろw」 3秒後、婚約者が私を見て震え出し義家族は全てを失う結果にw,https://www.youtube.com/watch?v=-olARGeQJ6Y,94%
2310,【スカッとする話】私が総資産18億と知らず職場の社長令嬢と浮気した夫「美人令嬢と再婚するからｗ」令嬢「子供は1人で育ててw」私（馬鹿ねw）1ヶ月後、半狂乱の夫たちから鬼電がｗ,https://www.youtube.com/watch?v=3vh_pcyKmQw,1.5万回視聴 / 1 年前,雨の中の記憶,https://www.youtube.com/channel/UC1DCXepcOSRHtwhX694HY1w,1 か月前,56回視聴,私が総資産18億と知らず職場の社長令嬢と浮気した夫夫「美人令嬢と再婚するからw」 令嬢「子供は1人で育ててw」1ヶ月後、半狂乱の夫たちから鬼電がw,https://www.youtube.com/watch?v=L_L0N9TQYEg,96%
2311,【スカッとする話】私も夫も身長160cm以下なのになぜか息子の身長が190cm超えに...。夫「浮気してたなこの裏切り者！」息子「父さん、何も知らないの？」夫「え？」実は…,https://www.youtube.com/watch?v=WEXOfp8SBz0,2.4万回視聴 / 1 年前,雨の中の記憶,https://www.youtube.com/channel/UCJ_Zte-T_DYEEvf5DqPciGg,1 か月前,1 回視聴,私も夫も身長160cm以下なのになぜか息子の身長が190cm超えに... 夫「浮気してたなこの裏切り者!」息子「父さん、何も知らないの?」 夫「え?」→実は...,https://www.youtube.com/watch?v=DvvC6Oqv0Lc,100%
2312,【スカッと総集編】義実家に帰省した私を駅まで迎えに来た義母「息子とデートに行くから歩いて帰れｗ」私「では徒歩5分の新居に行きます」1時間後、ブチギレた義母が現れ…w,https://www.youtube.com/watch?v=OdNjDlmFQIc,4.5万回視聴 / 1 年前,雨の中の記憶,https://www.youtube.com/channel/UC1DCXepcOSRHtwhX694HY1w,1 か月前,26回視聴,【スカッと総集編】義実家に帰省した私を駅まで迎えに来た義母「息子とデートに行くから歩いて帰れｗ」私「では徒歩5分の新居に行きます」1時間後、ブチギレた義母が現れ…w,https://www.youtube.com/watch?v=5bYvfIWbuGI,100%
2313,【スカッとする話】38歳で妊娠した私を捨て19歳の浮気相手と再婚した警察官の夫「若い女が良いから離婚でw」20年後、警察で元夫と再会→直後、息子を見た元夫が震えだし…w,https://www.youtube.com/watch?v=Fiv9d71jhj4,2.1万回視聴 / 1 年前,雨の中の記憶、お話の部屋,,1 時間前,0 回視聴,【スカッとする話】38歳で妊娠した私を捨て19歳の浮気相手と再婚した警察官の夫夫「若い女が良いから離婚でw」20年後、警察で元夫と再会直後、息子を見た元夫が震えだし...W,https://www.youtube.com/watch?v=CIJOaOhk7ZI,99%
2314,【スカッとする話】夫の葬儀中、涙を流す私に義母「遺産は私たちが貰うわねw」義父「これで高級老人ホーム入れるw」私「え？あなたらは1円も相続できないよ？」義両親「え？」,https://www.youtube.com/watch?v=ixDA5L4ob04,5.8万回視聴 / 1 年前,雨の中の記憶、お話の部屋,,2 週間前,10回視聴,【スカッとする話】夫の葬儀中、涙を流す私に義母「遺産は私たちが貰うわねw」 義父「これで高級老人ホーム入れるw」 私「あなたらは1円も相続できないよ?」義両親「え?」→結果w W,https://www.youtube.com/watch?v=qpUGtsvPtRY,97%
2315,【スカッとする話】娘と義実家の大掃除をしてると突然、娘「母さん帰るよ！」慌てた様子で車を急発進させた。私「どうしたの？」娘「見なかった？」私「え？」帰宅すると…,https://www.youtube.com/watch?v=rYAfWQF1W-0,6.6万回視聴 / 1 年前,雨の中の記憶、お話の部屋,,8 日前,27回視聴,【スカッとする話】娘と義実家の大掃除をしてると突然、娘「母さん帰るよ!」 慌てた様子で車を急発進させた私「どうしたの?」娘「見なかった?」私「え?」帰宅すると...,https://www.youtube.com/watch?v=FrxyFWxugt8,100%
2316,【スカッとする話】実家で母の同居介護中に娘が記入済みの離婚届を持ってきた…娘「パパが私とママはいらないって…」私「やったね！」即提出し家を売り払い更地にすると…w,https://www.youtube.com/watch?v=CjxJ0f62VMM,2.6万回視聴 / 1 年前,雨の中の記憶、お話の部屋,,2 週間前,1 回視聴,【スカッとする話】実家で母の同居介護中に娘が記入済みの離婚届を持ってきた... 娘「パパが私とママはいらないって...」私「やったね!」→即提出し家を売り払い更地にすると...W,https://www.youtube.com/watch?v=NGczH5b9BE0,99%
2317,【スカッとする話】新築一軒家の我が家が全焼し現場確認に行くと夫と幼馴染が何か探している…。2人に声をかけようとすると恐ろしい会話を聞いてしまい慌てて警察に駆け込むと…,https://www.youtube.com/watch?v=rSLi31Fw8tI,1.4万回視聴 / 1 年前,雨の中の記憶、お話の部屋,,3 週間前,2回視聴,【スカッとする話】新築一軒家の我が家が全焼し現場確認に行くと夫と幼馴染が何か探している…。2人に声をかけようとすると恐ろしい会話を聞いてしまい慌てて警察に駆け込むと…,https://www.youtube.com/watch?v=mAz5AIyyMYs,100%
2318,【スカッとする話】新婚旅行中に私を雪山に置き去りにした夫「俺に意見するバカは帰ってくるなw反省するまでそこにいろw」私「さむい…置いてかないで…」翌日、夫がありえない姿で発見され…,https://www.youtube.com/watch?v=Bz-9j9l6enc,1.6万回視聴 / 1 年前,雨の中の記憶、他 2 チャンネル,,3 週間前,3回視聴,新婚旅行中に私を雪山に置き去りにし夫「俺に意見するバカは帰ってくるなw 反省するまでそこにいろw」 私「さむい...置いてかないで...」 翌日、夫がありえない姿で発見され...,https://www.youtube.com/watch?v=pXApMT57DSA,99%
2319,【スカッとする話】資産3億を築いた長男が他界すると長男嫁「夫の遺産は全て私のものw」孫「ババァには1円もあげないw」1ヶ月後、血相変えた嫁から大量着信→嫁「あ、あの遺産って」,https://www.youtube.com/watch?v=IaSMuG9SQHg,3.3万回視聴 / 1 年前,雨の中の記憶、他 2 チャンネル,,3 週間前,1 回視聴,資産3億を築いた長男が他界すると長男嫁「夫の遺産は全て私のものw」 孫「ババァには1円もあげないw」 1ヶ月後、血相変えた嫁から大量着信嫁「あ、あの遺産って...」→結果w,https://www.youtube.com/watch?v=INcG087QfJ8,99%
2320,【スカッと総集編】私を実家から追い出す弟夫婦。弟「嫁と娘とそこで暮らすから姉さんは家から出てってw」私（私が生活費28万払ってるのに…）業者に連絡して家具家電を売り払い1億の豪邸に引越した結果w,https://www.youtube.com/watch?v=ny9z6qtkqBU,5.3万回視聴 / 1 年前,雨の中の記憶、他 2 チャンネル,,3 週間前,31回視聴,【スカッと総集編】私を実家から追い出す弟夫婦。弟「嫁と娘とそこで暮らすから姉さんは家から出てってw」私（私が生活費28万払ってるのに…）業者に連絡して家具家電を売り払い1億の豪邸に引越した結果w,https://www.youtube.com/watch?v=0Hn97RoE3kk,100%
2321,【スカッとする話】義家族と花見に行くと義母「家族の皆は高級弁当w」私（私の分だけない…）夫「…帰るぞ」私「いいの？涙」3分後、大号泣の義母から鬼電がw,https://www.youtube.com/watch?v=nzWFHkZDXWs,4.5万回視聴 / 1 年前,雨の中の記憶、感動フェアリー,,6 日前,9回視聴,【スカッとする話】義家族と花見に行くと義母「家族の皆は高級弁当w」 私(私の分だけない...)夫「...帰るぞ」私「いいの?涙」3分後、大号泣の義母から鬼電がw,https://www.youtube.com/watch?v=6J_XmjyNLgM,100%
2322,【スカッと総集編】20億の資産を築いた父が他界すると、突然豹変した夫と義両親。夫「遺産は俺達が管理する！」義母「嫌なら離婚して出てけw」私「じゃ離婚で」→1週間後w,https://www.youtube.com/watch?v=pQP4Xa2IAVI,4.8万回視聴 / 1 年前,雨の中の記憶、有声书4,,3 日前,31回視聴,【スカッと総集編】20億の資産を築いた父が他界すると、突然豹変した夫と義両親。夫「遺産は俺達が管理する！」義母「嫌なら離婚して出てけw」私「じゃ離婚で」→1週間後,https://www.youtube.com/watch?v=C-LgyirUjWk,100%
2323,【スカッとする話】7000万で新築を購入した途端、愛人・隠し子・義母を連れ帰宅した夫「俺たちが住むから離婚して失せろw」私「え？ここ私の家じゃないよ？」夫・愛人・義母「え？」,https://www.youtube.com/watch?v=D66705hwMgg,5.2万回視聴 / 1 年前,雨の中の記憶、雨の中の記憶,,3 週間前,0 回視聴,【スカッとする話】7000万で新築を購入した途端愛人・隠し子・義母を連れ帰宅した夫夫「俺たちが住むから離婚して失せろw」私「え?ここ私の家じゃないよ?」夫・愛人・義母「え?」→結果w W,https://www.youtube.com/watch?v=iLduhZdDq8c,97%
2324,【スカッとする話】医者一族である婚約者の親族の集まりに行くと私だけバナナ1本。婚約者「他人だから仕方ないだろw」彼母「それ食べたら帰ってねw」私「ではアンタらの病院潰すわ」,https://www.youtube.com/watch?v=J3z5MRu6918,2.3万回視聴 / 1 年前,雨の中の記憶、雨の中の記憶,,1 か月前,12回視聴,医者一族である婚約者の親族の集まりで私だけバナナ1本婚約者「他人だから仕方ないだろw」 彼母「それ食べたら帰ってねw」私「ではアンタらの病院潰すわ」,https://www.youtube.com/watch?v=KIqtDF7vbMA,96%
2325,【スカッとする話】生まれた息子が夫に似てない。夫「浮気してたな？離婚だ！」義父「今すぐ出てけアバズレが」10年後、夫と義父と遭遇すると2人が発狂。だって息子は…,https://www.youtube.com/watch?v=DeIUkxQ3Yjg,1万回視聴 / 1 年前,雨の中の記憶、雨の中の記憶,,5 日前,0 回視聴,【スカッとする話】生まれた息子が夫に似てない夫「浮気してたな?離婚だ!」 義父「今すぐ出てけアバズレが!」 10年後、夫と義父と遭遇し2人は発狂 →だって息子は...,https://www.youtube.com/watch?v=-edR9_-olnY,95%
2326,【スカッとする話】突然、義妹夫婦を連れてきた義母「今日から皆で暮らすｗ」義妹「文句あるなら出てってねｗ」夫「じゃ引っ越すか」私「お達者で」義母・義妹「え？」,https://www.youtube.com/watch?v=KKvSV1JKlt0,2.9万回視聴 / 1 年前,雨の中の記憶、雨の中の記憶,,1 か月前,2回視聴,突然、義妹夫婦を連れてきた義母義母「今日から皆で暮らすW」 義妹「文句あるなら出てってねw」夫「じゃ引っ越すか」私「お達者で」義母・義妹「え?」→結果w,https://www.youtube.com/watch?v=wNk-zervUEE,96%
2327,【スカッとする話】義両親の居酒屋を手伝って10年の私に義母「私達引退することにしたのw」義父「店は長男嫁に任せることにしたよw」私「ご自由に。私今日で辞めるので」義両親「え？」,https://www.youtube.com/watch?v=F1mnzuaYuqM,6.6万回視聴 / 1 年前,雨の中の記憶、雨の中の記憶,,11 日前,18回視聴,【スカッとする話】義両親の居酒屋を手伝って10年義母「私たち引退することにしたのw」 義父「店は長男嫁に任せることにしたw」私「ご自由に。私今日で辞めるので」 義両親「え?」→結果w,https://www.youtube.com/watch?v=plFEwAiZdeA,93%
2328,【スカッとする話】義家族と高級料亭へ行くと義母「あんたのカードで払ったよw支払い30万円よろしくねw」私「え？私カード持ってないけど…」義母「は？」結果w,https://www.youtube.com/watch?v=u2ktHPgl-Nc,3.9万回視聴 / 1 年前,雨の中の記憶、雨の中の記憶,,2 週間前,6回視聴,【スカッとする話】義家族と高級料亭へ行くと義母「あんたのカードで払ったよw 支払い30万円よろしくねw」 私「え?私カード持ってないけど...」義母「は?」→結果,https://www.youtube.com/watch?v=91jZsqJGQeo,100%
2329,【スカッとする話】義家族と高級料亭へ行くと義母「あんたのカードで払ったよw支払い30万円よろしくねw」私「え？私カード持ってないけど…」義母「は？」結果w,https://www.youtube.com/watch?v=u2ktHPgl-Nc,3.9万回視聴 / 1 年前,雨の中の記憶、雨の中の記憶,,7 日前,0 回視聴,【スカッとする話】義家族と高級料亭へ行くと義母「あんたのカードで払ったよw 支払い30万円よろしくねw」 私「え?私カード持ってないけど･･･」 義母「は?」→結果w,https://www.youtube.com/watch?v=jicHDA2WT1I,97%
2330,【スカッとする話】資産3億を築いた長男が他界すると長男嫁「夫の遺産は全て私のものw」孫「ババァには1円もあげないw」1ヶ月後、血相変えた嫁から大量着信→嫁「あ、あの遺産って」,https://www.youtube.com/watch?v=IaSMuG9SQHg,3.3万回視聴 / 1 年前,雨の中の記憶、雨の中の記憶,,1 か月前,5回視聴,資産3億を築いた長男が他界すると長男嫁「夫の遺産は全て私のものw」 孫「ババァには1円もあげないw」1ヶ月後、血相変えた嫁から大量着信嫁「あ、あの遺産って...」→結果w W,https://www.youtube.com/watch?v=F0XGuiwOK4Y,98%
2331,【スカッと総集編】入院した私に大量の塩をぶっかける長男嫁「このままあの世にいけwババァがいなくて最高w」キレた私は長男嫁への仕送りを停止→本当に帰らぬ人となった結果w,https://www.youtube.com/watch?v=c2AdQUXc1Hg,5.9万回視聴 / 1 年前,雨の中の記憶、雨の中の記憶,,3 週間前,9回視聴,【スカッと総集編】入院した私に大量の塩をぶっかける長男嫁「このままあの世にいけwババァがいなくて最高w」キレた私は長男嫁への仕送りを停止→本当に帰らぬ人となった結果w,https://www.youtube.com/watch?v=jzQ7tWnYBb4,100%
2332,【スカッと総集編】実家に帰省すると妹が全身の毛を剃られ赤ん坊を抱いて泣いていた…私「今どこ？」母「家族で旅行中w」私「は？」家を売り払い更地にし帰る場所を消してやった結果w,https://www.youtube.com/watch?v=ic9sL-ViLjw,4.4万回視聴 / 1 年前,雨の中の記憶、雨の中の記憶,,12 日前,151回視聴,【スカッとする話】帰省すると妹が全身の毛を剃られ赤ん坊を抱いて泣いていた... 私「今どこ?」母「家族で旅行中w」 私「は?」家を売り払い更地にし帰る場所を消してやった結果w,https://www.youtube.com/watch?v=6r9nopea82s,98%
2333,【スカッと総集編】私が総資産が28億の社長令嬢と知らず私を裏切り職場の美人同僚と再婚した夫「美人同僚と再婚するから離婚w」同僚「子供は1人で頑張れｗ」私「はーい」1ヶ月後、夫達から鬼電がw,https://www.youtube.com/watch?v=KKEWop4fNrk,6.6万回視聴 / 1 年前,雨の中の記憶、雨の中の記憶,,3 週間前,19回視聴,【スカッと総集編】私が総資産が28億の社長令嬢と知らず私を裏切り職場の美人同僚と再婚した夫「美人同僚と再婚するから離婚w」同僚「子供は1人で頑張れｗ」私「はーい」1ヶ月後、夫達から鬼電がw,https://www.youtube.com/watch?v=D7M2p9ALM9c,100%
2334,【スカッとする話】夫の葬儀中、涙を流す私に義母「遺産は私たちが貰うわねw」義父「これで高級老人ホーム入れるw」私「え？あなたらは1円も相続できないよ？」義両親「え？」,https://www.youtube.com/watch?v=ixDA5L4ob04,5.8万回視聴 / 1 年前,雨の中の記憶、静かな夜の物語,,9 日前,0 回視聴,【スカッとする話】夫の葬儀中、涙を流す私に義母「遺産は私たちが貰うわねw」 義父「これで高級老人ホーム入れるw」 私「あなたらは1円も相続できないよ?」義両親「え?」→結果w W,https://www.youtube.com/watch?v=PWzjByIonsM,97%
2335,【スカッとする話】実家で母の同居介護中に娘が記入済みの離婚届を持ってきた…娘「パパが私とママはいらないって…」私「やったね！」即提出し家を売り払い更地にすると…w,https://www.youtube.com/watch?v=CjxJ0f62VMM,2.6万回視聴 / 1 年前,雨の中の記憶、静かな夜の物語,,4 日前,0 回視聴,【スカッとする話】実家で母の同居介護中に娘が記入済みの離婚届を持ってきた... 娘「パパが私とママはいらないって...」 私「やったね!」→即提出し家を売り払い更地にすると...W,https://www.youtube.com/watch?v=LjV0uFazyvc,99%
2336,【スカッとする話】新築タワマン購入直後に妹「夫君の子供できたし譲って」夫「離婚届書いて家から出てけ」私「え？私独身だけど？」妹・夫「え？」結果w【修羅場】【スカッと】,https://www.youtube.com/watch?v=3ms4nR14BoM,2万回視聴 / 1 年前,雨の中の記憶、静かな夜の物語,,4 週間前,0 回視聴,新築タワマンを購入した直後妹「夫君の子供できたし譲って」 夫「離婚届書いて家から出てけ」私「え?私独身だけど?」 妹・夫「え?」→結果w W,https://www.youtube.com/watch?v=MnDLSd-cIco,95%
2337,【スカッとする話】私が総資産18億と知らず職場の社長令嬢と浮気した夫「美人令嬢と再婚するからｗ」令嬢「子供は1人で育ててw」私（馬鹿ねw）1ヶ月後、半狂乱の夫たちから鬼電がｗ,https://www.youtube.com/watch?v=3vh_pcyKmQw,1.5万回視聴 / 1 年前,雨の中の記憶、静かな夜の物語,,1 か月前,0 回視聴,【スカッとする話】私が総資産18億と知らず職場の社長令嬢と浮気した夫夫「美人令嬢と再婚するからw」 令嬢「子供は1人で育ててw」1ヶ月後、半狂乱の夫たちから鬼電がw,https://www.youtube.com/watch?v=L55fzJWf50M,96%
2338,【スカッとする話】7000万で新築を購入した途端、愛人・隠し子・義母を連れ帰宅した夫「俺たちが住むから離婚して失せろw」私「え？ここ私の家じゃないよ？」夫・愛人・義母「え？」,https://www.youtube.com/watch?v=D66705hwMgg,5.2万回視聴 / 1 年前,雨の中の記憶、静かな心の記録,,13 日前,0 回視聴,【スカッとする話】7000万で新築を購入した途端愛人・隠し子・義母を連れ帰宅した夫夫「俺たちが住むから離婚して失せろw」 私「え?ここ私の家じゃないよ?」夫・愛人・義母「え?」→結果w,https://www.youtube.com/watch?v=KLlUmrWBL2c,98%
2339,【スカッとする話】医者一族である婚約者の親族の集まりに行くと私だけバナナ1本。婚約者「他人だから仕方ないだろw」彼母「それ食べたら帰ってねw」私「ではアンタらの病院潰すわ」,https://www.youtube.com/watch?v=J3z5MRu6918,2.3万回視聴 / 1 年前,雨の中の記憶、静かな心の記録,,3 週間前,2回視聴,【スカッとする話】医者一族である婚約者の親族の集まりで私だけバナナ1本婚約者「他人だから仕方ないだろw」 彼母「それ食べたら帰ってねw」私「ではアンタらの病院潰すわ」,https://www.youtube.com/watch?v=UGDdKlExhB4,96%
2340,【スカッとする話】突然、義妹夫婦を連れてきた義母「今日から皆で暮らすｗ」義妹「文句あるなら出てってねｗ」夫「じゃ引っ越すか」私「お達者で」義母・義妹「え？」,https://www.youtube.com/watch?v=KKvSV1JKlt0,2.9万回視聴 / 1 年前,雨の中の記憶、静かな心の記録,,2 日前,0 回視聴,【スカッとする話】突然、義妹夫婦を連れてきた義母義母「今日から皆で暮らすW」 義妹「文句あるなら出てってねw」 夫「じゃ引っ越すか」私「お達者で」義母・義妹「え?」→結果w,https://www.youtube.com/watch?v=6iZ3hygGdSQ,96%
2341,【スカッとする話】義両親の居酒屋を手伝って10年の私に義母「私達引退することにしたのw」義父「店は長男嫁に任せることにしたよw」私「ご自由に。私今日で辞めるので」義両親「え？」,https://www.youtube.com/watch?v=F1mnzuaYuqM,6.6万回視聴 / 1 年前,雨の中の記憶、静かな心の記録,,1 日前,0 回視聴,【スカッとする話】義両親の居酒屋を手伝って10年義母「私たち引退することにしたのw」 義父「店は長男嫁に任せることにしたw」 私「ご自由に。私今日で辞めるので」 義両親「え?」→結果w,https://www.youtube.com/watch?v=W_o79vrL1P0,93%
2342,【スカッと総集編】入院した私に大量の塩をぶっかける長男嫁「このままあの世にいけwババァがいなくて最高w」キレた私は長男嫁への仕送りを停止→本当に帰らぬ人となった結果w,https://www.youtube.com/watch?v=c2AdQUXc1Hg,5.9万回視聴 / 1 年前,雨の中の記憶、静かな心の記録,,12 日前,0 回視聴,【スカッと総集編】入院した私に大量の塩をぶっかける長男嫁「このままあの世にいけwババァがいなくて最高w」キレた私は長男嫁への仕送りを停止→本当に帰らぬ人となった結果w,https://www.youtube.com/watch?v=VMGI0GJDgqA,100%
2343,【スカッと総集編】私が家族全員を養ってたと知らず新築に引越す義母「アンタの全てが気に入らないw家族だけで暮らすから消えろw」　即離婚して全名義を夫に変更→半狂乱の義母から鬼電がw,https://www.youtube.com/watch?v=29F5nZ8UXYQ,9.6万回視聴 / 1 年前,雨の中の記憶、静かな心の記録,,10 日前,0 回視聴,【スカッと総集編】私が家族全員を養ってたと知らず新築に引越す義母「アンタの全てが気に入らないw家族だけで暮らすから消えろw」　即離婚して全名義を夫に変更→半狂乱の義母から鬼電が,https://www.youtube.com/watch?v=WfmGCr48Es4,100%
2344,【スカッと総集編】私が総資産が28億の社長令嬢と知らず私を裏切り職場の美人同僚と再婚した夫「美人同僚と再婚するから離婚w」同僚「子供は1人で頑張れｗ」私「はーい」1ヶ月後、夫達から鬼電がw,https://www.youtube.com/watch?v=KKEWop4fNrk,6.6万回視聴 / 1 年前,雨の中の記憶、静かな心の記録,,11 日前,1 回視聴,【スカッと総集編】私が総資産が28億の社長令嬢と知らず私を裏切り職場の美人同僚と再婚した夫「美人同僚と再婚するから離婚w」同僚「子供は1人で頑張れｗ」私「はーい」1ヶ月後、夫達から鬼電が,https://www.youtube.com/watch?v=JFWqw8vLobc,100%
2345,【スカッとする話】70歳記念の夫婦旅行に財布を持たず便乗する長男夫婦。長男嫁「今日もごちになりますw」長男「今回は嫁の両親も呼んだよw」私「別にいいわよ。今日で最後だし」長男嫁「え？」,https://www.youtube.com/watch?v=cOi4yMZgKgk,3.7万回視聴 / 1 年前,雨の中の記憶、静かな終わり,,4 週間前,2回視聴,70歳記念の夫婦旅行に財布を持たず便乗する長男夫婦長男嫁「今日もごちになりますw」 長男「今回は嫁の両親も呼んだよw」私「いいわよ。今日で最後だし」,https://www.youtube.com/watch?v=WJocrLwyLiM,96%
2346,【スカッとする話】70歳記念の夫婦旅行に財布を持たず便乗する長男夫婦。長男嫁「今日もごちになりますw」長男「今回は嫁の両親も呼んだよw」私「別にいいわよ。今日で最後だし」長男嫁「え？」,https://www.youtube.com/watch?v=cOi4yMZgKgk,3.7万回視聴 / 1 年前,雨の中の記憶、静かな終わり,,2 週間前,0 回視聴,【スカッとする話】70歳記念の夫婦旅行に財布を持たず便乗する長男夫婦長男嫁「今日もごちになりますw」 長男「今回は嫁の両親も呼んだよw 」私「いいわよ。今日で最後だし」,https://www.youtube.com/watch?v=ZJCaqvdVQNo,96%
2347,【スカッとする話】医師「奥様と娘さんが退院しました。お迎えお願いいたします」私「え？私に娘はいませんが？」直後、隣で聞いていた霊感のある母→母「その電話、切ったらダメよ！」,https://www.youtube.com/watch?v=2kqFB_BTrsg,2.6万回視聴 / 1 年前,雨の中の記憶、静かな終わり,,1 日前,6回視聴,【スカッとする話】医師「奥様と娘さんが退院しましたお迎えをお願いいたします」 私「え?私に娘はいませんが?」直後、隣で聞いていた霊感のある母母「その電話、切ったらダメよ!」,https://www.youtube.com/watch?v=OQIXO7vA7VU,99%
2348,【スカッとする話】家のローンを毎月18万払い続ける私に夫「家と財産は長男夫婦に譲った！」長男「寄生虫の穀潰しは出てけw」キレた私が全ての支払いを停止→家も売り払い解体すると…w,https://www.youtube.com/watch?v=OGQqqSZ2qR0,1.2万回視聴 / 1 年前,雨の中の記憶、静かな終わり,,3 週間前,1 回視聴,【スカッとする話】家のローンを毎月18万払う私に夫「家と財産は長男夫婦に譲った!」 長男「寄生虫の穀潰しは出てけw」 キレた私が全ての支払いを停止家も売り払い解体すると...W,https://www.youtube.com/watch?v=8UMynxAnEK0,96%
2349,【スカッとする話】帰宅した私と息子に気づかない義両親。義母「バカ嫁が産んだ息子もバカｗ」義父「介護要員には良いだろｗ」私「…引っ越すわよ」息子「…うん」黙って豪邸に引越した結果ｗ,https://www.youtube.com/watch?v=HeH8HawqG-A,5.2万回視聴 / 1 年前,雨の中の記憶、静かな終わり,,7 日前,6回視聴,【スカッとする話】帰宅した私と息子に気づかない義両親義母「バカ嫁が産んだ息子もバカw」 義父「介護要員には良いだろw」 私「... 引越すわよ」息子「....うん」黙って豪邸に引越した結果w,https://www.youtube.com/watch?v=ZRc8IkmBlhw,99%
2350,【スカッとする話】新婚旅行中に私を雪山に置き去りにした夫「俺に意見するバカは帰ってくるなw反省するまでそこにいろw」私「さむい…置いてかないで…」翌日、夫がありえない姿で発見され…,https://www.youtube.com/watch?v=Bz-9j9l6enc,1.6万回視聴 / 1 年前,雨の中の記憶、静かな終わり,,1 か月前,6回視聴,新婚旅行中に私を雪山に置き去りにし夫「俺に意見するバカは帰ってくるなw 反省するまでそこにいろw」 私「さむい...置いてかないで...」翌日、夫がありえない姿で発見され...,https://www.youtube.com/watch?v=fz0_OTDIvpQ,99%
2351,【スカッとする話】日曜の昼間に警察から突然の連絡。警察「息子さんを万引きで逮捕しました。署までお越しください」私「私の子供は娘ですが？」娘の部屋へ向かうと…,https://www.youtube.com/watch?v=ujLRk5msBsw,1.8万回視聴 / 1 年前,雨の中の記憶、静かな終わり,,2 日前,5回視聴,【スカッとする話】日曜の昼間に警察から突然の連絡警察「息子さんを万引きで逮捕した署までお越しください」 私「私の子供は娘ですが?」 娘の部屋へ向かうと...,https://www.youtube.com/watch?v=wy9ND01qNfU,98%
2352,【スカッとする話】アメリカ本社から戻ってきた私を雑用扱いする社長令嬢「パシリご苦労さんw」私「君クビね、今までご苦労さん」社長令嬢「え？」【朗読】【スカッと】,https://www.youtube.com/watch?v=rm1z-lg0fRg,2.9万回視聴 / 4 か月前,静かなる横浜5037,https://www.youtube.com/channel/UCOIJmQi-cKQxqxTukmYLEHA,4 週間前,26回視聴,【スカッとする話】アメリカ本社から戻ってきた私を雑用扱いする社長令嬢「パシリご苦労さんw」私「君クビね、今までご苦労さん」社長令嬢「え？」【朗読】【スカッと】,https://www.youtube.com/watch?v=l0CySHGxBtI,100%
2353,【スカッとする話】夫を突然の事故で亡くし、豪邸で清掃員として働き始めた私。旅行から戻った会長の顔を見た私「あなた、もしかして…」直後、会長の目が泳ぎ出しw【朗読】【スカッと】,https://www.youtube.com/watch?v=0nSf9Cow5gQ,2.8万回視聴 / 5 か月前,静かなる横浜5037,https://www.youtube.com/channel/UCOIJmQi-cKQxqxTukmYLEHA,4 週間前,3回視聴,【スカッとする話】夫を突然の事故で亡くし、豪邸で清掃員として働き始めた私。旅行から戻った会長の顔を見た私「あなた、もしかして…」直後、会長の目が泳ぎ出しw【朗読】【スカッと】,https://www.youtube.com/watch?v=5Ib0NvUtwuE,100%
2354,【スカッとする話】父を理由に夫に捨てられ5年後、若い女と子供を連れた元夫と再会。元夫「嫁はお前と違って完璧w」直後、私の新しい夫を見て、元夫がガクガク震え出しw【朗読】【スカッと】,https://www.youtube.com/watch?v=W-rW5yUgXLY,7.9万回視聴 / 1 か月前,静かなる横浜5037,https://www.youtube.com/channel/UCOIJmQi-cKQxqxTukmYLEHA,1 か月前,9回視聴,【スカッとする話】父を理由に夫に捨てられ5年後、若い女と子供を連れた元夫と再会。元夫「嫁はお前と違って完璧w」直後、私の新しい夫を見て、元夫がガクガク震え出しw【朗読】【スカッと】,https://www.youtube.com/watch?v=NLwIGMmggys,100%
2355,【スカッとする話】私の資産が9億あると知らず社長令嬢の愛人と再婚した元夫と再会「生活保護の貧乏人じゃんw元気？w」私「は？誰と勘違いしてるの？」真実を伝えると元夫が半狂乱にw【スカッと】【朗読】,https://www.youtube.com/watch?v=uYt37nxwb0o,1.8万回視聴 / 2 年前,静かなる横浜5037,https://www.youtube.com/channel/UCOIJmQi-cKQxqxTukmYLEHA,1 か月前,208回視聴,私の資産が9億あると知らず社長令嬢の愛人と再婚した元夫と再会「生活保護の貧乏人じゃんw元気？w」私「は？誰と勘違いしてるの？」真実を伝えると元夫が半狂乱にw,https://www.youtube.com/watch?v=ISSq7Ltmv6Y,100%
2356,【スカッとする話】義両親に蹴られ骨折した私に夫「寝かせとけば治るw」翌日、病室に嘲笑いに来た義家族「あれ、嫁は？w」医師「警察署です」義家族「え？」【朗読】【スカッと】,https://www.youtube.com/watch?v=p4pyD9SD1Tk,8.1万回視聴 / 2 か月前,静かなる横浜5037,https://www.youtube.com/channel/UCOIJmQi-cKQxqxTukmYLEHA,1 か月前,56回視聴,義両親に蹴られ骨折した私に夫「寝かせとけば治るw」翌日、病室に嘲笑いに来た義家族「あれ、嫁は？w」医師「警察署です」義家族「え？」,https://www.youtube.com/watch?v=OhPKdU7AS-o,100%
2357,【スカッとする話】義両親に蹴られ骨折した私に夫「寝かせとけば治るw」翌日、病室に嘲笑いに来た義家族「あれ、嫁は？w」医師「警察署です」義家族「え？」【朗読】【スカッと】,https://www.youtube.com/watch?v=p4pyD9SD1Tk,8.1万回視聴 / 2 か月前,静かなる横浜5037,https://www.youtube.com/channel/UCOIJmQi-cKQxqxTukmYLEHA,1 か月前,7回視聴,【スカッとする話】義両親に蹴られ骨折した私に夫「寝かせとけば治るw」翌日、病室に嘲笑いに来た義家族「あれ、嫁は？w」医師「警察署です」義家族「え？」【朗読】【スカッと】,https://www.youtube.com/watch?v=RCKLa_AOGqc,100%
2358,【スカッとする話】親代わりで育てた妹の結婚式で、着物姿の妹が式場に1人ポツン…義家族「嘘に決まってるじゃんw」私「なら契約も嘘か！了解」義家族「え？」実はw【朗読】【スカッと】,https://www.youtube.com/watch?v=t9x4VmiCRI4,4.3万回視聴 / 1 か月前,静かなる横浜5037,https://www.youtube.com/channel/UCOIJmQi-cKQxqxTukmYLEHA,1 か月前,43回視聴,【スカッとする話】親代わりで育てた妹の結婚式で、着物姿の妹が式場に1人ポツン…義家族「嘘に決まってるじゃんw」私「なら契約も嘘か！了解」義家族「え？」実はw【朗読】【スカッと】,https://www.youtube.com/watch?v=Y3Ib9aJOsSo,100%
2359,【スカッと総集編】私の資産が9億あると知らず社長令嬢の愛人と再婚した元夫と再会「生活保護の貧乏人じゃんw元気？w」私「は？誰と勘違いしてるの？」真実を伝えると元夫が半狂乱にw,https://www.youtube.com/watch?v=lVGupM23LsE,31万回視聴 / 2 年前,静かなる横浜5037,https://www.youtube.com/channel/UCOIJmQi-cKQxqxTukmYLEHA,1 か月前,208回視聴,私の資産が9億あると知らず社長令嬢の愛人と再婚した元夫と再会「生活保護の貧乏人じゃんw元気？w」私「は？誰と勘違いしてるの？」真実を伝えると元夫が半狂乱にw,https://www.youtube.com/watch?v=ISSq7Ltmv6Y,100%
2360,【スカッとする話】年末に息子夫婦が泊まりにくると、深夜に夫が突然私を裏口に…夫「今のうちに家から出よう」私「え？年越しそば食べないの？」夫「お前気づいてないのか？」【朗読】【スカッと】,https://www.youtube.com/watch?v=AdhCK-BGvg4,13万回視聴 / 11 か月前,静かな反撃,https://www.youtube.com/channel/UCZFbJtgSdI980x8wkD3emcg,2 週間前,"1,467回視聴",年末に息子夫婦が泊まりに来ると、深夜に夫が突然私を裏口に呼んだ夫「今のうちに家から出よう」私「え？年越しそば食べないの？」夫「お前気づいてないのか？」【シニアライフ】【60代以上の方へ】,https://www.youtube.com/watch?v=FS5w2epcnpA,96%
2361,【スカッとする話】年末に息子夫婦が泊まりにくると、深夜に夫が突然私を裏口に…夫「今のうちに家から出よう」私「え？年越しそば食べないの？」夫「お前気づいてないのか？」【朗読】【スカッと】,https://www.youtube.com/watch?v=AdhCK-BGvg4,13万回視聴 / 11 か月前,静かな反撃,https://www.youtube.com/channel/UCZFbJtgSdI980x8wkD3emcg,2 週間前,59回視聴,年末に息子夫婦が泊まりに来ると、深夜に夫が突然私を裏口に呼んだ夫「今のうちに家から出よう」私「え？年越しそば食べないの？」夫「お前気づいてないのか？」【シニアライフ】【60代以上の方へ】,https://www.youtube.com/watch?v=xmx01EcS5Tw,96%
2362,【スカッとする話】小児がんの6歳の連れ子を捨て家を出た夫。私「この子は私が一人で育てる」後日、連れ子の秘密を知ると血相を変えて迎えに来た夫に連れ子「あんた誰？」,https://www.youtube.com/watch?v=8unvGKX_M1Q,5.3万回視聴 / 2 年前,静かな夜の物語,https://www.youtube.com/channel/UC0OVw9XWGhmQPGAAhWKWpkQ,1 か月前,5回視聴,【スカッとする話】小児がんの6歳の連れ子を捨て家を出た夫。私「この子は私が一人で育てる」後日、連れ子の秘密を知ると血相を変えて迎えに来た夫に連れ子「あんた誰？」,https://www.youtube.com/watch?v=eTzIJtVz708,100%
2363,【スカッとする話】私が余命3ヵ月と聞いて豪遊する夫「お前いつまで生きてんだ？w」連れ子「早く保険金になれババァｗ」私「え？余命は夫だよ？」→夫と連れ子は顔面蒼白にw,https://www.youtube.com/watch?v=xXK3qelM39I,3.2万回視聴 / 2 年前,静かな夜の物語,https://www.youtube.com/channel/UC0OVw9XWGhmQPGAAhWKWpkQ,1 か月前,1 回視聴,【スカッとする話】私が余命3ヵ月と聞いて豪遊する夫「お前いつまで生きてんだ？w」連れ子「早く保険金になれババァｗ」私「え？余命は夫だよ？」→夫と連れ子は顔面蒼白にw,https://www.youtube.com/watch?v=IY7wmbTkefU,100%
2364,【スカッとする話】私を捨て金持ちの愛人と再婚した元夫と再会すると、元夫「お前ら2人貧乏臭いぞw」愛人「年収500万の貧乏人は消えてw」→夫「500万は月収ですが？」元夫・愛人「は？」,https://www.youtube.com/watch?v=patHNGtYPXQ,8.7万回視聴 / 2 年前,静かな夜の物語,https://www.youtube.com/channel/UC0OVw9XWGhmQPGAAhWKWpkQ,1 か月前,0 回視聴,夫と外出中、私を捨て金持ちの愛人と再婚した元夫と再会すると元夫「お前ら2人とも貧乏臭いぞw」愛人「年収500万の貧乏人は消えてw」夫「500万は月収ですが?」→結果w,https://www.youtube.com/watch?v=qemJAS5hpYM,89%
2365,【スカッと】妊娠10ヶ月の私を地下室に閉じこめ夫とハワイ旅行に行った義両親「クズ嫁はそこで反省してなw」1週間後、帰宅した義母が腐敗臭に気づき慌てて地下室の扉を開けると...,https://www.youtube.com/watch?v=LBUgCfVXgYM,9.8万回視聴 / 2 年前,静かな夜の物語、お話の部屋,,4 週間前,0 回視聴,【スカッと総集編】妊娠10ヶ月の私を地下室に閉じこめ夫とハワイ旅行に行った義両親「クズ嫁はそこで反省してなw」1週間後、帰宅した義母が腐敗臭に気づき慌てて地下室の扉を開けると...,https://www.youtube.com/watch?v=ndorpzHpT74,100%
2366,【スカッとする話】夫と新築の見学へ行くと、なぜか私だけ別室に案内された...不動産「今すぐ裏口から逃げて！」明かされた衝撃の事実を知り、私は慌てて部屋を飛び出し...,https://www.youtube.com/watch?v=JPUmRRs32ko,4.4万回視聴 / 2 年前,静かな夜の物語、お話の部屋,,22 時間前,2回視聴,【スカッとする話】夫と新築の見学へ行くと、なぜか私だけ別室に案内された...不動産「今すぐ裏口から逃げて！」明かされた衝撃の事実を知り、私は慌てて部屋を飛び出し...,https://www.youtube.com/watch?v=vIMr93IAbHI,100%
2367,【スカッとする話】夫の連れ子の結婚式に行くと、連れ子「アンタは戸籍上は他人w入るなら入場料300万w」夫「...帰ろう」私「はい」速攻で帰宅→3分後、連れ子から鬼電がw,https://www.youtube.com/watch?v=TaT-Ww_mqxA,8.2万回視聴 / 2 年前,静かな夜の物語、お話の部屋,,1 日前,3回視聴,【スカッとする話】夫の連れ子の結婚式に行くと、連れ子「アンタは戸籍上は他人w入るなら入場料300万w」夫「...帰ろう」私「はい」速攻で帰宅→3分後、連れ子から鬼電が,https://www.youtube.com/watch?v=hVeiYFB22h0,100%
2368,【スカッとする話】夫・長男・次男に13年間嫌われ続けた母親の私。息子の中学卒業式の日に姿を消すと、血相を変えた夫から鬼電→私「私に家族はいませんが？」,https://www.youtube.com/watch?v=PfN_dPE1fkw,12万回視聴 / 2 年前,静かな夜の物語、お話の部屋,,3 週間前,1 回視聴,【スカッとする話】夫・長男・次男に13年間嫌われ続けた母親の私。息子の中学卒業式の日に姿を消すと、血相を変えた夫から鬼電→私「私に家族はいませんが？」,https://www.youtube.com/watch?v=rDO5Qo04l7Q,100%
2369,【スカッとする話】息子夫婦の家へ行くと8歳の孫が地下室で鎖に繋がれ寝ていた...私「一体どうしたの？」孫「いつもの事だけど？」私「は？」キレた私は家を売却し更地にし...,https://www.youtube.com/watch?v=2HkpvXHVMuM,8.6万回視聴 / 2 年前,静かな夜の物語、お話の部屋,,4 週間前,6回視聴,【スカッとする話】息子夫婦の家へ行くと8歳の孫が地下室で鎖に繋がれ寝ていた...私「一体どうしたの？」孫「いつもの事だけど？」私「は？」キレた私は家を売却し更地にし...,https://www.youtube.com/watch?v=Tfysps_BXAs,100%
2370,【スカッとする話】私が義実家の大黒柱と知らず、親戚の集まりでビールをぶっかけた夫「寄生虫は除菌しなきゃｗ」私「じゃあ仕送り止めるわね」夫・義両親「え？」結果ｗ,https://www.youtube.com/watch?v=0bP_EWes9dM,9.8万回視聴 / 2 年前,静かな夜の物語、お話の部屋,,3 週間前,2回視聴,【スカッとする話】私が義実家の大黒柱と知らず、親戚の集まりでビールをぶっかけた夫「寄生虫は除菌しなきゃｗ」私「じゃあ仕送り止めるわね」夫・義両親「え？」結果ｗ,https://www.youtube.com/watch?v=IpBhmLwfWrM,100%
2371,【スカッと総集編】妊娠10ヶ月の私を地下室に閉じこめ夫とハワイ旅行に行った義両親「クズ嫁はそこで反省してなw」1週間後、帰宅した義母が腐敗臭に気づき慌てて地下室の扉を開けると...,https://www.youtube.com/watch?v=GacXmYkB2z8,11万回視聴 / 2 年前,静かな夜の物語、お話の部屋,,4 週間前,0 回視聴,【スカッと総集編】妊娠10ヶ月の私を地下室に閉じこめ夫とハワイ旅行に行った義両親「クズ嫁はそこで反省してなw」1週間後、帰宅した義母が腐敗臭に気づき慌てて地下室の扉を開けると...,https://www.youtube.com/watch?v=ndorpzHpT74,100%
2372,【スカッとする話】私の夫が亡くなった途端、家を勝手に解体した義両親「嫁は我が家で家政婦しなw」それを聞いた私は大爆笑→私「私は独身ですが？w」実は...,https://www.youtube.com/watch?v=cnVie20jJ4w,4.8万回視聴 / 2 年前,静かな夜の物語、他 2 チャンネル,,3 週間前,0 回視聴,【スカッとする話】私の夫が亡くなった途端、家を勝手に解体した義両親「嫁は我が家で家政婦しなw」それを聞いた私は大爆笑→私「私は独身ですが？w」実は...,https://www.youtube.com/watch?v=Drng3NlRVtg,100%
2373,【スカッとする話】18年間家賃を払ってきた私を罵倒する長男嫁「月9万の家賃程度で偉そうにw母親づらすんなよババァがw」長男「支払い止めてみろw」私「喜んで！」結果w,https://www.youtube.com/watch?v=gWWRbmvBG_A,3.4万回視聴 / 1 年前,静かな夜の物語、雨の中の記憶,,2 週間前,0 回視聴,【スカッと総集編】18年間家賃を払ってきた私を罵倒する同居の長男嫁「月9万の家賃程度で偉そうにw母親づらすんなよババァがw」長男「支払い止めてみろw」私「喜んで！」結果w,https://www.youtube.com/watch?v=eBxwEC5Gzro,98%
2374,【スカッとする話】4人の子供に囲まれ幸せな日常を送る夫が急逝し2週間後、私宛に夫から手紙が届いた「連れ子に隠れて読んでくれ...」手紙に記された場所へ行き同封の鍵で金庫を開けると...,https://www.youtube.com/watch?v=TKF2Pe7g2bE,4.9万回視聴 / 2 年前,静かな夜の物語、雨の中の記憶,,2 週間前,0 回視聴,【スカッとする話】4人の子供に囲まれ幸せな日常を送る夫が急逝し2週間後、私宛に夫から手紙が届いた「連れ子に隠れて読んでくれ...」手紙に記された場所へ行き同封の鍵で金庫を開けると...,https://www.youtube.com/watch?v=4sbyeBKVtv0,100%
2375,【スカッとする話】地下室に隠れ夫と親友が真っ最中だった...母「嫁子、戸締りしておいたわよ！」ど天然の母が気づかず鍵を閉めたので永遠に放置し新居に引越した結果w,https://www.youtube.com/watch?v=cF4ti4NhgGU,17万回視聴 / 2 年前,静かな夜の物語、雨の中の記憶,,9 日前,2回視聴,【スカッとする話】地下室に隠れ夫と親友が真っ最中だった...母「嫁子、戸締りしておいたわよ！」ど天然の母が気づかず鍵を閉めたので永遠に放置し新居に引越した結果,https://www.youtube.com/watch?v=o0udygfbu2Y,100%
2376,【スカッとする話】夫「今日から長男夫婦と孫と同居する！」長男嫁「ババァは家から出てけw」私（私が生活費33万払ってるのに）翌日、業者に電話して家具家電を回収→1億の高級タワマンに引越した結果w,https://www.youtube.com/watch?v=M2hAF-Scj3M,16万回視聴 / 2 年前,静かな夜の物語、雨の中の記憶,,2 日前,0 回視聴,【スカッとする話】夫「今日から長男夫婦と孫と同居する！」長男嫁「ババァは家から出てけw」私（私が生活費33万払ってるのに）翌日、業者に電話して家具家電を回収→1億の高級タワマンに引越した結果w,https://www.youtube.com/watch?v=FtkiCIJXyhg,100%
2377,【スカッとする話】家事、育児、介護、パートをこなし15年。私「もう限界。実家に帰ります」夫「はぁ？ガキの面倒は？飯は？帰るなら離婚届書いてけ！」→速提出して両親に離婚報告すると涙を流した夫が…,https://www.youtube.com/watch?v=GmBCty_zSQs,4.1万回視聴 / 1 年前,静かな夜の物語、雨の中の記憶,,2 週間前,0 回視聴,【スカッと総集編】家事、育児、介護、パートをこなし15年。私「もう限界。実家に帰ります」夫「はぁ？ガキの面倒は？飯は？帰るなら離婚届書いてけ！」→速提出して両親に離婚報告すると涙を流した夫が家に来て…,https://www.youtube.com/watch?v=hKi2-HjQLs0,97%
2378,【スカッとする話】私が役員報酬で家計を支えていると知らず夫と引っ越した連れ子の娘。連れ子「家政婦で良いなら住所教えるよw」私「では無職のクズ夫とは離婚で」夫「おもしれぇw」結果w,https://www.youtube.com/watch?v=FeWYwxOB9EE,8.9万回視聴 / 2 年前,静かな夜の物語、雨の中の記憶,,3 日前,1 回視聴,【スカッとする話】私が役員報酬で家計を支えていると知らず夫と引っ越した連れ子の娘。連れ子「家政婦で良いなら住所教えるよw」私「では無職のクズ夫とは離婚で」夫「おもしれぇw」結果w,https://www.youtube.com/watch?v=-9_qZv_QZQU,100%
2379,【スカッとする話】私が社員9000人の社長と知らず父が亡くなった途端に豹変した夫「お前の遺産は俺が管理する！文句あるなら離婚して失せろw」私「はーい」即離婚して夫の勤め先へ→私「全取引中止で」,https://www.youtube.com/watch?v=AG72nH3Qr4E,27万回視聴 / 2 年前,静かな夜の物語、雨の中の記憶,,2 週間前,0 回視聴,【スカッとする話】私が社員9000人の社長と知らず父が亡くなった途端に豹変した夫「お前の遺産は俺が管理する！文句あるなら離婚して失せろw」私「はーい」即離婚して夫の勤め先へ→私「全取引中止で」,https://www.youtube.com/watch?v=sxpe2kRt6MQ,100%
2380,【スカッとする話】私が資産170億の不動産王と知らず私から夫を奪った美人な姉「生活保護でも貰え貧乏人w」後日、示談交渉で弁護士が大爆笑→弁護士「生活保護はアナタでは？w」姉「え？」実は...,https://www.youtube.com/watch?v=y8ReyKKeUUQ,10万回視聴 / 2 年前,静かな夜の物語、雨の中の記憶,,13 日前,0 回視聴,【スカッとする話】私が資産170億の不動産王と知らず私から夫を奪った美人な姉「生活保護でも貰え貧乏人w」後日、示談交渉で弁護士が大爆笑→弁護士「生活保護はアナタでは？w」姉「え？」実は...,https://www.youtube.com/watch?v=Tyv1Jl6SFJ8,100%
2381,【スカッとする話】私の父が亡くなった途端、実家を無断で解体した夫「ここは更地にして民宿にするw」それを聞いた娘が大爆笑→娘「お父さん知らないの？w」実は...,https://www.youtube.com/watch?v=KlztcZvQraE,9.1万回視聴 / 2 年前,静かな夜の物語、雨の中の記憶,,2 週間前,0 回視聴,【スカッとする話】私の父が亡くなった途端、実家を無断で解体した夫「ここは更地にして民宿にするw」それを聞いた娘が大爆笑→娘「お父さん知らないの？w」実は...,https://www.youtube.com/watch?v=1ohy7LZ6Wdo,100%
2382,【スカッとする話】私の里帰り中に医者の婚約者を略奪した姉から連絡「彼の赤ちゃん妊娠したwアンタは帰ってくるなw」私「いいの？有り難う！」そのまま新居に引越した結果w,https://www.youtube.com/watch?v=T40Q2m3NnVw,6万回視聴 / 2 年前,静かな夜の物語、雨の中の記憶,,2 週間前,0 回視聴,【スカッとする話】私の里帰り中に医者の婚約者を略奪した姉から連絡「彼の赤ちゃん妊娠したwアンタは帰ってくるなw」私「いいの？有り難う！」そのまま新居に引越した結果w,https://www.youtube.com/watch?v=ze9iOqJewBo,100%
2383,【スカッとする話】親族の集まりで30人分のおせちを床にぶちまけた長男嫁「親族にゴミ食わせる気かw」孫「急いで肉買ってこいw」私「え？私は今買い出し中だけど？」長男嫁「え？」実は...,https://www.youtube.com/watch?v=ncvmZKkz9Hw,9.2万回視聴 / 2 年前,静かな夜の物語、雨の中の記憶,,2 週間前,0 回視聴,【スカッとする話】親族の集まりで30人分のおせちを床にぶちまけた長男嫁「親族にゴミ食わせる気かw」孫「急いで肉買ってこいw」私「え？私は今買い出し中だけど？」長男嫁「え？」実は...,https://www.youtube.com/watch?v=dsXb5aq2bps,100%
2384,【スカッとする話】超高級車を10台持つ金持ち自慢の婚約者の実家へ結婚挨拶に行くと、義母「私の奴隷さんいらっしゃいw」婚約者「貧乏な顔だろ？親の顔が見たいぜw」→父「奴隷の父です」「え？」,https://www.youtube.com/watch?v=qn_AexjYLOo,10万回視聴 / 2 年前,静かな夜の物語、雨の中の記憶,,8 日前,1 回視聴,【スカッとする話】超高級車を10台持つ金持ち自慢の婚約者の実家へ結婚挨拶に行くと、義母「私の奴隷さんいらっしゃいw」婚約者「貧乏な顔だろ？親の顔が見たいぜw」→父「奴隷の父です」「え？」,https://www.youtube.com/watch?v=XFnYvkDe64A,100%
2385,【スカッとする話】車椅子の母と散歩中、9年前に私を捨てた夫と再会。元夫「お前の母親歩けないのか？娘に似て不良品だなw」直後、私の旦那を見た元夫は震えだしw,https://www.youtube.com/watch?v=BucW38NrA9o,7.4万回視聴 / 2 年前,静かな夜の物語、雨の中の記憶,,12 日前,1 回視聴,【スカッとする話】車椅子の母と散歩中、9年前に私を捨てた夫と再会。元夫「お前の母親歩けないのか？娘に似て不良品だなw」直後、私の旦那を見た元夫は震えだ,https://www.youtube.com/watch?v=E7LaAMY2_Rw,99%
2386,【スカッと総集編】夫「長男夫婦と孫と同居する」長男嫁「ババァは家から出てけ」私（私が生活費33万払ってるのに）翌日、業者に電話して家具家電を回収→1億の高級タワマンに引越した結果w【スカッと】【朗読】,https://www.youtube.com/watch?v=PMr_BteIB_k,7.5万回視聴 / 1 年前,静かな夜の物語、雨の中の記憶,,2 日前,0 回視聴,【スカッとする話】夫「今日から長男夫婦と孫と同居する！」長男嫁「ババァは家から出てけw」私（私が生活費33万払ってるのに）翌日、業者に電話して家具家電を回収→1億の高級タワマンに引越した結果w,https://www.youtube.com/watch?v=FtkiCIJXyhg,97%
2387,【スカッと総集編】家事、育児、介護、パートをこなし15年。私「もう限界。実家に帰ります」夫「はぁ？ガキの面倒は？飯は？帰るなら離婚届書いてけ！」→速提出して両親に離婚報告すると涙を流した夫が家に来て…,https://www.youtube.com/watch?v=Yrtj6pTpQ5A,10万回視聴 / 2 年前,静かな夜の物語、雨の中の記憶,,2 週間前,0 回視聴,【スカッと総集編】家事、育児、介護、パートをこなし15年。私「もう限界。実家に帰ります」夫「はぁ？ガキの面倒は？飯は？帰るなら離婚届書いてけ！」→速提出して両親に離婚報告すると涙を流した夫が家に来て…,https://www.youtube.com/watch?v=hKi2-HjQLs0,100%
2388,【スカッとする話】8歳の姪「1日だけ泊めて下さい...」大雪の中、赤ちゃんを抱き抱えボロボロの姿で現れた姪...。夫「え？それは無理だよ？」姪「そんな…涙」→結果,https://www.youtube.com/watch?v=Eh0FIn_sub0,5.6万回視聴 / 2 年前,静かな夜の物語、静かな心の記録,,4 週間前,0 回視聴,【スカッとする話】8歳の姪「1日だけ泊めて下さい...」大雪の中、赤ちゃんを抱き抱えボロボロの姿で現れた姪...。夫「え？それは無理だよ？」姪「そんな…涙」→結果,https://www.youtube.com/watch?v=GzdH1HjwK5s,100%
2389,【スカッとする話】K察「お宅の旦那がﾀﾋにそうです！至急現場に来て下さい！」私「え？」親族全員を呼び現場に駆けつけた結果w,https://www.youtube.com/watch?v=Hdd6qR2k6_Q,4万回視聴 / 2 年前,静かな夜の物語、静かな心の記録,,5 日前,0 回視聴,【スカッとする話】K察「お宅の旦那がﾀﾋにそうです！至急現場に来て下さい！」私「え？」親族全員を呼び現場に駆けつけた結果w,https://www.youtube.com/watch?v=aK06k2dCG3Q,100%
2390,【スカッとする話】なぜか夫の連れ子が湯船に入った後、必ず茶色の液体が浮いている...後日、高熱が出て病院に行くと医師「今すぐ離婚して下さい」私「え？」実は...,https://www.youtube.com/watch?v=xCscEAOYwvs,3.5万回視聴 / 2 年前,静かな夜の物語、静かな心の記録,,3 週間前,2回視聴,【スカッとする話】なぜか夫の連れ子が湯船に入った後、必ず茶色の液体が浮いている...後日、高熱が出て病院に行くと医師「今すぐ離婚して下さい」私「え？」実は...,https://www.youtube.com/watch?v=JHUnHhyu7AU,100%
2391,【スカッとする話】長男夫婦に初孫が生まれ出産祝いに行くと長男嫁「二人は汚いので床でいいですか？w」長男「ジジババは段ボールの上でw」夫「...帰るか」私「うん」速帰宅し→永久に無視した結果w,https://www.youtube.com/watch?v=Y2GawdK7Q9E,10万回視聴 / 2 年前,静かな夜の物語、静かな心の記録,,3 週間前,0 回視聴,【スカッとする話】長男夫婦に初孫が生まれ出産祝いに行くと長男嫁「二人は汚いので床でいいですか？w」長男「ジジババは段ボールの上でw」夫「...帰るか」私「うん」速帰宅し→永久に無視した結果w,https://www.youtube.com/watch?v=BGTCsj16a2I,100%
2392,【スカッとする話】長男夫婦の家へ孫に会いに行くと、孫娘が真っ暗な物置で食事し軒下で寝ていた。私「一体どうしたの！？」孫「１年間ずっとここで...」私「は？」直後、キレた私は...,https://www.youtube.com/watch?v=cYm3AWOE2Yc,5.7万回視聴 / 2 年前,静かな夜の物語、静かな心の記録,,4 日前,0 回視聴,【スカッとする話】長男夫婦の家へ孫に会いに行くと、孫娘が真っ暗な物置で食事し軒下で寝ていた。私「一体どうしたの！？」孫「１年間ずっとここで...」私「は？」直後、キレた私は...,https://www.youtube.com/watch?v=p_7Pbr4_LJQ,100%
2393,【スカッとする話】夫と買い出し中、金持ちの浮気相手と結婚した元婚約者と再会。婚約者「俺の嫁は美人で女医だぜwお前の旦那は貧乏臭いなw」→夫「あ、じゃあ彼女はクビで」婚約者「え？」実は...,https://www.youtube.com/watch?v=72mrBowyHJw,2.6万回視聴 / 2 年前,静かな夜の物語、静かな終わり,,1 か月前,0 回視聴,【スカッとする話】夫と買い出し中、金持ちの浮気相手と結婚した元婚約者と再会。婚約者「俺の嫁は美人で女医だぜwお前の旦那は貧乏臭いなw」→夫「あ、じゃあ彼女はクビで」婚約者「え？」実は...,https://www.youtube.com/watch?v=TEFav1BH3qQ,100%
2394,【スカッとする話】注文した料理に一切手をつけない夫。私「食べないの？」夫「...」会計時、店員の手の動きを見た瞬間、私はガクガク震えだし...,https://www.youtube.com/watch?v=QYxlZ4M3Tcs,8.1万回視聴 / 2 年前,静かな夜の物語、静かな終わり,,1 か月前,0 回視聴,【スカッとする話】注文した料理に一切手をつけない夫。私「食べないの？」夫「...」会計時、店員の手の動きを見た瞬間、私はガクガク震えだし...,https://www.youtube.com/watch?v=TNvNxxjv3I8,100%
2395,【スカッとする話】義実家の新築祝いに行くと私だけカップ麺が出てきた...義両親「家族分しかありませんw」夫「...帰るか」私「はい」直後、義両親に大惨事がw,https://www.youtube.com/watch?v=wA9U9cdmjks,8.2万回視聴 / 2 年前,静かな夜の物語、静かな終わり,,1 か月前,0 回視聴,【スカッとする話】義実家の新築祝いに行くと私だけカップ麺が出てきた...義両親「家族分しかありませんw」夫「...帰るか」私「はい」直後、義両親に大惨事がw,https://www.youtube.com/watch?v=yyAIs_m5D_4,100%
2396,【スカッと総集編】私の年収が2000万と知らず入院中の私を捨て愛人と再婚した夫「離婚届け出しといたｗ慰謝料として家と車は貰うｗ」私「承知しました」→3日後、半狂乱の夫から200件の鬼電がw【修羅場】,https://www.youtube.com/watch?v=sd-a4XIE7jQ,36万回視聴 / 3 年前,静かな復讐朗読室、他 2 チャンネル,,1 か月前,38回視聴,私の年収が2000万と知らず入院中の私を捨て愛人と再婚した夫「離婚届け出しといたｗ慰謝料として家と車は貰うｗ」私「承知しました」→3日後、半狂乱の夫から200件の鬼電がw,https://www.youtube.com/watch?v=YuFWDRrRZAA,100%
2397,【スカッとする話】姉の結婚式に行くと私を見下す京大卒の義父「中卒の英語聞かせろw」私（アメリカの大学教授だけど、今は黙っとくかw）1時間後w【朗読】【スカッと】,https://www.youtube.com/watch?v=PWHztx9-bjo,7.8万回視聴 / 3 か月前,静かな日々,https://www.youtube.com/channel/UCLr-g5Xt6j8s4AL7iBOvmrg,1 か月前,3回視聴,【スカッとする話】姉の結婚式に行くと私を見下す京大卒の義父「中卒の英語聞かせろw」私（アメリカの大学教授だけど、今は黙っとくかw）1時間後w【朗読】【スカッと】,https://www.youtube.com/watch?v=J60EiJjlfiw,100%
2398,【スカッとする話】結婚10年目に銀行員の夫が突然の暴露「お前の親友と結婚するw籍入れてないし財産分与は無しw」私「あれ？あんた知らないの？」夫「何がだよw」実は…,https://www.youtube.com/watch?v=Tpbu9uHiFPg,11万回視聴 / 2 年前,静かな日々,https://www.youtube.com/channel/UCLr-g5Xt6j8s4AL7iBOvmrg,1 か月前,9回視聴,結婚10年目に銀行員の夫が突然の暴露「お前の親友と結婚するw籍入れてないし財産分与は無しw」私「あれ？あんた知らないの？」夫「何がだよw」実は…,https://www.youtube.com/watch?v=9HYirXYxXWc,100%
2399,【スカッとする話】兄夫婦の出産祝いで父親と家を訪ねると父「今すぐ帰る！車を出せ！」慌てる父に理由を訪ねると、父「バックミラー見てみろ」私「え？」【朗読】【スカッと】,https://www.youtube.com/watch?v=xZkf_P7X0BY,9.8万回視聴 / 1 年前,静かな話 5629,https://www.youtube.com/channel/UC0d7olDuujDBFI3bhVL4fPg,3 週間前,"1,866回視聴",【スカッとする話】兄夫婦の出産祝いで父親と家を訪ねると父「今すぐ帰る！車を出せ！」慌てる父に理由を訪ねると、父「バックミラー見てみろ」私「え？」【朗読】【スカッと】,https://www.youtube.com/watch?v=O0BiN2hBCUo,100%
2400,【スカッとする話】雪山に生き埋めにされ天才孤児に救われた財閥会長の私。救急車で運ばれ病院で子供と再会。孤児「ここは危ないから逃げて！」衝撃の真実を知り私は顔面蒼白に…【朗読】【スカッと】,https://www.youtube.com/watch?v=3Zu1EEzUQkY,3.1万回視聴 / 6 か月前,静かな話 5629,https://www.youtube.com/channel/UC0d7olDuujDBFI3bhVL4fPg,3 週間前,54回視聴,【スカッとする話】雪山に生き埋めにされ天才孤児に救われた財閥会長の私。救急車で運ばれ病院で子供と再会。孤児「ここは危ないから逃げて！」衝撃の真実を知り私は顔面蒼白に…【朗読】【スカッと】,https://www.youtube.com/watch?v=h9V7FM7lV-U,100%
2401,【感動する話】娘と百貨店で買い物中、エスカレーターを逆走して私にしがみついてきた少年「助けて」手を引かれ屋上へ行くと、見覚えのある男の姿が…【朗読】【スカッと】【シニア】,https://www.youtube.com/watch?v=d7eMa16pz08,2万回視聴 / 10 か月前,静かな話 5629,https://www.youtube.com/channel/UC0d7olDuujDBFI3bhVL4fPg,3 週間前,78回視聴,【スカッとする話】娘と百貨店で買い物中、エスカレーターを逆走して私にしがみついてきた少年「助けて」手を引かれ屋上へ行くと、見覚えのある男の姿が…【朗読】【スカッと】【シニア】,https://www.youtube.com/watch?v=Y8Vd0TuCZB8,100%
2402,【スカッとする話】医者の夫を奪ったママ友「年収3千万の医者の旦那くんの子供出来たw3ヶ月後の結婚式来てねw」私「わかった」（年収3千万の医者は私なんだけど黙っとこw）3ヶ月後w【スカッと】【朗読】,https://www.youtube.com/watch?v=B-nqblWpeIE,5.4万回視聴 / 2 年前,風鈴の音,https://www.youtube.com/channel/UC0Q1xuCdM4teZyc4258M27A,1 か月前,109回視聴,私の夫を奪ったママ友「年収3000万の医者の旦那くんの子供できたw3ヶ月後の結婚式来てねw」→私「分かった（年収3000万の医者は私だけど黙っとこ）」3ヶ月後w,https://www.youtube.com/watch?v=JWJs3WmxTmY,86%
2403,【スカッとする話】次男の葬儀中にペットカメラを確認すると、誰もいないはずの私の部屋で夫と長男嫁が真っ最中…音量を最大にして親戚中に実況中継してやった結果w【修羅場】,https://www.youtube.com/watch?v=IjcqpMyHjf0,9.5万回視聴 / 3 年前,高山美津世【感動★総集編】,https://www.youtube.com/channel/UC5H2HIMfOu-JA_xGcjAf5xA,1 年前,725回視聴,【感動★総集編】次男の葬儀中にペットカメラを確認すると…誰もいないはずの私の部屋で夫と長男嫁が真っ最中！音量を最大にして親戚中に実況中継してやった結果、とんでもない末路を辿ることに…【感動する話】,https://www.youtube.com/watch?v=nBO5fKa7XKY,82%
2404,【スカッとする話】長男の海外主張中、癌で余命半年の私を奴隷扱いする長男嫁「家事も役立たずは出てけ！」私「はい...」泣きながら出て行くと長男とある人物がやってきて…【修羅場】【スカッと】,https://www.youtube.com/watch?v=i8zqcOBxHyo,3.7万回視聴 / 3 年前,高山美津世【感動★総集編】,https://www.youtube.com/channel/UC5H2HIMfOu-JA_xGcjAf5xA,3 年前,"21,728回視聴",長男の海外主張中、 癌で余命半年の私を奴隷扱いする長男嫁「家事もしない役立たずは出てけ」私「はい…」 泣きながら出て行くと長男とある人物がやってきて【修羅場】,https://www.youtube.com/watch?v=LaQSOyXPwTY,98%
2405,【スカッとする話】夫「引越しは済んだか？」私「今日中に出ていくわ」ATM扱いされ家を追い出された私。1ヶ月後、夫が血相を変えて鬼電してきて...【修羅場】,https://www.youtube.com/watch?v=mRlS0rHQ-lY,12万回視聴 / 3 年前,鶴の恩返し,https://www.youtube.com/channel/UCc7i9BRbAQz52z1E9dNiE0w,2 年前,0 回視聴,【スカッと】夫「引越しは済んだか？」私「今日中には出ていくわ」夫にATM扱いされ家を追い出された私→1ヶ月後、夫が血相を変えて鬼電してきて…【修羅場】,https://www.youtube.com/watch?v=-Hcq0Nxgg8M,97%
2406,【スカッとする話】夫が亡くなり8年経ったある日、納骨堂に写真を供えていると少年「隣に住んでるおじさんだ」詳しく話を聞くと背筋が凍り…【朗読】【スカッと】,https://www.youtube.com/watch?v=u1Ga8VNwPE4,7.8万回視聴 / 3 か月前,黄昏に見つけた幸せの物語、Valley The Sun,,3 か月前,25回視聴,夫が亡くなり8年経ったある日、納骨堂に写真を供えていると少年「隣に住んでるおじさんだ」詳しく話を聞くと背筋が凍り…,https://www.youtube.com/watch?v=ZPlGHHZ9Re4,100%
2407,【スカッと総集編】私が余命３ヶ月と聞いて愛人と豪遊しはじめた夫「お前まだ生きてんのか？w」 私「え？余命３ヶ月はアナタよ？」 夫「は？」実は...   【修羅場】【スカッとする話】,https://www.youtube.com/watch?v=0ilhld7tjCo,27万回視聴 / 3 年前,黄金の時間,https://www.youtube.com/channel/UC_hHsTiuNoC1evTxjzQjXcg,9 か月前,"2,409回視聴",私が余命3ヶ月と噂を聞き愛人と豪遊し始めた夫「お前まだ生きてたのか？」私「え？余命3ヶ月はあんただよ」夫「は？」実は【シニアライフ】【60代以上の方へ】,https://www.youtube.com/watch?v=etwh77C2Erw,78%
2408,【スカっとする話】夫の浮気が発覚すると息子「パパと新しいママと暮らすから早く離婚して出てって！」3年後、笑顔で再会した息子に私「あなた誰？」息子「えっ？」【修羅場】,https://www.youtube.com/watch?v=yPjcL2pzTm4,12万回視聴 / 3 年前,黒猫は見ていました【スカッと】,https://www.youtube.com/channel/UCOW4cd0N3rxrb7Um2iz126g,3 年前,823回視聴,【スカッとする話】夫の浮気が発覚すると息子「パパと新しいママと暮らす！邪魔者はさっさと出ていけ！」夫「お前が悪いんだろ！？」→10年後、不潔な男性2人がやってきて…【修羅場】,https://www.youtube.com/watch?v=d4a9fG_WjUE,47%
2409,【スカッとする話】年間7億円の家賃収入がある私をATM扱いする長男嫁「ババアは私達の財布！冠婚葬祭の時だけ連絡してｗ」私「わかりました」→次男夫婦に家をあげた結果ｗ【修羅場】【スカッと】,https://www.youtube.com/watch?v=GnxC9hbl3M8,8万回視聴 / 3 年前,黒猫は見ていました【スカッと】,https://www.youtube.com/channel/UCOW4cd0N3rxrb7Um2iz126g,3 年前,"2,068回視聴",【スカッとする話】年間7億円の家賃収入がある私をATM扱いする長男嫁「ババアは私達の財布！冠婚葬祭の時だけ連絡してｗ」私「わかりました」→次男夫婦に家を建てたところ長男が…。【修羅場】,https://www.youtube.com/watch?v=NzNdrn1UWdE,82%
2410,【スカッとする話】私「実家に帰らせて頂きます」夫「じゃあ二度と戻ってくるな！離婚届書いてから行け！」即提出して父に報告すると慌てた夫から鬼電が...w【修羅場】【スカッと】,https://www.youtube.com/watch?v=JL2POxUZfHk,16万回視聴 / 3 年前,黒猫は見ていました【スカッと】,https://www.youtube.com/channel/UCOW4cd0N3rxrb7Um2iz126g,3 年前,"2,192回視聴",【スカッとする話】私「実家に帰らせて頂きます」夫「二度と戻ってくるな！離婚届書いてから行け！」のちに父に伝えると、慌てた夫から鬼電が...w【修羅場】,https://www.youtube.com/watch?v=6rQUohA7KSk,81%
2411,【スカッとする話】長男夫婦との二世帯住宅ローンを月25万全額支払う私に長男嫁「小銭ぐらいで偉そうにｗ」長男「支払い止めてみろｗ」私「喜んで！」支払い止めた結果w【修羅場】【スカッと】,https://www.youtube.com/watch?v=WHx8h3F0pU0,34万回視聴 / 3 年前,黒猫は見ていました【スカッと】,https://www.youtube.com/channel/UCOW4cd0N3rxrb7Um2iz126g,3 年前,"3,523回視聴",【スカッとする話】長男夫婦との二世帯住宅ローンを月25万全額支払う私に長男嫁「小銭ぐらいで偉そうにｗ」長男「支払い止めてみろｗ」私「じゃあ喜んで！」家を出て支払い止めた結果w【修羅場】,https://www.youtube.com/watch?v=N663V83SPvE,94%
2412,【スカッとする話】夫「来月ママが引っ越してくる！お前の部屋片付けておけw」私「はーい、キレイにしておくね」夫の出張中に不動産屋に連絡し家を売り払いキレイに更地にした結果w,https://www.youtube.com/watch?v=vyDCAcHPme8,8.6万回視聴 / 2 年前,봄나들이길,https://www.youtube.com/channel/UCe0ulpV-qbPNmGZZTo7RqAg,1 年前,0 回視聴,15  【スカッとする話】夫「来月ママが引っ越してくる！お前の部屋片付けておけw」私「はーい、キレイにしておくね」夫の出張中に不動産屋に連絡し家を売り払いキレイに更地にした結果w【修羅場】,https://www.youtube.com/watch?v=akZfu2tYCPA,99%
